Copyright 1986-2020 Xilinx, Inc. All Rights Reserved.
-----------------------------------------------------------------------------------------------------------------------------------------------------------------------------------------------------------------------------------------------------------------------
| Tool Version : Vivado v.2020.1 (lin64) Build 2902540 Wed May 27 19:54:35 MDT 2020
| Date         : Sat Sep 12 17:16:17 2026
| Host         : donglong-P7xxTM-1 running 64-bit Ubuntu 22.04.5 LTS
| Command      : report_timing_summary -delay_type min_max -report_unconstrained -max_paths 20 -file /home/donglong/Documents/Duy_prj/KECCAK_OPTIMIZE_POWER/OPTIMIZE_POWER/kyber_puf_fpga_delivery/build/fpga_100mhz/edgefull_10ns_syncscrub_v06/post_route_timing.rpt
| Design       : edge_puf_mlkem_core
| Device       : 7a35ti-csg324
| Speed File   : -1L  PRODUCTION 1.23 2018-06-13
-----------------------------------------------------------------------------------------------------------------------------------------------------------------------------------------------------------------------------------------------------------------------

Timing Summary Report

------------------------------------------------------------------------------------------------
| Timer Settings
| --------------
------------------------------------------------------------------------------------------------

  Enable Multi Corner Analysis               :  Yes
  Enable Pessimism Removal                   :  Yes
  Pessimism Removal Resolution               :  Nearest Common Node
  Enable Input Delay Default Clock           :  No
  Enable Preset / Clear Arcs                 :  No
  Disable Flight Delays                      :  No
  Ignore I/O Paths                           :  No
  Timing Early Launch at Borrowing Latches   :  No
  Borrow Time for Max Delay Exceptions       :  Yes
  Merge Timing Exceptions                    :  Yes

  Corner  Analyze    Analyze
  Name    Max Paths  Min Paths
  ------  ---------  ---------
  Slow    Yes        Yes
  Fast    Yes        Yes



check_timing report

Table of Contents
-----------------
1. checking no_clock (360)
2. checking constant_clock (0)
3. checking pulse_width_clock (0)
4. checking unconstrained_internal_endpoints (206)
5. checking no_input_delay (311)
6. checking no_output_delay (561)
7. checking multiple_clock (0)
8. checking generated_clocks (0)
9. checking loops (32)
10. checking partial_input_delay (0)
11. checking partial_output_delay (0)
12. checking latch_loops (0)

1. checking no_clock (360)
--------------------------
 There are 72 register/latch pins with no clock driven by root clock pin: u_puf/ctrl_inst/FSM_onehot_state_reg[3]/Q (HIGH)

 There are 36 register/latch pins with no clock driven by root clock pin: u_puf/lfsr_inst/r_lfsr_reg[1]/Q (HIGH)

 There are 36 register/latch pins with no clock driven by root clock pin: u_puf/lfsr_inst/r_lfsr_reg[2]/Q (HIGH)

 There are 36 register/latch pins with no clock driven by root clock pin: u_puf/lfsr_inst/r_lfsr_reg[3]/Q (HIGH)

 There are 36 register/latch pins with no clock driven by root clock pin: u_puf/lfsr_inst/r_lfsr_reg[4]/Q (HIGH)

 There are 36 register/latch pins with no clock driven by root clock pin: u_puf/lfsr_inst/r_lfsr_reg[5]/Q (HIGH)

 There are 36 register/latch pins with no clock driven by root clock pin: u_puf/lfsr_inst/r_lfsr_reg[6]/Q (HIGH)

 There are 36 register/latch pins with no clock driven by root clock pin: u_puf/lfsr_inst/r_lfsr_reg[7]/Q (HIGH)

 There are 36 register/latch pins with no clock driven by root clock pin: u_puf/lfsr_inst/r_lfsr_reg[8]/Q (HIGH)


2. checking constant_clock (0)
------------------------------
 There are 0 register/latch pins with constant_clock.


3. checking pulse_width_clock (0)
---------------------------------
 There are 0 register/latch pins which need pulse_width check


4. checking unconstrained_internal_endpoints (206)
--------------------------------------------------
 There are 206 pins that are not constrained for maximum delay. (HIGH)

 There are 0 pins that are not constrained for maximum delay due to constant clock.


5. checking no_input_delay (311)
--------------------------------
 There are 311 input ports with no input delay specified. (HIGH)

 There are 0 input ports with no input delay but user has a false path constraint.


6. checking no_output_delay (561)
---------------------------------
 There are 561 ports with no output delay specified. (HIGH)

 There are 0 ports with no output delay but user has a false path constraint

 There are 0 ports with no output delay but with a timing clock defined on it or propagating through it


7. checking multiple_clock (0)
------------------------------
 There are 0 register/latch pins with multiple clocks.


8. checking generated_clocks (0)
--------------------------------
 There are 0 generated clocks that are not connected to a clock source.


9. checking loops (32)
----------------------
 There are 32 combinational loops in the design. (HIGH)


10. checking partial_input_delay (0)
------------------------------------
 There are 0 input ports with partial input delay specified.


11. checking partial_output_delay (0)
-------------------------------------
 There are 0 ports with partial output delay specified.


12. checking latch_loops (0)
----------------------------
 There are 0 combinational latch loops in the design through latch input



------------------------------------------------------------------------------------------------
| Design Timing Summary
| ---------------------
------------------------------------------------------------------------------------------------

    WNS(ns)      TNS(ns)  TNS Failing Endpoints  TNS Total Endpoints      WHS(ns)      THS(ns)  THS Failing Endpoints  THS Total Endpoints     WPWS(ns)     TPWS(ns)  TPWS Failing Endpoints  TPWS Total Endpoints
    -------      -------  ---------------------  -------------------      -------      -------  ---------------------  -------------------     --------     --------  ----------------------  --------------------
      0.092        0.000                      0                53754        0.053        0.000                      0                53754        4.020        0.000                       0                 19607


All user specified timing constraints are met.


------------------------------------------------------------------------------------------------
| Clock Summary
| -------------
------------------------------------------------------------------------------------------------

Clock    Waveform(ns)       Period(ns)      Frequency(MHz)
-----    ------------       ----------      --------------
sys_clk  {0.000 5.000}      10.000          100.000


------------------------------------------------------------------------------------------------
| Intra Clock Table
| -----------------
------------------------------------------------------------------------------------------------

Clock             WNS(ns)      TNS(ns)  TNS Failing Endpoints  TNS Total Endpoints      WHS(ns)      THS(ns)  THS Failing Endpoints  THS Total Endpoints     WPWS(ns)     TPWS(ns)  TPWS Failing Endpoints  TPWS Total Endpoints
-----             -------      -------  ---------------------  -------------------      -------      -------  ---------------------  -------------------     --------     --------  ----------------------  --------------------
sys_clk             0.092        0.000                      0                47769        0.053        0.000                      0                47769        4.020        0.000                       0                 19607


------------------------------------------------------------------------------------------------
| Inter Clock Table
| -----------------
------------------------------------------------------------------------------------------------

From Clock    To Clock          WNS(ns)      TNS(ns)  TNS Failing Endpoints  TNS Total Endpoints      WHS(ns)      THS(ns)  THS Failing Endpoints  THS Total Endpoints
----------    --------          -------      -------  ---------------------  -------------------      -------      -------  ---------------------  -------------------


------------------------------------------------------------------------------------------------
| Other Path Groups Table
| -----------------------
------------------------------------------------------------------------------------------------

Path Group         From Clock         To Clock               WNS(ns)      TNS(ns)  TNS Failing Endpoints  TNS Total Endpoints      WHS(ns)      THS(ns)  THS Failing Endpoints  THS Total Endpoints
----------         ----------         --------               -------      -------  ---------------------  -------------------      -------      -------  ---------------------  -------------------
**async_default**  sys_clk            sys_clk                  1.240        0.000                      0                 5985        0.692        0.000                      0                 5985


------------------------------------------------------------------------------------------------
| User Ignored Path Table
| -----------------------
------------------------------------------------------------------------------------------------

Path Group    From Clock    To Clock
----------    ----------    --------


------------------------------------------------------------------------------------------------
| Unconstrained Path Table
| ------------------------
------------------------------------------------------------------------------------------------

Path Group    From Clock    To Clock
----------    ----------    --------
(none)
(none)        sys_clk
(none)                      sys_clk


------------------------------------------------------------------------------------------------
| Timing Details
| --------------
------------------------------------------------------------------------------------------------


---------------------------------------------------------------------------------------------------
From Clock:  sys_clk
  To Clock:  sys_clk

Setup :            0  Failing Endpoints,  Worst Slack        0.092ns,  Total Violation        0.000ns
Hold  :            0  Failing Endpoints,  Worst Slack        0.053ns,  Total Violation        0.000ns
PW    :            0  Failing Endpoints,  Worst Slack        4.020ns,  Total Violation        0.000ns
---------------------------------------------------------------------------------------------------


Max Delay Paths
--------------------------------------------------------------------------------------
Slack (MET) :             0.092ns  (required time - arrival time)
  Source:                 u_edge/u_server/hash/ofifo0_inst/inst/rd_ptr_reg[0]/C
                            (rising edge-triggered cell FDRE clocked by sys_clk  {rise@0.000ns fall@5.000ns period=10.000ns})
  Destination:            u_edge/u_server/hash/sponge/squeeze_reg_reg[750]/R
                            (rising edge-triggered cell FDRE clocked by sys_clk  {rise@0.000ns fall@5.000ns period=10.000ns})
  Path Group:             sys_clk
  Path Type:              Setup (Max at Slow Process Corner)
  Requirement:            10.000ns  (sys_clk rise@10.000ns - sys_clk rise@0.000ns)
  Data Path Delay:        9.300ns  (logic 2.042ns (21.958%)  route 7.258ns (78.042%))
  Logic Levels:           9  (CARRY4=1 LUT2=1 LUT4=1 LUT6=6)
  Clock Path Skew:        -0.049ns (DCD - SCD + CPR)
    Destination Clock Delay (DCD):    0.924ns = ( 10.924 - 10.000 )
    Source Clock Delay      (SCD):    0.973ns
    Clock Pessimism Removal (CPR):    0.000ns
  Clock Uncertainty:      0.035ns  ((TSJ^2 + TIJ^2)^1/2 + DJ) / 2 + PE
    Total System Jitter     (TSJ):    0.071ns
    Total Input Jitter      (TIJ):    0.000ns
    Discrete Jitter          (DJ):    0.000ns
    Phase Error              (PE):    0.000ns

    Location             Delay type                Incr(ns)  Path(ns)    Netlist Resource(s)
  -------------------------------------------------------------------    -------------------
                         (clock sys_clk rise edge)    0.000     0.000 r
                                                      0.000     0.000 r  clk (IN)
                         net (fo=19606, unset)        0.973     0.973    u_edge/u_server/hash/ofifo0_inst/inst/clk
    SLICE_X6Y92          FDRE                                         r  u_edge/u_server/hash/ofifo0_inst/inst/rd_ptr_reg[0]/C
  -------------------------------------------------------------------    -------------------
    SLICE_X6Y92          FDRE (Prop_fdre_C_Q)         0.518     1.491 r  u_edge/u_server/hash/ofifo0_inst/inst/rd_ptr_reg[0]/Q
                         net (fo=5, routed)           0.999     2.490    u_edge/u_server/hash/ofifo0_inst/inst/rd_ptr_reg[0]
    SLICE_X4Y93          LUT6 (Prop_lut6_I1_O)        0.124     2.614 r  u_edge/u_server/hash/ofifo0_inst/inst/wr_full0_carry_i_4/O
                         net (fo=1, routed)           0.000     2.614    u_edge/u_server/hash/ofifo0_inst/inst/wr_full0_carry_i_4_n_0
    SLICE_X4Y93          CARRY4 (Prop_carry4_S[0]_CO[3])
                                                      0.532     3.146 f  u_edge/u_server/hash/ofifo0_inst/inst/wr_full0_carry/CO[3]
                         net (fo=4, routed)           0.930     4.076    u_edge/u_server/hash/ofifo0_inst/inst/wr_full0
    SLICE_X7Y95          LUT6 (Prop_lut6_I1_O)        0.124     4.200 f  u_edge/u_server/hash/ofifo0_inst/inst/state[2]_i_11__0/O
                         net (fo=5, routed)           0.574     4.774    u_edge/u_server/hash/ofifo0_inst/inst/state[2]_i_11__0_n_0
    SLICE_X10Y95         LUT6 (Prop_lut6_I4_O)        0.124     4.898 r  u_edge/u_server/hash/ofifo0_inst/inst/state[2]_i_4__0/O
                         net (fo=1, routed)           0.282     5.180    u_edge/u_server/hash/ofifo0_inst/inst/state[2]_i_4__0_n_0
    SLICE_X10Y95         LUT6 (Prop_lut6_I2_O)        0.124     5.304 r  u_edge/u_server/hash/ofifo0_inst/inst/state[2]_i_1__2/O
                         net (fo=3, routed)           0.662     5.966    u_edge/u_server/hash/ofifo0_inst/inst/state_reg[0][0]
    SLICE_X11Y95         LUT6 (Prop_lut6_I5_O)        0.124     6.090 f  u_edge/u_server/hash/ofifo0_inst/inst/group_eta3_i_5/O
                         net (fo=3, routed)           0.620     6.710    u_edge/u_server/hash/ofifo0_inst/inst/group_eta3_i_5_n_0
    SLICE_X13Y95         LUT6 (Prop_lut6_I0_O)        0.124     6.834 r  u_edge/u_server/hash/ofifo0_inst/inst/wr_idx[5]_i_4/O
                         net (fo=10, routed)          0.549     7.383    u_edge/u_server/ntt/init_clears
    SLICE_X17Y101        LUT2 (Prop_lut2_I1_O)        0.124     7.507 r  u_edge/u_server/ntt/mode_latched[1]_i_3/O
                         net (fo=7, routed)           0.747     8.255    u_edge/u_control/u_scrub/squeeze_reg_reg[0]
    SLICE_X18Y106        LUT4 (Prop_lut4_I2_O)        0.124     8.379 r  u_edge/u_control/u_scrub/squeeze_reg[1599]_i_1/O
                         net (fo=1600, routed)        1.894    10.273    u_edge/u_server/hash/sponge/squeeze_reg_reg[0]_3[0]
    SLICE_X38Y127        FDRE                                         r  u_edge/u_server/hash/sponge/squeeze_reg_reg[750]/R
  -------------------------------------------------------------------    -------------------

                         (clock sys_clk rise edge)   10.000    10.000 r
                                                      0.000    10.000 r  clk (IN)
                         net (fo=19606, unset)        0.924    10.924    u_edge/u_server/hash/sponge/clk
    SLICE_X38Y127        FDRE                                         r  u_edge/u_server/hash/sponge/squeeze_reg_reg[750]/C
                         clock pessimism              0.000    10.924
                         clock uncertainty           -0.035    10.889
    SLICE_X38Y127        FDRE (Setup_fdre_C_R)       -0.524    10.365    u_edge/u_server/hash/sponge/squeeze_reg_reg[750]
  -------------------------------------------------------------------
                         required time                         10.365
                         arrival time                         -10.273
  -------------------------------------------------------------------
                         slack                                  0.092

Slack (MET) :             0.092ns  (required time - arrival time)
  Source:                 u_edge/u_server/hash/ofifo0_inst/inst/rd_ptr_reg[0]/C
                            (rising edge-triggered cell FDRE clocked by sys_clk  {rise@0.000ns fall@5.000ns period=10.000ns})
  Destination:            u_edge/u_server/hash/sponge/squeeze_reg_reg[751]/R
                            (rising edge-triggered cell FDRE clocked by sys_clk  {rise@0.000ns fall@5.000ns period=10.000ns})
  Path Group:             sys_clk
  Path Type:              Setup (Max at Slow Process Corner)
  Requirement:            10.000ns  (sys_clk rise@10.000ns - sys_clk rise@0.000ns)
  Data Path Delay:        9.300ns  (logic 2.042ns (21.958%)  route 7.258ns (78.042%))
  Logic Levels:           9  (CARRY4=1 LUT2=1 LUT4=1 LUT6=6)
  Clock Path Skew:        -0.049ns (DCD - SCD + CPR)
    Destination Clock Delay (DCD):    0.924ns = ( 10.924 - 10.000 )
    Source Clock Delay      (SCD):    0.973ns
    Clock Pessimism Removal (CPR):    0.000ns
  Clock Uncertainty:      0.035ns  ((TSJ^2 + TIJ^2)^1/2 + DJ) / 2 + PE
    Total System Jitter     (TSJ):    0.071ns
    Total Input Jitter      (TIJ):    0.000ns
    Discrete Jitter          (DJ):    0.000ns
    Phase Error              (PE):    0.000ns

    Location             Delay type                Incr(ns)  Path(ns)    Netlist Resource(s)
  -------------------------------------------------------------------    -------------------
                         (clock sys_clk rise edge)    0.000     0.000 r
                                                      0.000     0.000 r  clk (IN)
                         net (fo=19606, unset)        0.973     0.973    u_edge/u_server/hash/ofifo0_inst/inst/clk
    SLICE_X6Y92          FDRE                                         r  u_edge/u_server/hash/ofifo0_inst/inst/rd_ptr_reg[0]/C
  -------------------------------------------------------------------    -------------------
    SLICE_X6Y92          FDRE (Prop_fdre_C_Q)         0.518     1.491 r  u_edge/u_server/hash/ofifo0_inst/inst/rd_ptr_reg[0]/Q
                         net (fo=5, routed)           0.999     2.490    u_edge/u_server/hash/ofifo0_inst/inst/rd_ptr_reg[0]
    SLICE_X4Y93          LUT6 (Prop_lut6_I1_O)        0.124     2.614 r  u_edge/u_server/hash/ofifo0_inst/inst/wr_full0_carry_i_4/O
                         net (fo=1, routed)           0.000     2.614    u_edge/u_server/hash/ofifo0_inst/inst/wr_full0_carry_i_4_n_0
    SLICE_X4Y93          CARRY4 (Prop_carry4_S[0]_CO[3])
                                                      0.532     3.146 f  u_edge/u_server/hash/ofifo0_inst/inst/wr_full0_carry/CO[3]
                         net (fo=4, routed)           0.930     4.076    u_edge/u_server/hash/ofifo0_inst/inst/wr_full0
    SLICE_X7Y95          LUT6 (Prop_lut6_I1_O)        0.124     4.200 f  u_edge/u_server/hash/ofifo0_inst/inst/state[2]_i_11__0/O
                         net (fo=5, routed)           0.574     4.774    u_edge/u_server/hash/ofifo0_inst/inst/state[2]_i_11__0_n_0
    SLICE_X10Y95         LUT6 (Prop_lut6_I4_O)        0.124     4.898 r  u_edge/u_server/hash/ofifo0_inst/inst/state[2]_i_4__0/O
                         net (fo=1, routed)           0.282     5.180    u_edge/u_server/hash/ofifo0_inst/inst/state[2]_i_4__0_n_0
    SLICE_X10Y95         LUT6 (Prop_lut6_I2_O)        0.124     5.304 r  u_edge/u_server/hash/ofifo0_inst/inst/state[2]_i_1__2/O
                         net (fo=3, routed)           0.662     5.966    u_edge/u_server/hash/ofifo0_inst/inst/state_reg[0][0]
    SLICE_X11Y95         LUT6 (Prop_lut6_I5_O)        0.124     6.090 f  u_edge/u_server/hash/ofifo0_inst/inst/group_eta3_i_5/O
                         net (fo=3, routed)           0.620     6.710    u_edge/u_server/hash/ofifo0_inst/inst/group_eta3_i_5_n_0
    SLICE_X13Y95         LUT6 (Prop_lut6_I0_O)        0.124     6.834 r  u_edge/u_server/hash/ofifo0_inst/inst/wr_idx[5]_i_4/O
                         net (fo=10, routed)          0.549     7.383    u_edge/u_server/ntt/init_clears
    SLICE_X17Y101        LUT2 (Prop_lut2_I1_O)        0.124     7.507 r  u_edge/u_server/ntt/mode_latched[1]_i_3/O
                         net (fo=7, routed)           0.747     8.255    u_edge/u_control/u_scrub/squeeze_reg_reg[0]
    SLICE_X18Y106        LUT4 (Prop_lut4_I2_O)        0.124     8.379 r  u_edge/u_control/u_scrub/squeeze_reg[1599]_i_1/O
                         net (fo=1600, routed)        1.894    10.273    u_edge/u_server/hash/sponge/squeeze_reg_reg[0]_3[0]
    SLICE_X38Y127        FDRE                                         r  u_edge/u_server/hash/sponge/squeeze_reg_reg[751]/R
  -------------------------------------------------------------------    -------------------

                         (clock sys_clk rise edge)   10.000    10.000 r
                                                      0.000    10.000 r  clk (IN)
                         net (fo=19606, unset)        0.924    10.924    u_edge/u_server/hash/sponge/clk
    SLICE_X38Y127        FDRE                                         r  u_edge/u_server/hash/sponge/squeeze_reg_reg[751]/C
                         clock pessimism              0.000    10.924
                         clock uncertainty           -0.035    10.889
    SLICE_X38Y127        FDRE (Setup_fdre_C_R)       -0.524    10.365    u_edge/u_server/hash/sponge/squeeze_reg_reg[751]
  -------------------------------------------------------------------
                         required time                         10.365
                         arrival time                         -10.273
  -------------------------------------------------------------------
                         slack                                  0.092

Slack (MET) :             0.092ns  (required time - arrival time)
  Source:                 u_edge/u_server/hash/ofifo0_inst/inst/rd_ptr_reg[0]/C
                            (rising edge-triggered cell FDRE clocked by sys_clk  {rise@0.000ns fall@5.000ns period=10.000ns})
  Destination:            u_edge/u_server/hash/sponge/squeeze_reg_reg[782]/R
                            (rising edge-triggered cell FDRE clocked by sys_clk  {rise@0.000ns fall@5.000ns period=10.000ns})
  Path Group:             sys_clk
  Path Type:              Setup (Max at Slow Process Corner)
  Requirement:            10.000ns  (sys_clk rise@10.000ns - sys_clk rise@0.000ns)
  Data Path Delay:        9.300ns  (logic 2.042ns (21.958%)  route 7.258ns (78.042%))
  Logic Levels:           9  (CARRY4=1 LUT2=1 LUT4=1 LUT6=6)
  Clock Path Skew:        -0.049ns (DCD - SCD + CPR)
    Destination Clock Delay (DCD):    0.924ns = ( 10.924 - 10.000 )
    Source Clock Delay      (SCD):    0.973ns
    Clock Pessimism Removal (CPR):    0.000ns
  Clock Uncertainty:      0.035ns  ((TSJ^2 + TIJ^2)^1/2 + DJ) / 2 + PE
    Total System Jitter     (TSJ):    0.071ns
    Total Input Jitter      (TIJ):    0.000ns
    Discrete Jitter          (DJ):    0.000ns
    Phase Error              (PE):    0.000ns

    Location             Delay type                Incr(ns)  Path(ns)    Netlist Resource(s)
  -------------------------------------------------------------------    -------------------
                         (clock sys_clk rise edge)    0.000     0.000 r
                                                      0.000     0.000 r  clk (IN)
                         net (fo=19606, unset)        0.973     0.973    u_edge/u_server/hash/ofifo0_inst/inst/clk
    SLICE_X6Y92          FDRE                                         r  u_edge/u_server/hash/ofifo0_inst/inst/rd_ptr_reg[0]/C
  -------------------------------------------------------------------    -------------------
    SLICE_X6Y92          FDRE (Prop_fdre_C_Q)         0.518     1.491 r  u_edge/u_server/hash/ofifo0_inst/inst/rd_ptr_reg[0]/Q
                         net (fo=5, routed)           0.999     2.490    u_edge/u_server/hash/ofifo0_inst/inst/rd_ptr_reg[0]
    SLICE_X4Y93          LUT6 (Prop_lut6_I1_O)        0.124     2.614 r  u_edge/u_server/hash/ofifo0_inst/inst/wr_full0_carry_i_4/O
                         net (fo=1, routed)           0.000     2.614    u_edge/u_server/hash/ofifo0_inst/inst/wr_full0_carry_i_4_n_0
    SLICE_X4Y93          CARRY4 (Prop_carry4_S[0]_CO[3])
                                                      0.532     3.146 f  u_edge/u_server/hash/ofifo0_inst/inst/wr_full0_carry/CO[3]
                         net (fo=4, routed)           0.930     4.076    u_edge/u_server/hash/ofifo0_inst/inst/wr_full0
    SLICE_X7Y95          LUT6 (Prop_lut6_I1_O)        0.124     4.200 f  u_edge/u_server/hash/ofifo0_inst/inst/state[2]_i_11__0/O
                         net (fo=5, routed)           0.574     4.774    u_edge/u_server/hash/ofifo0_inst/inst/state[2]_i_11__0_n_0
    SLICE_X10Y95         LUT6 (Prop_lut6_I4_O)        0.124     4.898 r  u_edge/u_server/hash/ofifo0_inst/inst/state[2]_i_4__0/O
                         net (fo=1, routed)           0.282     5.180    u_edge/u_server/hash/ofifo0_inst/inst/state[2]_i_4__0_n_0
    SLICE_X10Y95         LUT6 (Prop_lut6_I2_O)        0.124     5.304 r  u_edge/u_server/hash/ofifo0_inst/inst/state[2]_i_1__2/O
                         net (fo=3, routed)           0.662     5.966    u_edge/u_server/hash/ofifo0_inst/inst/state_reg[0][0]
    SLICE_X11Y95         LUT6 (Prop_lut6_I5_O)        0.124     6.090 f  u_edge/u_server/hash/ofifo0_inst/inst/group_eta3_i_5/O
                         net (fo=3, routed)           0.620     6.710    u_edge/u_server/hash/ofifo0_inst/inst/group_eta3_i_5_n_0
    SLICE_X13Y95         LUT6 (Prop_lut6_I0_O)        0.124     6.834 r  u_edge/u_server/hash/ofifo0_inst/inst/wr_idx[5]_i_4/O
                         net (fo=10, routed)          0.549     7.383    u_edge/u_server/ntt/init_clears
    SLICE_X17Y101        LUT2 (Prop_lut2_I1_O)        0.124     7.507 r  u_edge/u_server/ntt/mode_latched[1]_i_3/O
                         net (fo=7, routed)           0.747     8.255    u_edge/u_control/u_scrub/squeeze_reg_reg[0]
    SLICE_X18Y106        LUT4 (Prop_lut4_I2_O)        0.124     8.379 r  u_edge/u_control/u_scrub/squeeze_reg[1599]_i_1/O
                         net (fo=1600, routed)        1.894    10.273    u_edge/u_server/hash/sponge/squeeze_reg_reg[0]_3[0]
    SLICE_X38Y127        FDRE                                         r  u_edge/u_server/hash/sponge/squeeze_reg_reg[782]/R
  -------------------------------------------------------------------    -------------------

                         (clock sys_clk rise edge)   10.000    10.000 r
                                                      0.000    10.000 r  clk (IN)
                         net (fo=19606, unset)        0.924    10.924    u_edge/u_server/hash/sponge/clk
    SLICE_X38Y127        FDRE                                         r  u_edge/u_server/hash/sponge/squeeze_reg_reg[782]/C
                         clock pessimism              0.000    10.924
                         clock uncertainty           -0.035    10.889
    SLICE_X38Y127        FDRE (Setup_fdre_C_R)       -0.524    10.365    u_edge/u_server/hash/sponge/squeeze_reg_reg[782]
  -------------------------------------------------------------------
                         required time                         10.365
                         arrival time                         -10.273
  -------------------------------------------------------------------
                         slack                                  0.092

Slack (MET) :             0.092ns  (required time - arrival time)
  Source:                 u_edge/u_server/hash/ofifo0_inst/inst/rd_ptr_reg[0]/C
                            (rising edge-triggered cell FDRE clocked by sys_clk  {rise@0.000ns fall@5.000ns period=10.000ns})
  Destination:            u_edge/u_server/hash/sponge/squeeze_reg_reg[783]/R
                            (rising edge-triggered cell FDRE clocked by sys_clk  {rise@0.000ns fall@5.000ns period=10.000ns})
  Path Group:             sys_clk
  Path Type:              Setup (Max at Slow Process Corner)
  Requirement:            10.000ns  (sys_clk rise@10.000ns - sys_clk rise@0.000ns)
  Data Path Delay:        9.300ns  (logic 2.042ns (21.958%)  route 7.258ns (78.042%))
  Logic Levels:           9  (CARRY4=1 LUT2=1 LUT4=1 LUT6=6)
  Clock Path Skew:        -0.049ns (DCD - SCD + CPR)
    Destination Clock Delay (DCD):    0.924ns = ( 10.924 - 10.000 )
    Source Clock Delay      (SCD):    0.973ns
    Clock Pessimism Removal (CPR):    0.000ns
  Clock Uncertainty:      0.035ns  ((TSJ^2 + TIJ^2)^1/2 + DJ) / 2 + PE
    Total System Jitter     (TSJ):    0.071ns
    Total Input Jitter      (TIJ):    0.000ns
    Discrete Jitter          (DJ):    0.000ns
    Phase Error              (PE):    0.000ns

    Location             Delay type                Incr(ns)  Path(ns)    Netlist Resource(s)
  -------------------------------------------------------------------    -------------------
                         (clock sys_clk rise edge)    0.000     0.000 r
                                                      0.000     0.000 r  clk (IN)
                         net (fo=19606, unset)        0.973     0.973    u_edge/u_server/hash/ofifo0_inst/inst/clk
    SLICE_X6Y92          FDRE                                         r  u_edge/u_server/hash/ofifo0_inst/inst/rd_ptr_reg[0]/C
  -------------------------------------------------------------------    -------------------
    SLICE_X6Y92          FDRE (Prop_fdre_C_Q)         0.518     1.491 r  u_edge/u_server/hash/ofifo0_inst/inst/rd_ptr_reg[0]/Q
                         net (fo=5, routed)           0.999     2.490    u_edge/u_server/hash/ofifo0_inst/inst/rd_ptr_reg[0]
    SLICE_X4Y93          LUT6 (Prop_lut6_I1_O)        0.124     2.614 r  u_edge/u_server/hash/ofifo0_inst/inst/wr_full0_carry_i_4/O
                         net (fo=1, routed)           0.000     2.614    u_edge/u_server/hash/ofifo0_inst/inst/wr_full0_carry_i_4_n_0
    SLICE_X4Y93          CARRY4 (Prop_carry4_S[0]_CO[3])
                                                      0.532     3.146 f  u_edge/u_server/hash/ofifo0_inst/inst/wr_full0_carry/CO[3]
                         net (fo=4, routed)           0.930     4.076    u_edge/u_server/hash/ofifo0_inst/inst/wr_full0
    SLICE_X7Y95          LUT6 (Prop_lut6_I1_O)        0.124     4.200 f  u_edge/u_server/hash/ofifo0_inst/inst/state[2]_i_11__0/O
                         net (fo=5, routed)           0.574     4.774    u_edge/u_server/hash/ofifo0_inst/inst/state[2]_i_11__0_n_0
    SLICE_X10Y95         LUT6 (Prop_lut6_I4_O)        0.124     4.898 r  u_edge/u_server/hash/ofifo0_inst/inst/state[2]_i_4__0/O
                         net (fo=1, routed)           0.282     5.180    u_edge/u_server/hash/ofifo0_inst/inst/state[2]_i_4__0_n_0
    SLICE_X10Y95         LUT6 (Prop_lut6_I2_O)        0.124     5.304 r  u_edge/u_server/hash/ofifo0_inst/inst/state[2]_i_1__2/O
                         net (fo=3, routed)           0.662     5.966    u_edge/u_server/hash/ofifo0_inst/inst/state_reg[0][0]
    SLICE_X11Y95         LUT6 (Prop_lut6_I5_O)        0.124     6.090 f  u_edge/u_server/hash/ofifo0_inst/inst/group_eta3_i_5/O
                         net (fo=3, routed)           0.620     6.710    u_edge/u_server/hash/ofifo0_inst/inst/group_eta3_i_5_n_0
    SLICE_X13Y95         LUT6 (Prop_lut6_I0_O)        0.124     6.834 r  u_edge/u_server/hash/ofifo0_inst/inst/wr_idx[5]_i_4/O
                         net (fo=10, routed)          0.549     7.383    u_edge/u_server/ntt/init_clears
    SLICE_X17Y101        LUT2 (Prop_lut2_I1_O)        0.124     7.507 r  u_edge/u_server/ntt/mode_latched[1]_i_3/O
                         net (fo=7, routed)           0.747     8.255    u_edge/u_control/u_scrub/squeeze_reg_reg[0]
    SLICE_X18Y106        LUT4 (Prop_lut4_I2_O)        0.124     8.379 r  u_edge/u_control/u_scrub/squeeze_reg[1599]_i_1/O
                         net (fo=1600, routed)        1.894    10.273    u_edge/u_server/hash/sponge/squeeze_reg_reg[0]_3[0]
    SLICE_X38Y127        FDRE                                         r  u_edge/u_server/hash/sponge/squeeze_reg_reg[783]/R
  -------------------------------------------------------------------    -------------------

                         (clock sys_clk rise edge)   10.000    10.000 r
                                                      0.000    10.000 r  clk (IN)
                         net (fo=19606, unset)        0.924    10.924    u_edge/u_server/hash/sponge/clk
    SLICE_X38Y127        FDRE                                         r  u_edge/u_server/hash/sponge/squeeze_reg_reg[783]/C
                         clock pessimism              0.000    10.924
                         clock uncertainty           -0.035    10.889
    SLICE_X38Y127        FDRE (Setup_fdre_C_R)       -0.524    10.365    u_edge/u_server/hash/sponge/squeeze_reg_reg[783]
  -------------------------------------------------------------------
                         required time                         10.365
                         arrival time                         -10.273
  -------------------------------------------------------------------
                         slack                                  0.092

Slack (MET) :             0.092ns  (required time - arrival time)
  Source:                 u_edge/u_server/hash/ofifo0_inst/inst/rd_ptr_reg[0]/C
                            (rising edge-triggered cell FDRE clocked by sys_clk  {rise@0.000ns fall@5.000ns period=10.000ns})
  Destination:            u_edge/u_server/hash/sponge/squeeze_reg_reg[814]/R
                            (rising edge-triggered cell FDRE clocked by sys_clk  {rise@0.000ns fall@5.000ns period=10.000ns})
  Path Group:             sys_clk
  Path Type:              Setup (Max at Slow Process Corner)
  Requirement:            10.000ns  (sys_clk rise@10.000ns - sys_clk rise@0.000ns)
  Data Path Delay:        9.300ns  (logic 2.042ns (21.958%)  route 7.258ns (78.042%))
  Logic Levels:           9  (CARRY4=1 LUT2=1 LUT4=1 LUT6=6)
  Clock Path Skew:        -0.049ns (DCD - SCD + CPR)
    Destination Clock Delay (DCD):    0.924ns = ( 10.924 - 10.000 )
    Source Clock Delay      (SCD):    0.973ns
    Clock Pessimism Removal (CPR):    0.000ns
  Clock Uncertainty:      0.035ns  ((TSJ^2 + TIJ^2)^1/2 + DJ) / 2 + PE
    Total System Jitter     (TSJ):    0.071ns
    Total Input Jitter      (TIJ):    0.000ns
    Discrete Jitter          (DJ):    0.000ns
    Phase Error              (PE):    0.000ns

    Location             Delay type                Incr(ns)  Path(ns)    Netlist Resource(s)
  -------------------------------------------------------------------    -------------------
                         (clock sys_clk rise edge)    0.000     0.000 r
                                                      0.000     0.000 r  clk (IN)
                         net (fo=19606, unset)        0.973     0.973    u_edge/u_server/hash/ofifo0_inst/inst/clk
    SLICE_X6Y92          FDRE                                         r  u_edge/u_server/hash/ofifo0_inst/inst/rd_ptr_reg[0]/C
  -------------------------------------------------------------------    -------------------
    SLICE_X6Y92          FDRE (Prop_fdre_C_Q)         0.518     1.491 r  u_edge/u_server/hash/ofifo0_inst/inst/rd_ptr_reg[0]/Q
                         net (fo=5, routed)           0.999     2.490    u_edge/u_server/hash/ofifo0_inst/inst/rd_ptr_reg[0]
    SLICE_X4Y93          LUT6 (Prop_lut6_I1_O)        0.124     2.614 r  u_edge/u_server/hash/ofifo0_inst/inst/wr_full0_carry_i_4/O
                         net (fo=1, routed)           0.000     2.614    u_edge/u_server/hash/ofifo0_inst/inst/wr_full0_carry_i_4_n_0
    SLICE_X4Y93          CARRY4 (Prop_carry4_S[0]_CO[3])
                                                      0.532     3.146 f  u_edge/u_server/hash/ofifo0_inst/inst/wr_full0_carry/CO[3]
                         net (fo=4, routed)           0.930     4.076    u_edge/u_server/hash/ofifo0_inst/inst/wr_full0
    SLICE_X7Y95          LUT6 (Prop_lut6_I1_O)        0.124     4.200 f  u_edge/u_server/hash/ofifo0_inst/inst/state[2]_i_11__0/O
                         net (fo=5, routed)           0.574     4.774    u_edge/u_server/hash/ofifo0_inst/inst/state[2]_i_11__0_n_0
    SLICE_X10Y95         LUT6 (Prop_lut6_I4_O)        0.124     4.898 r  u_edge/u_server/hash/ofifo0_inst/inst/state[2]_i_4__0/O
                         net (fo=1, routed)           0.282     5.180    u_edge/u_server/hash/ofifo0_inst/inst/state[2]_i_4__0_n_0
    SLICE_X10Y95         LUT6 (Prop_lut6_I2_O)        0.124     5.304 r  u_edge/u_server/hash/ofifo0_inst/inst/state[2]_i_1__2/O
                         net (fo=3, routed)           0.662     5.966    u_edge/u_server/hash/ofifo0_inst/inst/state_reg[0][0]
    SLICE_X11Y95         LUT6 (Prop_lut6_I5_O)        0.124     6.090 f  u_edge/u_server/hash/ofifo0_inst/inst/group_eta3_i_5/O
                         net (fo=3, routed)           0.620     6.710    u_edge/u_server/hash/ofifo0_inst/inst/group_eta3_i_5_n_0
    SLICE_X13Y95         LUT6 (Prop_lut6_I0_O)        0.124     6.834 r  u_edge/u_server/hash/ofifo0_inst/inst/wr_idx[5]_i_4/O
                         net (fo=10, routed)          0.549     7.383    u_edge/u_server/ntt/init_clears
    SLICE_X17Y101        LUT2 (Prop_lut2_I1_O)        0.124     7.507 r  u_edge/u_server/ntt/mode_latched[1]_i_3/O
                         net (fo=7, routed)           0.747     8.255    u_edge/u_control/u_scrub/squeeze_reg_reg[0]
    SLICE_X18Y106        LUT4 (Prop_lut4_I2_O)        0.124     8.379 r  u_edge/u_control/u_scrub/squeeze_reg[1599]_i_1/O
                         net (fo=1600, routed)        1.894    10.273    u_edge/u_server/hash/sponge/squeeze_reg_reg[0]_3[0]
    SLICE_X38Y127        FDRE                                         r  u_edge/u_server/hash/sponge/squeeze_reg_reg[814]/R
  -------------------------------------------------------------------    -------------------

                         (clock sys_clk rise edge)   10.000    10.000 r
                                                      0.000    10.000 r  clk (IN)
                         net (fo=19606, unset)        0.924    10.924    u_edge/u_server/hash/sponge/clk
    SLICE_X38Y127        FDRE                                         r  u_edge/u_server/hash/sponge/squeeze_reg_reg[814]/C
                         clock pessimism              0.000    10.924
                         clock uncertainty           -0.035    10.889
    SLICE_X38Y127        FDRE (Setup_fdre_C_R)       -0.524    10.365    u_edge/u_server/hash/sponge/squeeze_reg_reg[814]
  -------------------------------------------------------------------
                         required time                         10.365
                         arrival time                         -10.273
  -------------------------------------------------------------------
                         slack                                  0.092

Slack (MET) :             0.092ns  (required time - arrival time)
  Source:                 u_edge/u_server/hash/ofifo0_inst/inst/rd_ptr_reg[0]/C
                            (rising edge-triggered cell FDRE clocked by sys_clk  {rise@0.000ns fall@5.000ns period=10.000ns})
  Destination:            u_edge/u_server/hash/sponge/squeeze_reg_reg[815]/R
                            (rising edge-triggered cell FDRE clocked by sys_clk  {rise@0.000ns fall@5.000ns period=10.000ns})
  Path Group:             sys_clk
  Path Type:              Setup (Max at Slow Process Corner)
  Requirement:            10.000ns  (sys_clk rise@10.000ns - sys_clk rise@0.000ns)
  Data Path Delay:        9.300ns  (logic 2.042ns (21.958%)  route 7.258ns (78.042%))
  Logic Levels:           9  (CARRY4=1 LUT2=1 LUT4=1 LUT6=6)
  Clock Path Skew:        -0.049ns (DCD - SCD + CPR)
    Destination Clock Delay (DCD):    0.924ns = ( 10.924 - 10.000 )
    Source Clock Delay      (SCD):    0.973ns
    Clock Pessimism Removal (CPR):    0.000ns
  Clock Uncertainty:      0.035ns  ((TSJ^2 + TIJ^2)^1/2 + DJ) / 2 + PE
    Total System Jitter     (TSJ):    0.071ns
    Total Input Jitter      (TIJ):    0.000ns
    Discrete Jitter          (DJ):    0.000ns
    Phase Error              (PE):    0.000ns

    Location             Delay type                Incr(ns)  Path(ns)    Netlist Resource(s)
  -------------------------------------------------------------------    -------------------
                         (clock sys_clk rise edge)    0.000     0.000 r
                                                      0.000     0.000 r  clk (IN)
                         net (fo=19606, unset)        0.973     0.973    u_edge/u_server/hash/ofifo0_inst/inst/clk
    SLICE_X6Y92          FDRE                                         r  u_edge/u_server/hash/ofifo0_inst/inst/rd_ptr_reg[0]/C
  -------------------------------------------------------------------    -------------------
    SLICE_X6Y92          FDRE (Prop_fdre_C_Q)         0.518     1.491 r  u_edge/u_server/hash/ofifo0_inst/inst/rd_ptr_reg[0]/Q
                         net (fo=5, routed)           0.999     2.490    u_edge/u_server/hash/ofifo0_inst/inst/rd_ptr_reg[0]
    SLICE_X4Y93          LUT6 (Prop_lut6_I1_O)        0.124     2.614 r  u_edge/u_server/hash/ofifo0_inst/inst/wr_full0_carry_i_4/O
                         net (fo=1, routed)           0.000     2.614    u_edge/u_server/hash/ofifo0_inst/inst/wr_full0_carry_i_4_n_0
    SLICE_X4Y93          CARRY4 (Prop_carry4_S[0]_CO[3])
                                                      0.532     3.146 f  u_edge/u_server/hash/ofifo0_inst/inst/wr_full0_carry/CO[3]
                         net (fo=4, routed)           0.930     4.076    u_edge/u_server/hash/ofifo0_inst/inst/wr_full0
    SLICE_X7Y95          LUT6 (Prop_lut6_I1_O)        0.124     4.200 f  u_edge/u_server/hash/ofifo0_inst/inst/state[2]_i_11__0/O
                         net (fo=5, routed)           0.574     4.774    u_edge/u_server/hash/ofifo0_inst/inst/state[2]_i_11__0_n_0
    SLICE_X10Y95         LUT6 (Prop_lut6_I4_O)        0.124     4.898 r  u_edge/u_server/hash/ofifo0_inst/inst/state[2]_i_4__0/O
                         net (fo=1, routed)           0.282     5.180    u_edge/u_server/hash/ofifo0_inst/inst/state[2]_i_4__0_n_0
    SLICE_X10Y95         LUT6 (Prop_lut6_I2_O)        0.124     5.304 r  u_edge/u_server/hash/ofifo0_inst/inst/state[2]_i_1__2/O
                         net (fo=3, routed)           0.662     5.966    u_edge/u_server/hash/ofifo0_inst/inst/state_reg[0][0]
    SLICE_X11Y95         LUT6 (Prop_lut6_I5_O)        0.124     6.090 f  u_edge/u_server/hash/ofifo0_inst/inst/group_eta3_i_5/O
                         net (fo=3, routed)           0.620     6.710    u_edge/u_server/hash/ofifo0_inst/inst/group_eta3_i_5_n_0
    SLICE_X13Y95         LUT6 (Prop_lut6_I0_O)        0.124     6.834 r  u_edge/u_server/hash/ofifo0_inst/inst/wr_idx[5]_i_4/O
                         net (fo=10, routed)          0.549     7.383    u_edge/u_server/ntt/init_clears
    SLICE_X17Y101        LUT2 (Prop_lut2_I1_O)        0.124     7.507 r  u_edge/u_server/ntt/mode_latched[1]_i_3/O
                         net (fo=7, routed)           0.747     8.255    u_edge/u_control/u_scrub/squeeze_reg_reg[0]
    SLICE_X18Y106        LUT4 (Prop_lut4_I2_O)        0.124     8.379 r  u_edge/u_control/u_scrub/squeeze_reg[1599]_i_1/O
                         net (fo=1600, routed)        1.894    10.273    u_edge/u_server/hash/sponge/squeeze_reg_reg[0]_3[0]
    SLICE_X38Y127        FDRE                                         r  u_edge/u_server/hash/sponge/squeeze_reg_reg[815]/R
  -------------------------------------------------------------------    -------------------

                         (clock sys_clk rise edge)   10.000    10.000 r
                                                      0.000    10.000 r  clk (IN)
                         net (fo=19606, unset)        0.924    10.924    u_edge/u_server/hash/sponge/clk
    SLICE_X38Y127        FDRE                                         r  u_edge/u_server/hash/sponge/squeeze_reg_reg[815]/C
                         clock pessimism              0.000    10.924
                         clock uncertainty           -0.035    10.889
    SLICE_X38Y127        FDRE (Setup_fdre_C_R)       -0.524    10.365    u_edge/u_server/hash/sponge/squeeze_reg_reg[815]
  -------------------------------------------------------------------
                         required time                         10.365
                         arrival time                         -10.273
  -------------------------------------------------------------------
                         slack                                  0.092

Slack (MET) :             0.092ns  (required time - arrival time)
  Source:                 u_edge/u_server/hash/ofifo0_inst/inst/rd_ptr_reg[0]/C
                            (rising edge-triggered cell FDRE clocked by sys_clk  {rise@0.000ns fall@5.000ns period=10.000ns})
  Destination:            u_edge/u_server/hash/sponge/squeeze_reg_reg[880]/R
                            (rising edge-triggered cell FDRE clocked by sys_clk  {rise@0.000ns fall@5.000ns period=10.000ns})
  Path Group:             sys_clk
  Path Type:              Setup (Max at Slow Process Corner)
  Requirement:            10.000ns  (sys_clk rise@10.000ns - sys_clk rise@0.000ns)
  Data Path Delay:        9.300ns  (logic 2.042ns (21.958%)  route 7.258ns (78.042%))
  Logic Levels:           9  (CARRY4=1 LUT2=1 LUT4=1 LUT6=6)
  Clock Path Skew:        -0.049ns (DCD - SCD + CPR)
    Destination Clock Delay (DCD):    0.924ns = ( 10.924 - 10.000 )
    Source Clock Delay      (SCD):    0.973ns
    Clock Pessimism Removal (CPR):    0.000ns
  Clock Uncertainty:      0.035ns  ((TSJ^2 + TIJ^2)^1/2 + DJ) / 2 + PE
    Total System Jitter     (TSJ):    0.071ns
    Total Input Jitter      (TIJ):    0.000ns
    Discrete Jitter          (DJ):    0.000ns
    Phase Error              (PE):    0.000ns

    Location             Delay type                Incr(ns)  Path(ns)    Netlist Resource(s)
  -------------------------------------------------------------------    -------------------
                         (clock sys_clk rise edge)    0.000     0.000 r
                                                      0.000     0.000 r  clk (IN)
                         net (fo=19606, unset)        0.973     0.973    u_edge/u_server/hash/ofifo0_inst/inst/clk
    SLICE_X6Y92          FDRE                                         r  u_edge/u_server/hash/ofifo0_inst/inst/rd_ptr_reg[0]/C
  -------------------------------------------------------------------    -------------------
    SLICE_X6Y92          FDRE (Prop_fdre_C_Q)         0.518     1.491 r  u_edge/u_server/hash/ofifo0_inst/inst/rd_ptr_reg[0]/Q
                         net (fo=5, routed)           0.999     2.490    u_edge/u_server/hash/ofifo0_inst/inst/rd_ptr_reg[0]
    SLICE_X4Y93          LUT6 (Prop_lut6_I1_O)        0.124     2.614 r  u_edge/u_server/hash/ofifo0_inst/inst/wr_full0_carry_i_4/O
                         net (fo=1, routed)           0.000     2.614    u_edge/u_server/hash/ofifo0_inst/inst/wr_full0_carry_i_4_n_0
    SLICE_X4Y93          CARRY4 (Prop_carry4_S[0]_CO[3])
                                                      0.532     3.146 f  u_edge/u_server/hash/ofifo0_inst/inst/wr_full0_carry/CO[3]
                         net (fo=4, routed)           0.930     4.076    u_edge/u_server/hash/ofifo0_inst/inst/wr_full0
    SLICE_X7Y95          LUT6 (Prop_lut6_I1_O)        0.124     4.200 f  u_edge/u_server/hash/ofifo0_inst/inst/state[2]_i_11__0/O
                         net (fo=5, routed)           0.574     4.774    u_edge/u_server/hash/ofifo0_inst/inst/state[2]_i_11__0_n_0
    SLICE_X10Y95         LUT6 (Prop_lut6_I4_O)        0.124     4.898 r  u_edge/u_server/hash/ofifo0_inst/inst/state[2]_i_4__0/O
                         net (fo=1, routed)           0.282     5.180    u_edge/u_server/hash/ofifo0_inst/inst/state[2]_i_4__0_n_0
    SLICE_X10Y95         LUT6 (Prop_lut6_I2_O)        0.124     5.304 r  u_edge/u_server/hash/ofifo0_inst/inst/state[2]_i_1__2/O
                         net (fo=3, routed)           0.662     5.966    u_edge/u_server/hash/ofifo0_inst/inst/state_reg[0][0]
    SLICE_X11Y95         LUT6 (Prop_lut6_I5_O)        0.124     6.090 f  u_edge/u_server/hash/ofifo0_inst/inst/group_eta3_i_5/O
                         net (fo=3, routed)           0.620     6.710    u_edge/u_server/hash/ofifo0_inst/inst/group_eta3_i_5_n_0
    SLICE_X13Y95         LUT6 (Prop_lut6_I0_O)        0.124     6.834 r  u_edge/u_server/hash/ofifo0_inst/inst/wr_idx[5]_i_4/O
                         net (fo=10, routed)          0.549     7.383    u_edge/u_server/ntt/init_clears
    SLICE_X17Y101        LUT2 (Prop_lut2_I1_O)        0.124     7.507 r  u_edge/u_server/ntt/mode_latched[1]_i_3/O
                         net (fo=7, routed)           0.747     8.255    u_edge/u_control/u_scrub/squeeze_reg_reg[0]
    SLICE_X18Y106        LUT4 (Prop_lut4_I2_O)        0.124     8.379 r  u_edge/u_control/u_scrub/squeeze_reg[1599]_i_1/O
                         net (fo=1600, routed)        1.894    10.273    u_edge/u_server/hash/sponge/squeeze_reg_reg[0]_3[0]
    SLICE_X38Y127        FDRE                                         r  u_edge/u_server/hash/sponge/squeeze_reg_reg[880]/R
  -------------------------------------------------------------------    -------------------

                         (clock sys_clk rise edge)   10.000    10.000 r
                                                      0.000    10.000 r  clk (IN)
                         net (fo=19606, unset)        0.924    10.924    u_edge/u_server/hash/sponge/clk
    SLICE_X38Y127        FDRE                                         r  u_edge/u_server/hash/sponge/squeeze_reg_reg[880]/C
                         clock pessimism              0.000    10.924
                         clock uncertainty           -0.035    10.889
    SLICE_X38Y127        FDRE (Setup_fdre_C_R)       -0.524    10.365    u_edge/u_server/hash/sponge/squeeze_reg_reg[880]
  -------------------------------------------------------------------
                         required time                         10.365
                         arrival time                         -10.273
  -------------------------------------------------------------------
                         slack                                  0.092

Slack (MET) :             0.092ns  (required time - arrival time)
  Source:                 u_edge/u_server/hash/ofifo0_inst/inst/rd_ptr_reg[0]/C
                            (rising edge-triggered cell FDRE clocked by sys_clk  {rise@0.000ns fall@5.000ns period=10.000ns})
  Destination:            u_edge/u_server/hash/sponge/squeeze_reg_reg[881]/R
                            (rising edge-triggered cell FDRE clocked by sys_clk  {rise@0.000ns fall@5.000ns period=10.000ns})
  Path Group:             sys_clk
  Path Type:              Setup (Max at Slow Process Corner)
  Requirement:            10.000ns  (sys_clk rise@10.000ns - sys_clk rise@0.000ns)
  Data Path Delay:        9.300ns  (logic 2.042ns (21.958%)  route 7.258ns (78.042%))
  Logic Levels:           9  (CARRY4=1 LUT2=1 LUT4=1 LUT6=6)
  Clock Path Skew:        -0.049ns (DCD - SCD + CPR)
    Destination Clock Delay (DCD):    0.924ns = ( 10.924 - 10.000 )
    Source Clock Delay      (SCD):    0.973ns
    Clock Pessimism Removal (CPR):    0.000ns
  Clock Uncertainty:      0.035ns  ((TSJ^2 + TIJ^2)^1/2 + DJ) / 2 + PE
    Total System Jitter     (TSJ):    0.071ns
    Total Input Jitter      (TIJ):    0.000ns
    Discrete Jitter          (DJ):    0.000ns
    Phase Error              (PE):    0.000ns

    Location             Delay type                Incr(ns)  Path(ns)    Netlist Resource(s)
  -------------------------------------------------------------------    -------------------
                         (clock sys_clk rise edge)    0.000     0.000 r
                                                      0.000     0.000 r  clk (IN)
                         net (fo=19606, unset)        0.973     0.973    u_edge/u_server/hash/ofifo0_inst/inst/clk
    SLICE_X6Y92          FDRE                                         r  u_edge/u_server/hash/ofifo0_inst/inst/rd_ptr_reg[0]/C
  -------------------------------------------------------------------    -------------------
    SLICE_X6Y92          FDRE (Prop_fdre_C_Q)         0.518     1.491 r  u_edge/u_server/hash/ofifo0_inst/inst/rd_ptr_reg[0]/Q
                         net (fo=5, routed)           0.999     2.490    u_edge/u_server/hash/ofifo0_inst/inst/rd_ptr_reg[0]
    SLICE_X4Y93          LUT6 (Prop_lut6_I1_O)        0.124     2.614 r  u_edge/u_server/hash/ofifo0_inst/inst/wr_full0_carry_i_4/O
                         net (fo=1, routed)           0.000     2.614    u_edge/u_server/hash/ofifo0_inst/inst/wr_full0_carry_i_4_n_0
    SLICE_X4Y93          CARRY4 (Prop_carry4_S[0]_CO[3])
                                                      0.532     3.146 f  u_edge/u_server/hash/ofifo0_inst/inst/wr_full0_carry/CO[3]
                         net (fo=4, routed)           0.930     4.076    u_edge/u_server/hash/ofifo0_inst/inst/wr_full0
    SLICE_X7Y95          LUT6 (Prop_lut6_I1_O)        0.124     4.200 f  u_edge/u_server/hash/ofifo0_inst/inst/state[2]_i_11__0/O
                         net (fo=5, routed)           0.574     4.774    u_edge/u_server/hash/ofifo0_inst/inst/state[2]_i_11__0_n_0
    SLICE_X10Y95         LUT6 (Prop_lut6_I4_O)        0.124     4.898 r  u_edge/u_server/hash/ofifo0_inst/inst/state[2]_i_4__0/O
                         net (fo=1, routed)           0.282     5.180    u_edge/u_server/hash/ofifo0_inst/inst/state[2]_i_4__0_n_0
    SLICE_X10Y95         LUT6 (Prop_lut6_I2_O)        0.124     5.304 r  u_edge/u_server/hash/ofifo0_inst/inst/state[2]_i_1__2/O
                         net (fo=3, routed)           0.662     5.966    u_edge/u_server/hash/ofifo0_inst/inst/state_reg[0][0]
    SLICE_X11Y95         LUT6 (Prop_lut6_I5_O)        0.124     6.090 f  u_edge/u_server/hash/ofifo0_inst/inst/group_eta3_i_5/O
                         net (fo=3, routed)           0.620     6.710    u_edge/u_server/hash/ofifo0_inst/inst/group_eta3_i_5_n_0
    SLICE_X13Y95         LUT6 (Prop_lut6_I0_O)        0.124     6.834 r  u_edge/u_server/hash/ofifo0_inst/inst/wr_idx[5]_i_4/O
                         net (fo=10, routed)          0.549     7.383    u_edge/u_server/ntt/init_clears
    SLICE_X17Y101        LUT2 (Prop_lut2_I1_O)        0.124     7.507 r  u_edge/u_server/ntt/mode_latched[1]_i_3/O
                         net (fo=7, routed)           0.747     8.255    u_edge/u_control/u_scrub/squeeze_reg_reg[0]
    SLICE_X18Y106        LUT4 (Prop_lut4_I2_O)        0.124     8.379 r  u_edge/u_control/u_scrub/squeeze_reg[1599]_i_1/O
                         net (fo=1600, routed)        1.894    10.273    u_edge/u_server/hash/sponge/squeeze_reg_reg[0]_3[0]
    SLICE_X38Y127        FDRE                                         r  u_edge/u_server/hash/sponge/squeeze_reg_reg[881]/R
  -------------------------------------------------------------------    -------------------

                         (clock sys_clk rise edge)   10.000    10.000 r
                                                      0.000    10.000 r  clk (IN)
                         net (fo=19606, unset)        0.924    10.924    u_edge/u_server/hash/sponge/clk
    SLICE_X38Y127        FDRE                                         r  u_edge/u_server/hash/sponge/squeeze_reg_reg[881]/C
                         clock pessimism              0.000    10.924
                         clock uncertainty           -0.035    10.889
    SLICE_X38Y127        FDRE (Setup_fdre_C_R)       -0.524    10.365    u_edge/u_server/hash/sponge/squeeze_reg_reg[881]
  -------------------------------------------------------------------
                         required time                         10.365
                         arrival time                         -10.273
  -------------------------------------------------------------------
                         slack                                  0.092

Slack (MET) :             0.187ns  (required time - arrival time)
  Source:                 u_edge/u_server/hash/ofifo0_inst/inst/rd_ptr_reg[0]/C
                            (rising edge-triggered cell FDRE clocked by sys_clk  {rise@0.000ns fall@5.000ns period=10.000ns})
  Destination:            u_edge/u_server/hash/sponge/squeeze_reg_reg[784]/R
                            (rising edge-triggered cell FDRE clocked by sys_clk  {rise@0.000ns fall@5.000ns period=10.000ns})
  Path Group:             sys_clk
  Path Type:              Setup (Max at Slow Process Corner)
  Requirement:            10.000ns  (sys_clk rise@10.000ns - sys_clk rise@0.000ns)
  Data Path Delay:        9.300ns  (logic 2.042ns (21.958%)  route 7.258ns (78.042%))
  Logic Levels:           9  (CARRY4=1 LUT2=1 LUT4=1 LUT6=6)
  Clock Path Skew:        -0.049ns (DCD - SCD + CPR)
    Destination Clock Delay (DCD):    0.924ns = ( 10.924 - 10.000 )
    Source Clock Delay      (SCD):    0.973ns
    Clock Pessimism Removal (CPR):    0.000ns
  Clock Uncertainty:      0.035ns  ((TSJ^2 + TIJ^2)^1/2 + DJ) / 2 + PE
    Total System Jitter     (TSJ):    0.071ns
    Total Input Jitter      (TIJ):    0.000ns
    Discrete Jitter          (DJ):    0.000ns
    Phase Error              (PE):    0.000ns

    Location             Delay type                Incr(ns)  Path(ns)    Netlist Resource(s)
  -------------------------------------------------------------------    -------------------
                         (clock sys_clk rise edge)    0.000     0.000 r
                                                      0.000     0.000 r  clk (IN)
                         net (fo=19606, unset)        0.973     0.973    u_edge/u_server/hash/ofifo0_inst/inst/clk
    SLICE_X6Y92          FDRE                                         r  u_edge/u_server/hash/ofifo0_inst/inst/rd_ptr_reg[0]/C
  -------------------------------------------------------------------    -------------------
    SLICE_X6Y92          FDRE (Prop_fdre_C_Q)         0.518     1.491 r  u_edge/u_server/hash/ofifo0_inst/inst/rd_ptr_reg[0]/Q
                         net (fo=5, routed)           0.999     2.490    u_edge/u_server/hash/ofifo0_inst/inst/rd_ptr_reg[0]
    SLICE_X4Y93          LUT6 (Prop_lut6_I1_O)        0.124     2.614 r  u_edge/u_server/hash/ofifo0_inst/inst/wr_full0_carry_i_4/O
                         net (fo=1, routed)           0.000     2.614    u_edge/u_server/hash/ofifo0_inst/inst/wr_full0_carry_i_4_n_0
    SLICE_X4Y93          CARRY4 (Prop_carry4_S[0]_CO[3])
                                                      0.532     3.146 f  u_edge/u_server/hash/ofifo0_inst/inst/wr_full0_carry/CO[3]
                         net (fo=4, routed)           0.930     4.076    u_edge/u_server/hash/ofifo0_inst/inst/wr_full0
    SLICE_X7Y95          LUT6 (Prop_lut6_I1_O)        0.124     4.200 f  u_edge/u_server/hash/ofifo0_inst/inst/state[2]_i_11__0/O
                         net (fo=5, routed)           0.574     4.774    u_edge/u_server/hash/ofifo0_inst/inst/state[2]_i_11__0_n_0
    SLICE_X10Y95         LUT6 (Prop_lut6_I4_O)        0.124     4.898 r  u_edge/u_server/hash/ofifo0_inst/inst/state[2]_i_4__0/O
                         net (fo=1, routed)           0.282     5.180    u_edge/u_server/hash/ofifo0_inst/inst/state[2]_i_4__0_n_0
    SLICE_X10Y95         LUT6 (Prop_lut6_I2_O)        0.124     5.304 r  u_edge/u_server/hash/ofifo0_inst/inst/state[2]_i_1__2/O
                         net (fo=3, routed)           0.662     5.966    u_edge/u_server/hash/ofifo0_inst/inst/state_reg[0][0]
    SLICE_X11Y95         LUT6 (Prop_lut6_I5_O)        0.124     6.090 f  u_edge/u_server/hash/ofifo0_inst/inst/group_eta3_i_5/O
                         net (fo=3, routed)           0.620     6.710    u_edge/u_server/hash/ofifo0_inst/inst/group_eta3_i_5_n_0
    SLICE_X13Y95         LUT6 (Prop_lut6_I0_O)        0.124     6.834 r  u_edge/u_server/hash/ofifo0_inst/inst/wr_idx[5]_i_4/O
                         net (fo=10, routed)          0.549     7.383    u_edge/u_server/ntt/init_clears
    SLICE_X17Y101        LUT2 (Prop_lut2_I1_O)        0.124     7.507 r  u_edge/u_server/ntt/mode_latched[1]_i_3/O
                         net (fo=7, routed)           0.747     8.255    u_edge/u_control/u_scrub/squeeze_reg_reg[0]
    SLICE_X18Y106        LUT4 (Prop_lut4_I2_O)        0.124     8.379 r  u_edge/u_control/u_scrub/squeeze_reg[1599]_i_1/O
                         net (fo=1600, routed)        1.894    10.273    u_edge/u_server/hash/sponge/squeeze_reg_reg[0]_3[0]
    SLICE_X39Y127        FDRE                                         r  u_edge/u_server/hash/sponge/squeeze_reg_reg[784]/R
  -------------------------------------------------------------------    -------------------

                         (clock sys_clk rise edge)   10.000    10.000 r
                                                      0.000    10.000 r  clk (IN)
                         net (fo=19606, unset)        0.924    10.924    u_edge/u_server/hash/sponge/clk
    SLICE_X39Y127        FDRE                                         r  u_edge/u_server/hash/sponge/squeeze_reg_reg[784]/C
                         clock pessimism              0.000    10.924
                         clock uncertainty           -0.035    10.889
    SLICE_X39Y127        FDRE (Setup_fdre_C_R)       -0.429    10.460    u_edge/u_server/hash/sponge/squeeze_reg_reg[784]
  -------------------------------------------------------------------
                         required time                         10.460
                         arrival time                         -10.273
  -------------------------------------------------------------------
                         slack                                  0.187

Slack (MET) :             0.187ns  (required time - arrival time)
  Source:                 u_edge/u_server/hash/ofifo0_inst/inst/rd_ptr_reg[0]/C
                            (rising edge-triggered cell FDRE clocked by sys_clk  {rise@0.000ns fall@5.000ns period=10.000ns})
  Destination:            u_edge/u_server/hash/sponge/squeeze_reg_reg[785]/R
                            (rising edge-triggered cell FDRE clocked by sys_clk  {rise@0.000ns fall@5.000ns period=10.000ns})
  Path Group:             sys_clk
  Path Type:              Setup (Max at Slow Process Corner)
  Requirement:            10.000ns  (sys_clk rise@10.000ns - sys_clk rise@0.000ns)
  Data Path Delay:        9.300ns  (logic 2.042ns (21.958%)  route 7.258ns (78.042%))
  Logic Levels:           9  (CARRY4=1 LUT2=1 LUT4=1 LUT6=6)
  Clock Path Skew:        -0.049ns (DCD - SCD + CPR)
    Destination Clock Delay (DCD):    0.924ns = ( 10.924 - 10.000 )
    Source Clock Delay      (SCD):    0.973ns
    Clock Pessimism Removal (CPR):    0.000ns
  Clock Uncertainty:      0.035ns  ((TSJ^2 + TIJ^2)^1/2 + DJ) / 2 + PE
    Total System Jitter     (TSJ):    0.071ns
    Total Input Jitter      (TIJ):    0.000ns
    Discrete Jitter          (DJ):    0.000ns
    Phase Error              (PE):    0.000ns

    Location             Delay type                Incr(ns)  Path(ns)    Netlist Resource(s)
  -------------------------------------------------------------------    -------------------
                         (clock sys_clk rise edge)    0.000     0.000 r
                                                      0.000     0.000 r  clk (IN)
                         net (fo=19606, unset)        0.973     0.973    u_edge/u_server/hash/ofifo0_inst/inst/clk
    SLICE_X6Y92          FDRE                                         r  u_edge/u_server/hash/ofifo0_inst/inst/rd_ptr_reg[0]/C
  -------------------------------------------------------------------    -------------------
    SLICE_X6Y92          FDRE (Prop_fdre_C_Q)         0.518     1.491 r  u_edge/u_server/hash/ofifo0_inst/inst/rd_ptr_reg[0]/Q
                         net (fo=5, routed)           0.999     2.490    u_edge/u_server/hash/ofifo0_inst/inst/rd_ptr_reg[0]
    SLICE_X4Y93          LUT6 (Prop_lut6_I1_O)        0.124     2.614 r  u_edge/u_server/hash/ofifo0_inst/inst/wr_full0_carry_i_4/O
                         net (fo=1, routed)           0.000     2.614    u_edge/u_server/hash/ofifo0_inst/inst/wr_full0_carry_i_4_n_0
    SLICE_X4Y93          CARRY4 (Prop_carry4_S[0]_CO[3])
                                                      0.532     3.146 f  u_edge/u_server/hash/ofifo0_inst/inst/wr_full0_carry/CO[3]
                         net (fo=4, routed)           0.930     4.076    u_edge/u_server/hash/ofifo0_inst/inst/wr_full0
    SLICE_X7Y95          LUT6 (Prop_lut6_I1_O)        0.124     4.200 f  u_edge/u_server/hash/ofifo0_inst/inst/state[2]_i_11__0/O
                         net (fo=5, routed)           0.574     4.774    u_edge/u_server/hash/ofifo0_inst/inst/state[2]_i_11__0_n_0
    SLICE_X10Y95         LUT6 (Prop_lut6_I4_O)        0.124     4.898 r  u_edge/u_server/hash/ofifo0_inst/inst/state[2]_i_4__0/O
                         net (fo=1, routed)           0.282     5.180    u_edge/u_server/hash/ofifo0_inst/inst/state[2]_i_4__0_n_0
    SLICE_X10Y95         LUT6 (Prop_lut6_I2_O)        0.124     5.304 r  u_edge/u_server/hash/ofifo0_inst/inst/state[2]_i_1__2/O
                         net (fo=3, routed)           0.662     5.966    u_edge/u_server/hash/ofifo0_inst/inst/state_reg[0][0]
    SLICE_X11Y95         LUT6 (Prop_lut6_I5_O)        0.124     6.090 f  u_edge/u_server/hash/ofifo0_inst/inst/group_eta3_i_5/O
                         net (fo=3, routed)           0.620     6.710    u_edge/u_server/hash/ofifo0_inst/inst/group_eta3_i_5_n_0
    SLICE_X13Y95         LUT6 (Prop_lut6_I0_O)        0.124     6.834 r  u_edge/u_server/hash/ofifo0_inst/inst/wr_idx[5]_i_4/O
                         net (fo=10, routed)          0.549     7.383    u_edge/u_server/ntt/init_clears
    SLICE_X17Y101        LUT2 (Prop_lut2_I1_O)        0.124     7.507 r  u_edge/u_server/ntt/mode_latched[1]_i_3/O
                         net (fo=7, routed)           0.747     8.255    u_edge/u_control/u_scrub/squeeze_reg_reg[0]
    SLICE_X18Y106        LUT4 (Prop_lut4_I2_O)        0.124     8.379 r  u_edge/u_control/u_scrub/squeeze_reg[1599]_i_1/O
                         net (fo=1600, routed)        1.894    10.273    u_edge/u_server/hash/sponge/squeeze_reg_reg[0]_3[0]
    SLICE_X39Y127        FDRE                                         r  u_edge/u_server/hash/sponge/squeeze_reg_reg[785]/R
  -------------------------------------------------------------------    -------------------

                         (clock sys_clk rise edge)   10.000    10.000 r
                                                      0.000    10.000 r  clk (IN)
                         net (fo=19606, unset)        0.924    10.924    u_edge/u_server/hash/sponge/clk
    SLICE_X39Y127        FDRE                                         r  u_edge/u_server/hash/sponge/squeeze_reg_reg[785]/C
                         clock pessimism              0.000    10.924
                         clock uncertainty           -0.035    10.889
    SLICE_X39Y127        FDRE (Setup_fdre_C_R)       -0.429    10.460    u_edge/u_server/hash/sponge/squeeze_reg_reg[785]
  -------------------------------------------------------------------
                         required time                         10.460
                         arrival time                         -10.273
  -------------------------------------------------------------------
                         slack                                  0.187

Slack (MET) :             0.197ns  (required time - arrival time)
  Source:                 u_edge/u_server/hash/ofifo0_inst/inst/rd_ptr_reg[0]/C
                            (rising edge-triggered cell FDRE clocked by sys_clk  {rise@0.000ns fall@5.000ns period=10.000ns})
  Destination:            u_edge/u_server/hash/sponge/squeeze_reg_reg[1324]/R
                            (rising edge-triggered cell FDRE clocked by sys_clk  {rise@0.000ns fall@5.000ns period=10.000ns})
  Path Group:             sys_clk
  Path Type:              Setup (Max at Slow Process Corner)
  Requirement:            10.000ns  (sys_clk rise@10.000ns - sys_clk rise@0.000ns)
  Data Path Delay:        9.195ns  (logic 2.042ns (22.208%)  route 7.153ns (77.792%))
  Logic Levels:           9  (CARRY4=1 LUT2=1 LUT4=1 LUT6=6)
  Clock Path Skew:        -0.049ns (DCD - SCD + CPR)
    Destination Clock Delay (DCD):    0.924ns = ( 10.924 - 10.000 )
    Source Clock Delay      (SCD):    0.973ns
    Clock Pessimism Removal (CPR):    0.000ns
  Clock Uncertainty:      0.035ns  ((TSJ^2 + TIJ^2)^1/2 + DJ) / 2 + PE
    Total System Jitter     (TSJ):    0.071ns
    Total Input Jitter      (TIJ):    0.000ns
    Discrete Jitter          (DJ):    0.000ns
    Phase Error              (PE):    0.000ns

    Location             Delay type                Incr(ns)  Path(ns)    Netlist Resource(s)
  -------------------------------------------------------------------    -------------------
                         (clock sys_clk rise edge)    0.000     0.000 r
                                                      0.000     0.000 r  clk (IN)
                         net (fo=19606, unset)        0.973     0.973    u_edge/u_server/hash/ofifo0_inst/inst/clk
    SLICE_X6Y92          FDRE                                         r  u_edge/u_server/hash/ofifo0_inst/inst/rd_ptr_reg[0]/C
  -------------------------------------------------------------------    -------------------
    SLICE_X6Y92          FDRE (Prop_fdre_C_Q)         0.518     1.491 r  u_edge/u_server/hash/ofifo0_inst/inst/rd_ptr_reg[0]/Q
                         net (fo=5, routed)           0.999     2.490    u_edge/u_server/hash/ofifo0_inst/inst/rd_ptr_reg[0]
    SLICE_X4Y93          LUT6 (Prop_lut6_I1_O)        0.124     2.614 r  u_edge/u_server/hash/ofifo0_inst/inst/wr_full0_carry_i_4/O
                         net (fo=1, routed)           0.000     2.614    u_edge/u_server/hash/ofifo0_inst/inst/wr_full0_carry_i_4_n_0
    SLICE_X4Y93          CARRY4 (Prop_carry4_S[0]_CO[3])
                                                      0.532     3.146 f  u_edge/u_server/hash/ofifo0_inst/inst/wr_full0_carry/CO[3]
                         net (fo=4, routed)           0.930     4.076    u_edge/u_server/hash/ofifo0_inst/inst/wr_full0
    SLICE_X7Y95          LUT6 (Prop_lut6_I1_O)        0.124     4.200 f  u_edge/u_server/hash/ofifo0_inst/inst/state[2]_i_11__0/O
                         net (fo=5, routed)           0.574     4.774    u_edge/u_server/hash/ofifo0_inst/inst/state[2]_i_11__0_n_0
    SLICE_X10Y95         LUT6 (Prop_lut6_I4_O)        0.124     4.898 r  u_edge/u_server/hash/ofifo0_inst/inst/state[2]_i_4__0/O
                         net (fo=1, routed)           0.282     5.180    u_edge/u_server/hash/ofifo0_inst/inst/state[2]_i_4__0_n_0
    SLICE_X10Y95         LUT6 (Prop_lut6_I2_O)        0.124     5.304 r  u_edge/u_server/hash/ofifo0_inst/inst/state[2]_i_1__2/O
                         net (fo=3, routed)           0.662     5.966    u_edge/u_server/hash/ofifo0_inst/inst/state_reg[0][0]
    SLICE_X11Y95         LUT6 (Prop_lut6_I5_O)        0.124     6.090 f  u_edge/u_server/hash/ofifo0_inst/inst/group_eta3_i_5/O
                         net (fo=3, routed)           0.620     6.710    u_edge/u_server/hash/ofifo0_inst/inst/group_eta3_i_5_n_0
    SLICE_X13Y95         LUT6 (Prop_lut6_I0_O)        0.124     6.834 r  u_edge/u_server/hash/ofifo0_inst/inst/wr_idx[5]_i_4/O
                         net (fo=10, routed)          0.549     7.383    u_edge/u_server/ntt/init_clears
    SLICE_X17Y101        LUT2 (Prop_lut2_I1_O)        0.124     7.507 r  u_edge/u_server/ntt/mode_latched[1]_i_3/O
                         net (fo=7, routed)           0.747     8.255    u_edge/u_control/u_scrub/squeeze_reg_reg[0]
    SLICE_X18Y106        LUT4 (Prop_lut4_I2_O)        0.124     8.379 r  u_edge/u_control/u_scrub/squeeze_reg[1599]_i_1/O
                         net (fo=1600, routed)        1.789    10.168    u_edge/u_server/hash/sponge/squeeze_reg_reg[0]_3[0]
    SLICE_X34Y128        FDRE                                         r  u_edge/u_server/hash/sponge/squeeze_reg_reg[1324]/R
  -------------------------------------------------------------------    -------------------

                         (clock sys_clk rise edge)   10.000    10.000 r
                                                      0.000    10.000 r  clk (IN)
                         net (fo=19606, unset)        0.924    10.924    u_edge/u_server/hash/sponge/clk
    SLICE_X34Y128        FDRE                                         r  u_edge/u_server/hash/sponge/squeeze_reg_reg[1324]/C
                         clock pessimism              0.000    10.924
                         clock uncertainty           -0.035    10.889
    SLICE_X34Y128        FDRE (Setup_fdre_C_R)       -0.524    10.365    u_edge/u_server/hash/sponge/squeeze_reg_reg[1324]
  -------------------------------------------------------------------
                         required time                         10.365
                         arrival time                         -10.168
  -------------------------------------------------------------------
                         slack                                  0.197

Slack (MET) :             0.197ns  (required time - arrival time)
  Source:                 u_edge/u_server/hash/ofifo0_inst/inst/rd_ptr_reg[0]/C
                            (rising edge-triggered cell FDRE clocked by sys_clk  {rise@0.000ns fall@5.000ns period=10.000ns})
  Destination:            u_edge/u_server/hash/sponge/squeeze_reg_reg[1325]/R
                            (rising edge-triggered cell FDRE clocked by sys_clk  {rise@0.000ns fall@5.000ns period=10.000ns})
  Path Group:             sys_clk
  Path Type:              Setup (Max at Slow Process Corner)
  Requirement:            10.000ns  (sys_clk rise@10.000ns - sys_clk rise@0.000ns)
  Data Path Delay:        9.195ns  (logic 2.042ns (22.208%)  route 7.153ns (77.792%))
  Logic Levels:           9  (CARRY4=1 LUT2=1 LUT4=1 LUT6=6)
  Clock Path Skew:        -0.049ns (DCD - SCD + CPR)
    Destination Clock Delay (DCD):    0.924ns = ( 10.924 - 10.000 )
    Source Clock Delay      (SCD):    0.973ns
    Clock Pessimism Removal (CPR):    0.000ns
  Clock Uncertainty:      0.035ns  ((TSJ^2 + TIJ^2)^1/2 + DJ) / 2 + PE
    Total System Jitter     (TSJ):    0.071ns
    Total Input Jitter      (TIJ):    0.000ns
    Discrete Jitter          (DJ):    0.000ns
    Phase Error              (PE):    0.000ns

    Location             Delay type                Incr(ns)  Path(ns)    Netlist Resource(s)
  -------------------------------------------------------------------    -------------------
                         (clock sys_clk rise edge)    0.000     0.000 r
                                                      0.000     0.000 r  clk (IN)
                         net (fo=19606, unset)        0.973     0.973    u_edge/u_server/hash/ofifo0_inst/inst/clk
    SLICE_X6Y92          FDRE                                         r  u_edge/u_server/hash/ofifo0_inst/inst/rd_ptr_reg[0]/C
  -------------------------------------------------------------------    -------------------
    SLICE_X6Y92          FDRE (Prop_fdre_C_Q)         0.518     1.491 r  u_edge/u_server/hash/ofifo0_inst/inst/rd_ptr_reg[0]/Q
                         net (fo=5, routed)           0.999     2.490    u_edge/u_server/hash/ofifo0_inst/inst/rd_ptr_reg[0]
    SLICE_X4Y93          LUT6 (Prop_lut6_I1_O)        0.124     2.614 r  u_edge/u_server/hash/ofifo0_inst/inst/wr_full0_carry_i_4/O
                         net (fo=1, routed)           0.000     2.614    u_edge/u_server/hash/ofifo0_inst/inst/wr_full0_carry_i_4_n_0
    SLICE_X4Y93          CARRY4 (Prop_carry4_S[0]_CO[3])
                                                      0.532     3.146 f  u_edge/u_server/hash/ofifo0_inst/inst/wr_full0_carry/CO[3]
                         net (fo=4, routed)           0.930     4.076    u_edge/u_server/hash/ofifo0_inst/inst/wr_full0
    SLICE_X7Y95          LUT6 (Prop_lut6_I1_O)        0.124     4.200 f  u_edge/u_server/hash/ofifo0_inst/inst/state[2]_i_11__0/O
                         net (fo=5, routed)           0.574     4.774    u_edge/u_server/hash/ofifo0_inst/inst/state[2]_i_11__0_n_0
    SLICE_X10Y95         LUT6 (Prop_lut6_I4_O)        0.124     4.898 r  u_edge/u_server/hash/ofifo0_inst/inst/state[2]_i_4__0/O
                         net (fo=1, routed)           0.282     5.180    u_edge/u_server/hash/ofifo0_inst/inst/state[2]_i_4__0_n_0
    SLICE_X10Y95         LUT6 (Prop_lut6_I2_O)        0.124     5.304 r  u_edge/u_server/hash/ofifo0_inst/inst/state[2]_i_1__2/O
                         net (fo=3, routed)           0.662     5.966    u_edge/u_server/hash/ofifo0_inst/inst/state_reg[0][0]
    SLICE_X11Y95         LUT6 (Prop_lut6_I5_O)        0.124     6.090 f  u_edge/u_server/hash/ofifo0_inst/inst/group_eta3_i_5/O
                         net (fo=3, routed)           0.620     6.710    u_edge/u_server/hash/ofifo0_inst/inst/group_eta3_i_5_n_0
    SLICE_X13Y95         LUT6 (Prop_lut6_I0_O)        0.124     6.834 r  u_edge/u_server/hash/ofifo0_inst/inst/wr_idx[5]_i_4/O
                         net (fo=10, routed)          0.549     7.383    u_edge/u_server/ntt/init_clears
    SLICE_X17Y101        LUT2 (Prop_lut2_I1_O)        0.124     7.507 r  u_edge/u_server/ntt/mode_latched[1]_i_3/O
                         net (fo=7, routed)           0.747     8.255    u_edge/u_control/u_scrub/squeeze_reg_reg[0]
    SLICE_X18Y106        LUT4 (Prop_lut4_I2_O)        0.124     8.379 r  u_edge/u_control/u_scrub/squeeze_reg[1599]_i_1/O
                         net (fo=1600, routed)        1.789    10.168    u_edge/u_server/hash/sponge/squeeze_reg_reg[0]_3[0]
    SLICE_X34Y128        FDRE                                         r  u_edge/u_server/hash/sponge/squeeze_reg_reg[1325]/R
  -------------------------------------------------------------------    -------------------

                         (clock sys_clk rise edge)   10.000    10.000 r
                                                      0.000    10.000 r  clk (IN)
                         net (fo=19606, unset)        0.924    10.924    u_edge/u_server/hash/sponge/clk
    SLICE_X34Y128        FDRE                                         r  u_edge/u_server/hash/sponge/squeeze_reg_reg[1325]/C
                         clock pessimism              0.000    10.924
                         clock uncertainty           -0.035    10.889
    SLICE_X34Y128        FDRE (Setup_fdre_C_R)       -0.524    10.365    u_edge/u_server/hash/sponge/squeeze_reg_reg[1325]
  -------------------------------------------------------------------
                         required time                         10.365
                         arrival time                         -10.168
  -------------------------------------------------------------------
                         slack                                  0.197

Slack (MET) :             0.197ns  (required time - arrival time)
  Source:                 u_edge/u_server/hash/ofifo0_inst/inst/rd_ptr_reg[0]/C
                            (rising edge-triggered cell FDRE clocked by sys_clk  {rise@0.000ns fall@5.000ns period=10.000ns})
  Destination:            u_edge/u_server/hash/sponge/squeeze_reg_reg[1356]/R
                            (rising edge-triggered cell FDRE clocked by sys_clk  {rise@0.000ns fall@5.000ns period=10.000ns})
  Path Group:             sys_clk
  Path Type:              Setup (Max at Slow Process Corner)
  Requirement:            10.000ns  (sys_clk rise@10.000ns - sys_clk rise@0.000ns)
  Data Path Delay:        9.195ns  (logic 2.042ns (22.208%)  route 7.153ns (77.792%))
  Logic Levels:           9  (CARRY4=1 LUT2=1 LUT4=1 LUT6=6)
  Clock Path Skew:        -0.049ns (DCD - SCD + CPR)
    Destination Clock Delay (DCD):    0.924ns = ( 10.924 - 10.000 )
    Source Clock Delay      (SCD):    0.973ns
    Clock Pessimism Removal (CPR):    0.000ns
  Clock Uncertainty:      0.035ns  ((TSJ^2 + TIJ^2)^1/2 + DJ) / 2 + PE
    Total System Jitter     (TSJ):    0.071ns
    Total Input Jitter      (TIJ):    0.000ns
    Discrete Jitter          (DJ):    0.000ns
    Phase Error              (PE):    0.000ns

    Location             Delay type                Incr(ns)  Path(ns)    Netlist Resource(s)
  -------------------------------------------------------------------    -------------------
                         (clock sys_clk rise edge)    0.000     0.000 r
                                                      0.000     0.000 r  clk (IN)
                         net (fo=19606, unset)        0.973     0.973    u_edge/u_server/hash/ofifo0_inst/inst/clk
    SLICE_X6Y92          FDRE                                         r  u_edge/u_server/hash/ofifo0_inst/inst/rd_ptr_reg[0]/C
  -------------------------------------------------------------------    -------------------
    SLICE_X6Y92          FDRE (Prop_fdre_C_Q)         0.518     1.491 r  u_edge/u_server/hash/ofifo0_inst/inst/rd_ptr_reg[0]/Q
                         net (fo=5, routed)           0.999     2.490    u_edge/u_server/hash/ofifo0_inst/inst/rd_ptr_reg[0]
    SLICE_X4Y93          LUT6 (Prop_lut6_I1_O)        0.124     2.614 r  u_edge/u_server/hash/ofifo0_inst/inst/wr_full0_carry_i_4/O
                         net (fo=1, routed)           0.000     2.614    u_edge/u_server/hash/ofifo0_inst/inst/wr_full0_carry_i_4_n_0
    SLICE_X4Y93          CARRY4 (Prop_carry4_S[0]_CO[3])
                                                      0.532     3.146 f  u_edge/u_server/hash/ofifo0_inst/inst/wr_full0_carry/CO[3]
                         net (fo=4, routed)           0.930     4.076    u_edge/u_server/hash/ofifo0_inst/inst/wr_full0
    SLICE_X7Y95          LUT6 (Prop_lut6_I1_O)        0.124     4.200 f  u_edge/u_server/hash/ofifo0_inst/inst/state[2]_i_11__0/O
                         net (fo=5, routed)           0.574     4.774    u_edge/u_server/hash/ofifo0_inst/inst/state[2]_i_11__0_n_0
    SLICE_X10Y95         LUT6 (Prop_lut6_I4_O)        0.124     4.898 r  u_edge/u_server/hash/ofifo0_inst/inst/state[2]_i_4__0/O
                         net (fo=1, routed)           0.282     5.180    u_edge/u_server/hash/ofifo0_inst/inst/state[2]_i_4__0_n_0
    SLICE_X10Y95         LUT6 (Prop_lut6_I2_O)        0.124     5.304 r  u_edge/u_server/hash/ofifo0_inst/inst/state[2]_i_1__2/O
                         net (fo=3, routed)           0.662     5.966    u_edge/u_server/hash/ofifo0_inst/inst/state_reg[0][0]
    SLICE_X11Y95         LUT6 (Prop_lut6_I5_O)        0.124     6.090 f  u_edge/u_server/hash/ofifo0_inst/inst/group_eta3_i_5/O
                         net (fo=3, routed)           0.620     6.710    u_edge/u_server/hash/ofifo0_inst/inst/group_eta3_i_5_n_0
    SLICE_X13Y95         LUT6 (Prop_lut6_I0_O)        0.124     6.834 r  u_edge/u_server/hash/ofifo0_inst/inst/wr_idx[5]_i_4/O
                         net (fo=10, routed)          0.549     7.383    u_edge/u_server/ntt/init_clears
    SLICE_X17Y101        LUT2 (Prop_lut2_I1_O)        0.124     7.507 r  u_edge/u_server/ntt/mode_latched[1]_i_3/O
                         net (fo=7, routed)           0.747     8.255    u_edge/u_control/u_scrub/squeeze_reg_reg[0]
    SLICE_X18Y106        LUT4 (Prop_lut4_I2_O)        0.124     8.379 r  u_edge/u_control/u_scrub/squeeze_reg[1599]_i_1/O
                         net (fo=1600, routed)        1.789    10.168    u_edge/u_server/hash/sponge/squeeze_reg_reg[0]_3[0]
    SLICE_X34Y128        FDRE                                         r  u_edge/u_server/hash/sponge/squeeze_reg_reg[1356]/R
  -------------------------------------------------------------------    -------------------

                         (clock sys_clk rise edge)   10.000    10.000 r
                                                      0.000    10.000 r  clk (IN)
                         net (fo=19606, unset)        0.924    10.924    u_edge/u_server/hash/sponge/clk
    SLICE_X34Y128        FDRE                                         r  u_edge/u_server/hash/sponge/squeeze_reg_reg[1356]/C
                         clock pessimism              0.000    10.924
                         clock uncertainty           -0.035    10.889
    SLICE_X34Y128        FDRE (Setup_fdre_C_R)       -0.524    10.365    u_edge/u_server/hash/sponge/squeeze_reg_reg[1356]
  -------------------------------------------------------------------
                         required time                         10.365
                         arrival time                         -10.168
  -------------------------------------------------------------------
                         slack                                  0.197

Slack (MET) :             0.197ns  (required time - arrival time)
  Source:                 u_edge/u_server/hash/ofifo0_inst/inst/rd_ptr_reg[0]/C
                            (rising edge-triggered cell FDRE clocked by sys_clk  {rise@0.000ns fall@5.000ns period=10.000ns})
  Destination:            u_edge/u_server/hash/sponge/squeeze_reg_reg[1357]/R
                            (rising edge-triggered cell FDRE clocked by sys_clk  {rise@0.000ns fall@5.000ns period=10.000ns})
  Path Group:             sys_clk
  Path Type:              Setup (Max at Slow Process Corner)
  Requirement:            10.000ns  (sys_clk rise@10.000ns - sys_clk rise@0.000ns)
  Data Path Delay:        9.195ns  (logic 2.042ns (22.208%)  route 7.153ns (77.792%))
  Logic Levels:           9  (CARRY4=1 LUT2=1 LUT4=1 LUT6=6)
  Clock Path Skew:        -0.049ns (DCD - SCD + CPR)
    Destination Clock Delay (DCD):    0.924ns = ( 10.924 - 10.000 )
    Source Clock Delay      (SCD):    0.973ns
    Clock Pessimism Removal (CPR):    0.000ns
  Clock Uncertainty:      0.035ns  ((TSJ^2 + TIJ^2)^1/2 + DJ) / 2 + PE
    Total System Jitter     (TSJ):    0.071ns
    Total Input Jitter      (TIJ):    0.000ns
    Discrete Jitter          (DJ):    0.000ns
    Phase Error              (PE):    0.000ns

    Location             Delay type                Incr(ns)  Path(ns)    Netlist Resource(s)
  -------------------------------------------------------------------    -------------------
                         (clock sys_clk rise edge)    0.000     0.000 r
                                                      0.000     0.000 r  clk (IN)
                         net (fo=19606, unset)        0.973     0.973    u_edge/u_server/hash/ofifo0_inst/inst/clk
    SLICE_X6Y92          FDRE                                         r  u_edge/u_server/hash/ofifo0_inst/inst/rd_ptr_reg[0]/C
  -------------------------------------------------------------------    -------------------
    SLICE_X6Y92          FDRE (Prop_fdre_C_Q)         0.518     1.491 r  u_edge/u_server/hash/ofifo0_inst/inst/rd_ptr_reg[0]/Q
                         net (fo=5, routed)           0.999     2.490    u_edge/u_server/hash/ofifo0_inst/inst/rd_ptr_reg[0]
    SLICE_X4Y93          LUT6 (Prop_lut6_I1_O)        0.124     2.614 r  u_edge/u_server/hash/ofifo0_inst/inst/wr_full0_carry_i_4/O
                         net (fo=1, routed)           0.000     2.614    u_edge/u_server/hash/ofifo0_inst/inst/wr_full0_carry_i_4_n_0
    SLICE_X4Y93          CARRY4 (Prop_carry4_S[0]_CO[3])
                                                      0.532     3.146 f  u_edge/u_server/hash/ofifo0_inst/inst/wr_full0_carry/CO[3]
                         net (fo=4, routed)           0.930     4.076    u_edge/u_server/hash/ofifo0_inst/inst/wr_full0
    SLICE_X7Y95          LUT6 (Prop_lut6_I1_O)        0.124     4.200 f  u_edge/u_server/hash/ofifo0_inst/inst/state[2]_i_11__0/O
                         net (fo=5, routed)           0.574     4.774    u_edge/u_server/hash/ofifo0_inst/inst/state[2]_i_11__0_n_0
    SLICE_X10Y95         LUT6 (Prop_lut6_I4_O)        0.124     4.898 r  u_edge/u_server/hash/ofifo0_inst/inst/state[2]_i_4__0/O
                         net (fo=1, routed)           0.282     5.180    u_edge/u_server/hash/ofifo0_inst/inst/state[2]_i_4__0_n_0
    SLICE_X10Y95         LUT6 (Prop_lut6_I2_O)        0.124     5.304 r  u_edge/u_server/hash/ofifo0_inst/inst/state[2]_i_1__2/O
                         net (fo=3, routed)           0.662     5.966    u_edge/u_server/hash/ofifo0_inst/inst/state_reg[0][0]
    SLICE_X11Y95         LUT6 (Prop_lut6_I5_O)        0.124     6.090 f  u_edge/u_server/hash/ofifo0_inst/inst/group_eta3_i_5/O
                         net (fo=3, routed)           0.620     6.710    u_edge/u_server/hash/ofifo0_inst/inst/group_eta3_i_5_n_0
    SLICE_X13Y95         LUT6 (Prop_lut6_I0_O)        0.124     6.834 r  u_edge/u_server/hash/ofifo0_inst/inst/wr_idx[5]_i_4/O
                         net (fo=10, routed)          0.549     7.383    u_edge/u_server/ntt/init_clears
    SLICE_X17Y101        LUT2 (Prop_lut2_I1_O)        0.124     7.507 r  u_edge/u_server/ntt/mode_latched[1]_i_3/O
                         net (fo=7, routed)           0.747     8.255    u_edge/u_control/u_scrub/squeeze_reg_reg[0]
    SLICE_X18Y106        LUT4 (Prop_lut4_I2_O)        0.124     8.379 r  u_edge/u_control/u_scrub/squeeze_reg[1599]_i_1/O
                         net (fo=1600, routed)        1.789    10.168    u_edge/u_server/hash/sponge/squeeze_reg_reg[0]_3[0]
    SLICE_X34Y128        FDRE                                         r  u_edge/u_server/hash/sponge/squeeze_reg_reg[1357]/R
  -------------------------------------------------------------------    -------------------

                         (clock sys_clk rise edge)   10.000    10.000 r
                                                      0.000    10.000 r  clk (IN)
                         net (fo=19606, unset)        0.924    10.924    u_edge/u_server/hash/sponge/clk
    SLICE_X34Y128        FDRE                                         r  u_edge/u_server/hash/sponge/squeeze_reg_reg[1357]/C
                         clock pessimism              0.000    10.924
                         clock uncertainty           -0.035    10.889
    SLICE_X34Y128        FDRE (Setup_fdre_C_R)       -0.524    10.365    u_edge/u_server/hash/sponge/squeeze_reg_reg[1357]
  -------------------------------------------------------------------
                         required time                         10.365
                         arrival time                         -10.168
  -------------------------------------------------------------------
                         slack                                  0.197

Slack (MET) :             0.197ns  (required time - arrival time)
  Source:                 u_edge/u_server/hash/ofifo0_inst/inst/rd_ptr_reg[0]/C
                            (rising edge-triggered cell FDRE clocked by sys_clk  {rise@0.000ns fall@5.000ns period=10.000ns})
  Destination:            u_edge/u_server/hash/sponge/squeeze_reg_reg[1388]/R
                            (rising edge-triggered cell FDRE clocked by sys_clk  {rise@0.000ns fall@5.000ns period=10.000ns})
  Path Group:             sys_clk
  Path Type:              Setup (Max at Slow Process Corner)
  Requirement:            10.000ns  (sys_clk rise@10.000ns - sys_clk rise@0.000ns)
  Data Path Delay:        9.195ns  (logic 2.042ns (22.208%)  route 7.153ns (77.792%))
  Logic Levels:           9  (CARRY4=1 LUT2=1 LUT4=1 LUT6=6)
  Clock Path Skew:        -0.049ns (DCD - SCD + CPR)
    Destination Clock Delay (DCD):    0.924ns = ( 10.924 - 10.000 )
    Source Clock Delay      (SCD):    0.973ns
    Clock Pessimism Removal (CPR):    0.000ns
  Clock Uncertainty:      0.035ns  ((TSJ^2 + TIJ^2)^1/2 + DJ) / 2 + PE
    Total System Jitter     (TSJ):    0.071ns
    Total Input Jitter      (TIJ):    0.000ns
    Discrete Jitter          (DJ):    0.000ns
    Phase Error              (PE):    0.000ns

    Location             Delay type                Incr(ns)  Path(ns)    Netlist Resource(s)
  -------------------------------------------------------------------    -------------------
                         (clock sys_clk rise edge)    0.000     0.000 r
                                                      0.000     0.000 r  clk (IN)
                         net (fo=19606, unset)        0.973     0.973    u_edge/u_server/hash/ofifo0_inst/inst/clk
    SLICE_X6Y92          FDRE                                         r  u_edge/u_server/hash/ofifo0_inst/inst/rd_ptr_reg[0]/C
  -------------------------------------------------------------------    -------------------
    SLICE_X6Y92          FDRE (Prop_fdre_C_Q)         0.518     1.491 r  u_edge/u_server/hash/ofifo0_inst/inst/rd_ptr_reg[0]/Q
                         net (fo=5, routed)           0.999     2.490    u_edge/u_server/hash/ofifo0_inst/inst/rd_ptr_reg[0]
    SLICE_X4Y93          LUT6 (Prop_lut6_I1_O)        0.124     2.614 r  u_edge/u_server/hash/ofifo0_inst/inst/wr_full0_carry_i_4/O
                         net (fo=1, routed)           0.000     2.614    u_edge/u_server/hash/ofifo0_inst/inst/wr_full0_carry_i_4_n_0
    SLICE_X4Y93          CARRY4 (Prop_carry4_S[0]_CO[3])
                                                      0.532     3.146 f  u_edge/u_server/hash/ofifo0_inst/inst/wr_full0_carry/CO[3]
                         net (fo=4, routed)           0.930     4.076    u_edge/u_server/hash/ofifo0_inst/inst/wr_full0
    SLICE_X7Y95          LUT6 (Prop_lut6_I1_O)        0.124     4.200 f  u_edge/u_server/hash/ofifo0_inst/inst/state[2]_i_11__0/O
                         net (fo=5, routed)           0.574     4.774    u_edge/u_server/hash/ofifo0_inst/inst/state[2]_i_11__0_n_0
    SLICE_X10Y95         LUT6 (Prop_lut6_I4_O)        0.124     4.898 r  u_edge/u_server/hash/ofifo0_inst/inst/state[2]_i_4__0/O
                         net (fo=1, routed)           0.282     5.180    u_edge/u_server/hash/ofifo0_inst/inst/state[2]_i_4__0_n_0
    SLICE_X10Y95         LUT6 (Prop_lut6_I2_O)        0.124     5.304 r  u_edge/u_server/hash/ofifo0_inst/inst/state[2]_i_1__2/O
                         net (fo=3, routed)           0.662     5.966    u_edge/u_server/hash/ofifo0_inst/inst/state_reg[0][0]
    SLICE_X11Y95         LUT6 (Prop_lut6_I5_O)        0.124     6.090 f  u_edge/u_server/hash/ofifo0_inst/inst/group_eta3_i_5/O
                         net (fo=3, routed)           0.620     6.710    u_edge/u_server/hash/ofifo0_inst/inst/group_eta3_i_5_n_0
    SLICE_X13Y95         LUT6 (Prop_lut6_I0_O)        0.124     6.834 r  u_edge/u_server/hash/ofifo0_inst/inst/wr_idx[5]_i_4/O
                         net (fo=10, routed)          0.549     7.383    u_edge/u_server/ntt/init_clears
    SLICE_X17Y101        LUT2 (Prop_lut2_I1_O)        0.124     7.507 r  u_edge/u_server/ntt/mode_latched[1]_i_3/O
                         net (fo=7, routed)           0.747     8.255    u_edge/u_control/u_scrub/squeeze_reg_reg[0]
    SLICE_X18Y106        LUT4 (Prop_lut4_I2_O)        0.124     8.379 r  u_edge/u_control/u_scrub/squeeze_reg[1599]_i_1/O
                         net (fo=1600, routed)        1.789    10.168    u_edge/u_server/hash/sponge/squeeze_reg_reg[0]_3[0]
    SLICE_X34Y128        FDRE                                         r  u_edge/u_server/hash/sponge/squeeze_reg_reg[1388]/R
  -------------------------------------------------------------------    -------------------

                         (clock sys_clk rise edge)   10.000    10.000 r
                                                      0.000    10.000 r  clk (IN)
                         net (fo=19606, unset)        0.924    10.924    u_edge/u_server/hash/sponge/clk
    SLICE_X34Y128        FDRE                                         r  u_edge/u_server/hash/sponge/squeeze_reg_reg[1388]/C
                         clock pessimism              0.000    10.924
                         clock uncertainty           -0.035    10.889
    SLICE_X34Y128        FDRE (Setup_fdre_C_R)       -0.524    10.365    u_edge/u_server/hash/sponge/squeeze_reg_reg[1388]
  -------------------------------------------------------------------
                         required time                         10.365
                         arrival time                         -10.168
  -------------------------------------------------------------------
                         slack                                  0.197

Slack (MET) :             0.197ns  (required time - arrival time)
  Source:                 u_edge/u_server/hash/ofifo0_inst/inst/rd_ptr_reg[0]/C
                            (rising edge-triggered cell FDRE clocked by sys_clk  {rise@0.000ns fall@5.000ns period=10.000ns})
  Destination:            u_edge/u_server/hash/sponge/squeeze_reg_reg[1389]/R
                            (rising edge-triggered cell FDRE clocked by sys_clk  {rise@0.000ns fall@5.000ns period=10.000ns})
  Path Group:             sys_clk
  Path Type:              Setup (Max at Slow Process Corner)
  Requirement:            10.000ns  (sys_clk rise@10.000ns - sys_clk rise@0.000ns)
  Data Path Delay:        9.195ns  (logic 2.042ns (22.208%)  route 7.153ns (77.792%))
  Logic Levels:           9  (CARRY4=1 LUT2=1 LUT4=1 LUT6=6)
  Clock Path Skew:        -0.049ns (DCD - SCD + CPR)
    Destination Clock Delay (DCD):    0.924ns = ( 10.924 - 10.000 )
    Source Clock Delay      (SCD):    0.973ns
    Clock Pessimism Removal (CPR):    0.000ns
  Clock Uncertainty:      0.035ns  ((TSJ^2 + TIJ^2)^1/2 + DJ) / 2 + PE
    Total System Jitter     (TSJ):    0.071ns
    Total Input Jitter      (TIJ):    0.000ns
    Discrete Jitter          (DJ):    0.000ns
    Phase Error              (PE):    0.000ns

    Location             Delay type                Incr(ns)  Path(ns)    Netlist Resource(s)
  -------------------------------------------------------------------    -------------------
                         (clock sys_clk rise edge)    0.000     0.000 r
                                                      0.000     0.000 r  clk (IN)
                         net (fo=19606, unset)        0.973     0.973    u_edge/u_server/hash/ofifo0_inst/inst/clk
    SLICE_X6Y92          FDRE                                         r  u_edge/u_server/hash/ofifo0_inst/inst/rd_ptr_reg[0]/C
  -------------------------------------------------------------------    -------------------
    SLICE_X6Y92          FDRE (Prop_fdre_C_Q)         0.518     1.491 r  u_edge/u_server/hash/ofifo0_inst/inst/rd_ptr_reg[0]/Q
                         net (fo=5, routed)           0.999     2.490    u_edge/u_server/hash/ofifo0_inst/inst/rd_ptr_reg[0]
    SLICE_X4Y93          LUT6 (Prop_lut6_I1_O)        0.124     2.614 r  u_edge/u_server/hash/ofifo0_inst/inst/wr_full0_carry_i_4/O
                         net (fo=1, routed)           0.000     2.614    u_edge/u_server/hash/ofifo0_inst/inst/wr_full0_carry_i_4_n_0
    SLICE_X4Y93          CARRY4 (Prop_carry4_S[0]_CO[3])
                                                      0.532     3.146 f  u_edge/u_server/hash/ofifo0_inst/inst/wr_full0_carry/CO[3]
                         net (fo=4, routed)           0.930     4.076    u_edge/u_server/hash/ofifo0_inst/inst/wr_full0
    SLICE_X7Y95          LUT6 (Prop_lut6_I1_O)        0.124     4.200 f  u_edge/u_server/hash/ofifo0_inst/inst/state[2]_i_11__0/O
                         net (fo=5, routed)           0.574     4.774    u_edge/u_server/hash/ofifo0_inst/inst/state[2]_i_11__0_n_0
    SLICE_X10Y95         LUT6 (Prop_lut6_I4_O)        0.124     4.898 r  u_edge/u_server/hash/ofifo0_inst/inst/state[2]_i_4__0/O
                         net (fo=1, routed)           0.282     5.180    u_edge/u_server/hash/ofifo0_inst/inst/state[2]_i_4__0_n_0
    SLICE_X10Y95         LUT6 (Prop_lut6_I2_O)        0.124     5.304 r  u_edge/u_server/hash/ofifo0_inst/inst/state[2]_i_1__2/O
                         net (fo=3, routed)           0.662     5.966    u_edge/u_server/hash/ofifo0_inst/inst/state_reg[0][0]
    SLICE_X11Y95         LUT6 (Prop_lut6_I5_O)        0.124     6.090 f  u_edge/u_server/hash/ofifo0_inst/inst/group_eta3_i_5/O
                         net (fo=3, routed)           0.620     6.710    u_edge/u_server/hash/ofifo0_inst/inst/group_eta3_i_5_n_0
    SLICE_X13Y95         LUT6 (Prop_lut6_I0_O)        0.124     6.834 r  u_edge/u_server/hash/ofifo0_inst/inst/wr_idx[5]_i_4/O
                         net (fo=10, routed)          0.549     7.383    u_edge/u_server/ntt/init_clears
    SLICE_X17Y101        LUT2 (Prop_lut2_I1_O)        0.124     7.507 r  u_edge/u_server/ntt/mode_latched[1]_i_3/O
                         net (fo=7, routed)           0.747     8.255    u_edge/u_control/u_scrub/squeeze_reg_reg[0]
    SLICE_X18Y106        LUT4 (Prop_lut4_I2_O)        0.124     8.379 r  u_edge/u_control/u_scrub/squeeze_reg[1599]_i_1/O
                         net (fo=1600, routed)        1.789    10.168    u_edge/u_server/hash/sponge/squeeze_reg_reg[0]_3[0]
    SLICE_X34Y128        FDRE                                         r  u_edge/u_server/hash/sponge/squeeze_reg_reg[1389]/R
  -------------------------------------------------------------------    -------------------

                         (clock sys_clk rise edge)   10.000    10.000 r
                                                      0.000    10.000 r  clk (IN)
                         net (fo=19606, unset)        0.924    10.924    u_edge/u_server/hash/sponge/clk
    SLICE_X34Y128        FDRE                                         r  u_edge/u_server/hash/sponge/squeeze_reg_reg[1389]/C
                         clock pessimism              0.000    10.924
                         clock uncertainty           -0.035    10.889
    SLICE_X34Y128        FDRE (Setup_fdre_C_R)       -0.524    10.365    u_edge/u_server/hash/sponge/squeeze_reg_reg[1389]
  -------------------------------------------------------------------
                         required time                         10.365
                         arrival time                         -10.168
  -------------------------------------------------------------------
                         slack                                  0.197

Slack (MET) :             0.197ns  (required time - arrival time)
  Source:                 u_edge/u_server/hash/ofifo0_inst/inst/rd_ptr_reg[0]/C
                            (rising edge-triggered cell FDRE clocked by sys_clk  {rise@0.000ns fall@5.000ns period=10.000ns})
  Destination:            u_edge/u_server/hash/sponge/squeeze_reg_reg[1420]/R
                            (rising edge-triggered cell FDRE clocked by sys_clk  {rise@0.000ns fall@5.000ns period=10.000ns})
  Path Group:             sys_clk
  Path Type:              Setup (Max at Slow Process Corner)
  Requirement:            10.000ns  (sys_clk rise@10.000ns - sys_clk rise@0.000ns)
  Data Path Delay:        9.195ns  (logic 2.042ns (22.208%)  route 7.153ns (77.792%))
  Logic Levels:           9  (CARRY4=1 LUT2=1 LUT4=1 LUT6=6)
  Clock Path Skew:        -0.049ns (DCD - SCD + CPR)
    Destination Clock Delay (DCD):    0.924ns = ( 10.924 - 10.000 )
    Source Clock Delay      (SCD):    0.973ns
    Clock Pessimism Removal (CPR):    0.000ns
  Clock Uncertainty:      0.035ns  ((TSJ^2 + TIJ^2)^1/2 + DJ) / 2 + PE
    Total System Jitter     (TSJ):    0.071ns
    Total Input Jitter      (TIJ):    0.000ns
    Discrete Jitter          (DJ):    0.000ns
    Phase Error              (PE):    0.000ns

    Location             Delay type                Incr(ns)  Path(ns)    Netlist Resource(s)
  -------------------------------------------------------------------    -------------------
                         (clock sys_clk rise edge)    0.000     0.000 r
                                                      0.000     0.000 r  clk (IN)
                         net (fo=19606, unset)        0.973     0.973    u_edge/u_server/hash/ofifo0_inst/inst/clk
    SLICE_X6Y92          FDRE                                         r  u_edge/u_server/hash/ofifo0_inst/inst/rd_ptr_reg[0]/C
  -------------------------------------------------------------------    -------------------
    SLICE_X6Y92          FDRE (Prop_fdre_C_Q)         0.518     1.491 r  u_edge/u_server/hash/ofifo0_inst/inst/rd_ptr_reg[0]/Q
                         net (fo=5, routed)           0.999     2.490    u_edge/u_server/hash/ofifo0_inst/inst/rd_ptr_reg[0]
    SLICE_X4Y93          LUT6 (Prop_lut6_I1_O)        0.124     2.614 r  u_edge/u_server/hash/ofifo0_inst/inst/wr_full0_carry_i_4/O
                         net (fo=1, routed)           0.000     2.614    u_edge/u_server/hash/ofifo0_inst/inst/wr_full0_carry_i_4_n_0
    SLICE_X4Y93          CARRY4 (Prop_carry4_S[0]_CO[3])
                                                      0.532     3.146 f  u_edge/u_server/hash/ofifo0_inst/inst/wr_full0_carry/CO[3]
                         net (fo=4, routed)           0.930     4.076    u_edge/u_server/hash/ofifo0_inst/inst/wr_full0
    SLICE_X7Y95          LUT6 (Prop_lut6_I1_O)        0.124     4.200 f  u_edge/u_server/hash/ofifo0_inst/inst/state[2]_i_11__0/O
                         net (fo=5, routed)           0.574     4.774    u_edge/u_server/hash/ofifo0_inst/inst/state[2]_i_11__0_n_0
    SLICE_X10Y95         LUT6 (Prop_lut6_I4_O)        0.124     4.898 r  u_edge/u_server/hash/ofifo0_inst/inst/state[2]_i_4__0/O
                         net (fo=1, routed)           0.282     5.180    u_edge/u_server/hash/ofifo0_inst/inst/state[2]_i_4__0_n_0
    SLICE_X10Y95         LUT6 (Prop_lut6_I2_O)        0.124     5.304 r  u_edge/u_server/hash/ofifo0_inst/inst/state[2]_i_1__2/O
                         net (fo=3, routed)           0.662     5.966    u_edge/u_server/hash/ofifo0_inst/inst/state_reg[0][0]
    SLICE_X11Y95         LUT6 (Prop_lut6_I5_O)        0.124     6.090 f  u_edge/u_server/hash/ofifo0_inst/inst/group_eta3_i_5/O
                         net (fo=3, routed)           0.620     6.710    u_edge/u_server/hash/ofifo0_inst/inst/group_eta3_i_5_n_0
    SLICE_X13Y95         LUT6 (Prop_lut6_I0_O)        0.124     6.834 r  u_edge/u_server/hash/ofifo0_inst/inst/wr_idx[5]_i_4/O
                         net (fo=10, routed)          0.549     7.383    u_edge/u_server/ntt/init_clears
    SLICE_X17Y101        LUT2 (Prop_lut2_I1_O)        0.124     7.507 r  u_edge/u_server/ntt/mode_latched[1]_i_3/O
                         net (fo=7, routed)           0.747     8.255    u_edge/u_control/u_scrub/squeeze_reg_reg[0]
    SLICE_X18Y106        LUT4 (Prop_lut4_I2_O)        0.124     8.379 r  u_edge/u_control/u_scrub/squeeze_reg[1599]_i_1/O
                         net (fo=1600, routed)        1.789    10.168    u_edge/u_server/hash/sponge/squeeze_reg_reg[0]_3[0]
    SLICE_X34Y128        FDRE                                         r  u_edge/u_server/hash/sponge/squeeze_reg_reg[1420]/R
  -------------------------------------------------------------------    -------------------

                         (clock sys_clk rise edge)   10.000    10.000 r
                                                      0.000    10.000 r  clk (IN)
                         net (fo=19606, unset)        0.924    10.924    u_edge/u_server/hash/sponge/clk
    SLICE_X34Y128        FDRE                                         r  u_edge/u_server/hash/sponge/squeeze_reg_reg[1420]/C
                         clock pessimism              0.000    10.924
                         clock uncertainty           -0.035    10.889
    SLICE_X34Y128        FDRE (Setup_fdre_C_R)       -0.524    10.365    u_edge/u_server/hash/sponge/squeeze_reg_reg[1420]
  -------------------------------------------------------------------
                         required time                         10.365
                         arrival time                         -10.168
  -------------------------------------------------------------------
                         slack                                  0.197

Slack (MET) :             0.197ns  (required time - arrival time)
  Source:                 u_edge/u_server/hash/ofifo0_inst/inst/rd_ptr_reg[0]/C
                            (rising edge-triggered cell FDRE clocked by sys_clk  {rise@0.000ns fall@5.000ns period=10.000ns})
  Destination:            u_edge/u_server/hash/sponge/squeeze_reg_reg[1421]/R
                            (rising edge-triggered cell FDRE clocked by sys_clk  {rise@0.000ns fall@5.000ns period=10.000ns})
  Path Group:             sys_clk
  Path Type:              Setup (Max at Slow Process Corner)
  Requirement:            10.000ns  (sys_clk rise@10.000ns - sys_clk rise@0.000ns)
  Data Path Delay:        9.195ns  (logic 2.042ns (22.208%)  route 7.153ns (77.792%))
  Logic Levels:           9  (CARRY4=1 LUT2=1 LUT4=1 LUT6=6)
  Clock Path Skew:        -0.049ns (DCD - SCD + CPR)
    Destination Clock Delay (DCD):    0.924ns = ( 10.924 - 10.000 )
    Source Clock Delay      (SCD):    0.973ns
    Clock Pessimism Removal (CPR):    0.000ns
  Clock Uncertainty:      0.035ns  ((TSJ^2 + TIJ^2)^1/2 + DJ) / 2 + PE
    Total System Jitter     (TSJ):    0.071ns
    Total Input Jitter      (TIJ):    0.000ns
    Discrete Jitter          (DJ):    0.000ns
    Phase Error              (PE):    0.000ns

    Location             Delay type                Incr(ns)  Path(ns)    Netlist Resource(s)
  -------------------------------------------------------------------    -------------------
                         (clock sys_clk rise edge)    0.000     0.000 r
                                                      0.000     0.000 r  clk (IN)
                         net (fo=19606, unset)        0.973     0.973    u_edge/u_server/hash/ofifo0_inst/inst/clk
    SLICE_X6Y92          FDRE                                         r  u_edge/u_server/hash/ofifo0_inst/inst/rd_ptr_reg[0]/C
  -------------------------------------------------------------------    -------------------
    SLICE_X6Y92          FDRE (Prop_fdre_C_Q)         0.518     1.491 r  u_edge/u_server/hash/ofifo0_inst/inst/rd_ptr_reg[0]/Q
                         net (fo=5, routed)           0.999     2.490    u_edge/u_server/hash/ofifo0_inst/inst/rd_ptr_reg[0]
    SLICE_X4Y93          LUT6 (Prop_lut6_I1_O)        0.124     2.614 r  u_edge/u_server/hash/ofifo0_inst/inst/wr_full0_carry_i_4/O
                         net (fo=1, routed)           0.000     2.614    u_edge/u_server/hash/ofifo0_inst/inst/wr_full0_carry_i_4_n_0
    SLICE_X4Y93          CARRY4 (Prop_carry4_S[0]_CO[3])
                                                      0.532     3.146 f  u_edge/u_server/hash/ofifo0_inst/inst/wr_full0_carry/CO[3]
                         net (fo=4, routed)           0.930     4.076    u_edge/u_server/hash/ofifo0_inst/inst/wr_full0
    SLICE_X7Y95          LUT6 (Prop_lut6_I1_O)        0.124     4.200 f  u_edge/u_server/hash/ofifo0_inst/inst/state[2]_i_11__0/O
                         net (fo=5, routed)           0.574     4.774    u_edge/u_server/hash/ofifo0_inst/inst/state[2]_i_11__0_n_0
    SLICE_X10Y95         LUT6 (Prop_lut6_I4_O)        0.124     4.898 r  u_edge/u_server/hash/ofifo0_inst/inst/state[2]_i_4__0/O
                         net (fo=1, routed)           0.282     5.180    u_edge/u_server/hash/ofifo0_inst/inst/state[2]_i_4__0_n_0
    SLICE_X10Y95         LUT6 (Prop_lut6_I2_O)        0.124     5.304 r  u_edge/u_server/hash/ofifo0_inst/inst/state[2]_i_1__2/O
                         net (fo=3, routed)           0.662     5.966    u_edge/u_server/hash/ofifo0_inst/inst/state_reg[0][0]
    SLICE_X11Y95         LUT6 (Prop_lut6_I5_O)        0.124     6.090 f  u_edge/u_server/hash/ofifo0_inst/inst/group_eta3_i_5/O
                         net (fo=3, routed)           0.620     6.710    u_edge/u_server/hash/ofifo0_inst/inst/group_eta3_i_5_n_0
    SLICE_X13Y95         LUT6 (Prop_lut6_I0_O)        0.124     6.834 r  u_edge/u_server/hash/ofifo0_inst/inst/wr_idx[5]_i_4/O
                         net (fo=10, routed)          0.549     7.383    u_edge/u_server/ntt/init_clears
    SLICE_X17Y101        LUT2 (Prop_lut2_I1_O)        0.124     7.507 r  u_edge/u_server/ntt/mode_latched[1]_i_3/O
                         net (fo=7, routed)           0.747     8.255    u_edge/u_control/u_scrub/squeeze_reg_reg[0]
    SLICE_X18Y106        LUT4 (Prop_lut4_I2_O)        0.124     8.379 r  u_edge/u_control/u_scrub/squeeze_reg[1599]_i_1/O
                         net (fo=1600, routed)        1.789    10.168    u_edge/u_server/hash/sponge/squeeze_reg_reg[0]_3[0]
    SLICE_X34Y128        FDRE                                         r  u_edge/u_server/hash/sponge/squeeze_reg_reg[1421]/R
  -------------------------------------------------------------------    -------------------

                         (clock sys_clk rise edge)   10.000    10.000 r
                                                      0.000    10.000 r  clk (IN)
                         net (fo=19606, unset)        0.924    10.924    u_edge/u_server/hash/sponge/clk
    SLICE_X34Y128        FDRE                                         r  u_edge/u_server/hash/sponge/squeeze_reg_reg[1421]/C
                         clock pessimism              0.000    10.924
                         clock uncertainty           -0.035    10.889
    SLICE_X34Y128        FDRE (Setup_fdre_C_R)       -0.524    10.365    u_edge/u_server/hash/sponge/squeeze_reg_reg[1421]
  -------------------------------------------------------------------
                         required time                         10.365
                         arrival time                         -10.168
  -------------------------------------------------------------------
                         slack                                  0.197

Slack (MET) :             0.241ns  (required time - arrival time)
  Source:                 u_edge/u_server/hash/ofifo0_inst/inst/rd_ptr_reg[0]/C
                            (rising edge-triggered cell FDRE clocked by sys_clk  {rise@0.000ns fall@5.000ns period=10.000ns})
  Destination:            u_edge/u_server/hash/sponge/squeeze_reg_reg[716]/R
                            (rising edge-triggered cell FDRE clocked by sys_clk  {rise@0.000ns fall@5.000ns period=10.000ns})
  Path Group:             sys_clk
  Path Type:              Setup (Max at Slow Process Corner)
  Requirement:            10.000ns  (sys_clk rise@10.000ns - sys_clk rise@0.000ns)
  Data Path Delay:        9.151ns  (logic 2.042ns (22.315%)  route 7.109ns (77.685%))
  Logic Levels:           9  (CARRY4=1 LUT2=1 LUT4=1 LUT6=6)
  Clock Path Skew:        -0.049ns (DCD - SCD + CPR)
    Destination Clock Delay (DCD):    0.924ns = ( 10.924 - 10.000 )
    Source Clock Delay      (SCD):    0.973ns
    Clock Pessimism Removal (CPR):    0.000ns
  Clock Uncertainty:      0.035ns  ((TSJ^2 + TIJ^2)^1/2 + DJ) / 2 + PE
    Total System Jitter     (TSJ):    0.071ns
    Total Input Jitter      (TIJ):    0.000ns
    Discrete Jitter          (DJ):    0.000ns
    Phase Error              (PE):    0.000ns

    Location             Delay type                Incr(ns)  Path(ns)    Netlist Resource(s)
  -------------------------------------------------------------------    -------------------
                         (clock sys_clk rise edge)    0.000     0.000 r
                                                      0.000     0.000 r  clk (IN)
                         net (fo=19606, unset)        0.973     0.973    u_edge/u_server/hash/ofifo0_inst/inst/clk
    SLICE_X6Y92          FDRE                                         r  u_edge/u_server/hash/ofifo0_inst/inst/rd_ptr_reg[0]/C
  -------------------------------------------------------------------    -------------------
    SLICE_X6Y92          FDRE (Prop_fdre_C_Q)         0.518     1.491 r  u_edge/u_server/hash/ofifo0_inst/inst/rd_ptr_reg[0]/Q
                         net (fo=5, routed)           0.999     2.490    u_edge/u_server/hash/ofifo0_inst/inst/rd_ptr_reg[0]
    SLICE_X4Y93          LUT6 (Prop_lut6_I1_O)        0.124     2.614 r  u_edge/u_server/hash/ofifo0_inst/inst/wr_full0_carry_i_4/O
                         net (fo=1, routed)           0.000     2.614    u_edge/u_server/hash/ofifo0_inst/inst/wr_full0_carry_i_4_n_0
    SLICE_X4Y93          CARRY4 (Prop_carry4_S[0]_CO[3])
                                                      0.532     3.146 f  u_edge/u_server/hash/ofifo0_inst/inst/wr_full0_carry/CO[3]
                         net (fo=4, routed)           0.930     4.076    u_edge/u_server/hash/ofifo0_inst/inst/wr_full0
    SLICE_X7Y95          LUT6 (Prop_lut6_I1_O)        0.124     4.200 f  u_edge/u_server/hash/ofifo0_inst/inst/state[2]_i_11__0/O
                         net (fo=5, routed)           0.574     4.774    u_edge/u_server/hash/ofifo0_inst/inst/state[2]_i_11__0_n_0
    SLICE_X10Y95         LUT6 (Prop_lut6_I4_O)        0.124     4.898 r  u_edge/u_server/hash/ofifo0_inst/inst/state[2]_i_4__0/O
                         net (fo=1, routed)           0.282     5.180    u_edge/u_server/hash/ofifo0_inst/inst/state[2]_i_4__0_n_0
    SLICE_X10Y95         LUT6 (Prop_lut6_I2_O)        0.124     5.304 r  u_edge/u_server/hash/ofifo0_inst/inst/state[2]_i_1__2/O
                         net (fo=3, routed)           0.662     5.966    u_edge/u_server/hash/ofifo0_inst/inst/state_reg[0][0]
    SLICE_X11Y95         LUT6 (Prop_lut6_I5_O)        0.124     6.090 f  u_edge/u_server/hash/ofifo0_inst/inst/group_eta3_i_5/O
                         net (fo=3, routed)           0.620     6.710    u_edge/u_server/hash/ofifo0_inst/inst/group_eta3_i_5_n_0
    SLICE_X13Y95         LUT6 (Prop_lut6_I0_O)        0.124     6.834 r  u_edge/u_server/hash/ofifo0_inst/inst/wr_idx[5]_i_4/O
                         net (fo=10, routed)          0.549     7.383    u_edge/u_server/ntt/init_clears
    SLICE_X17Y101        LUT2 (Prop_lut2_I1_O)        0.124     7.507 r  u_edge/u_server/ntt/mode_latched[1]_i_3/O
                         net (fo=7, routed)           0.747     8.255    u_edge/u_control/u_scrub/squeeze_reg_reg[0]
    SLICE_X18Y106        LUT4 (Prop_lut4_I2_O)        0.124     8.379 r  u_edge/u_control/u_scrub/squeeze_reg[1599]_i_1/O
                         net (fo=1600, routed)        1.745    10.124    u_edge/u_server/hash/sponge/squeeze_reg_reg[0]_3[0]
    SLICE_X38Y129        FDRE                                         r  u_edge/u_server/hash/sponge/squeeze_reg_reg[716]/R
  -------------------------------------------------------------------    -------------------

                         (clock sys_clk rise edge)   10.000    10.000 r
                                                      0.000    10.000 r  clk (IN)
                         net (fo=19606, unset)        0.924    10.924    u_edge/u_server/hash/sponge/clk
    SLICE_X38Y129        FDRE                                         r  u_edge/u_server/hash/sponge/squeeze_reg_reg[716]/C
                         clock pessimism              0.000    10.924
                         clock uncertainty           -0.035    10.889
    SLICE_X38Y129        FDRE (Setup_fdre_C_R)       -0.524    10.365    u_edge/u_server/hash/sponge/squeeze_reg_reg[716]
  -------------------------------------------------------------------
                         required time                         10.365
                         arrival time                         -10.124
  -------------------------------------------------------------------
                         slack                                  0.241

Slack (MET) :             0.241ns  (required time - arrival time)
  Source:                 u_edge/u_server/hash/ofifo0_inst/inst/rd_ptr_reg[0]/C
                            (rising edge-triggered cell FDRE clocked by sys_clk  {rise@0.000ns fall@5.000ns period=10.000ns})
  Destination:            u_edge/u_server/hash/sponge/squeeze_reg_reg[717]/R
                            (rising edge-triggered cell FDRE clocked by sys_clk  {rise@0.000ns fall@5.000ns period=10.000ns})
  Path Group:             sys_clk
  Path Type:              Setup (Max at Slow Process Corner)
  Requirement:            10.000ns  (sys_clk rise@10.000ns - sys_clk rise@0.000ns)
  Data Path Delay:        9.151ns  (logic 2.042ns (22.315%)  route 7.109ns (77.685%))
  Logic Levels:           9  (CARRY4=1 LUT2=1 LUT4=1 LUT6=6)
  Clock Path Skew:        -0.049ns (DCD - SCD + CPR)
    Destination Clock Delay (DCD):    0.924ns = ( 10.924 - 10.000 )
    Source Clock Delay      (SCD):    0.973ns
    Clock Pessimism Removal (CPR):    0.000ns
  Clock Uncertainty:      0.035ns  ((TSJ^2 + TIJ^2)^1/2 + DJ) / 2 + PE
    Total System Jitter     (TSJ):    0.071ns
    Total Input Jitter      (TIJ):    0.000ns
    Discrete Jitter          (DJ):    0.000ns
    Phase Error              (PE):    0.000ns

    Location             Delay type                Incr(ns)  Path(ns)    Netlist Resource(s)
  -------------------------------------------------------------------    -------------------
                         (clock sys_clk rise edge)    0.000     0.000 r
                                                      0.000     0.000 r  clk (IN)
                         net (fo=19606, unset)        0.973     0.973    u_edge/u_server/hash/ofifo0_inst/inst/clk
    SLICE_X6Y92          FDRE                                         r  u_edge/u_server/hash/ofifo0_inst/inst/rd_ptr_reg[0]/C
  -------------------------------------------------------------------    -------------------
    SLICE_X6Y92          FDRE (Prop_fdre_C_Q)         0.518     1.491 r  u_edge/u_server/hash/ofifo0_inst/inst/rd_ptr_reg[0]/Q
                         net (fo=5, routed)           0.999     2.490    u_edge/u_server/hash/ofifo0_inst/inst/rd_ptr_reg[0]
    SLICE_X4Y93          LUT6 (Prop_lut6_I1_O)        0.124     2.614 r  u_edge/u_server/hash/ofifo0_inst/inst/wr_full0_carry_i_4/O
                         net (fo=1, routed)           0.000     2.614    u_edge/u_server/hash/ofifo0_inst/inst/wr_full0_carry_i_4_n_0
    SLICE_X4Y93          CARRY4 (Prop_carry4_S[0]_CO[3])
                                                      0.532     3.146 f  u_edge/u_server/hash/ofifo0_inst/inst/wr_full0_carry/CO[3]
                         net (fo=4, routed)           0.930     4.076    u_edge/u_server/hash/ofifo0_inst/inst/wr_full0
    SLICE_X7Y95          LUT6 (Prop_lut6_I1_O)        0.124     4.200 f  u_edge/u_server/hash/ofifo0_inst/inst/state[2]_i_11__0/O
                         net (fo=5, routed)           0.574     4.774    u_edge/u_server/hash/ofifo0_inst/inst/state[2]_i_11__0_n_0
    SLICE_X10Y95         LUT6 (Prop_lut6_I4_O)        0.124     4.898 r  u_edge/u_server/hash/ofifo0_inst/inst/state[2]_i_4__0/O
                         net (fo=1, routed)           0.282     5.180    u_edge/u_server/hash/ofifo0_inst/inst/state[2]_i_4__0_n_0
    SLICE_X10Y95         LUT6 (Prop_lut6_I2_O)        0.124     5.304 r  u_edge/u_server/hash/ofifo0_inst/inst/state[2]_i_1__2/O
                         net (fo=3, routed)           0.662     5.966    u_edge/u_server/hash/ofifo0_inst/inst/state_reg[0][0]
    SLICE_X11Y95         LUT6 (Prop_lut6_I5_O)        0.124     6.090 f  u_edge/u_server/hash/ofifo0_inst/inst/group_eta3_i_5/O
                         net (fo=3, routed)           0.620     6.710    u_edge/u_server/hash/ofifo0_inst/inst/group_eta3_i_5_n_0
    SLICE_X13Y95         LUT6 (Prop_lut6_I0_O)        0.124     6.834 r  u_edge/u_server/hash/ofifo0_inst/inst/wr_idx[5]_i_4/O
                         net (fo=10, routed)          0.549     7.383    u_edge/u_server/ntt/init_clears
    SLICE_X17Y101        LUT2 (Prop_lut2_I1_O)        0.124     7.507 r  u_edge/u_server/ntt/mode_latched[1]_i_3/O
                         net (fo=7, routed)           0.747     8.255    u_edge/u_control/u_scrub/squeeze_reg_reg[0]
    SLICE_X18Y106        LUT4 (Prop_lut4_I2_O)        0.124     8.379 r  u_edge/u_control/u_scrub/squeeze_reg[1599]_i_1/O
                         net (fo=1600, routed)        1.745    10.124    u_edge/u_server/hash/sponge/squeeze_reg_reg[0]_3[0]
    SLICE_X38Y129        FDRE                                         r  u_edge/u_server/hash/sponge/squeeze_reg_reg[717]/R
  -------------------------------------------------------------------    -------------------

                         (clock sys_clk rise edge)   10.000    10.000 r
                                                      0.000    10.000 r  clk (IN)
                         net (fo=19606, unset)        0.924    10.924    u_edge/u_server/hash/sponge/clk
    SLICE_X38Y129        FDRE                                         r  u_edge/u_server/hash/sponge/squeeze_reg_reg[717]/C
                         clock pessimism              0.000    10.924
                         clock uncertainty           -0.035    10.889
    SLICE_X38Y129        FDRE (Setup_fdre_C_R)       -0.524    10.365    u_edge/u_server/hash/sponge/squeeze_reg_reg[717]
  -------------------------------------------------------------------
                         required time                         10.365
                         arrival time                         -10.124
  -------------------------------------------------------------------
                         slack                                  0.241





Min Delay Paths
--------------------------------------------------------------------------------------
Slack (MET) :             0.053ns  (arrival time - required time)
  Source:                 u_edge/u_server/ntt/BU/dec1_reg[7]__0/C
                            (rising edge-triggered cell FDRE clocked by sys_clk  {rise@0.000ns fall@5.000ns period=10.000ns})
  Destination:            u_edge/u_server/ntt/BU/S13/inst/gen_depth_gt1.shift_reg_reg[4][7]_srl5/D
                            (rising edge-triggered cell SRL16E clocked by sys_clk  {rise@0.000ns fall@5.000ns period=10.000ns})
  Path Group:             sys_clk
  Path Type:              Hold (Min at Fast Process Corner)
  Requirement:            0.000ns  (sys_clk rise@0.000ns - sys_clk rise@0.000ns)
  Data Path Delay:        0.258ns  (logic 0.141ns (54.701%)  route 0.117ns (45.299%))
  Logic Levels:           0
  Clock Path Skew:        0.022ns (DCD - SCD - CPR)
    Destination Clock Delay (DCD):    0.432ns
    Source Clock Delay      (SCD):    0.410ns
    Clock Pessimism Removal (CPR):    -0.000ns

    Location             Delay type                Incr(ns)  Path(ns)    Netlist Resource(s)
  -------------------------------------------------------------------    -------------------
                         (clock sys_clk rise edge)    0.000     0.000 r
                                                      0.000     0.000 r  clk (IN)
                         net (fo=19606, unset)        0.410     0.410    u_edge/u_server/ntt/BU/clk
    SLICE_X32Y76         FDRE                                         r  u_edge/u_server/ntt/BU/dec1_reg[7]__0/C
  -------------------------------------------------------------------    -------------------
    SLICE_X32Y76         FDRE (Prop_fdre_C_Q)         0.141     0.551 r  u_edge/u_server/ntt/BU/dec1_reg[7]__0/Q
                         net (fo=1, routed)           0.117     0.668    u_edge/u_server/ntt/BU/S13/inst/decomp1_butt_r1_reg[7]__0
    SLICE_X34Y75         SRL16E                                       r  u_edge/u_server/ntt/BU/S13/inst/gen_depth_gt1.shift_reg_reg[4][7]_srl5/D
  -------------------------------------------------------------------    -------------------

                         (clock sys_clk rise edge)    0.000     0.000 r
                                                      0.000     0.000 r  clk (IN)
                         net (fo=19606, unset)        0.432     0.432    u_edge/u_server/ntt/BU/S13/inst/clk
    SLICE_X34Y75         SRL16E                                       r  u_edge/u_server/ntt/BU/S13/inst/gen_depth_gt1.shift_reg_reg[4][7]_srl5/CLK
                         clock pessimism              0.000     0.432
    SLICE_X34Y75         SRL16E (Hold_srl16e_CLK_D)
                                                      0.183     0.615    u_edge/u_server/ntt/BU/S13/inst/gen_depth_gt1.shift_reg_reg[4][7]_srl5
  -------------------------------------------------------------------
                         required time                         -0.615
                         arrival time                           0.668
  -------------------------------------------------------------------
                         slack                                  0.053

Slack (MET) :             0.083ns  (arrival time - required time)
  Source:                 u_edge/u_server/ntt/BU/R0/sum_reg[4]/C
                            (rising edge-triggered cell FDRE clocked by sys_clk  {rise@0.000ns fall@5.000ns period=10.000ns})
  Destination:            u_edge/u_server/ntt/BU/R0/sum_r2_reg[4]_srl2/D
                            (rising edge-triggered cell SRL16E clocked by sys_clk  {rise@0.000ns fall@5.000ns period=10.000ns})
  Path Group:             sys_clk
  Path Type:              Hold (Min at Fast Process Corner)
  Requirement:            0.000ns  (sys_clk rise@0.000ns - sys_clk rise@0.000ns)
  Data Path Delay:        0.221ns  (logic 0.141ns (63.734%)  route 0.080ns (36.266%))
  Logic Levels:           0
  Clock Path Skew:        0.022ns (DCD - SCD - CPR)
    Destination Clock Delay (DCD):    0.432ns
    Source Clock Delay      (SCD):    0.410ns
    Clock Pessimism Removal (CPR):    -0.000ns

    Location             Delay type                Incr(ns)  Path(ns)    Netlist Resource(s)
  -------------------------------------------------------------------    -------------------
                         (clock sys_clk rise edge)    0.000     0.000 r
                                                      0.000     0.000 r  clk (IN)
                         net (fo=19606, unset)        0.410     0.410    u_edge/u_server/ntt/BU/R0/clk
    SLICE_X31Y71         FDRE                                         r  u_edge/u_server/ntt/BU/R0/sum_reg[4]/C
  -------------------------------------------------------------------    -------------------
    SLICE_X31Y71         FDRE (Prop_fdre_C_Q)         0.141     0.551 r  u_edge/u_server/ntt/BU/R0/sum_reg[4]/Q
                         net (fo=9, routed)           0.080     0.631    u_edge/u_server/ntt/BU/R0/sum_reg_n_0_[4]
    SLICE_X30Y71         SRL16E                                       r  u_edge/u_server/ntt/BU/R0/sum_r2_reg[4]_srl2/D
  -------------------------------------------------------------------    -------------------

                         (clock sys_clk rise edge)    0.000     0.000 r
                                                      0.000     0.000 r  clk (IN)
                         net (fo=19606, unset)        0.432     0.432    u_edge/u_server/ntt/BU/R0/clk
    SLICE_X30Y71         SRL16E                                       r  u_edge/u_server/ntt/BU/R0/sum_r2_reg[4]_srl2/CLK
                         clock pessimism              0.000     0.432
    SLICE_X30Y71         SRL16E (Hold_srl16e_CLK_D)
                                                      0.117     0.549    u_edge/u_server/ntt/BU/R0/sum_r2_reg[4]_srl2
  -------------------------------------------------------------------
                         required time                         -0.549
                         arrival time                           0.631
  -------------------------------------------------------------------
                         slack                                  0.083

Slack (MET) :             0.098ns  (arrival time - required time)
  Source:                 u_edge/u_server/hash/sponge/base_state_reg[102]/C
                            (rising edge-triggered cell FDRE clocked by sys_clk  {rise@0.000ns fall@5.000ns period=10.000ns})
  Destination:            u_edge/u_server/hash/sponge/block_reg_reg[102]/D
                            (rising edge-triggered cell FDRE clocked by sys_clk  {rise@0.000ns fall@5.000ns period=10.000ns})
  Path Group:             sys_clk
  Path Type:              Hold (Min at Fast Process Corner)
  Requirement:            0.000ns  (sys_clk rise@0.000ns - sys_clk rise@0.000ns)
  Data Path Delay:        0.240ns  (logic 0.186ns (77.466%)  route 0.054ns (22.534%))
  Logic Levels:           1  (LUT6=1)
  Clock Path Skew:        0.022ns (DCD - SCD - CPR)
    Destination Clock Delay (DCD):    0.432ns
    Source Clock Delay      (SCD):    0.410ns
    Clock Pessimism Removal (CPR):    -0.000ns

    Location             Delay type                Incr(ns)  Path(ns)    Netlist Resource(s)
  -------------------------------------------------------------------    -------------------
                         (clock sys_clk rise edge)    0.000     0.000 r
                                                      0.000     0.000 r  clk (IN)
                         net (fo=19606, unset)        0.410     0.410    u_edge/u_server/hash/sponge/clk
    SLICE_X35Y106        FDRE                                         r  u_edge/u_server/hash/sponge/base_state_reg[102]/C
  -------------------------------------------------------------------    -------------------
    SLICE_X35Y106        FDRE (Prop_fdre_C_Q)         0.141     0.551 r  u_edge/u_server/hash/sponge/base_state_reg[102]/Q
                         net (fo=1, routed)           0.054     0.605    u_edge/u_server/hash/sponge/algo_inst/STEP_MAPPING_5/block_reg_reg[1599][102]
    SLICE_X34Y106        LUT6 (Prop_lut6_I0_O)        0.045     0.650 r  u_edge/u_server/hash/sponge/algo_inst/STEP_MAPPING_5/block_reg[102]_i_1/O
                         net (fo=1, routed)           0.000     0.650    u_edge/u_server/hash/sponge/algo_inst_n_1894
    SLICE_X34Y106        FDRE                                         r  u_edge/u_server/hash/sponge/block_reg_reg[102]/D
  -------------------------------------------------------------------    -------------------

                         (clock sys_clk rise edge)    0.000     0.000 r
                                                      0.000     0.000 r  clk (IN)
                         net (fo=19606, unset)        0.432     0.432    u_edge/u_server/hash/sponge/clk
    SLICE_X34Y106        FDRE                                         r  u_edge/u_server/hash/sponge/block_reg_reg[102]/C
                         clock pessimism              0.000     0.432
    SLICE_X34Y106        FDRE (Hold_fdre_C_D)         0.121     0.553    u_edge/u_server/hash/sponge/block_reg_reg[102]
  -------------------------------------------------------------------
                         required time                         -0.553
                         arrival time                           0.650
  -------------------------------------------------------------------
                         slack                                  0.098

Slack (MET) :             0.098ns  (arrival time - required time)
  Source:                 u_fe/u_encode/u_encode/lfsr_reg[61]/C
                            (rising edge-triggered cell FDRE clocked by sys_clk  {rise@0.000ns fall@5.000ns period=10.000ns})
  Destination:            u_fe/u_encode/u_encode/lfsr_reg[69]/D
                            (rising edge-triggered cell FDRE clocked by sys_clk  {rise@0.000ns fall@5.000ns period=10.000ns})
  Path Group:             sys_clk
  Path Type:              Hold (Min at Fast Process Corner)
  Requirement:            0.000ns  (sys_clk rise@0.000ns - sys_clk rise@0.000ns)
  Data Path Delay:        0.240ns  (logic 0.186ns (77.466%)  route 0.054ns (22.534%))
  Logic Levels:           1  (LUT5=1)
  Clock Path Skew:        0.022ns (DCD - SCD - CPR)
    Destination Clock Delay (DCD):    0.432ns
    Source Clock Delay      (SCD):    0.410ns
    Clock Pessimism Removal (CPR):    -0.000ns

    Location             Delay type                Incr(ns)  Path(ns)    Netlist Resource(s)
  -------------------------------------------------------------------    -------------------
                         (clock sys_clk rise edge)    0.000     0.000 r
                                                      0.000     0.000 r  clk (IN)
                         net (fo=19606, unset)        0.410     0.410    u_fe/u_encode/u_encode/clk
    SLICE_X3Y34          FDRE                                         r  u_fe/u_encode/u_encode/lfsr_reg[61]/C
  -------------------------------------------------------------------    -------------------
    SLICE_X3Y34          FDRE (Prop_fdre_C_Q)         0.141     0.551 r  u_fe/u_encode/u_encode/lfsr_reg[61]/Q
                         net (fo=1, routed)           0.054     0.605    u_fe/u_encode/u_encode/lfsr_reg_n_0_[61]
    SLICE_X2Y34          LUT5 (Prop_lut5_I2_O)        0.045     0.650 r  u_fe/u_encode/u_encode/lfsr[69]_i_1/O
                         net (fo=1, routed)           0.000     0.650    u_fe/u_encode/u_encode/p_0_in[69]
    SLICE_X2Y34          FDRE                                         r  u_fe/u_encode/u_encode/lfsr_reg[69]/D
  -------------------------------------------------------------------    -------------------

                         (clock sys_clk rise edge)    0.000     0.000 r
                                                      0.000     0.000 r  clk (IN)
                         net (fo=19606, unset)        0.432     0.432    u_fe/u_encode/u_encode/clk
    SLICE_X2Y34          FDRE                                         r  u_fe/u_encode/u_encode/lfsr_reg[69]/C
                         clock pessimism              0.000     0.432
    SLICE_X2Y34          FDRE (Hold_fdre_C_D)         0.121     0.553    u_fe/u_encode/u_encode/lfsr_reg[69]
  -------------------------------------------------------------------
                         required time                         -0.553
                         arrival time                           0.650
  -------------------------------------------------------------------
                         slack                                  0.098

Slack (MET) :             0.100ns  (arrival time - required time)
  Source:                 u_edge/u_server/K_reg[117]/C
                            (rising edge-triggered cell FDRE clocked by sys_clk  {rise@0.000ns fall@5.000ns period=10.000ns})
  Destination:            u_edge/u_server/K_reg[85]/D
                            (rising edge-triggered cell FDRE clocked by sys_clk  {rise@0.000ns fall@5.000ns period=10.000ns})
  Path Group:             sys_clk
  Path Type:              Hold (Min at Fast Process Corner)
  Requirement:            0.000ns  (sys_clk rise@0.000ns - sys_clk rise@0.000ns)
  Data Path Delay:        0.197ns  (logic 0.141ns (71.611%)  route 0.056ns (28.389%))
  Logic Levels:           0
  Clock Path Skew:        0.022ns (DCD - SCD - CPR)
    Destination Clock Delay (DCD):    0.432ns
    Source Clock Delay      (SCD):    0.410ns
    Clock Pessimism Removal (CPR):    -0.000ns

    Location             Delay type                Incr(ns)  Path(ns)    Netlist Resource(s)
  -------------------------------------------------------------------    -------------------
                         (clock sys_clk rise edge)    0.000     0.000 r
                                                      0.000     0.000 r  clk (IN)
                         net (fo=19606, unset)        0.410     0.410    u_edge/u_server/clk
    SLICE_X61Y91         FDRE                                         r  u_edge/u_server/K_reg[117]/C
  -------------------------------------------------------------------    -------------------
    SLICE_X61Y91         FDRE (Prop_fdre_C_Q)         0.141     0.551 r  u_edge/u_server/K_reg[117]/Q
                         net (fo=1, routed)           0.056     0.607    u_edge/u_server/shared_secret[117]
    SLICE_X61Y91         FDRE                                         r  u_edge/u_server/K_reg[85]/D
  -------------------------------------------------------------------    -------------------

                         (clock sys_clk rise edge)    0.000     0.000 r
                                                      0.000     0.000 r  clk (IN)
                         net (fo=19606, unset)        0.432     0.432    u_edge/u_server/clk
    SLICE_X61Y91         FDRE                                         r  u_edge/u_server/K_reg[85]/C
                         clock pessimism              0.000     0.432
    SLICE_X61Y91         FDRE (Hold_fdre_C_D)         0.075     0.507    u_edge/u_server/K_reg[85]
  -------------------------------------------------------------------
                         required time                         -0.507
                         arrival time                           0.607
  -------------------------------------------------------------------
                         slack                                  0.100

Slack (MET) :             0.100ns  (arrival time - required time)
  Source:                 u_edge/u_server/K_reg[119]/C
                            (rising edge-triggered cell FDRE clocked by sys_clk  {rise@0.000ns fall@5.000ns period=10.000ns})
  Destination:            u_edge/u_server/K_reg[87]/D
                            (rising edge-triggered cell FDRE clocked by sys_clk  {rise@0.000ns fall@5.000ns period=10.000ns})
  Path Group:             sys_clk
  Path Type:              Hold (Min at Fast Process Corner)
  Requirement:            0.000ns  (sys_clk rise@0.000ns - sys_clk rise@0.000ns)
  Data Path Delay:        0.197ns  (logic 0.141ns (71.611%)  route 0.056ns (28.389%))
  Logic Levels:           0
  Clock Path Skew:        0.022ns (DCD - SCD - CPR)
    Destination Clock Delay (DCD):    0.432ns
    Source Clock Delay      (SCD):    0.410ns
    Clock Pessimism Removal (CPR):    -0.000ns

    Location             Delay type                Incr(ns)  Path(ns)    Netlist Resource(s)
  -------------------------------------------------------------------    -------------------
                         (clock sys_clk rise edge)    0.000     0.000 r
                                                      0.000     0.000 r  clk (IN)
                         net (fo=19606, unset)        0.410     0.410    u_edge/u_server/clk
    SLICE_X61Y89         FDRE                                         r  u_edge/u_server/K_reg[119]/C
  -------------------------------------------------------------------    -------------------
    SLICE_X61Y89         FDRE (Prop_fdre_C_Q)         0.141     0.551 r  u_edge/u_server/K_reg[119]/Q
                         net (fo=1, routed)           0.056     0.607    u_edge/u_server/shared_secret[119]
    SLICE_X61Y89         FDRE                                         r  u_edge/u_server/K_reg[87]/D
  -------------------------------------------------------------------    -------------------

                         (clock sys_clk rise edge)    0.000     0.000 r
                                                      0.000     0.000 r  clk (IN)
                         net (fo=19606, unset)        0.432     0.432    u_edge/u_server/clk
    SLICE_X61Y89         FDRE                                         r  u_edge/u_server/K_reg[87]/C
                         clock pessimism              0.000     0.432
    SLICE_X61Y89         FDRE (Hold_fdre_C_D)         0.075     0.507    u_edge/u_server/K_reg[87]
  -------------------------------------------------------------------
                         required time                         -0.507
                         arrival time                           0.607
  -------------------------------------------------------------------
                         slack                                  0.100

Slack (MET) :             0.100ns  (arrival time - required time)
  Source:                 u_fe/u_encode/u_output[11]/REGISTERS.pipeline_reg[0]/C
                            (rising edge-triggered cell FDRE clocked by sys_clk  {rise@0.000ns fall@5.000ns period=10.000ns})
  Destination:            u_fe/u_encode/u_output[11]/REGISTERS.pipeline_reg[1]/D
                            (rising edge-triggered cell FDRE clocked by sys_clk  {rise@0.000ns fall@5.000ns period=10.000ns})
  Path Group:             sys_clk
  Path Type:              Hold (Min at Fast Process Corner)
  Requirement:            0.000ns  (sys_clk rise@0.000ns - sys_clk rise@0.000ns)
  Data Path Delay:        0.197ns  (logic 0.141ns (71.611%)  route 0.056ns (28.389%))
  Logic Levels:           0
  Clock Path Skew:        0.022ns (DCD - SCD - CPR)
    Destination Clock Delay (DCD):    0.432ns
    Source Clock Delay      (SCD):    0.410ns
    Clock Pessimism Removal (CPR):    -0.000ns

    Location             Delay type                Incr(ns)  Path(ns)    Netlist Resource(s)
  -------------------------------------------------------------------    -------------------
                         (clock sys_clk rise edge)    0.000     0.000 r
                                                      0.000     0.000 r  clk (IN)
                         net (fo=19606, unset)        0.410     0.410    u_fe/u_encode/u_output[11]/clk
    SLICE_X5Y30          FDRE                                         r  u_fe/u_encode/u_output[11]/REGISTERS.pipeline_reg[0]/C
  -------------------------------------------------------------------    -------------------
    SLICE_X5Y30          FDRE (Prop_fdre_C_Q)         0.141     0.551 r  u_fe/u_encode/u_output[11]/REGISTERS.pipeline_reg[0]/Q
                         net (fo=1, routed)           0.056     0.607    u_fe/u_encode/u_output[11]/REGISTERS.pipeline__0[0]
    SLICE_X5Y30          FDRE                                         r  u_fe/u_encode/u_output[11]/REGISTERS.pipeline_reg[1]/D
  -------------------------------------------------------------------    -------------------

                         (clock sys_clk rise edge)    0.000     0.000 r
                                                      0.000     0.000 r  clk (IN)
                         net (fo=19606, unset)        0.432     0.432    u_fe/u_encode/u_output[11]/clk
    SLICE_X5Y30          FDRE                                         r  u_fe/u_encode/u_output[11]/REGISTERS.pipeline_reg[1]/C
                         clock pessimism              0.000     0.432
    SLICE_X5Y30          FDRE (Hold_fdre_C_D)         0.075     0.507    u_fe/u_encode/u_output[11]/REGISTERS.pipeline_reg[1]
  -------------------------------------------------------------------
                         required time                         -0.507
                         arrival time                           0.607
  -------------------------------------------------------------------
                         slack                                  0.100

Slack (MET) :             0.100ns  (arrival time - required time)
  Source:                 u_puf/winner_meta_reg/C
                            (rising edge-triggered cell FDCE clocked by sys_clk  {rise@0.000ns fall@5.000ns period=10.000ns})
  Destination:            u_puf/winner_sync_reg/D
                            (rising edge-triggered cell FDCE clocked by sys_clk  {rise@0.000ns fall@5.000ns period=10.000ns})
  Path Group:             sys_clk
  Path Type:              Hold (Min at Fast Process Corner)
  Requirement:            0.000ns  (sys_clk rise@0.000ns - sys_clk rise@0.000ns)
  Data Path Delay:        0.197ns  (logic 0.141ns (71.611%)  route 0.056ns (28.389%))
  Logic Levels:           0
  Clock Path Skew:        0.022ns (DCD - SCD - CPR)
    Destination Clock Delay (DCD):    0.432ns
    Source Clock Delay      (SCD):    0.410ns
    Clock Pessimism Removal (CPR):    -0.000ns

    Location             Delay type                Incr(ns)  Path(ns)    Netlist Resource(s)
  -------------------------------------------------------------------    -------------------
                         (clock sys_clk rise edge)    0.000     0.000 r
                                                      0.000     0.000 r  clk (IN)
                         net (fo=19606, unset)        0.410     0.410    u_puf/clk
    SLICE_X1Y43          FDCE                                         r  u_puf/winner_meta_reg/C
  -------------------------------------------------------------------    -------------------
    SLICE_X1Y43          FDCE (Prop_fdce_C_Q)         0.141     0.551 r  u_puf/winner_meta_reg/Q
                         net (fo=1, routed)           0.056     0.607    u_puf/winner_meta
    SLICE_X1Y43          FDCE                                         r  u_puf/winner_sync_reg/D
  -------------------------------------------------------------------    -------------------

                         (clock sys_clk rise edge)    0.000     0.000 r
                                                      0.000     0.000 r  clk (IN)
                         net (fo=19606, unset)        0.432     0.432    u_puf/clk
    SLICE_X1Y43          FDCE                                         r  u_puf/winner_sync_reg/C
                         clock pessimism              0.000     0.432
    SLICE_X1Y43          FDCE (Hold_fdce_C_D)         0.075     0.507    u_puf/winner_sync_reg
  -------------------------------------------------------------------
                         required time                         -0.507
                         arrival time                           0.607
  -------------------------------------------------------------------
                         slack                                  0.100

Slack (MET) :             0.104ns  (arrival time - required time)
  Source:                 u_edge/u_server/ntt/BU/R1/q_reg[1]/C
                            (rising edge-triggered cell FDRE clocked by sys_clk  {rise@0.000ns fall@5.000ns period=10.000ns})
  Destination:            u_edge/u_server/ntt/BU/quo1_reg[1]/D
                            (rising edge-triggered cell FDRE clocked by sys_clk  {rise@0.000ns fall@5.000ns period=10.000ns})
  Path Group:             sys_clk
  Path Type:              Hold (Min at Fast Process Corner)
  Requirement:            0.000ns  (sys_clk rise@0.000ns - sys_clk rise@0.000ns)
  Data Path Delay:        0.197ns  (logic 0.141ns (71.611%)  route 0.056ns (28.389%))
  Logic Levels:           0
  Clock Path Skew:        0.022ns (DCD - SCD - CPR)
    Destination Clock Delay (DCD):    0.432ns
    Source Clock Delay      (SCD):    0.410ns
    Clock Pessimism Removal (CPR):    -0.000ns

    Location             Delay type                Incr(ns)  Path(ns)    Netlist Resource(s)
  -------------------------------------------------------------------    -------------------
                         (clock sys_clk rise edge)    0.000     0.000 r
                                                      0.000     0.000 r  clk (IN)
                         net (fo=19606, unset)        0.410     0.410    u_edge/u_server/ntt/BU/R1/clk
    SLICE_X39Y76         FDRE                                         r  u_edge/u_server/ntt/BU/R1/q_reg[1]/C
  -------------------------------------------------------------------    -------------------
    SLICE_X39Y76         FDRE (Prop_fdre_C_Q)         0.141     0.551 r  u_edge/u_server/ntt/BU/R1/q_reg[1]/Q
                         net (fo=1, routed)           0.056     0.607    u_edge/u_server/ntt/BU/R1_n_21
    SLICE_X39Y76         FDRE                                         r  u_edge/u_server/ntt/BU/quo1_reg[1]/D
  -------------------------------------------------------------------    -------------------

                         (clock sys_clk rise edge)    0.000     0.000 r
                                                      0.000     0.000 r  clk (IN)
                         net (fo=19606, unset)        0.432     0.432    u_edge/u_server/ntt/BU/clk
    SLICE_X39Y76         FDRE                                         r  u_edge/u_server/ntt/BU/quo1_reg[1]/C
                         clock pessimism              0.000     0.432
    SLICE_X39Y76         FDRE (Hold_fdre_C_D)         0.071     0.503    u_edge/u_server/ntt/BU/quo1_reg[1]
  -------------------------------------------------------------------
                         required time                         -0.503
                         arrival time                           0.607
  -------------------------------------------------------------------
                         slack                                  0.104

Slack (MET) :             0.109ns  (arrival time - required time)
  Source:                 u_edge/u_control/u_seed/u_kdf/lane_a_reg[21][58]/C
                            (rising edge-triggered cell FDCE clocked by sys_clk  {rise@0.000ns fall@5.000ns period=10.000ns})
  Destination:            u_edge/u_control/u_seed/u_kdf/column_reg[1][58]/D
                            (rising edge-triggered cell FDCE clocked by sys_clk  {rise@0.000ns fall@5.000ns period=10.000ns})
  Path Group:             sys_clk
  Path Type:              Hold (Min at Fast Process Corner)
  Requirement:            0.000ns  (sys_clk rise@0.000ns - sys_clk rise@0.000ns)
  Data Path Delay:        0.251ns  (logic 0.186ns (74.042%)  route 0.065ns (25.958%))
  Logic Levels:           1  (LUT6=1)
  Clock Path Skew:        0.022ns (DCD - SCD - CPR)
    Destination Clock Delay (DCD):    0.432ns
    Source Clock Delay      (SCD):    0.410ns
    Clock Pessimism Removal (CPR):    -0.000ns

    Location             Delay type                Incr(ns)  Path(ns)    Netlist Resource(s)
  -------------------------------------------------------------------    -------------------
                         (clock sys_clk rise edge)    0.000     0.000 r
                                                      0.000     0.000 r  clk (IN)
                         net (fo=19606, unset)        0.410     0.410    u_edge/u_control/u_seed/u_kdf/clk
    SLICE_X53Y76         FDCE                                         r  u_edge/u_control/u_seed/u_kdf/lane_a_reg[21][58]/C
  -------------------------------------------------------------------    -------------------
    SLICE_X53Y76         FDCE (Prop_fdce_C_Q)         0.141     0.551 r  u_edge/u_control/u_seed/u_kdf/lane_a_reg[21][58]/Q
                         net (fo=3, routed)           0.065     0.616    u_edge/u_control/u_kdf/lane_a_reg[21]_47[58]
    SLICE_X52Y76         LUT6 (Prop_lut6_I1_O)        0.045     0.661 r  u_edge/u_control/i___153/O
                         net (fo=1, routed)           0.000     0.661    u_edge/u_control/u_seed/u_kdf/column_reg[1][63]_0[58]
    SLICE_X52Y76         FDCE                                         r  u_edge/u_control/u_seed/u_kdf/column_reg[1][58]/D
  -------------------------------------------------------------------    -------------------

                         (clock sys_clk rise edge)    0.000     0.000 r
                                                      0.000     0.000 r  clk (IN)
                         net (fo=19606, unset)        0.432     0.432    u_edge/u_control/u_seed/u_kdf/clk
    SLICE_X52Y76         FDCE                                         r  u_edge/u_control/u_seed/u_kdf/column_reg[1][58]/C
                         clock pessimism              0.000     0.432
    SLICE_X52Y76         FDCE (Hold_fdce_C_D)         0.121     0.553    u_edge/u_control/u_seed/u_kdf/column_reg[1][58]
  -------------------------------------------------------------------
                         required time                         -0.553
                         arrival time                           0.661
  -------------------------------------------------------------------
                         slack                                  0.109

Slack (MET) :             0.110ns  (arrival time - required time)
  Source:                 u_edge/u_control/u_seed/u_kdf/lane_b_reg[18][50]/C
                            (rising edge-triggered cell FDCE clocked by sys_clk  {rise@0.000ns fall@5.000ns period=10.000ns})
  Destination:            u_edge/u_control/u_seed/u_kdf/lane_a_reg[18][50]/D
                            (rising edge-triggered cell FDCE clocked by sys_clk  {rise@0.000ns fall@5.000ns period=10.000ns})
  Path Group:             sys_clk
  Path Type:              Hold (Min at Fast Process Corner)
  Requirement:            0.000ns  (sys_clk rise@0.000ns - sys_clk rise@0.000ns)
  Data Path Delay:        0.252ns  (logic 0.186ns (73.721%)  route 0.066ns (26.279%))
  Logic Levels:           1  (LUT5=1)
  Clock Path Skew:        0.022ns (DCD - SCD - CPR)
    Destination Clock Delay (DCD):    0.432ns
    Source Clock Delay      (SCD):    0.410ns
    Clock Pessimism Removal (CPR):    -0.000ns

    Location             Delay type                Incr(ns)  Path(ns)    Netlist Resource(s)
  -------------------------------------------------------------------    -------------------
                         (clock sys_clk rise edge)    0.000     0.000 r
                                                      0.000     0.000 r  clk (IN)
                         net (fo=19606, unset)        0.410     0.410    u_edge/u_control/u_seed/u_kdf/clk
    SLICE_X61Y67         FDCE                                         r  u_edge/u_control/u_seed/u_kdf/lane_b_reg[18][50]/C
  -------------------------------------------------------------------    -------------------
    SLICE_X61Y67         FDCE (Prop_fdce_C_Q)         0.141     0.551 r  u_edge/u_control/u_seed/u_kdf/lane_b_reg[18][50]/Q
                         net (fo=3, routed)           0.066     0.617    u_edge/u_control/u_seed/u_kdf/lane_b_reg[18]_41[50]
    SLICE_X60Y67         LUT5 (Prop_lut5_I2_O)        0.045     0.662 r  u_edge/u_control/u_seed/u_kdf/lane_a[18][50]_i_1/O
                         net (fo=1, routed)           0.000     0.662    u_edge/u_control/u_seed/u_kdf/lane_a[18][50]_i_1_n_0
    SLICE_X60Y67         FDCE                                         r  u_edge/u_control/u_seed/u_kdf/lane_a_reg[18][50]/D
  -------------------------------------------------------------------    -------------------

                         (clock sys_clk rise edge)    0.000     0.000 r
                                                      0.000     0.000 r  clk (IN)
                         net (fo=19606, unset)        0.432     0.432    u_edge/u_control/u_seed/u_kdf/clk
    SLICE_X60Y67         FDCE                                         r  u_edge/u_control/u_seed/u_kdf/lane_a_reg[18][50]/C
                         clock pessimism              0.000     0.432
    SLICE_X60Y67         FDCE (Hold_fdce_C_D)         0.121     0.553    u_edge/u_control/u_seed/u_kdf/lane_a_reg[18][50]
  -------------------------------------------------------------------
                         required time                         -0.553
                         arrival time                           0.662
  -------------------------------------------------------------------
                         slack                                  0.110

Slack (MET) :             0.110ns  (arrival time - required time)
  Source:                 u_edge/u_server/ntt/BU/diff_out0_reg[1]/C
                            (rising edge-triggered cell FDRE clocked by sys_clk  {rise@0.000ns fall@5.000ns period=10.000ns})
  Destination:            u_edge/u_server/ntt/BU/out1_reg[1]/D
                            (rising edge-triggered cell FDRE clocked by sys_clk  {rise@0.000ns fall@5.000ns period=10.000ns})
  Path Group:             sys_clk
  Path Type:              Hold (Min at Fast Process Corner)
  Requirement:            0.000ns  (sys_clk rise@0.000ns - sys_clk rise@0.000ns)
  Data Path Delay:        0.252ns  (logic 0.186ns (73.721%)  route 0.066ns (26.279%))
  Logic Levels:           1  (LUT5=1)
  Clock Path Skew:        0.022ns (DCD - SCD - CPR)
    Destination Clock Delay (DCD):    0.432ns
    Source Clock Delay      (SCD):    0.410ns
    Clock Pessimism Removal (CPR):    -0.000ns

    Location             Delay type                Incr(ns)  Path(ns)    Netlist Resource(s)
  -------------------------------------------------------------------    -------------------
                         (clock sys_clk rise edge)    0.000     0.000 r
                                                      0.000     0.000 r  clk (IN)
                         net (fo=19606, unset)        0.410     0.410    u_edge/u_server/ntt/BU/clk
    SLICE_X11Y69         FDRE                                         r  u_edge/u_server/ntt/BU/diff_out0_reg[1]/C
  -------------------------------------------------------------------    -------------------
    SLICE_X11Y69         FDRE (Prop_fdre_C_Q)         0.141     0.551 r  u_edge/u_server/ntt/BU/diff_out0_reg[1]/Q
                         net (fo=4, routed)           0.066     0.617    u_edge/u_server/ntt/BU/diff_out0_reg_n_0_[1]
    SLICE_X10Y69         LUT5 (Prop_lut5_I2_O)        0.045     0.662 r  u_edge/u_server/ntt/BU/out1[1]_i_1/O
                         net (fo=1, routed)           0.000     0.662    u_edge/u_server/ntt/BU/out1[1]_i_1_n_0
    SLICE_X10Y69         FDRE                                         r  u_edge/u_server/ntt/BU/out1_reg[1]/D
  -------------------------------------------------------------------    -------------------

                         (clock sys_clk rise edge)    0.000     0.000 r
                                                      0.000     0.000 r  clk (IN)
                         net (fo=19606, unset)        0.432     0.432    u_edge/u_server/ntt/BU/clk
    SLICE_X10Y69         FDRE                                         r  u_edge/u_server/ntt/BU/out1_reg[1]/C
                         clock pessimism              0.000     0.432
    SLICE_X10Y69         FDRE (Hold_fdre_C_D)         0.121     0.553    u_edge/u_server/ntt/BU/out1_reg[1]
  -------------------------------------------------------------------
                         required time                         -0.553
                         arrival time                           0.662
  -------------------------------------------------------------------
                         slack                                  0.110

Slack (MET) :             0.111ns  (arrival time - required time)
  Source:                 u_edge/u_server/ntt/BU/R1/sum_reg[7]/C
                            (rising edge-triggered cell FDRE clocked by sys_clk  {rise@0.000ns fall@5.000ns period=10.000ns})
  Destination:            u_edge/u_server/ntt/BU/R1/sum_r2_reg[7]_srl2/D
                            (rising edge-triggered cell SRL16E clocked by sys_clk  {rise@0.000ns fall@5.000ns period=10.000ns})
  Path Group:             sys_clk
  Path Type:              Hold (Min at Fast Process Corner)
  Requirement:            0.000ns  (sys_clk rise@0.000ns - sys_clk rise@0.000ns)
  Data Path Delay:        0.316ns  (logic 0.141ns (44.690%)  route 0.175ns (55.310%))
  Logic Levels:           0
  Clock Path Skew:        0.022ns (DCD - SCD - CPR)
    Destination Clock Delay (DCD):    0.432ns
    Source Clock Delay      (SCD):    0.410ns
    Clock Pessimism Removal (CPR):    -0.000ns

    Location             Delay type                Incr(ns)  Path(ns)    Netlist Resource(s)
  -------------------------------------------------------------------    -------------------
                         (clock sys_clk rise edge)    0.000     0.000 r
                                                      0.000     0.000 r  clk (IN)
                         net (fo=19606, unset)        0.410     0.410    u_edge/u_server/ntt/BU/R1/clk
    SLICE_X35Y78         FDRE                                         r  u_edge/u_server/ntt/BU/R1/sum_reg[7]/C
  -------------------------------------------------------------------    -------------------
    SLICE_X35Y78         FDRE (Prop_fdre_C_Q)         0.141     0.551 r  u_edge/u_server/ntt/BU/R1/sum_reg[7]/Q
                         net (fo=5, routed)           0.175     0.726    u_edge/u_server/ntt/BU/R1/sum_reg_n_0_[7]
    SLICE_X38Y77         SRL16E                                       r  u_edge/u_server/ntt/BU/R1/sum_r2_reg[7]_srl2/D
  -------------------------------------------------------------------    -------------------

                         (clock sys_clk rise edge)    0.000     0.000 r
                                                      0.000     0.000 r  clk (IN)
                         net (fo=19606, unset)        0.432     0.432    u_edge/u_server/ntt/BU/R1/clk
    SLICE_X38Y77         SRL16E                                       r  u_edge/u_server/ntt/BU/R1/sum_r2_reg[7]_srl2/CLK
                         clock pessimism              0.000     0.432
    SLICE_X38Y77         SRL16E (Hold_srl16e_CLK_D)
                                                      0.183     0.615    u_edge/u_server/ntt/BU/R1/sum_r2_reg[7]_srl2
  -------------------------------------------------------------------
                         required time                         -0.615
                         arrival time                           0.726
  -------------------------------------------------------------------
                         slack                                  0.111

Slack (MET) :             0.111ns  (arrival time - required time)
  Source:                 u_fe/u_encode/u_encode/u_counter/count_reg[4]/C
                            (rising edge-triggered cell FDRE clocked by sys_clk  {rise@0.000ns fall@5.000ns period=10.000ns})
  Destination:            u_fe/u_encode/u_encode/u_counter/count_reg[5]/D
                            (rising edge-triggered cell FDRE clocked by sys_clk  {rise@0.000ns fall@5.000ns period=10.000ns})
  Path Group:             sys_clk
  Path Type:              Hold (Min at Fast Process Corner)
  Requirement:            0.000ns  (sys_clk rise@0.000ns - sys_clk rise@0.000ns)
  Data Path Delay:        0.208ns  (logic 0.141ns (67.788%)  route 0.067ns (32.212%))
  Logic Levels:           0
  Clock Path Skew:        0.022ns (DCD - SCD - CPR)
    Destination Clock Delay (DCD):    0.432ns
    Source Clock Delay      (SCD):    0.410ns
    Clock Pessimism Removal (CPR):    -0.000ns

    Location             Delay type                Incr(ns)  Path(ns)    Netlist Resource(s)
  -------------------------------------------------------------------    -------------------
                         (clock sys_clk rise edge)    0.000     0.000 r
                                                      0.000     0.000 r  clk (IN)
                         net (fo=19606, unset)        0.410     0.410    u_fe/u_encode/u_encode/u_counter/clk
    SLICE_X1Y36          FDRE                                         r  u_fe/u_encode/u_encode/u_counter/count_reg[4]/C
  -------------------------------------------------------------------    -------------------
    SLICE_X1Y36          FDRE (Prop_fdre_C_Q)         0.141     0.551 r  u_fe/u_encode/u_encode/u_counter/count_reg[4]/Q
                         net (fo=3, routed)           0.067     0.618    u_fe/u_encode/u_encode/u_counter/count[4]
    SLICE_X1Y36          FDRE                                         r  u_fe/u_encode/u_encode/u_counter/count_reg[5]/D
  -------------------------------------------------------------------    -------------------

                         (clock sys_clk rise edge)    0.000     0.000 r
                                                      0.000     0.000 r  clk (IN)
                         net (fo=19606, unset)        0.432     0.432    u_fe/u_encode/u_encode/u_counter/clk
    SLICE_X1Y36          FDRE                                         r  u_fe/u_encode/u_encode/u_counter/count_reg[5]/C
                         clock pessimism              0.000     0.432
    SLICE_X1Y36          FDRE (Hold_fdre_C_D)         0.075     0.507    u_fe/u_encode/u_encode/u_counter/count_reg[5]
  -------------------------------------------------------------------
                         required time                         -0.507
                         arrival time                           0.618
  -------------------------------------------------------------------
                         slack                                  0.111

Slack (MET) :             0.112ns  (arrival time - required time)
  Source:                 u_fe/key_reg_reg[63]/C
                            (rising edge-triggered cell FDCE clocked by sys_clk  {rise@0.000ns fall@5.000ns period=10.000ns})
  Destination:            u_fe/key_out_reg[63]/D
                            (rising edge-triggered cell FDCE clocked by sys_clk  {rise@0.000ns fall@5.000ns period=10.000ns})
  Path Group:             sys_clk
  Path Type:              Hold (Min at Fast Process Corner)
  Requirement:            0.000ns  (sys_clk rise@0.000ns - sys_clk rise@0.000ns)
  Data Path Delay:        0.254ns  (logic 0.186ns (73.093%)  route 0.068ns (26.907%))
  Logic Levels:           1  (LUT6=1)
  Clock Path Skew:        0.022ns (DCD - SCD - CPR)
    Destination Clock Delay (DCD):    0.432ns
    Source Clock Delay      (SCD):    0.410ns
    Clock Pessimism Removal (CPR):    -0.000ns

    Location             Delay type                Incr(ns)  Path(ns)    Netlist Resource(s)
  -------------------------------------------------------------------    -------------------
                         (clock sys_clk rise edge)    0.000     0.000 r
                                                      0.000     0.000 r  clk (IN)
                         net (fo=19606, unset)        0.410     0.410    u_fe/clk
    SLICE_X35Y32         FDCE                                         r  u_fe/key_reg_reg[63]/C
  -------------------------------------------------------------------    -------------------
    SLICE_X35Y32         FDCE (Prop_fdce_C_Q)         0.141     0.551 r  u_fe/key_reg_reg[63]/Q
                         net (fo=2, routed)           0.068     0.620    u_fe/data16[7]
    SLICE_X34Y32         LUT6 (Prop_lut6_I1_O)        0.045     0.665 r  u_fe/key_out[63]_i_1/O
                         net (fo=1, routed)           0.000     0.665    u_fe/key_out[63]_i_1_n_0
    SLICE_X34Y32         FDCE                                         r  u_fe/key_out_reg[63]/D
  -------------------------------------------------------------------    -------------------

                         (clock sys_clk rise edge)    0.000     0.000 r
                                                      0.000     0.000 r  clk (IN)
                         net (fo=19606, unset)        0.432     0.432    u_fe/clk
    SLICE_X34Y32         FDCE                                         r  u_fe/key_out_reg[63]/C
                         clock pessimism              0.000     0.432
    SLICE_X34Y32         FDCE (Hold_fdce_C_D)         0.121     0.553    u_fe/key_out_reg[63]
  -------------------------------------------------------------------
                         required time                         -0.553
                         arrival time                           0.665
  -------------------------------------------------------------------
                         slack                                  0.112

Slack (MET) :             0.113ns  (arrival time - required time)
  Source:                 u_fe/u_decode/u_error_tmec/u_chien/BIT[7].REG[7].ORIG.u_chien_reg/out_reg[5]/C
                            (rising edge-triggered cell FDRE clocked by sys_clk  {rise@0.000ns fall@5.000ns period=10.000ns})
  Destination:            u_fe/u_decode/u_error_tmec/u_chien/BIT[7].REG[7].ORIG.u_chien_reg/out_reg[0]/D
                            (rising edge-triggered cell FDRE clocked by sys_clk  {rise@0.000ns fall@5.000ns period=10.000ns})
  Path Group:             sys_clk
  Path Type:              Hold (Min at Fast Process Corner)
  Requirement:            0.000ns  (sys_clk rise@0.000ns - sys_clk rise@0.000ns)
  Data Path Delay:        0.254ns  (logic 0.186ns (73.160%)  route 0.068ns (26.840%))
  Logic Levels:           1  (LUT6=1)
  Clock Path Skew:        0.022ns (DCD - SCD - CPR)
    Destination Clock Delay (DCD):    0.432ns
    Source Clock Delay      (SCD):    0.410ns
    Clock Pessimism Removal (CPR):    -0.000ns

    Location             Delay type                Incr(ns)  Path(ns)    Netlist Resource(s)
  -------------------------------------------------------------------    -------------------
                         (clock sys_clk rise edge)    0.000     0.000 r
                                                      0.000     0.000 r  clk (IN)
                         net (fo=19606, unset)        0.410     0.410    u_fe/u_decode/u_error_tmec/u_chien/BIT[7].REG[7].ORIG.u_chien_reg/clk
    SLICE_X11Y18         FDRE                                         r  u_fe/u_decode/u_error_tmec/u_chien/BIT[7].REG[7].ORIG.u_chien_reg/out_reg[5]/C
  -------------------------------------------------------------------    -------------------
    SLICE_X11Y18         FDRE (Prop_fdre_C_Q)         0.141     0.551 r  u_fe/u_decode/u_error_tmec/u_chien/BIT[7].REG[7].ORIG.u_chien_reg/out_reg[5]/Q
                         net (fo=4, routed)           0.068     0.619    u_fe/u_decode/u_error_tmec/u_chien/BIT[7].REG[7].ORIG.u_chien_reg/Q[5]
    SLICE_X10Y18         LUT6 (Prop_lut6_I4_O)        0.045     0.664 r  u_fe/u_decode/u_error_tmec/u_chien/BIT[7].REG[7].ORIG.u_chien_reg/out[0]_i_1__41/O
                         net (fo=1, routed)           0.000     0.664    u_fe/u_decode/u_error_tmec/u_chien/BIT[7].REG[7].ORIG.u_chien_reg/p_0_in[0]
    SLICE_X10Y18         FDRE                                         r  u_fe/u_decode/u_error_tmec/u_chien/BIT[7].REG[7].ORIG.u_chien_reg/out_reg[0]/D
  -------------------------------------------------------------------    -------------------

                         (clock sys_clk rise edge)    0.000     0.000 r
                                                      0.000     0.000 r  clk (IN)
                         net (fo=19606, unset)        0.432     0.432    u_fe/u_decode/u_error_tmec/u_chien/BIT[7].REG[7].ORIG.u_chien_reg/clk
    SLICE_X10Y18         FDRE                                         r  u_fe/u_decode/u_error_tmec/u_chien/BIT[7].REG[7].ORIG.u_chien_reg/out_reg[0]/C
                         clock pessimism              0.000     0.432
    SLICE_X10Y18         FDRE (Hold_fdre_C_D)         0.120     0.552    u_fe/u_decode/u_error_tmec/u_chien/BIT[7].REG[7].ORIG.u_chien_reg/out_reg[0]
  -------------------------------------------------------------------
                         required time                         -0.552
                         arrival time                           0.664
  -------------------------------------------------------------------
                         slack                                  0.113

Slack (MET) :             0.113ns  (arrival time - required time)
  Source:                 u_edge/u_control/u_seed/u_kdf/lane_b_reg[19][53]/C
                            (rising edge-triggered cell FDCE clocked by sys_clk  {rise@0.000ns fall@5.000ns period=10.000ns})
  Destination:            u_edge/u_control/u_seed/u_kdf/lane_a_reg[17][53]/D
                            (rising edge-triggered cell FDCE clocked by sys_clk  {rise@0.000ns fall@5.000ns period=10.000ns})
  Path Group:             sys_clk
  Path Type:              Hold (Min at Fast Process Corner)
  Requirement:            0.000ns  (sys_clk rise@0.000ns - sys_clk rise@0.000ns)
  Data Path Delay:        0.254ns  (logic 0.186ns (73.141%)  route 0.068ns (26.859%))
  Logic Levels:           1  (LUT5=1)
  Clock Path Skew:        0.022ns (DCD - SCD - CPR)
    Destination Clock Delay (DCD):    0.432ns
    Source Clock Delay      (SCD):    0.410ns
    Clock Pessimism Removal (CPR):    -0.000ns

    Location             Delay type                Incr(ns)  Path(ns)    Netlist Resource(s)
  -------------------------------------------------------------------    -------------------
                         (clock sys_clk rise edge)    0.000     0.000 r
                                                      0.000     0.000 r  clk (IN)
                         net (fo=19606, unset)        0.410     0.410    u_edge/u_control/u_seed/u_kdf/clk
    SLICE_X57Y74         FDCE                                         r  u_edge/u_control/u_seed/u_kdf/lane_b_reg[19][53]/C
  -------------------------------------------------------------------    -------------------
    SLICE_X57Y74         FDCE (Prop_fdce_C_Q)         0.141     0.551 r  u_edge/u_control/u_seed/u_kdf/lane_b_reg[19][53]/Q
                         net (fo=3, routed)           0.068     0.619    u_edge/u_control/u_seed/u_kdf/lane_b_reg[19]_43[53]
    SLICE_X56Y74         LUT5 (Prop_lut5_I0_O)        0.045     0.664 r  u_edge/u_control/u_seed/u_kdf/lane_a[17][53]_i_1/O
                         net (fo=1, routed)           0.000     0.664    u_edge/u_control/u_seed/u_kdf/lane_a[17][53]_i_1_n_0
    SLICE_X56Y74         FDCE                                         r  u_edge/u_control/u_seed/u_kdf/lane_a_reg[17][53]/D
  -------------------------------------------------------------------    -------------------

                         (clock sys_clk rise edge)    0.000     0.000 r
                                                      0.000     0.000 r  clk (IN)
                         net (fo=19606, unset)        0.432     0.432    u_edge/u_control/u_seed/u_kdf/clk
    SLICE_X56Y74         FDCE                                         r  u_edge/u_control/u_seed/u_kdf/lane_a_reg[17][53]/C
                         clock pessimism              0.000     0.432
    SLICE_X56Y74         FDCE (Hold_fdce_C_D)         0.120     0.552    u_edge/u_control/u_seed/u_kdf/lane_a_reg[17][53]
  -------------------------------------------------------------------
                         required time                         -0.552
                         arrival time                           0.664
  -------------------------------------------------------------------
                         slack                                  0.113

Slack (MET) :             0.116ns  (arrival time - required time)
  Source:                 u_edge/u_server/ntt/BU/out0_reg[4]/C
                            (rising edge-triggered cell FDRE clocked by sys_clk  {rise@0.000ns fall@5.000ns period=10.000ns})
  Destination:            u_edge/u_server/ntt/out0_butt_r1_reg[4]/D
                            (rising edge-triggered cell FDRE clocked by sys_clk  {rise@0.000ns fall@5.000ns period=10.000ns})
  Path Group:             sys_clk
  Path Type:              Hold (Min at Fast Process Corner)
  Requirement:            0.000ns  (sys_clk rise@0.000ns - sys_clk rise@0.000ns)
  Data Path Delay:        0.209ns  (logic 0.141ns (67.454%)  route 0.068ns (32.546%))
  Logic Levels:           0
  Clock Path Skew:        0.022ns (DCD - SCD - CPR)
    Destination Clock Delay (DCD):    0.432ns
    Source Clock Delay      (SCD):    0.410ns
    Clock Pessimism Removal (CPR):    -0.000ns

    Location             Delay type                Incr(ns)  Path(ns)    Netlist Resource(s)
  -------------------------------------------------------------------    -------------------
                         (clock sys_clk rise edge)    0.000     0.000 r
                                                      0.000     0.000 r  clk (IN)
                         net (fo=19606, unset)        0.410     0.410    u_edge/u_server/ntt/BU/clk
    SLICE_X5Y69          FDRE                                         r  u_edge/u_server/ntt/BU/out0_reg[4]/C
  -------------------------------------------------------------------    -------------------
    SLICE_X5Y69          FDRE (Prop_fdre_C_Q)         0.141     0.551 r  u_edge/u_server/ntt/BU/out0_reg[4]/Q
                         net (fo=2, routed)           0.068     0.619    u_edge/u_server/ntt/out0_butt[4]
    SLICE_X5Y69          FDRE                                         r  u_edge/u_server/ntt/out0_butt_r1_reg[4]/D
  -------------------------------------------------------------------    -------------------

                         (clock sys_clk rise edge)    0.000     0.000 r
                                                      0.000     0.000 r  clk (IN)
                         net (fo=19606, unset)        0.432     0.432    u_edge/u_server/ntt/clk
    SLICE_X5Y69          FDRE                                         r  u_edge/u_server/ntt/out0_butt_r1_reg[4]/C
                         clock pessimism              0.000     0.432
    SLICE_X5Y69          FDRE (Hold_fdre_C_D)         0.071     0.503    u_edge/u_server/ntt/out0_butt_r1_reg[4]
  -------------------------------------------------------------------
                         required time                         -0.503
                         arrival time                           0.619
  -------------------------------------------------------------------
                         slack                                  0.116

Slack (MET) :             0.117ns  (arrival time - required time)
  Source:                 u_fe/u_decode/u_bma/u_dinv/u_counter/count_reg[1]/C
                            (rising edge-triggered cell FDRE clocked by sys_clk  {rise@0.000ns fall@5.000ns period=10.000ns})
  Destination:            u_fe/u_decode/u_bma/u_dinv/u_counter/count_reg[2]/D
                            (rising edge-triggered cell FDRE clocked by sys_clk  {rise@0.000ns fall@5.000ns period=10.000ns})
  Path Group:             sys_clk
  Path Type:              Hold (Min at Fast Process Corner)
  Requirement:            0.000ns  (sys_clk rise@0.000ns - sys_clk rise@0.000ns)
  Data Path Delay:        0.209ns  (logic 0.141ns (67.433%)  route 0.068ns (32.567%))
  Logic Levels:           0
  Clock Path Skew:        0.022ns (DCD - SCD - CPR)
    Destination Clock Delay (DCD):    0.432ns
    Source Clock Delay      (SCD):    0.410ns
    Clock Pessimism Removal (CPR):    -0.000ns

    Location             Delay type                Incr(ns)  Path(ns)    Netlist Resource(s)
  -------------------------------------------------------------------    -------------------
                         (clock sys_clk rise edge)    0.000     0.000 r
                                                      0.000     0.000 r  clk (IN)
                         net (fo=19606, unset)        0.410     0.410    u_fe/u_decode/u_bma/u_dinv/u_counter/clk
    SLICE_X37Y17         FDRE                                         r  u_fe/u_decode/u_bma/u_dinv/u_counter/count_reg[1]/C
  -------------------------------------------------------------------    -------------------
    SLICE_X37Y17         FDRE (Prop_fdre_C_Q)         0.141     0.551 r  u_fe/u_decode/u_bma/u_dinv/u_counter/count_reg[1]/Q
                         net (fo=2, routed)           0.068     0.619    u_fe/u_decode/u_bma/u_dinv/u_counter/count[1]
    SLICE_X37Y17         FDRE                                         r  u_fe/u_decode/u_bma/u_dinv/u_counter/count_reg[2]/D
  -------------------------------------------------------------------    -------------------

                         (clock sys_clk rise edge)    0.000     0.000 r
                                                      0.000     0.000 r  clk (IN)
                         net (fo=19606, unset)        0.432     0.432    u_fe/u_decode/u_bma/u_dinv/u_counter/clk
    SLICE_X37Y17         FDRE                                         r  u_fe/u_decode/u_bma/u_dinv/u_counter/count_reg[2]/C
                         clock pessimism              0.000     0.432
    SLICE_X37Y17         FDRE (Hold_fdre_C_D)         0.071     0.503    u_fe/u_decode/u_bma/u_dinv/u_counter/count_reg[2]
  -------------------------------------------------------------------
                         required time                         -0.503
                         arrival time                           0.619
  -------------------------------------------------------------------
                         slack                                  0.117

Slack (MET) :             0.119ns  (arrival time - required time)
  Source:                 u_fe/u_decode/u_bch_syndrome/SYNDROMES[7].METHOD1.u_syn1a/pow_reg[68]/C
                            (rising edge-triggered cell FDSE clocked by sys_clk  {rise@0.000ns fall@5.000ns period=10.000ns})
  Destination:            u_fe/u_decode/u_bch_syndrome/SYNDROMES[7].METHOD1.u_syn1a/pow_reg[69]/D
                            (rising edge-triggered cell FDSE clocked by sys_clk  {rise@0.000ns fall@5.000ns period=10.000ns})
  Path Group:             sys_clk
  Path Type:              Hold (Min at Fast Process Corner)
  Requirement:            0.000ns  (sys_clk rise@0.000ns - sys_clk rise@0.000ns)
  Data Path Delay:        0.261ns  (logic 0.186ns (71.171%)  route 0.075ns (28.829%))
  Logic Levels:           1  (LUT6=1)
  Clock Path Skew:        0.022ns (DCD - SCD - CPR)
    Destination Clock Delay (DCD):    0.432ns
    Source Clock Delay      (SCD):    0.410ns
    Clock Pessimism Removal (CPR):    -0.000ns

    Location             Delay type                Incr(ns)  Path(ns)    Netlist Resource(s)
  -------------------------------------------------------------------    -------------------
                         (clock sys_clk rise edge)    0.000     0.000 r
                                                      0.000     0.000 r  clk (IN)
                         net (fo=19606, unset)        0.410     0.410    u_fe/u_decode/u_bch_syndrome/SYNDROMES[7].METHOD1.u_syn1a/clk
    SLICE_X31Y6          FDSE                                         r  u_fe/u_decode/u_bch_syndrome/SYNDROMES[7].METHOD1.u_syn1a/pow_reg[68]/C
  -------------------------------------------------------------------    -------------------
    SLICE_X31Y6          FDSE (Prop_fdse_C_Q)         0.141     0.551 r  u_fe/u_decode/u_bch_syndrome/SYNDROMES[7].METHOD1.u_syn1a/pow_reg[68]/Q
                         net (fo=5, routed)           0.075     0.626    u_fe/u_decode/u_bch_syndrome/SYNDROMES[7].METHOD1.u_syn1a/Q[68]
    SLICE_X30Y6          LUT6 (Prop_lut6_I4_O)        0.045     0.671 r  u_fe/u_decode/u_bch_syndrome/SYNDROMES[7].METHOD1.u_syn1a/pow[69]_i_1__0/O
                         net (fo=1, routed)           0.000     0.671    u_fe/u_decode/u_bch_syndrome/SYNDROMES[7].METHOD1.u_syn1a/I18[69]
    SLICE_X30Y6          FDSE                                         r  u_fe/u_decode/u_bch_syndrome/SYNDROMES[7].METHOD1.u_syn1a/pow_reg[69]/D
  -------------------------------------------------------------------    -------------------

                         (clock sys_clk rise edge)    0.000     0.000 r
                                                      0.000     0.000 r  clk (IN)
                         net (fo=19606, unset)        0.432     0.432    u_fe/u_decode/u_bch_syndrome/SYNDROMES[7].METHOD1.u_syn1a/clk
    SLICE_X30Y6          FDSE                                         r  u_fe/u_decode/u_bch_syndrome/SYNDROMES[7].METHOD1.u_syn1a/pow_reg[69]/C
                         clock pessimism              0.000     0.432
    SLICE_X30Y6          FDSE (Hold_fdse_C_D)         0.121     0.553    u_fe/u_decode/u_bch_syndrome/SYNDROMES[7].METHOD1.u_syn1a/pow_reg[69]
  -------------------------------------------------------------------
                         required time                         -0.553
                         arrival time                           0.671
  -------------------------------------------------------------------
                         slack                                  0.119





Pulse Width Checks
--------------------------------------------------------------------------------------
Clock Name:         sys_clk
Waveform(ns):       { 0.000 5.000 }
Period(ns):         10.000
Sources:            { clk }

Check Type        Corner  Lib Pin             Reference Pin  Required(ns)  Actual(ns)  Slack(ns)  Location      Pin
Min Period        n/a     DSP48E1/CLK         n/a            3.884         10.000      6.116      DSP48_X0Y30   u_edge/u_server/ntt/BU/M1/u_mult/product_reg_reg/CLK
Min Period        n/a     DSP48E1/CLK         n/a            3.884         10.000      6.116      DSP48_X0Y28   u_edge/u_server/ntt/BU/M0/u_mult/product_reg_reg/CLK
Min Period        n/a     RAMB36E1/CLKARDCLK  n/a            2.944         10.000      7.056      RAMB36_X0Y19  u_edge/u_server/hash/ofifo_inst/inst/mem_reg_0/CLKARDCLK
Min Period        n/a     RAMB18E1/CLKARDCLK  n/a            2.944         10.000      7.056      RAMB18_X0Y40  u_edge/u_server/hash/ofifo_inst/inst/mem_reg_1/CLKARDCLK
Min Period        n/a     RAMB18E1/CLKARDCLK  n/a            2.944         10.000      7.056      RAMB18_X0Y32  u_edge/u_server/DFIFO0/inst/mem_reg/CLKARDCLK
Min Period        n/a     RAMB18E1/CLKBWRCLK  n/a            2.944         10.000      7.056      RAMB18_X0Y32  u_edge/u_server/DFIFO0/inst/mem_reg/CLKBWRCLK
Min Period        n/a     RAMB18E1/CLKARDCLK  n/a            2.944         10.000      7.056      RAMB18_X1Y33  u_edge/u_server/DFIFO1/inst/mem_reg/CLKARDCLK
Min Period        n/a     RAMB18E1/CLKARDCLK  n/a            2.944         10.000      7.056      RAMB18_X1Y35  u_edge/u_server/IFIFO/inst/mem_reg/CLKARDCLK
Min Period        n/a     RAMB18E1/CLKBWRCLK  n/a            2.944         10.000      7.056      RAMB18_X1Y35  u_edge/u_server/IFIFO/inst/mem_reg/CLKBWRCLK
Min Period        n/a     RAMB18E1/CLKARDCLK  n/a            2.944         10.000      7.056      RAMB18_X1Y34  u_edge/u_server/OFIFO/inst/mem_reg/CLKARDCLK
Min Period        n/a     RAMB18E1/CLKBWRCLK  n/a            2.944         10.000      7.056      RAMB18_X1Y34  u_edge/u_server/OFIFO/inst/mem_reg/CLKBWRCLK
Min Period        n/a     RAMB36E1/CLKARDCLK  n/a            2.944         10.000      7.056      RAMB36_X2Y18  u_edge/u_server/ciphertext_store/mem_reg/CLKARDCLK
Min Period        n/a     RAMB36E1/CLKBWRCLK  n/a            2.944         10.000      7.056      RAMB36_X2Y18  u_edge/u_server/ciphertext_store/mem_reg/CLKBWRCLK
Min Period        n/a     RAMB36E1/CLKARDCLK  n/a            2.944         10.000      7.056      RAMB36_X0Y13  u_edge/u_server/ntt/RAM0/inst/mem_reg/CLKARDCLK
Min Period        n/a     RAMB36E1/CLKBWRCLK  n/a            2.944         10.000      7.056      RAMB36_X0Y13  u_edge/u_server/ntt/RAM0/inst/mem_reg/CLKBWRCLK
Min Period        n/a     RAMB36E1/CLKARDCLK  n/a            2.944         10.000      7.056      RAMB36_X0Y11  u_edge/u_server/ntt/RAM1/inst/mem_reg/CLKARDCLK
Min Period        n/a     RAMB36E1/CLKBWRCLK  n/a            2.944         10.000      7.056      RAMB36_X0Y11  u_edge/u_server/ntt/RAM1/inst/mem_reg/CLKBWRCLK
Min Period        n/a     RAMB36E1/CLKARDCLK  n/a            2.944         10.000      7.056      RAMB36_X0Y14  u_edge/u_server/ntt/RAM2/inst/mem_reg/CLKARDCLK
Min Period        n/a     RAMB36E1/CLKBWRCLK  n/a            2.944         10.000      7.056      RAMB36_X0Y14  u_edge/u_server/ntt/RAM2/inst/mem_reg/CLKBWRCLK
Min Period        n/a     RAMB36E1/CLKARDCLK  n/a            2.944         10.000      7.056      RAMB36_X0Y10  u_edge/u_server/ntt/RAM3/inst/mem_reg/CLKARDCLK
Low Pulse Width   Fast    SRL16E/CLK          n/a            0.980         5.000       4.020      SLICE_X6Y59   u_edge/u_server/ntt/S5/inst/gen_depth_gt1.shift_reg_reg[10][0]_srl11/CLK
Low Pulse Width   Fast    SRL16E/CLK          n/a            0.980         5.000       4.020      SLICE_X6Y59   u_edge/u_server/ntt/S5/inst/gen_depth_gt1.shift_reg_reg[10][1]_srl11/CLK
Low Pulse Width   Fast    SRL16E/CLK          n/a            0.980         5.000       4.020      SLICE_X6Y59   u_edge/u_server/ntt/S5/inst/gen_depth_gt1.shift_reg_reg[10][2]_srl11/CLK
Low Pulse Width   Fast    SRL16E/CLK          n/a            0.980         5.000       4.020      SLICE_X6Y59   u_edge/u_server/ntt/S5/inst/gen_depth_gt1.shift_reg_reg[10][3]_srl11/CLK
Low Pulse Width   Fast    SRL16E/CLK          n/a            0.980         5.000       4.020      SLICE_X6Y59   u_edge/u_server/ntt/S5/inst/gen_depth_gt1.shift_reg_reg[10][4]_srl11/CLK
Low Pulse Width   Fast    SRL16E/CLK          n/a            0.980         5.000       4.020      SLICE_X6Y59   u_edge/u_server/ntt/S5/inst/gen_depth_gt1.shift_reg_reg[10][5]_srl11/CLK
Low Pulse Width   Fast    SRL16E/CLK          n/a            0.980         5.000       4.020      SLICE_X6Y59   u_edge/u_server/ntt/S5/inst/gen_depth_gt1.shift_reg_reg[10][6]_srl11/CLK
Low Pulse Width   Fast    SRL16E/CLK          n/a            0.980         5.000       4.020      SLICE_X6Y59   u_edge/u_server/ntt/S5/inst/gen_depth_gt1.shift_reg_reg[10][7]_srl11/CLK
Low Pulse Width   Fast    SRL16E/CLK          n/a            0.980         5.000       4.020      SLICE_X6Y60   u_edge/u_server/ntt/S6/inst/gen_depth_gt1.shift_reg_reg[10][0]_srl11/CLK
Low Pulse Width   Fast    SRL16E/CLK          n/a            0.980         5.000       4.020      SLICE_X6Y60   u_edge/u_server/ntt/S6/inst/gen_depth_gt1.shift_reg_reg[10][1]_srl11/CLK
Low Pulse Width   Fast    SRL16E/CLK          n/a            0.980         5.000       4.020      SLICE_X6Y60   u_edge/u_server/ntt/S6/inst/gen_depth_gt1.shift_reg_reg[10][2]_srl11/CLK
Low Pulse Width   Fast    SRL16E/CLK          n/a            0.980         5.000       4.020      SLICE_X6Y60   u_edge/u_server/ntt/S6/inst/gen_depth_gt1.shift_reg_reg[10][3]_srl11/CLK
Low Pulse Width   Fast    SRL16E/CLK          n/a            0.980         5.000       4.020      SLICE_X6Y60   u_edge/u_server/ntt/S6/inst/gen_depth_gt1.shift_reg_reg[10][4]_srl11/CLK
Low Pulse Width   Fast    SRL16E/CLK          n/a            0.980         5.000       4.020      SLICE_X6Y60   u_edge/u_server/ntt/S6/inst/gen_depth_gt1.shift_reg_reg[10][5]_srl11/CLK
Low Pulse Width   Fast    SRL16E/CLK          n/a            0.980         5.000       4.020      SLICE_X14Y69  u_edge/u_server/ntt/S7/inst/gen_depth_gt1.shift_reg_reg[10][0]_srl9/CLK
Low Pulse Width   Fast    SRL16E/CLK          n/a            0.980         5.000       4.020      SLICE_X2Y59   u_edge/u_server/ntt/S7/inst/gen_depth_gt1.shift_reg_reg[10][1]_srl11/CLK
Low Pulse Width   Fast    SRL16E/CLK          n/a            0.980         5.000       4.020      SLICE_X2Y59   u_edge/u_server/ntt/S7/inst/gen_depth_gt1.shift_reg_reg[10][2]_srl11/CLK
Low Pulse Width   Fast    SRL16E/CLK          n/a            0.980         5.000       4.020      SLICE_X2Y59   u_edge/u_server/ntt/S7/inst/gen_depth_gt1.shift_reg_reg[10][3]_srl11/CLK
Low Pulse Width   Fast    SRL16E/CLK          n/a            0.980         5.000       4.020      SLICE_X2Y59   u_edge/u_server/ntt/S7/inst/gen_depth_gt1.shift_reg_reg[10][4]_srl11/CLK
Low Pulse Width   Fast    SRL16E/CLK          n/a            0.980         5.000       4.020      SLICE_X2Y59   u_edge/u_server/ntt/S7/inst/gen_depth_gt1.shift_reg_reg[10][5]_srl11/CLK
High Pulse Width  Slow    SRL16E/CLK          n/a            0.980         5.000       4.020      SLICE_X6Y59   u_edge/u_server/ntt/S5/inst/gen_depth_gt1.shift_reg_reg[10][0]_srl11/CLK
High Pulse Width  Fast    SRL16E/CLK          n/a            0.980         5.000       4.020      SLICE_X6Y59   u_edge/u_server/ntt/S5/inst/gen_depth_gt1.shift_reg_reg[10][0]_srl11/CLK
High Pulse Width  Slow    SRL16E/CLK          n/a            0.980         5.000       4.020      SLICE_X6Y59   u_edge/u_server/ntt/S5/inst/gen_depth_gt1.shift_reg_reg[10][1]_srl11/CLK
High Pulse Width  Fast    SRL16E/CLK          n/a            0.980         5.000       4.020      SLICE_X6Y59   u_edge/u_server/ntt/S5/inst/gen_depth_gt1.shift_reg_reg[10][1]_srl11/CLK
High Pulse Width  Slow    SRL16E/CLK          n/a            0.980         5.000       4.020      SLICE_X6Y59   u_edge/u_server/ntt/S5/inst/gen_depth_gt1.shift_reg_reg[10][2]_srl11/CLK
High Pulse Width  Fast    SRL16E/CLK          n/a            0.980         5.000       4.020      SLICE_X6Y59   u_edge/u_server/ntt/S5/inst/gen_depth_gt1.shift_reg_reg[10][2]_srl11/CLK
High Pulse Width  Slow    SRL16E/CLK          n/a            0.980         5.000       4.020      SLICE_X6Y59   u_edge/u_server/ntt/S5/inst/gen_depth_gt1.shift_reg_reg[10][3]_srl11/CLK
High Pulse Width  Fast    SRL16E/CLK          n/a            0.980         5.000       4.020      SLICE_X6Y59   u_edge/u_server/ntt/S5/inst/gen_depth_gt1.shift_reg_reg[10][3]_srl11/CLK
High Pulse Width  Slow    SRL16E/CLK          n/a            0.980         5.000       4.020      SLICE_X6Y59   u_edge/u_server/ntt/S5/inst/gen_depth_gt1.shift_reg_reg[10][4]_srl11/CLK
High Pulse Width  Fast    SRL16E/CLK          n/a            0.980         5.000       4.020      SLICE_X6Y59   u_edge/u_server/ntt/S5/inst/gen_depth_gt1.shift_reg_reg[10][4]_srl11/CLK
High Pulse Width  Slow    SRL16E/CLK          n/a            0.980         5.000       4.020      SLICE_X6Y59   u_edge/u_server/ntt/S5/inst/gen_depth_gt1.shift_reg_reg[10][5]_srl11/CLK
High Pulse Width  Fast    SRL16E/CLK          n/a            0.980         5.000       4.020      SLICE_X6Y59   u_edge/u_server/ntt/S5/inst/gen_depth_gt1.shift_reg_reg[10][5]_srl11/CLK
High Pulse Width  Slow    SRL16E/CLK          n/a            0.980         5.000       4.020      SLICE_X6Y59   u_edge/u_server/ntt/S5/inst/gen_depth_gt1.shift_reg_reg[10][6]_srl11/CLK
High Pulse Width  Fast    SRL16E/CLK          n/a            0.980         5.000       4.020      SLICE_X6Y59   u_edge/u_server/ntt/S5/inst/gen_depth_gt1.shift_reg_reg[10][6]_srl11/CLK
High Pulse Width  Slow    SRL16E/CLK          n/a            0.980         5.000       4.020      SLICE_X6Y59   u_edge/u_server/ntt/S5/inst/gen_depth_gt1.shift_reg_reg[10][7]_srl11/CLK
High Pulse Width  Fast    SRL16E/CLK          n/a            0.980         5.000       4.020      SLICE_X6Y59   u_edge/u_server/ntt/S5/inst/gen_depth_gt1.shift_reg_reg[10][7]_srl11/CLK
High Pulse Width  Slow    SRL16E/CLK          n/a            0.980         5.000       4.020      SLICE_X6Y60   u_edge/u_server/ntt/S6/inst/gen_depth_gt1.shift_reg_reg[10][0]_srl11/CLK
High Pulse Width  Fast    SRL16E/CLK          n/a            0.980         5.000       4.020      SLICE_X6Y60   u_edge/u_server/ntt/S6/inst/gen_depth_gt1.shift_reg_reg[10][0]_srl11/CLK
High Pulse Width  Slow    SRL16E/CLK          n/a            0.980         5.000       4.020      SLICE_X6Y60   u_edge/u_server/ntt/S6/inst/gen_depth_gt1.shift_reg_reg[10][1]_srl11/CLK
High Pulse Width  Fast    SRL16E/CLK          n/a            0.980         5.000       4.020      SLICE_X6Y60   u_edge/u_server/ntt/S6/inst/gen_depth_gt1.shift_reg_reg[10][1]_srl11/CLK



---------------------------------------------------------------------------------------------------
Path Group:  **async_default**
From Clock:  sys_clk
  To Clock:  sys_clk

Setup :            0  Failing Endpoints,  Worst Slack        1.240ns,  Total Violation        0.000ns
Hold  :            0  Failing Endpoints,  Worst Slack        0.692ns,  Total Violation        0.000ns
---------------------------------------------------------------------------------------------------


Max Delay Paths
--------------------------------------------------------------------------------------
Slack (MET) :             1.240ns  (required time - arrival time)
  Source:                 u_edge/u_control/u_seed/FSM_sequential_state_reg[2]/C
                            (rising edge-triggered cell FDCE clocked by sys_clk  {rise@0.000ns fall@5.000ns period=10.000ns})
  Destination:            u_edge/u_control/u_seed/u_kdf/lane_b_reg[12][34]/CLR
                            (recovery check against rising-edge clock sys_clk  {rise@0.000ns fall@5.000ns period=10.000ns})
  Path Group:             **async_default**
  Path Type:              Recovery (Max at Slow Process Corner)
  Requirement:            10.000ns  (sys_clk rise@10.000ns - sys_clk rise@0.000ns)
  Data Path Delay:        8.271ns  (logic 0.642ns (7.763%)  route 7.629ns (92.238%))
  Logic Levels:           1  (LUT5=1)
  Clock Path Skew:        -0.049ns (DCD - SCD + CPR)
    Destination Clock Delay (DCD):    0.924ns = ( 10.924 - 10.000 )
    Source Clock Delay      (SCD):    0.973ns
    Clock Pessimism Removal (CPR):    0.000ns
  Clock Uncertainty:      0.035ns  ((TSJ^2 + TIJ^2)^1/2 + DJ) / 2 + PE
    Total System Jitter     (TSJ):    0.071ns
    Total Input Jitter      (TIJ):    0.000ns
    Discrete Jitter          (DJ):    0.000ns
    Phase Error              (PE):    0.000ns

    Location             Delay type                Incr(ns)  Path(ns)    Netlist Resource(s)
  -------------------------------------------------------------------    -------------------
                         (clock sys_clk rise edge)    0.000     0.000 r
                                                      0.000     0.000 r  clk (IN)
                         net (fo=19606, unset)        0.973     0.973    u_edge/u_control/u_seed/clk
    SLICE_X14Y50         FDCE                                         r  u_edge/u_control/u_seed/FSM_sequential_state_reg[2]/C
  -------------------------------------------------------------------    -------------------
    SLICE_X14Y50         FDCE (Prop_fdce_C_Q)         0.518     1.491 r  u_edge/u_control/u_seed/FSM_sequential_state_reg[2]/Q
                         net (fo=524, routed)         2.273     3.764    u_edge/u_control/u_seed/state__0[2]
    SLICE_X28Y58         LUT5 (Prop_lut5_I1_O)        0.124     3.888 f  u_edge/u_control/u_seed/FSM_sequential_state[2]_i_2/O
                         net (fo=4075, routed)        5.355     9.244    u_edge/u_control/u_seed/u_kdf/done_reg_0
    SLICE_X58Y30         FDCE                                         f  u_edge/u_control/u_seed/u_kdf/lane_b_reg[12][34]/CLR
  -------------------------------------------------------------------    -------------------

                         (clock sys_clk rise edge)   10.000    10.000 r
                                                      0.000    10.000 r  clk (IN)
                         net (fo=19606, unset)        0.924    10.924    u_edge/u_control/u_seed/u_kdf/clk
    SLICE_X58Y30         FDCE                                         r  u_edge/u_control/u_seed/u_kdf/lane_b_reg[12][34]/C
                         clock pessimism              0.000    10.924
                         clock uncertainty           -0.035    10.889
    SLICE_X58Y30         FDCE (Recov_fdce_C_CLR)     -0.405    10.484    u_edge/u_control/u_seed/u_kdf/lane_b_reg[12][34]
  -------------------------------------------------------------------
                         required time                         10.484
                         arrival time                          -9.244
  -------------------------------------------------------------------
                         slack                                  1.240

Slack (MET) :             1.240ns  (required time - arrival time)
  Source:                 u_edge/u_control/u_seed/FSM_sequential_state_reg[2]/C
                            (rising edge-triggered cell FDCE clocked by sys_clk  {rise@0.000ns fall@5.000ns period=10.000ns})
  Destination:            u_edge/u_control/u_seed/u_kdf/lane_b_reg[18][27]/CLR
                            (recovery check against rising-edge clock sys_clk  {rise@0.000ns fall@5.000ns period=10.000ns})
  Path Group:             **async_default**
  Path Type:              Recovery (Max at Slow Process Corner)
  Requirement:            10.000ns  (sys_clk rise@10.000ns - sys_clk rise@0.000ns)
  Data Path Delay:        8.271ns  (logic 0.642ns (7.763%)  route 7.629ns (92.238%))
  Logic Levels:           1  (LUT5=1)
  Clock Path Skew:        -0.049ns (DCD - SCD + CPR)
    Destination Clock Delay (DCD):    0.924ns = ( 10.924 - 10.000 )
    Source Clock Delay      (SCD):    0.973ns
    Clock Pessimism Removal (CPR):    0.000ns
  Clock Uncertainty:      0.035ns  ((TSJ^2 + TIJ^2)^1/2 + DJ) / 2 + PE
    Total System Jitter     (TSJ):    0.071ns
    Total Input Jitter      (TIJ):    0.000ns
    Discrete Jitter          (DJ):    0.000ns
    Phase Error              (PE):    0.000ns

    Location             Delay type                Incr(ns)  Path(ns)    Netlist Resource(s)
  -------------------------------------------------------------------    -------------------
                         (clock sys_clk rise edge)    0.000     0.000 r
                                                      0.000     0.000 r  clk (IN)
                         net (fo=19606, unset)        0.973     0.973    u_edge/u_control/u_seed/clk
    SLICE_X14Y50         FDCE                                         r  u_edge/u_control/u_seed/FSM_sequential_state_reg[2]/C
  -------------------------------------------------------------------    -------------------
    SLICE_X14Y50         FDCE (Prop_fdce_C_Q)         0.518     1.491 r  u_edge/u_control/u_seed/FSM_sequential_state_reg[2]/Q
                         net (fo=524, routed)         2.273     3.764    u_edge/u_control/u_seed/state__0[2]
    SLICE_X28Y58         LUT5 (Prop_lut5_I1_O)        0.124     3.888 f  u_edge/u_control/u_seed/FSM_sequential_state[2]_i_2/O
                         net (fo=4075, routed)        5.355     9.244    u_edge/u_control/u_seed/u_kdf/done_reg_0
    SLICE_X58Y30         FDCE                                         f  u_edge/u_control/u_seed/u_kdf/lane_b_reg[18][27]/CLR
  -------------------------------------------------------------------    -------------------

                         (clock sys_clk rise edge)   10.000    10.000 r
                                                      0.000    10.000 r  clk (IN)
                         net (fo=19606, unset)        0.924    10.924    u_edge/u_control/u_seed/u_kdf/clk
    SLICE_X58Y30         FDCE                                         r  u_edge/u_control/u_seed/u_kdf/lane_b_reg[18][27]/C
                         clock pessimism              0.000    10.924
                         clock uncertainty           -0.035    10.889
    SLICE_X58Y30         FDCE (Recov_fdce_C_CLR)     -0.405    10.484    u_edge/u_control/u_seed/u_kdf/lane_b_reg[18][27]
  -------------------------------------------------------------------
                         required time                         10.484
                         arrival time                          -9.244
  -------------------------------------------------------------------
                         slack                                  1.240

Slack (MET) :             1.240ns  (required time - arrival time)
  Source:                 u_edge/u_control/u_seed/FSM_sequential_state_reg[2]/C
                            (rising edge-triggered cell FDCE clocked by sys_clk  {rise@0.000ns fall@5.000ns period=10.000ns})
  Destination:            u_edge/u_control/u_seed/u_kdf/lane_b_reg[19][7]/CLR
                            (recovery check against rising-edge clock sys_clk  {rise@0.000ns fall@5.000ns period=10.000ns})
  Path Group:             **async_default**
  Path Type:              Recovery (Max at Slow Process Corner)
  Requirement:            10.000ns  (sys_clk rise@10.000ns - sys_clk rise@0.000ns)
  Data Path Delay:        8.271ns  (logic 0.642ns (7.763%)  route 7.629ns (92.238%))
  Logic Levels:           1  (LUT5=1)
  Clock Path Skew:        -0.049ns (DCD - SCD + CPR)
    Destination Clock Delay (DCD):    0.924ns = ( 10.924 - 10.000 )
    Source Clock Delay      (SCD):    0.973ns
    Clock Pessimism Removal (CPR):    0.000ns
  Clock Uncertainty:      0.035ns  ((TSJ^2 + TIJ^2)^1/2 + DJ) / 2 + PE
    Total System Jitter     (TSJ):    0.071ns
    Total Input Jitter      (TIJ):    0.000ns
    Discrete Jitter          (DJ):    0.000ns
    Phase Error              (PE):    0.000ns

    Location             Delay type                Incr(ns)  Path(ns)    Netlist Resource(s)
  -------------------------------------------------------------------    -------------------
                         (clock sys_clk rise edge)    0.000     0.000 r
                                                      0.000     0.000 r  clk (IN)
                         net (fo=19606, unset)        0.973     0.973    u_edge/u_control/u_seed/clk
    SLICE_X14Y50         FDCE                                         r  u_edge/u_control/u_seed/FSM_sequential_state_reg[2]/C
  -------------------------------------------------------------------    -------------------
    SLICE_X14Y50         FDCE (Prop_fdce_C_Q)         0.518     1.491 r  u_edge/u_control/u_seed/FSM_sequential_state_reg[2]/Q
                         net (fo=524, routed)         2.273     3.764    u_edge/u_control/u_seed/state__0[2]
    SLICE_X28Y58         LUT5 (Prop_lut5_I1_O)        0.124     3.888 f  u_edge/u_control/u_seed/FSM_sequential_state[2]_i_2/O
                         net (fo=4075, routed)        5.355     9.244    u_edge/u_control/u_seed/u_kdf/done_reg_0
    SLICE_X58Y30         FDCE                                         f  u_edge/u_control/u_seed/u_kdf/lane_b_reg[19][7]/CLR
  -------------------------------------------------------------------    -------------------

                         (clock sys_clk rise edge)   10.000    10.000 r
                                                      0.000    10.000 r  clk (IN)
                         net (fo=19606, unset)        0.924    10.924    u_edge/u_control/u_seed/u_kdf/clk
    SLICE_X58Y30         FDCE                                         r  u_edge/u_control/u_seed/u_kdf/lane_b_reg[19][7]/C
                         clock pessimism              0.000    10.924
                         clock uncertainty           -0.035    10.889
    SLICE_X58Y30         FDCE (Recov_fdce_C_CLR)     -0.405    10.484    u_edge/u_control/u_seed/u_kdf/lane_b_reg[19][7]
  -------------------------------------------------------------------
                         required time                         10.484
                         arrival time                          -9.244
  -------------------------------------------------------------------
                         slack                                  1.240

Slack (MET) :             1.240ns  (required time - arrival time)
  Source:                 u_edge/u_control/u_seed/FSM_sequential_state_reg[2]/C
                            (rising edge-triggered cell FDCE clocked by sys_clk  {rise@0.000ns fall@5.000ns period=10.000ns})
  Destination:            u_edge/u_control/u_seed/u_kdf/lane_b_reg[20][10]/CLR
                            (recovery check against rising-edge clock sys_clk  {rise@0.000ns fall@5.000ns period=10.000ns})
  Path Group:             **async_default**
  Path Type:              Recovery (Max at Slow Process Corner)
  Requirement:            10.000ns  (sys_clk rise@10.000ns - sys_clk rise@0.000ns)
  Data Path Delay:        8.271ns  (logic 0.642ns (7.763%)  route 7.629ns (92.238%))
  Logic Levels:           1  (LUT5=1)
  Clock Path Skew:        -0.049ns (DCD - SCD + CPR)
    Destination Clock Delay (DCD):    0.924ns = ( 10.924 - 10.000 )
    Source Clock Delay      (SCD):    0.973ns
    Clock Pessimism Removal (CPR):    0.000ns
  Clock Uncertainty:      0.035ns  ((TSJ^2 + TIJ^2)^1/2 + DJ) / 2 + PE
    Total System Jitter     (TSJ):    0.071ns
    Total Input Jitter      (TIJ):    0.000ns
    Discrete Jitter          (DJ):    0.000ns
    Phase Error              (PE):    0.000ns

    Location             Delay type                Incr(ns)  Path(ns)    Netlist Resource(s)
  -------------------------------------------------------------------    -------------------
                         (clock sys_clk rise edge)    0.000     0.000 r
                                                      0.000     0.000 r  clk (IN)
                         net (fo=19606, unset)        0.973     0.973    u_edge/u_control/u_seed/clk
    SLICE_X14Y50         FDCE                                         r  u_edge/u_control/u_seed/FSM_sequential_state_reg[2]/C
  -------------------------------------------------------------------    -------------------
    SLICE_X14Y50         FDCE (Prop_fdce_C_Q)         0.518     1.491 r  u_edge/u_control/u_seed/FSM_sequential_state_reg[2]/Q
                         net (fo=524, routed)         2.273     3.764    u_edge/u_control/u_seed/state__0[2]
    SLICE_X28Y58         LUT5 (Prop_lut5_I1_O)        0.124     3.888 f  u_edge/u_control/u_seed/FSM_sequential_state[2]_i_2/O
                         net (fo=4075, routed)        5.355     9.244    u_edge/u_control/u_seed/u_kdf/done_reg_0
    SLICE_X58Y30         FDCE                                         f  u_edge/u_control/u_seed/u_kdf/lane_b_reg[20][10]/CLR
  -------------------------------------------------------------------    -------------------

                         (clock sys_clk rise edge)   10.000    10.000 r
                                                      0.000    10.000 r  clk (IN)
                         net (fo=19606, unset)        0.924    10.924    u_edge/u_control/u_seed/u_kdf/clk
    SLICE_X58Y30         FDCE                                         r  u_edge/u_control/u_seed/u_kdf/lane_b_reg[20][10]/C
                         clock pessimism              0.000    10.924
                         clock uncertainty           -0.035    10.889
    SLICE_X58Y30         FDCE (Recov_fdce_C_CLR)     -0.405    10.484    u_edge/u_control/u_seed/u_kdf/lane_b_reg[20][10]
  -------------------------------------------------------------------
                         required time                         10.484
                         arrival time                          -9.244
  -------------------------------------------------------------------
                         slack                                  1.240

Slack (MET) :             1.240ns  (required time - arrival time)
  Source:                 u_edge/u_control/u_seed/FSM_sequential_state_reg[2]/C
                            (rising edge-triggered cell FDCE clocked by sys_clk  {rise@0.000ns fall@5.000ns period=10.000ns})
  Destination:            u_edge/u_control/u_seed/u_kdf/lane_b_reg[24][29]/CLR
                            (recovery check against rising-edge clock sys_clk  {rise@0.000ns fall@5.000ns period=10.000ns})
  Path Group:             **async_default**
  Path Type:              Recovery (Max at Slow Process Corner)
  Requirement:            10.000ns  (sys_clk rise@10.000ns - sys_clk rise@0.000ns)
  Data Path Delay:        8.271ns  (logic 0.642ns (7.763%)  route 7.629ns (92.238%))
  Logic Levels:           1  (LUT5=1)
  Clock Path Skew:        -0.049ns (DCD - SCD + CPR)
    Destination Clock Delay (DCD):    0.924ns = ( 10.924 - 10.000 )
    Source Clock Delay      (SCD):    0.973ns
    Clock Pessimism Removal (CPR):    0.000ns
  Clock Uncertainty:      0.035ns  ((TSJ^2 + TIJ^2)^1/2 + DJ) / 2 + PE
    Total System Jitter     (TSJ):    0.071ns
    Total Input Jitter      (TIJ):    0.000ns
    Discrete Jitter          (DJ):    0.000ns
    Phase Error              (PE):    0.000ns

    Location             Delay type                Incr(ns)  Path(ns)    Netlist Resource(s)
  -------------------------------------------------------------------    -------------------
                         (clock sys_clk rise edge)    0.000     0.000 r
                                                      0.000     0.000 r  clk (IN)
                         net (fo=19606, unset)        0.973     0.973    u_edge/u_control/u_seed/clk
    SLICE_X14Y50         FDCE                                         r  u_edge/u_control/u_seed/FSM_sequential_state_reg[2]/C
  -------------------------------------------------------------------    -------------------
    SLICE_X14Y50         FDCE (Prop_fdce_C_Q)         0.518     1.491 r  u_edge/u_control/u_seed/FSM_sequential_state_reg[2]/Q
                         net (fo=524, routed)         2.273     3.764    u_edge/u_control/u_seed/state__0[2]
    SLICE_X28Y58         LUT5 (Prop_lut5_I1_O)        0.124     3.888 f  u_edge/u_control/u_seed/FSM_sequential_state[2]_i_2/O
                         net (fo=4075, routed)        5.355     9.244    u_edge/u_control/u_seed/u_kdf/done_reg_0
    SLICE_X58Y30         FDCE                                         f  u_edge/u_control/u_seed/u_kdf/lane_b_reg[24][29]/CLR
  -------------------------------------------------------------------    -------------------

                         (clock sys_clk rise edge)   10.000    10.000 r
                                                      0.000    10.000 r  clk (IN)
                         net (fo=19606, unset)        0.924    10.924    u_edge/u_control/u_seed/u_kdf/clk
    SLICE_X58Y30         FDCE                                         r  u_edge/u_control/u_seed/u_kdf/lane_b_reg[24][29]/C
                         clock pessimism              0.000    10.924
                         clock uncertainty           -0.035    10.889
    SLICE_X58Y30         FDCE (Recov_fdce_C_CLR)     -0.405    10.484    u_edge/u_control/u_seed/u_kdf/lane_b_reg[24][29]
  -------------------------------------------------------------------
                         required time                         10.484
                         arrival time                          -9.244
  -------------------------------------------------------------------
                         slack                                  1.240

Slack (MET) :             1.240ns  (required time - arrival time)
  Source:                 u_edge/u_control/u_seed/FSM_sequential_state_reg[2]/C
                            (rising edge-triggered cell FDCE clocked by sys_clk  {rise@0.000ns fall@5.000ns period=10.000ns})
  Destination:            u_edge/u_control/u_seed/u_kdf/lane_b_reg[9][28]/CLR
                            (recovery check against rising-edge clock sys_clk  {rise@0.000ns fall@5.000ns period=10.000ns})
  Path Group:             **async_default**
  Path Type:              Recovery (Max at Slow Process Corner)
  Requirement:            10.000ns  (sys_clk rise@10.000ns - sys_clk rise@0.000ns)
  Data Path Delay:        8.271ns  (logic 0.642ns (7.763%)  route 7.629ns (92.238%))
  Logic Levels:           1  (LUT5=1)
  Clock Path Skew:        -0.049ns (DCD - SCD + CPR)
    Destination Clock Delay (DCD):    0.924ns = ( 10.924 - 10.000 )
    Source Clock Delay      (SCD):    0.973ns
    Clock Pessimism Removal (CPR):    0.000ns
  Clock Uncertainty:      0.035ns  ((TSJ^2 + TIJ^2)^1/2 + DJ) / 2 + PE
    Total System Jitter     (TSJ):    0.071ns
    Total Input Jitter      (TIJ):    0.000ns
    Discrete Jitter          (DJ):    0.000ns
    Phase Error              (PE):    0.000ns

    Location             Delay type                Incr(ns)  Path(ns)    Netlist Resource(s)
  -------------------------------------------------------------------    -------------------
                         (clock sys_clk rise edge)    0.000     0.000 r
                                                      0.000     0.000 r  clk (IN)
                         net (fo=19606, unset)        0.973     0.973    u_edge/u_control/u_seed/clk
    SLICE_X14Y50         FDCE                                         r  u_edge/u_control/u_seed/FSM_sequential_state_reg[2]/C
  -------------------------------------------------------------------    -------------------
    SLICE_X14Y50         FDCE (Prop_fdce_C_Q)         0.518     1.491 r  u_edge/u_control/u_seed/FSM_sequential_state_reg[2]/Q
                         net (fo=524, routed)         2.273     3.764    u_edge/u_control/u_seed/state__0[2]
    SLICE_X28Y58         LUT5 (Prop_lut5_I1_O)        0.124     3.888 f  u_edge/u_control/u_seed/FSM_sequential_state[2]_i_2/O
                         net (fo=4075, routed)        5.355     9.244    u_edge/u_control/u_seed/u_kdf/done_reg_0
    SLICE_X58Y30         FDCE                                         f  u_edge/u_control/u_seed/u_kdf/lane_b_reg[9][28]/CLR
  -------------------------------------------------------------------    -------------------

                         (clock sys_clk rise edge)   10.000    10.000 r
                                                      0.000    10.000 r  clk (IN)
                         net (fo=19606, unset)        0.924    10.924    u_edge/u_control/u_seed/u_kdf/clk
    SLICE_X58Y30         FDCE                                         r  u_edge/u_control/u_seed/u_kdf/lane_b_reg[9][28]/C
                         clock pessimism              0.000    10.924
                         clock uncertainty           -0.035    10.889
    SLICE_X58Y30         FDCE (Recov_fdce_C_CLR)     -0.405    10.484    u_edge/u_control/u_seed/u_kdf/lane_b_reg[9][28]
  -------------------------------------------------------------------
                         required time                         10.484
                         arrival time                          -9.244
  -------------------------------------------------------------------
                         slack                                  1.240

Slack (MET) :             1.240ns  (required time - arrival time)
  Source:                 u_edge/u_control/u_seed/FSM_sequential_state_reg[2]/C
                            (rising edge-triggered cell FDCE clocked by sys_clk  {rise@0.000ns fall@5.000ns period=10.000ns})
  Destination:            u_edge/u_control/u_seed/u_kdf/lane_b_reg[9][7]/CLR
                            (recovery check against rising-edge clock sys_clk  {rise@0.000ns fall@5.000ns period=10.000ns})
  Path Group:             **async_default**
  Path Type:              Recovery (Max at Slow Process Corner)
  Requirement:            10.000ns  (sys_clk rise@10.000ns - sys_clk rise@0.000ns)
  Data Path Delay:        8.271ns  (logic 0.642ns (7.763%)  route 7.629ns (92.238%))
  Logic Levels:           1  (LUT5=1)
  Clock Path Skew:        -0.049ns (DCD - SCD + CPR)
    Destination Clock Delay (DCD):    0.924ns = ( 10.924 - 10.000 )
    Source Clock Delay      (SCD):    0.973ns
    Clock Pessimism Removal (CPR):    0.000ns
  Clock Uncertainty:      0.035ns  ((TSJ^2 + TIJ^2)^1/2 + DJ) / 2 + PE
    Total System Jitter     (TSJ):    0.071ns
    Total Input Jitter      (TIJ):    0.000ns
    Discrete Jitter          (DJ):    0.000ns
    Phase Error              (PE):    0.000ns

    Location             Delay type                Incr(ns)  Path(ns)    Netlist Resource(s)
  -------------------------------------------------------------------    -------------------
                         (clock sys_clk rise edge)    0.000     0.000 r
                                                      0.000     0.000 r  clk (IN)
                         net (fo=19606, unset)        0.973     0.973    u_edge/u_control/u_seed/clk
    SLICE_X14Y50         FDCE                                         r  u_edge/u_control/u_seed/FSM_sequential_state_reg[2]/C
  -------------------------------------------------------------------    -------------------
    SLICE_X14Y50         FDCE (Prop_fdce_C_Q)         0.518     1.491 r  u_edge/u_control/u_seed/FSM_sequential_state_reg[2]/Q
                         net (fo=524, routed)         2.273     3.764    u_edge/u_control/u_seed/state__0[2]
    SLICE_X28Y58         LUT5 (Prop_lut5_I1_O)        0.124     3.888 f  u_edge/u_control/u_seed/FSM_sequential_state[2]_i_2/O
                         net (fo=4075, routed)        5.355     9.244    u_edge/u_control/u_seed/u_kdf/done_reg_0
    SLICE_X58Y30         FDCE                                         f  u_edge/u_control/u_seed/u_kdf/lane_b_reg[9][7]/CLR
  -------------------------------------------------------------------    -------------------

                         (clock sys_clk rise edge)   10.000    10.000 r
                                                      0.000    10.000 r  clk (IN)
                         net (fo=19606, unset)        0.924    10.924    u_edge/u_control/u_seed/u_kdf/clk
    SLICE_X58Y30         FDCE                                         r  u_edge/u_control/u_seed/u_kdf/lane_b_reg[9][7]/C
                         clock pessimism              0.000    10.924
                         clock uncertainty           -0.035    10.889
    SLICE_X58Y30         FDCE (Recov_fdce_C_CLR)     -0.405    10.484    u_edge/u_control/u_seed/u_kdf/lane_b_reg[9][7]
  -------------------------------------------------------------------
                         required time                         10.484
                         arrival time                          -9.244
  -------------------------------------------------------------------
                         slack                                  1.240

Slack (MET) :             1.245ns  (required time - arrival time)
  Source:                 u_edge/u_control/u_seed/FSM_sequential_state_reg[2]/C
                            (rising edge-triggered cell FDCE clocked by sys_clk  {rise@0.000ns fall@5.000ns period=10.000ns})
  Destination:            u_edge/u_control/u_seed/u_kdf/lane_a_reg[12][8]/CLR
                            (recovery check against rising-edge clock sys_clk  {rise@0.000ns fall@5.000ns period=10.000ns})
  Path Group:             **async_default**
  Path Type:              Recovery (Max at Slow Process Corner)
  Requirement:            10.000ns  (sys_clk rise@10.000ns - sys_clk rise@0.000ns)
  Data Path Delay:        8.266ns  (logic 0.642ns (7.767%)  route 7.624ns (92.233%))
  Logic Levels:           1  (LUT5=1)
  Clock Path Skew:        -0.049ns (DCD - SCD + CPR)
    Destination Clock Delay (DCD):    0.924ns = ( 10.924 - 10.000 )
    Source Clock Delay      (SCD):    0.973ns
    Clock Pessimism Removal (CPR):    0.000ns
  Clock Uncertainty:      0.035ns  ((TSJ^2 + TIJ^2)^1/2 + DJ) / 2 + PE
    Total System Jitter     (TSJ):    0.071ns
    Total Input Jitter      (TIJ):    0.000ns
    Discrete Jitter          (DJ):    0.000ns
    Phase Error              (PE):    0.000ns

    Location             Delay type                Incr(ns)  Path(ns)    Netlist Resource(s)
  -------------------------------------------------------------------    -------------------
                         (clock sys_clk rise edge)    0.000     0.000 r
                                                      0.000     0.000 r  clk (IN)
                         net (fo=19606, unset)        0.973     0.973    u_edge/u_control/u_seed/clk
    SLICE_X14Y50         FDCE                                         r  u_edge/u_control/u_seed/FSM_sequential_state_reg[2]/C
  -------------------------------------------------------------------    -------------------
    SLICE_X14Y50         FDCE (Prop_fdce_C_Q)         0.518     1.491 r  u_edge/u_control/u_seed/FSM_sequential_state_reg[2]/Q
                         net (fo=524, routed)         2.273     3.764    u_edge/u_control/u_seed/state__0[2]
    SLICE_X28Y58         LUT5 (Prop_lut5_I1_O)        0.124     3.888 f  u_edge/u_control/u_seed/FSM_sequential_state[2]_i_2/O
                         net (fo=4075, routed)        5.351     9.239    u_edge/u_control/u_seed/u_kdf/done_reg_0
    SLICE_X59Y30         FDCE                                         f  u_edge/u_control/u_seed/u_kdf/lane_a_reg[12][8]/CLR
  -------------------------------------------------------------------    -------------------

                         (clock sys_clk rise edge)   10.000    10.000 r
                                                      0.000    10.000 r  clk (IN)
                         net (fo=19606, unset)        0.924    10.924    u_edge/u_control/u_seed/u_kdf/clk
    SLICE_X59Y30         FDCE                                         r  u_edge/u_control/u_seed/u_kdf/lane_a_reg[12][8]/C
                         clock pessimism              0.000    10.924
                         clock uncertainty           -0.035    10.889
    SLICE_X59Y30         FDCE (Recov_fdce_C_CLR)     -0.405    10.484    u_edge/u_control/u_seed/u_kdf/lane_a_reg[12][8]
  -------------------------------------------------------------------
                         required time                         10.484
                         arrival time                          -9.239
  -------------------------------------------------------------------
                         slack                                  1.245

Slack (MET) :             1.255ns  (required time - arrival time)
  Source:                 u_edge/u_control/u_seed/FSM_sequential_state_reg[2]/C
                            (rising edge-triggered cell FDCE clocked by sys_clk  {rise@0.000ns fall@5.000ns period=10.000ns})
  Destination:            u_edge/u_control/u_seed/u_kdf/FSM_sequential_state_reg[2]_rep__0/CLR
                            (recovery check against rising-edge clock sys_clk  {rise@0.000ns fall@5.000ns period=10.000ns})
  Path Group:             **async_default**
  Path Type:              Recovery (Max at Slow Process Corner)
  Requirement:            10.000ns  (sys_clk rise@10.000ns - sys_clk rise@0.000ns)
  Data Path Delay:        8.256ns  (logic 0.642ns (7.777%)  route 7.614ns (92.223%))
  Logic Levels:           1  (LUT5=1)
  Clock Path Skew:        -0.049ns (DCD - SCD + CPR)
    Destination Clock Delay (DCD):    0.924ns = ( 10.924 - 10.000 )
    Source Clock Delay      (SCD):    0.973ns
    Clock Pessimism Removal (CPR):    0.000ns
  Clock Uncertainty:      0.035ns  ((TSJ^2 + TIJ^2)^1/2 + DJ) / 2 + PE
    Total System Jitter     (TSJ):    0.071ns
    Total Input Jitter      (TIJ):    0.000ns
    Discrete Jitter          (DJ):    0.000ns
    Phase Error              (PE):    0.000ns

    Location             Delay type                Incr(ns)  Path(ns)    Netlist Resource(s)
  -------------------------------------------------------------------    -------------------
                         (clock sys_clk rise edge)    0.000     0.000 r
                                                      0.000     0.000 r  clk (IN)
                         net (fo=19606, unset)        0.973     0.973    u_edge/u_control/u_seed/clk
    SLICE_X14Y50         FDCE                                         r  u_edge/u_control/u_seed/FSM_sequential_state_reg[2]/C
  -------------------------------------------------------------------    -------------------
    SLICE_X14Y50         FDCE (Prop_fdce_C_Q)         0.518     1.491 r  u_edge/u_control/u_seed/FSM_sequential_state_reg[2]/Q
                         net (fo=524, routed)         2.273     3.764    u_edge/u_control/u_seed/state__0[2]
    SLICE_X28Y58         LUT5 (Prop_lut5_I1_O)        0.124     3.888 f  u_edge/u_control/u_seed/FSM_sequential_state[2]_i_2/O
                         net (fo=4075, routed)        5.340     9.229    u_edge/u_control/u_seed/u_kdf/done_reg_0
    SLICE_X62Y29         FDCE                                         f  u_edge/u_control/u_seed/u_kdf/FSM_sequential_state_reg[2]_rep__0/CLR
  -------------------------------------------------------------------    -------------------

                         (clock sys_clk rise edge)   10.000    10.000 r
                                                      0.000    10.000 r  clk (IN)
                         net (fo=19606, unset)        0.924    10.924    u_edge/u_control/u_seed/u_kdf/clk
    SLICE_X62Y29         FDCE                                         r  u_edge/u_control/u_seed/u_kdf/FSM_sequential_state_reg[2]_rep__0/C
                         clock pessimism              0.000    10.924
                         clock uncertainty           -0.035    10.889
    SLICE_X62Y29         FDCE (Recov_fdce_C_CLR)     -0.405    10.484    u_edge/u_control/u_seed/u_kdf/FSM_sequential_state_reg[2]_rep__0
  -------------------------------------------------------------------
                         required time                         10.484
                         arrival time                          -9.229
  -------------------------------------------------------------------
                         slack                                  1.255

Slack (MET) :             1.255ns  (required time - arrival time)
  Source:                 u_edge/u_control/u_seed/FSM_sequential_state_reg[2]/C
                            (rising edge-triggered cell FDCE clocked by sys_clk  {rise@0.000ns fall@5.000ns period=10.000ns})
  Destination:            u_edge/u_control/u_seed/u_kdf/FSM_sequential_state_reg[2]_rep__13/CLR
                            (recovery check against rising-edge clock sys_clk  {rise@0.000ns fall@5.000ns period=10.000ns})
  Path Group:             **async_default**
  Path Type:              Recovery (Max at Slow Process Corner)
  Requirement:            10.000ns  (sys_clk rise@10.000ns - sys_clk rise@0.000ns)
  Data Path Delay:        8.256ns  (logic 0.642ns (7.777%)  route 7.614ns (92.223%))
  Logic Levels:           1  (LUT5=1)
  Clock Path Skew:        -0.049ns (DCD - SCD + CPR)
    Destination Clock Delay (DCD):    0.924ns = ( 10.924 - 10.000 )
    Source Clock Delay      (SCD):    0.973ns
    Clock Pessimism Removal (CPR):    0.000ns
  Clock Uncertainty:      0.035ns  ((TSJ^2 + TIJ^2)^1/2 + DJ) / 2 + PE
    Total System Jitter     (TSJ):    0.071ns
    Total Input Jitter      (TIJ):    0.000ns
    Discrete Jitter          (DJ):    0.000ns
    Phase Error              (PE):    0.000ns

    Location             Delay type                Incr(ns)  Path(ns)    Netlist Resource(s)
  -------------------------------------------------------------------    -------------------
                         (clock sys_clk rise edge)    0.000     0.000 r
                                                      0.000     0.000 r  clk (IN)
                         net (fo=19606, unset)        0.973     0.973    u_edge/u_control/u_seed/clk
    SLICE_X14Y50         FDCE                                         r  u_edge/u_control/u_seed/FSM_sequential_state_reg[2]/C
  -------------------------------------------------------------------    -------------------
    SLICE_X14Y50         FDCE (Prop_fdce_C_Q)         0.518     1.491 r  u_edge/u_control/u_seed/FSM_sequential_state_reg[2]/Q
                         net (fo=524, routed)         2.273     3.764    u_edge/u_control/u_seed/state__0[2]
    SLICE_X28Y58         LUT5 (Prop_lut5_I1_O)        0.124     3.888 f  u_edge/u_control/u_seed/FSM_sequential_state[2]_i_2/O
                         net (fo=4075, routed)        5.340     9.229    u_edge/u_control/u_seed/u_kdf/done_reg_0
    SLICE_X62Y29         FDCE                                         f  u_edge/u_control/u_seed/u_kdf/FSM_sequential_state_reg[2]_rep__13/CLR
  -------------------------------------------------------------------    -------------------

                         (clock sys_clk rise edge)   10.000    10.000 r
                                                      0.000    10.000 r  clk (IN)
                         net (fo=19606, unset)        0.924    10.924    u_edge/u_control/u_seed/u_kdf/clk
    SLICE_X62Y29         FDCE                                         r  u_edge/u_control/u_seed/u_kdf/FSM_sequential_state_reg[2]_rep__13/C
                         clock pessimism              0.000    10.924
                         clock uncertainty           -0.035    10.889
    SLICE_X62Y29         FDCE (Recov_fdce_C_CLR)     -0.405    10.484    u_edge/u_control/u_seed/u_kdf/FSM_sequential_state_reg[2]_rep__13
  -------------------------------------------------------------------
                         required time                         10.484
                         arrival time                          -9.229
  -------------------------------------------------------------------
                         slack                                  1.255

Slack (MET) :             1.255ns  (required time - arrival time)
  Source:                 u_edge/u_control/u_seed/FSM_sequential_state_reg[2]/C
                            (rising edge-triggered cell FDCE clocked by sys_clk  {rise@0.000ns fall@5.000ns period=10.000ns})
  Destination:            u_edge/u_control/u_seed/u_kdf/FSM_sequential_state_reg[2]_rep__14/CLR
                            (recovery check against rising-edge clock sys_clk  {rise@0.000ns fall@5.000ns period=10.000ns})
  Path Group:             **async_default**
  Path Type:              Recovery (Max at Slow Process Corner)
  Requirement:            10.000ns  (sys_clk rise@10.000ns - sys_clk rise@0.000ns)
  Data Path Delay:        8.256ns  (logic 0.642ns (7.777%)  route 7.614ns (92.223%))
  Logic Levels:           1  (LUT5=1)
  Clock Path Skew:        -0.049ns (DCD - SCD + CPR)
    Destination Clock Delay (DCD):    0.924ns = ( 10.924 - 10.000 )
    Source Clock Delay      (SCD):    0.973ns
    Clock Pessimism Removal (CPR):    0.000ns
  Clock Uncertainty:      0.035ns  ((TSJ^2 + TIJ^2)^1/2 + DJ) / 2 + PE
    Total System Jitter     (TSJ):    0.071ns
    Total Input Jitter      (TIJ):    0.000ns
    Discrete Jitter          (DJ):    0.000ns
    Phase Error              (PE):    0.000ns

    Location             Delay type                Incr(ns)  Path(ns)    Netlist Resource(s)
  -------------------------------------------------------------------    -------------------
                         (clock sys_clk rise edge)    0.000     0.000 r
                                                      0.000     0.000 r  clk (IN)
                         net (fo=19606, unset)        0.973     0.973    u_edge/u_control/u_seed/clk
    SLICE_X14Y50         FDCE                                         r  u_edge/u_control/u_seed/FSM_sequential_state_reg[2]/C
  -------------------------------------------------------------------    -------------------
    SLICE_X14Y50         FDCE (Prop_fdce_C_Q)         0.518     1.491 r  u_edge/u_control/u_seed/FSM_sequential_state_reg[2]/Q
                         net (fo=524, routed)         2.273     3.764    u_edge/u_control/u_seed/state__0[2]
    SLICE_X28Y58         LUT5 (Prop_lut5_I1_O)        0.124     3.888 f  u_edge/u_control/u_seed/FSM_sequential_state[2]_i_2/O
                         net (fo=4075, routed)        5.340     9.229    u_edge/u_control/u_seed/u_kdf/done_reg_0
    SLICE_X62Y29         FDCE                                         f  u_edge/u_control/u_seed/u_kdf/FSM_sequential_state_reg[2]_rep__14/CLR
  -------------------------------------------------------------------    -------------------

                         (clock sys_clk rise edge)   10.000    10.000 r
                                                      0.000    10.000 r  clk (IN)
                         net (fo=19606, unset)        0.924    10.924    u_edge/u_control/u_seed/u_kdf/clk
    SLICE_X62Y29         FDCE                                         r  u_edge/u_control/u_seed/u_kdf/FSM_sequential_state_reg[2]_rep__14/C
                         clock pessimism              0.000    10.924
                         clock uncertainty           -0.035    10.889
    SLICE_X62Y29         FDCE (Recov_fdce_C_CLR)     -0.405    10.484    u_edge/u_control/u_seed/u_kdf/FSM_sequential_state_reg[2]_rep__14
  -------------------------------------------------------------------
                         required time                         10.484
                         arrival time                          -9.229
  -------------------------------------------------------------------
                         slack                                  1.255

Slack (MET) :             1.255ns  (required time - arrival time)
  Source:                 u_edge/u_control/u_seed/FSM_sequential_state_reg[2]/C
                            (rising edge-triggered cell FDCE clocked by sys_clk  {rise@0.000ns fall@5.000ns period=10.000ns})
  Destination:            u_edge/u_control/u_seed/u_kdf/FSM_sequential_state_reg[2]_rep__27/CLR
                            (recovery check against rising-edge clock sys_clk  {rise@0.000ns fall@5.000ns period=10.000ns})
  Path Group:             **async_default**
  Path Type:              Recovery (Max at Slow Process Corner)
  Requirement:            10.000ns  (sys_clk rise@10.000ns - sys_clk rise@0.000ns)
  Data Path Delay:        8.256ns  (logic 0.642ns (7.777%)  route 7.614ns (92.223%))
  Logic Levels:           1  (LUT5=1)
  Clock Path Skew:        -0.049ns (DCD - SCD + CPR)
    Destination Clock Delay (DCD):    0.924ns = ( 10.924 - 10.000 )
    Source Clock Delay      (SCD):    0.973ns
    Clock Pessimism Removal (CPR):    0.000ns
  Clock Uncertainty:      0.035ns  ((TSJ^2 + TIJ^2)^1/2 + DJ) / 2 + PE
    Total System Jitter     (TSJ):    0.071ns
    Total Input Jitter      (TIJ):    0.000ns
    Discrete Jitter          (DJ):    0.000ns
    Phase Error              (PE):    0.000ns

    Location             Delay type                Incr(ns)  Path(ns)    Netlist Resource(s)
  -------------------------------------------------------------------    -------------------
                         (clock sys_clk rise edge)    0.000     0.000 r
                                                      0.000     0.000 r  clk (IN)
                         net (fo=19606, unset)        0.973     0.973    u_edge/u_control/u_seed/clk
    SLICE_X14Y50         FDCE                                         r  u_edge/u_control/u_seed/FSM_sequential_state_reg[2]/C
  -------------------------------------------------------------------    -------------------
    SLICE_X14Y50         FDCE (Prop_fdce_C_Q)         0.518     1.491 r  u_edge/u_control/u_seed/FSM_sequential_state_reg[2]/Q
                         net (fo=524, routed)         2.273     3.764    u_edge/u_control/u_seed/state__0[2]
    SLICE_X28Y58         LUT5 (Prop_lut5_I1_O)        0.124     3.888 f  u_edge/u_control/u_seed/FSM_sequential_state[2]_i_2/O
                         net (fo=4075, routed)        5.340     9.229    u_edge/u_control/u_seed/u_kdf/done_reg_0
    SLICE_X62Y29         FDCE                                         f  u_edge/u_control/u_seed/u_kdf/FSM_sequential_state_reg[2]_rep__27/CLR
  -------------------------------------------------------------------    -------------------

                         (clock sys_clk rise edge)   10.000    10.000 r
                                                      0.000    10.000 r  clk (IN)
                         net (fo=19606, unset)        0.924    10.924    u_edge/u_control/u_seed/u_kdf/clk
    SLICE_X62Y29         FDCE                                         r  u_edge/u_control/u_seed/u_kdf/FSM_sequential_state_reg[2]_rep__27/C
                         clock pessimism              0.000    10.924
                         clock uncertainty           -0.035    10.889
    SLICE_X62Y29         FDCE (Recov_fdce_C_CLR)     -0.405    10.484    u_edge/u_control/u_seed/u_kdf/FSM_sequential_state_reg[2]_rep__27
  -------------------------------------------------------------------
                         required time                         10.484
                         arrival time                          -9.229
  -------------------------------------------------------------------
                         slack                                  1.255

Slack (MET) :             1.255ns  (required time - arrival time)
  Source:                 u_edge/u_control/u_seed/FSM_sequential_state_reg[2]/C
                            (rising edge-triggered cell FDCE clocked by sys_clk  {rise@0.000ns fall@5.000ns period=10.000ns})
  Destination:            u_edge/u_control/u_seed/u_kdf/FSM_sequential_state_reg[2]_rep__3/CLR
                            (recovery check against rising-edge clock sys_clk  {rise@0.000ns fall@5.000ns period=10.000ns})
  Path Group:             **async_default**
  Path Type:              Recovery (Max at Slow Process Corner)
  Requirement:            10.000ns  (sys_clk rise@10.000ns - sys_clk rise@0.000ns)
  Data Path Delay:        8.256ns  (logic 0.642ns (7.777%)  route 7.614ns (92.223%))
  Logic Levels:           1  (LUT5=1)
  Clock Path Skew:        -0.049ns (DCD - SCD + CPR)
    Destination Clock Delay (DCD):    0.924ns = ( 10.924 - 10.000 )
    Source Clock Delay      (SCD):    0.973ns
    Clock Pessimism Removal (CPR):    0.000ns
  Clock Uncertainty:      0.035ns  ((TSJ^2 + TIJ^2)^1/2 + DJ) / 2 + PE
    Total System Jitter     (TSJ):    0.071ns
    Total Input Jitter      (TIJ):    0.000ns
    Discrete Jitter          (DJ):    0.000ns
    Phase Error              (PE):    0.000ns

    Location             Delay type                Incr(ns)  Path(ns)    Netlist Resource(s)
  -------------------------------------------------------------------    -------------------
                         (clock sys_clk rise edge)    0.000     0.000 r
                                                      0.000     0.000 r  clk (IN)
                         net (fo=19606, unset)        0.973     0.973    u_edge/u_control/u_seed/clk
    SLICE_X14Y50         FDCE                                         r  u_edge/u_control/u_seed/FSM_sequential_state_reg[2]/C
  -------------------------------------------------------------------    -------------------
    SLICE_X14Y50         FDCE (Prop_fdce_C_Q)         0.518     1.491 r  u_edge/u_control/u_seed/FSM_sequential_state_reg[2]/Q
                         net (fo=524, routed)         2.273     3.764    u_edge/u_control/u_seed/state__0[2]
    SLICE_X28Y58         LUT5 (Prop_lut5_I1_O)        0.124     3.888 f  u_edge/u_control/u_seed/FSM_sequential_state[2]_i_2/O
                         net (fo=4075, routed)        5.340     9.229    u_edge/u_control/u_seed/u_kdf/done_reg_0
    SLICE_X62Y29         FDCE                                         f  u_edge/u_control/u_seed/u_kdf/FSM_sequential_state_reg[2]_rep__3/CLR
  -------------------------------------------------------------------    -------------------

                         (clock sys_clk rise edge)   10.000    10.000 r
                                                      0.000    10.000 r  clk (IN)
                         net (fo=19606, unset)        0.924    10.924    u_edge/u_control/u_seed/u_kdf/clk
    SLICE_X62Y29         FDCE                                         r  u_edge/u_control/u_seed/u_kdf/FSM_sequential_state_reg[2]_rep__3/C
                         clock pessimism              0.000    10.924
                         clock uncertainty           -0.035    10.889
    SLICE_X62Y29         FDCE (Recov_fdce_C_CLR)     -0.405    10.484    u_edge/u_control/u_seed/u_kdf/FSM_sequential_state_reg[2]_rep__3
  -------------------------------------------------------------------
                         required time                         10.484
                         arrival time                          -9.229
  -------------------------------------------------------------------
                         slack                                  1.255

Slack (MET) :             1.260ns  (required time - arrival time)
  Source:                 u_edge/u_control/u_seed/FSM_sequential_state_reg[2]/C
                            (rising edge-triggered cell FDCE clocked by sys_clk  {rise@0.000ns fall@5.000ns period=10.000ns})
  Destination:            u_edge/u_control/u_seed/u_kdf/lane_a_reg[22][10]/CLR
                            (recovery check against rising-edge clock sys_clk  {rise@0.000ns fall@5.000ns period=10.000ns})
  Path Group:             **async_default**
  Path Type:              Recovery (Max at Slow Process Corner)
  Requirement:            10.000ns  (sys_clk rise@10.000ns - sys_clk rise@0.000ns)
  Data Path Delay:        8.251ns  (logic 0.642ns (7.781%)  route 7.609ns (92.219%))
  Logic Levels:           1  (LUT5=1)
  Clock Path Skew:        -0.049ns (DCD - SCD + CPR)
    Destination Clock Delay (DCD):    0.924ns = ( 10.924 - 10.000 )
    Source Clock Delay      (SCD):    0.973ns
    Clock Pessimism Removal (CPR):    0.000ns
  Clock Uncertainty:      0.035ns  ((TSJ^2 + TIJ^2)^1/2 + DJ) / 2 + PE
    Total System Jitter     (TSJ):    0.071ns
    Total Input Jitter      (TIJ):    0.000ns
    Discrete Jitter          (DJ):    0.000ns
    Phase Error              (PE):    0.000ns

    Location             Delay type                Incr(ns)  Path(ns)    Netlist Resource(s)
  -------------------------------------------------------------------    -------------------
                         (clock sys_clk rise edge)    0.000     0.000 r
                                                      0.000     0.000 r  clk (IN)
                         net (fo=19606, unset)        0.973     0.973    u_edge/u_control/u_seed/clk
    SLICE_X14Y50         FDCE                                         r  u_edge/u_control/u_seed/FSM_sequential_state_reg[2]/C
  -------------------------------------------------------------------    -------------------
    SLICE_X14Y50         FDCE (Prop_fdce_C_Q)         0.518     1.491 r  u_edge/u_control/u_seed/FSM_sequential_state_reg[2]/Q
                         net (fo=524, routed)         2.273     3.764    u_edge/u_control/u_seed/state__0[2]
    SLICE_X28Y58         LUT5 (Prop_lut5_I1_O)        0.124     3.888 f  u_edge/u_control/u_seed/FSM_sequential_state[2]_i_2/O
                         net (fo=4075, routed)        5.336     9.224    u_edge/u_control/u_seed/u_kdf/done_reg_0
    SLICE_X63Y29         FDCE                                         f  u_edge/u_control/u_seed/u_kdf/lane_a_reg[22][10]/CLR
  -------------------------------------------------------------------    -------------------

                         (clock sys_clk rise edge)   10.000    10.000 r
                                                      0.000    10.000 r  clk (IN)
                         net (fo=19606, unset)        0.924    10.924    u_edge/u_control/u_seed/u_kdf/clk
    SLICE_X63Y29         FDCE                                         r  u_edge/u_control/u_seed/u_kdf/lane_a_reg[22][10]/C
                         clock pessimism              0.000    10.924
                         clock uncertainty           -0.035    10.889
    SLICE_X63Y29         FDCE (Recov_fdce_C_CLR)     -0.405    10.484    u_edge/u_control/u_seed/u_kdf/lane_a_reg[22][10]
  -------------------------------------------------------------------
                         required time                         10.484
                         arrival time                          -9.224
  -------------------------------------------------------------------
                         slack                                  1.260

Slack (MET) :             1.328ns  (required time - arrival time)
  Source:                 u_edge/u_control/u_seed/FSM_sequential_state_reg[2]/C
                            (rising edge-triggered cell FDCE clocked by sys_clk  {rise@0.000ns fall@5.000ns period=10.000ns})
  Destination:            u_edge/u_control/u_seed/u_kdf/lane_a_reg[20][10]/CLR
                            (recovery check against rising-edge clock sys_clk  {rise@0.000ns fall@5.000ns period=10.000ns})
  Path Group:             **async_default**
  Path Type:              Recovery (Max at Slow Process Corner)
  Requirement:            10.000ns  (sys_clk rise@10.000ns - sys_clk rise@0.000ns)
  Data Path Delay:        8.269ns  (logic 0.642ns (7.764%)  route 7.627ns (92.236%))
  Logic Levels:           1  (LUT5=1)
  Clock Path Skew:        -0.049ns (DCD - SCD + CPR)
    Destination Clock Delay (DCD):    0.924ns = ( 10.924 - 10.000 )
    Source Clock Delay      (SCD):    0.973ns
    Clock Pessimism Removal (CPR):    0.000ns
  Clock Uncertainty:      0.035ns  ((TSJ^2 + TIJ^2)^1/2 + DJ) / 2 + PE
    Total System Jitter     (TSJ):    0.071ns
    Total Input Jitter      (TIJ):    0.000ns
    Discrete Jitter          (DJ):    0.000ns
    Phase Error              (PE):    0.000ns

    Location             Delay type                Incr(ns)  Path(ns)    Netlist Resource(s)
  -------------------------------------------------------------------    -------------------
                         (clock sys_clk rise edge)    0.000     0.000 r
                                                      0.000     0.000 r  clk (IN)
                         net (fo=19606, unset)        0.973     0.973    u_edge/u_control/u_seed/clk
    SLICE_X14Y50         FDCE                                         r  u_edge/u_control/u_seed/FSM_sequential_state_reg[2]/C
  -------------------------------------------------------------------    -------------------
    SLICE_X14Y50         FDCE (Prop_fdce_C_Q)         0.518     1.491 r  u_edge/u_control/u_seed/FSM_sequential_state_reg[2]/Q
                         net (fo=524, routed)         2.273     3.764    u_edge/u_control/u_seed/state__0[2]
    SLICE_X28Y58         LUT5 (Prop_lut5_I1_O)        0.124     3.888 f  u_edge/u_control/u_seed/FSM_sequential_state[2]_i_2/O
                         net (fo=4075, routed)        5.353     9.242    u_edge/u_control/u_seed/u_kdf/done_reg_0
    SLICE_X64Y30         FDCE                                         f  u_edge/u_control/u_seed/u_kdf/lane_a_reg[20][10]/CLR
  -------------------------------------------------------------------    -------------------

                         (clock sys_clk rise edge)   10.000    10.000 r
                                                      0.000    10.000 r  clk (IN)
                         net (fo=19606, unset)        0.924    10.924    u_edge/u_control/u_seed/u_kdf/clk
    SLICE_X64Y30         FDCE                                         r  u_edge/u_control/u_seed/u_kdf/lane_a_reg[20][10]/C
                         clock pessimism              0.000    10.924
                         clock uncertainty           -0.035    10.889
    SLICE_X64Y30         FDCE (Recov_fdce_C_CLR)     -0.319    10.570    u_edge/u_control/u_seed/u_kdf/lane_a_reg[20][10]
  -------------------------------------------------------------------
                         required time                         10.570
                         arrival time                          -9.242
  -------------------------------------------------------------------
                         slack                                  1.328

Slack (MET) :             1.335ns  (required time - arrival time)
  Source:                 u_edge/u_control/u_seed/FSM_sequential_state_reg[2]/C
                            (rising edge-triggered cell FDCE clocked by sys_clk  {rise@0.000ns fall@5.000ns period=10.000ns})
  Destination:            u_edge/u_control/u_seed/u_kdf/lane_a_reg[10][7]/CLR
                            (recovery check against rising-edge clock sys_clk  {rise@0.000ns fall@5.000ns period=10.000ns})
  Path Group:             **async_default**
  Path Type:              Recovery (Max at Slow Process Corner)
  Requirement:            10.000ns  (sys_clk rise@10.000ns - sys_clk rise@0.000ns)
  Data Path Delay:        8.176ns  (logic 0.642ns (7.852%)  route 7.534ns (92.148%))
  Logic Levels:           1  (LUT5=1)
  Clock Path Skew:        -0.049ns (DCD - SCD + CPR)
    Destination Clock Delay (DCD):    0.924ns = ( 10.924 - 10.000 )
    Source Clock Delay      (SCD):    0.973ns
    Clock Pessimism Removal (CPR):    0.000ns
  Clock Uncertainty:      0.035ns  ((TSJ^2 + TIJ^2)^1/2 + DJ) / 2 + PE
    Total System Jitter     (TSJ):    0.071ns
    Total Input Jitter      (TIJ):    0.000ns
    Discrete Jitter          (DJ):    0.000ns
    Phase Error              (PE):    0.000ns

    Location             Delay type                Incr(ns)  Path(ns)    Netlist Resource(s)
  -------------------------------------------------------------------    -------------------
                         (clock sys_clk rise edge)    0.000     0.000 r
                                                      0.000     0.000 r  clk (IN)
                         net (fo=19606, unset)        0.973     0.973    u_edge/u_control/u_seed/clk
    SLICE_X14Y50         FDCE                                         r  u_edge/u_control/u_seed/FSM_sequential_state_reg[2]/C
  -------------------------------------------------------------------    -------------------
    SLICE_X14Y50         FDCE (Prop_fdce_C_Q)         0.518     1.491 r  u_edge/u_control/u_seed/FSM_sequential_state_reg[2]/Q
                         net (fo=524, routed)         2.273     3.764    u_edge/u_control/u_seed/state__0[2]
    SLICE_X28Y58         LUT5 (Prop_lut5_I1_O)        0.124     3.888 f  u_edge/u_control/u_seed/FSM_sequential_state[2]_i_2/O
                         net (fo=4075, routed)        5.260     9.149    u_edge/u_control/u_seed/u_kdf/done_reg_0
    SLICE_X58Y31         FDCE                                         f  u_edge/u_control/u_seed/u_kdf/lane_a_reg[10][7]/CLR
  -------------------------------------------------------------------    -------------------

                         (clock sys_clk rise edge)   10.000    10.000 r
                                                      0.000    10.000 r  clk (IN)
                         net (fo=19606, unset)        0.924    10.924    u_edge/u_control/u_seed/u_kdf/clk
    SLICE_X58Y31         FDCE                                         r  u_edge/u_control/u_seed/u_kdf/lane_a_reg[10][7]/C
                         clock pessimism              0.000    10.924
                         clock uncertainty           -0.035    10.889
    SLICE_X58Y31         FDCE (Recov_fdce_C_CLR)     -0.405    10.484    u_edge/u_control/u_seed/u_kdf/lane_a_reg[10][7]
  -------------------------------------------------------------------
                         required time                         10.484
                         arrival time                          -9.149
  -------------------------------------------------------------------
                         slack                                  1.335

Slack (MET) :             1.335ns  (required time - arrival time)
  Source:                 u_edge/u_control/u_seed/FSM_sequential_state_reg[2]/C
                            (rising edge-triggered cell FDCE clocked by sys_clk  {rise@0.000ns fall@5.000ns period=10.000ns})
  Destination:            u_edge/u_control/u_seed/u_kdf/lane_a_reg[10][8]/CLR
                            (recovery check against rising-edge clock sys_clk  {rise@0.000ns fall@5.000ns period=10.000ns})
  Path Group:             **async_default**
  Path Type:              Recovery (Max at Slow Process Corner)
  Requirement:            10.000ns  (sys_clk rise@10.000ns - sys_clk rise@0.000ns)
  Data Path Delay:        8.176ns  (logic 0.642ns (7.852%)  route 7.534ns (92.148%))
  Logic Levels:           1  (LUT5=1)
  Clock Path Skew:        -0.049ns (DCD - SCD + CPR)
    Destination Clock Delay (DCD):    0.924ns = ( 10.924 - 10.000 )
    Source Clock Delay      (SCD):    0.973ns
    Clock Pessimism Removal (CPR):    0.000ns
  Clock Uncertainty:      0.035ns  ((TSJ^2 + TIJ^2)^1/2 + DJ) / 2 + PE
    Total System Jitter     (TSJ):    0.071ns
    Total Input Jitter      (TIJ):    0.000ns
    Discrete Jitter          (DJ):    0.000ns
    Phase Error              (PE):    0.000ns

    Location             Delay type                Incr(ns)  Path(ns)    Netlist Resource(s)
  -------------------------------------------------------------------    -------------------
                         (clock sys_clk rise edge)    0.000     0.000 r
                                                      0.000     0.000 r  clk (IN)
                         net (fo=19606, unset)        0.973     0.973    u_edge/u_control/u_seed/clk
    SLICE_X14Y50         FDCE                                         r  u_edge/u_control/u_seed/FSM_sequential_state_reg[2]/C
  -------------------------------------------------------------------    -------------------
    SLICE_X14Y50         FDCE (Prop_fdce_C_Q)         0.518     1.491 r  u_edge/u_control/u_seed/FSM_sequential_state_reg[2]/Q
                         net (fo=524, routed)         2.273     3.764    u_edge/u_control/u_seed/state__0[2]
    SLICE_X28Y58         LUT5 (Prop_lut5_I1_O)        0.124     3.888 f  u_edge/u_control/u_seed/FSM_sequential_state[2]_i_2/O
                         net (fo=4075, routed)        5.260     9.149    u_edge/u_control/u_seed/u_kdf/done_reg_0
    SLICE_X58Y31         FDCE                                         f  u_edge/u_control/u_seed/u_kdf/lane_a_reg[10][8]/CLR
  -------------------------------------------------------------------    -------------------

                         (clock sys_clk rise edge)   10.000    10.000 r
                                                      0.000    10.000 r  clk (IN)
                         net (fo=19606, unset)        0.924    10.924    u_edge/u_control/u_seed/u_kdf/clk
    SLICE_X58Y31         FDCE                                         r  u_edge/u_control/u_seed/u_kdf/lane_a_reg[10][8]/C
                         clock pessimism              0.000    10.924
                         clock uncertainty           -0.035    10.889
    SLICE_X58Y31         FDCE (Recov_fdce_C_CLR)     -0.405    10.484    u_edge/u_control/u_seed/u_kdf/lane_a_reg[10][8]
  -------------------------------------------------------------------
                         required time                         10.484
                         arrival time                          -9.149
  -------------------------------------------------------------------
                         slack                                  1.335

Slack (MET) :             1.336ns  (required time - arrival time)
  Source:                 u_edge/u_control/u_seed/FSM_sequential_state_reg[2]/C
                            (rising edge-triggered cell FDCE clocked by sys_clk  {rise@0.000ns fall@5.000ns period=10.000ns})
  Destination:            u_edge/u_control/u_seed/u_kdf/lane_b_reg[20][8]/CLR
                            (recovery check against rising-edge clock sys_clk  {rise@0.000ns fall@5.000ns period=10.000ns})
  Path Group:             **async_default**
  Path Type:              Recovery (Max at Slow Process Corner)
  Requirement:            10.000ns  (sys_clk rise@10.000ns - sys_clk rise@0.000ns)
  Data Path Delay:        8.175ns  (logic 0.642ns (7.853%)  route 7.533ns (92.147%))
  Logic Levels:           1  (LUT5=1)
  Clock Path Skew:        -0.049ns (DCD - SCD + CPR)
    Destination Clock Delay (DCD):    0.924ns = ( 10.924 - 10.000 )
    Source Clock Delay      (SCD):    0.973ns
    Clock Pessimism Removal (CPR):    0.000ns
  Clock Uncertainty:      0.035ns  ((TSJ^2 + TIJ^2)^1/2 + DJ) / 2 + PE
    Total System Jitter     (TSJ):    0.071ns
    Total Input Jitter      (TIJ):    0.000ns
    Discrete Jitter          (DJ):    0.000ns
    Phase Error              (PE):    0.000ns

    Location             Delay type                Incr(ns)  Path(ns)    Netlist Resource(s)
  -------------------------------------------------------------------    -------------------
                         (clock sys_clk rise edge)    0.000     0.000 r
                                                      0.000     0.000 r  clk (IN)
                         net (fo=19606, unset)        0.973     0.973    u_edge/u_control/u_seed/clk
    SLICE_X14Y50         FDCE                                         r  u_edge/u_control/u_seed/FSM_sequential_state_reg[2]/C
  -------------------------------------------------------------------    -------------------
    SLICE_X14Y50         FDCE (Prop_fdce_C_Q)         0.518     1.491 r  u_edge/u_control/u_seed/FSM_sequential_state_reg[2]/Q
                         net (fo=524, routed)         2.273     3.764    u_edge/u_control/u_seed/state__0[2]
    SLICE_X28Y58         LUT5 (Prop_lut5_I1_O)        0.124     3.888 f  u_edge/u_control/u_seed/FSM_sequential_state[2]_i_2/O
                         net (fo=4075, routed)        5.260     9.148    u_edge/u_control/u_seed/u_kdf/done_reg_0
    SLICE_X57Y29         FDCE                                         f  u_edge/u_control/u_seed/u_kdf/lane_b_reg[20][8]/CLR
  -------------------------------------------------------------------    -------------------

                         (clock sys_clk rise edge)   10.000    10.000 r
                                                      0.000    10.000 r  clk (IN)
                         net (fo=19606, unset)        0.924    10.924    u_edge/u_control/u_seed/u_kdf/clk
    SLICE_X57Y29         FDCE                                         r  u_edge/u_control/u_seed/u_kdf/lane_b_reg[20][8]/C
                         clock pessimism              0.000    10.924
                         clock uncertainty           -0.035    10.889
    SLICE_X57Y29         FDCE (Recov_fdce_C_CLR)     -0.405    10.484    u_edge/u_control/u_seed/u_kdf/lane_b_reg[20][8]
  -------------------------------------------------------------------
                         required time                         10.484
                         arrival time                          -9.148
  -------------------------------------------------------------------
                         slack                                  1.336

Slack (MET) :             1.336ns  (required time - arrival time)
  Source:                 u_edge/u_control/u_seed/FSM_sequential_state_reg[2]/C
                            (rising edge-triggered cell FDCE clocked by sys_clk  {rise@0.000ns fall@5.000ns period=10.000ns})
  Destination:            u_edge/u_control/u_seed/u_kdf/lane_b_reg[20][9]/CLR
                            (recovery check against rising-edge clock sys_clk  {rise@0.000ns fall@5.000ns period=10.000ns})
  Path Group:             **async_default**
  Path Type:              Recovery (Max at Slow Process Corner)
  Requirement:            10.000ns  (sys_clk rise@10.000ns - sys_clk rise@0.000ns)
  Data Path Delay:        8.175ns  (logic 0.642ns (7.853%)  route 7.533ns (92.147%))
  Logic Levels:           1  (LUT5=1)
  Clock Path Skew:        -0.049ns (DCD - SCD + CPR)
    Destination Clock Delay (DCD):    0.924ns = ( 10.924 - 10.000 )
    Source Clock Delay      (SCD):    0.973ns
    Clock Pessimism Removal (CPR):    0.000ns
  Clock Uncertainty:      0.035ns  ((TSJ^2 + TIJ^2)^1/2 + DJ) / 2 + PE
    Total System Jitter     (TSJ):    0.071ns
    Total Input Jitter      (TIJ):    0.000ns
    Discrete Jitter          (DJ):    0.000ns
    Phase Error              (PE):    0.000ns

    Location             Delay type                Incr(ns)  Path(ns)    Netlist Resource(s)
  -------------------------------------------------------------------    -------------------
                         (clock sys_clk rise edge)    0.000     0.000 r
                                                      0.000     0.000 r  clk (IN)
                         net (fo=19606, unset)        0.973     0.973    u_edge/u_control/u_seed/clk
    SLICE_X14Y50         FDCE                                         r  u_edge/u_control/u_seed/FSM_sequential_state_reg[2]/C
  -------------------------------------------------------------------    -------------------
    SLICE_X14Y50         FDCE (Prop_fdce_C_Q)         0.518     1.491 r  u_edge/u_control/u_seed/FSM_sequential_state_reg[2]/Q
                         net (fo=524, routed)         2.273     3.764    u_edge/u_control/u_seed/state__0[2]
    SLICE_X28Y58         LUT5 (Prop_lut5_I1_O)        0.124     3.888 f  u_edge/u_control/u_seed/FSM_sequential_state[2]_i_2/O
                         net (fo=4075, routed)        5.260     9.148    u_edge/u_control/u_seed/u_kdf/done_reg_0
    SLICE_X57Y29         FDCE                                         f  u_edge/u_control/u_seed/u_kdf/lane_b_reg[20][9]/CLR
  -------------------------------------------------------------------    -------------------

                         (clock sys_clk rise edge)   10.000    10.000 r
                                                      0.000    10.000 r  clk (IN)
                         net (fo=19606, unset)        0.924    10.924    u_edge/u_control/u_seed/u_kdf/clk
    SLICE_X57Y29         FDCE                                         r  u_edge/u_control/u_seed/u_kdf/lane_b_reg[20][9]/C
                         clock pessimism              0.000    10.924
                         clock uncertainty           -0.035    10.889
    SLICE_X57Y29         FDCE (Recov_fdce_C_CLR)     -0.405    10.484    u_edge/u_control/u_seed/u_kdf/lane_b_reg[20][9]
  -------------------------------------------------------------------
                         required time                         10.484
                         arrival time                          -9.148
  -------------------------------------------------------------------
                         slack                                  1.336

Slack (MET) :             1.336ns  (required time - arrival time)
  Source:                 u_edge/u_control/u_seed/FSM_sequential_state_reg[2]/C
                            (rising edge-triggered cell FDCE clocked by sys_clk  {rise@0.000ns fall@5.000ns period=10.000ns})
  Destination:            u_edge/u_control/u_seed/u_kdf/lane_b_reg[21][7]/CLR
                            (recovery check against rising-edge clock sys_clk  {rise@0.000ns fall@5.000ns period=10.000ns})
  Path Group:             **async_default**
  Path Type:              Recovery (Max at Slow Process Corner)
  Requirement:            10.000ns  (sys_clk rise@10.000ns - sys_clk rise@0.000ns)
  Data Path Delay:        8.175ns  (logic 0.642ns (7.853%)  route 7.533ns (92.147%))
  Logic Levels:           1  (LUT5=1)
  Clock Path Skew:        -0.049ns (DCD - SCD + CPR)
    Destination Clock Delay (DCD):    0.924ns = ( 10.924 - 10.000 )
    Source Clock Delay      (SCD):    0.973ns
    Clock Pessimism Removal (CPR):    0.000ns
  Clock Uncertainty:      0.035ns  ((TSJ^2 + TIJ^2)^1/2 + DJ) / 2 + PE
    Total System Jitter     (TSJ):    0.071ns
    Total Input Jitter      (TIJ):    0.000ns
    Discrete Jitter          (DJ):    0.000ns
    Phase Error              (PE):    0.000ns

    Location             Delay type                Incr(ns)  Path(ns)    Netlist Resource(s)
  -------------------------------------------------------------------    -------------------
                         (clock sys_clk rise edge)    0.000     0.000 r
                                                      0.000     0.000 r  clk (IN)
                         net (fo=19606, unset)        0.973     0.973    u_edge/u_control/u_seed/clk
    SLICE_X14Y50         FDCE                                         r  u_edge/u_control/u_seed/FSM_sequential_state_reg[2]/C
  -------------------------------------------------------------------    -------------------
    SLICE_X14Y50         FDCE (Prop_fdce_C_Q)         0.518     1.491 r  u_edge/u_control/u_seed/FSM_sequential_state_reg[2]/Q
                         net (fo=524, routed)         2.273     3.764    u_edge/u_control/u_seed/state__0[2]
    SLICE_X28Y58         LUT5 (Prop_lut5_I1_O)        0.124     3.888 f  u_edge/u_control/u_seed/FSM_sequential_state[2]_i_2/O
                         net (fo=4075, routed)        5.260     9.148    u_edge/u_control/u_seed/u_kdf/done_reg_0
    SLICE_X57Y29         FDCE                                         f  u_edge/u_control/u_seed/u_kdf/lane_b_reg[21][7]/CLR
  -------------------------------------------------------------------    -------------------

                         (clock sys_clk rise edge)   10.000    10.000 r
                                                      0.000    10.000 r  clk (IN)
                         net (fo=19606, unset)        0.924    10.924    u_edge/u_control/u_seed/u_kdf/clk
    SLICE_X57Y29         FDCE                                         r  u_edge/u_control/u_seed/u_kdf/lane_b_reg[21][7]/C
                         clock pessimism              0.000    10.924
                         clock uncertainty           -0.035    10.889
    SLICE_X57Y29         FDCE (Recov_fdce_C_CLR)     -0.405    10.484    u_edge/u_control/u_seed/u_kdf/lane_b_reg[21][7]
  -------------------------------------------------------------------
                         required time                         10.484
                         arrival time                          -9.148
  -------------------------------------------------------------------
                         slack                                  1.336





Min Delay Paths
--------------------------------------------------------------------------------------
Slack (MET) :             0.692ns  (arrival time - required time)
  Source:                 u_edge/u_control/u_seed/FSM_sequential_state_reg[0]/C
                            (rising edge-triggered cell FDCE clocked by sys_clk  {rise@0.000ns fall@5.000ns period=10.000ns})
  Destination:            u_edge/u_control/u_seed/u_kdf/seed_out_reg[34]/CLR
                            (removal check against rising-edge clock sys_clk  {rise@0.000ns fall@5.000ns period=10.000ns})
  Path Group:             **async_default**
  Path Type:              Removal (Min at Fast Process Corner)
  Requirement:            0.000ns  (sys_clk rise@0.000ns - sys_clk rise@0.000ns)
  Data Path Delay:        0.621ns  (logic 0.186ns (29.933%)  route 0.435ns (70.067%))
  Logic Levels:           1  (LUT5=1)
  Clock Path Skew:        0.022ns (DCD - SCD - CPR)
    Destination Clock Delay (DCD):    0.432ns
    Source Clock Delay      (SCD):    0.410ns
    Clock Pessimism Removal (CPR):    -0.000ns

    Location             Delay type                Incr(ns)  Path(ns)    Netlist Resource(s)
  -------------------------------------------------------------------    -------------------
                         (clock sys_clk rise edge)    0.000     0.000 r
                                                      0.000     0.000 r  clk (IN)
                         net (fo=19606, unset)        0.410     0.410    u_edge/u_control/u_seed/clk
    SLICE_X28Y58         FDCE                                         r  u_edge/u_control/u_seed/FSM_sequential_state_reg[0]/C
  -------------------------------------------------------------------    -------------------
    SLICE_X28Y58         FDCE (Prop_fdce_C_Q)         0.141     0.551 r  u_edge/u_control/u_seed/FSM_sequential_state_reg[0]/Q
                         net (fo=524, routed)         0.200     0.751    u_edge/u_control/u_seed/state__0[0]
    SLICE_X28Y58         LUT5 (Prop_lut5_I2_O)        0.045     0.796 f  u_edge/u_control/u_seed/FSM_sequential_state[2]_i_2/O
                         net (fo=4075, routed)        0.235     1.032    u_edge/u_control/u_seed/u_kdf/done_reg_0
    SLICE_X36Y58         FDCE                                         f  u_edge/u_control/u_seed/u_kdf/seed_out_reg[34]/CLR
  -------------------------------------------------------------------    -------------------

                         (clock sys_clk rise edge)    0.000     0.000 r
                                                      0.000     0.000 r  clk (IN)
                         net (fo=19606, unset)        0.432     0.432    u_edge/u_control/u_seed/u_kdf/clk
    SLICE_X36Y58         FDCE                                         r  u_edge/u_control/u_seed/u_kdf/seed_out_reg[34]/C
                         clock pessimism              0.000     0.432
    SLICE_X36Y58         FDCE (Remov_fdce_C_CLR)     -0.092     0.340    u_edge/u_control/u_seed/u_kdf/seed_out_reg[34]
  -------------------------------------------------------------------
                         required time                         -0.340
                         arrival time                           1.032
  -------------------------------------------------------------------
                         slack                                  0.692

Slack (MET) :             0.692ns  (arrival time - required time)
  Source:                 u_edge/u_control/u_seed/FSM_sequential_state_reg[0]/C
                            (rising edge-triggered cell FDCE clocked by sys_clk  {rise@0.000ns fall@5.000ns period=10.000ns})
  Destination:            u_edge/u_control/u_seed/u_kdf/seed_out_reg[35]/CLR
                            (removal check against rising-edge clock sys_clk  {rise@0.000ns fall@5.000ns period=10.000ns})
  Path Group:             **async_default**
  Path Type:              Removal (Min at Fast Process Corner)
  Requirement:            0.000ns  (sys_clk rise@0.000ns - sys_clk rise@0.000ns)
  Data Path Delay:        0.621ns  (logic 0.186ns (29.933%)  route 0.435ns (70.067%))
  Logic Levels:           1  (LUT5=1)
  Clock Path Skew:        0.022ns (DCD - SCD - CPR)
    Destination Clock Delay (DCD):    0.432ns
    Source Clock Delay      (SCD):    0.410ns
    Clock Pessimism Removal (CPR):    -0.000ns

    Location             Delay type                Incr(ns)  Path(ns)    Netlist Resource(s)
  -------------------------------------------------------------------    -------------------
                         (clock sys_clk rise edge)    0.000     0.000 r
                                                      0.000     0.000 r  clk (IN)
                         net (fo=19606, unset)        0.410     0.410    u_edge/u_control/u_seed/clk
    SLICE_X28Y58         FDCE                                         r  u_edge/u_control/u_seed/FSM_sequential_state_reg[0]/C
  -------------------------------------------------------------------    -------------------
    SLICE_X28Y58         FDCE (Prop_fdce_C_Q)         0.141     0.551 r  u_edge/u_control/u_seed/FSM_sequential_state_reg[0]/Q
                         net (fo=524, routed)         0.200     0.751    u_edge/u_control/u_seed/state__0[0]
    SLICE_X28Y58         LUT5 (Prop_lut5_I2_O)        0.045     0.796 f  u_edge/u_control/u_seed/FSM_sequential_state[2]_i_2/O
                         net (fo=4075, routed)        0.235     1.032    u_edge/u_control/u_seed/u_kdf/done_reg_0
    SLICE_X36Y58         FDCE                                         f  u_edge/u_control/u_seed/u_kdf/seed_out_reg[35]/CLR
  -------------------------------------------------------------------    -------------------

                         (clock sys_clk rise edge)    0.000     0.000 r
                                                      0.000     0.000 r  clk (IN)
                         net (fo=19606, unset)        0.432     0.432    u_edge/u_control/u_seed/u_kdf/clk
    SLICE_X36Y58         FDCE                                         r  u_edge/u_control/u_seed/u_kdf/seed_out_reg[35]/C
                         clock pessimism              0.000     0.432
    SLICE_X36Y58         FDCE (Remov_fdce_C_CLR)     -0.092     0.340    u_edge/u_control/u_seed/u_kdf/seed_out_reg[35]
  -------------------------------------------------------------------
                         required time                         -0.340
                         arrival time                           1.032
  -------------------------------------------------------------------
                         slack                                  0.692

Slack (MET) :             0.738ns  (arrival time - required time)
  Source:                 u_edge/u_control/u_seed/FSM_sequential_state_reg[0]/C
                            (rising edge-triggered cell FDCE clocked by sys_clk  {rise@0.000ns fall@5.000ns period=10.000ns})
  Destination:            u_edge/u_control/u_seed/u_kdf/seed_out_reg[184]/CLR
                            (removal check against rising-edge clock sys_clk  {rise@0.000ns fall@5.000ns period=10.000ns})
  Path Group:             **async_default**
  Path Type:              Removal (Min at Fast Process Corner)
  Requirement:            0.000ns  (sys_clk rise@0.000ns - sys_clk rise@0.000ns)
  Data Path Delay:        0.692ns  (logic 0.186ns (26.862%)  route 0.506ns (73.138%))
  Logic Levels:           1  (LUT5=1)
  Clock Path Skew:        0.022ns (DCD - SCD - CPR)
    Destination Clock Delay (DCD):    0.432ns
    Source Clock Delay      (SCD):    0.410ns
    Clock Pessimism Removal (CPR):    -0.000ns

    Location             Delay type                Incr(ns)  Path(ns)    Netlist Resource(s)
  -------------------------------------------------------------------    -------------------
                         (clock sys_clk rise edge)    0.000     0.000 r
                                                      0.000     0.000 r  clk (IN)
                         net (fo=19606, unset)        0.410     0.410    u_edge/u_control/u_seed/clk
    SLICE_X28Y58         FDCE                                         r  u_edge/u_control/u_seed/FSM_sequential_state_reg[0]/C
  -------------------------------------------------------------------    -------------------
    SLICE_X28Y58         FDCE (Prop_fdce_C_Q)         0.141     0.551 r  u_edge/u_control/u_seed/FSM_sequential_state_reg[0]/Q
                         net (fo=524, routed)         0.200     0.751    u_edge/u_control/u_seed/state__0[0]
    SLICE_X28Y58         LUT5 (Prop_lut5_I2_O)        0.045     0.796 f  u_edge/u_control/u_seed/FSM_sequential_state[2]_i_2/O
                         net (fo=4075, routed)        0.306     1.103    u_edge/u_control/u_seed/u_kdf/done_reg_0
    SLICE_X34Y64         FDCE                                         f  u_edge/u_control/u_seed/u_kdf/seed_out_reg[184]/CLR
  -------------------------------------------------------------------    -------------------

                         (clock sys_clk rise edge)    0.000     0.000 r
                                                      0.000     0.000 r  clk (IN)
                         net (fo=19606, unset)        0.432     0.432    u_edge/u_control/u_seed/u_kdf/clk
    SLICE_X34Y64         FDCE                                         r  u_edge/u_control/u_seed/u_kdf/seed_out_reg[184]/C
                         clock pessimism              0.000     0.432
    SLICE_X34Y64         FDCE (Remov_fdce_C_CLR)     -0.067     0.365    u_edge/u_control/u_seed/u_kdf/seed_out_reg[184]
  -------------------------------------------------------------------
                         required time                         -0.365
                         arrival time                           1.103
  -------------------------------------------------------------------
                         slack                                  0.738

Slack (MET) :             0.738ns  (arrival time - required time)
  Source:                 u_edge/u_control/u_seed/FSM_sequential_state_reg[0]/C
                            (rising edge-triggered cell FDCE clocked by sys_clk  {rise@0.000ns fall@5.000ns period=10.000ns})
  Destination:            u_edge/u_control/u_seed/u_kdf/seed_out_reg[185]/CLR
                            (removal check against rising-edge clock sys_clk  {rise@0.000ns fall@5.000ns period=10.000ns})
  Path Group:             **async_default**
  Path Type:              Removal (Min at Fast Process Corner)
  Requirement:            0.000ns  (sys_clk rise@0.000ns - sys_clk rise@0.000ns)
  Data Path Delay:        0.692ns  (logic 0.186ns (26.862%)  route 0.506ns (73.138%))
  Logic Levels:           1  (LUT5=1)
  Clock Path Skew:        0.022ns (DCD - SCD - CPR)
    Destination Clock Delay (DCD):    0.432ns
    Source Clock Delay      (SCD):    0.410ns
    Clock Pessimism Removal (CPR):    -0.000ns

    Location             Delay type                Incr(ns)  Path(ns)    Netlist Resource(s)
  -------------------------------------------------------------------    -------------------
                         (clock sys_clk rise edge)    0.000     0.000 r
                                                      0.000     0.000 r  clk (IN)
                         net (fo=19606, unset)        0.410     0.410    u_edge/u_control/u_seed/clk
    SLICE_X28Y58         FDCE                                         r  u_edge/u_control/u_seed/FSM_sequential_state_reg[0]/C
  -------------------------------------------------------------------    -------------------
    SLICE_X28Y58         FDCE (Prop_fdce_C_Q)         0.141     0.551 r  u_edge/u_control/u_seed/FSM_sequential_state_reg[0]/Q
                         net (fo=524, routed)         0.200     0.751    u_edge/u_control/u_seed/state__0[0]
    SLICE_X28Y58         LUT5 (Prop_lut5_I2_O)        0.045     0.796 f  u_edge/u_control/u_seed/FSM_sequential_state[2]_i_2/O
                         net (fo=4075, routed)        0.306     1.103    u_edge/u_control/u_seed/u_kdf/done_reg_0
    SLICE_X34Y64         FDCE                                         f  u_edge/u_control/u_seed/u_kdf/seed_out_reg[185]/CLR
  -------------------------------------------------------------------    -------------------

                         (clock sys_clk rise edge)    0.000     0.000 r
                                                      0.000     0.000 r  clk (IN)
                         net (fo=19606, unset)        0.432     0.432    u_edge/u_control/u_seed/u_kdf/clk
    SLICE_X34Y64         FDCE                                         r  u_edge/u_control/u_seed/u_kdf/seed_out_reg[185]/C
                         clock pessimism              0.000     0.432
    SLICE_X34Y64         FDCE (Remov_fdce_C_CLR)     -0.067     0.365    u_edge/u_control/u_seed/u_kdf/seed_out_reg[185]
  -------------------------------------------------------------------
                         required time                         -0.365
                         arrival time                           1.103
  -------------------------------------------------------------------
                         slack                                  0.738

Slack (MET) :             0.738ns  (arrival time - required time)
  Source:                 u_edge/u_control/u_seed/FSM_sequential_state_reg[0]/C
                            (rising edge-triggered cell FDCE clocked by sys_clk  {rise@0.000ns fall@5.000ns period=10.000ns})
  Destination:            u_edge/u_control/u_seed/u_kdf/seed_out_reg[58]/CLR
                            (removal check against rising-edge clock sys_clk  {rise@0.000ns fall@5.000ns period=10.000ns})
  Path Group:             **async_default**
  Path Type:              Removal (Min at Fast Process Corner)
  Requirement:            0.000ns  (sys_clk rise@0.000ns - sys_clk rise@0.000ns)
  Data Path Delay:        0.692ns  (logic 0.186ns (26.862%)  route 0.506ns (73.138%))
  Logic Levels:           1  (LUT5=1)
  Clock Path Skew:        0.022ns (DCD - SCD - CPR)
    Destination Clock Delay (DCD):    0.432ns
    Source Clock Delay      (SCD):    0.410ns
    Clock Pessimism Removal (CPR):    -0.000ns

    Location             Delay type                Incr(ns)  Path(ns)    Netlist Resource(s)
  -------------------------------------------------------------------    -------------------
                         (clock sys_clk rise edge)    0.000     0.000 r
                                                      0.000     0.000 r  clk (IN)
                         net (fo=19606, unset)        0.410     0.410    u_edge/u_control/u_seed/clk
    SLICE_X28Y58         FDCE                                         r  u_edge/u_control/u_seed/FSM_sequential_state_reg[0]/C
  -------------------------------------------------------------------    -------------------
    SLICE_X28Y58         FDCE (Prop_fdce_C_Q)         0.141     0.551 r  u_edge/u_control/u_seed/FSM_sequential_state_reg[0]/Q
                         net (fo=524, routed)         0.200     0.751    u_edge/u_control/u_seed/state__0[0]
    SLICE_X28Y58         LUT5 (Prop_lut5_I2_O)        0.045     0.796 f  u_edge/u_control/u_seed/FSM_sequential_state[2]_i_2/O
                         net (fo=4075, routed)        0.306     1.103    u_edge/u_control/u_seed/u_kdf/done_reg_0
    SLICE_X34Y64         FDCE                                         f  u_edge/u_control/u_seed/u_kdf/seed_out_reg[58]/CLR
  -------------------------------------------------------------------    -------------------

                         (clock sys_clk rise edge)    0.000     0.000 r
                                                      0.000     0.000 r  clk (IN)
                         net (fo=19606, unset)        0.432     0.432    u_edge/u_control/u_seed/u_kdf/clk
    SLICE_X34Y64         FDCE                                         r  u_edge/u_control/u_seed/u_kdf/seed_out_reg[58]/C
                         clock pessimism              0.000     0.432
    SLICE_X34Y64         FDCE (Remov_fdce_C_CLR)     -0.067     0.365    u_edge/u_control/u_seed/u_kdf/seed_out_reg[58]
  -------------------------------------------------------------------
                         required time                         -0.365
                         arrival time                           1.103
  -------------------------------------------------------------------
                         slack                                  0.738

Slack (MET) :             0.738ns  (arrival time - required time)
  Source:                 u_edge/u_control/u_seed/FSM_sequential_state_reg[0]/C
                            (rising edge-triggered cell FDCE clocked by sys_clk  {rise@0.000ns fall@5.000ns period=10.000ns})
  Destination:            u_edge/u_control/u_seed/u_kdf/seed_out_reg[59]/CLR
                            (removal check against rising-edge clock sys_clk  {rise@0.000ns fall@5.000ns period=10.000ns})
  Path Group:             **async_default**
  Path Type:              Removal (Min at Fast Process Corner)
  Requirement:            0.000ns  (sys_clk rise@0.000ns - sys_clk rise@0.000ns)
  Data Path Delay:        0.692ns  (logic 0.186ns (26.862%)  route 0.506ns (73.138%))
  Logic Levels:           1  (LUT5=1)
  Clock Path Skew:        0.022ns (DCD - SCD - CPR)
    Destination Clock Delay (DCD):    0.432ns
    Source Clock Delay      (SCD):    0.410ns
    Clock Pessimism Removal (CPR):    -0.000ns

    Location             Delay type                Incr(ns)  Path(ns)    Netlist Resource(s)
  -------------------------------------------------------------------    -------------------
                         (clock sys_clk rise edge)    0.000     0.000 r
                                                      0.000     0.000 r  clk (IN)
                         net (fo=19606, unset)        0.410     0.410    u_edge/u_control/u_seed/clk
    SLICE_X28Y58         FDCE                                         r  u_edge/u_control/u_seed/FSM_sequential_state_reg[0]/C
  -------------------------------------------------------------------    -------------------
    SLICE_X28Y58         FDCE (Prop_fdce_C_Q)         0.141     0.551 r  u_edge/u_control/u_seed/FSM_sequential_state_reg[0]/Q
                         net (fo=524, routed)         0.200     0.751    u_edge/u_control/u_seed/state__0[0]
    SLICE_X28Y58         LUT5 (Prop_lut5_I2_O)        0.045     0.796 f  u_edge/u_control/u_seed/FSM_sequential_state[2]_i_2/O
                         net (fo=4075, routed)        0.306     1.103    u_edge/u_control/u_seed/u_kdf/done_reg_0
    SLICE_X34Y64         FDCE                                         f  u_edge/u_control/u_seed/u_kdf/seed_out_reg[59]/CLR
  -------------------------------------------------------------------    -------------------

                         (clock sys_clk rise edge)    0.000     0.000 r
                                                      0.000     0.000 r  clk (IN)
                         net (fo=19606, unset)        0.432     0.432    u_edge/u_control/u_seed/u_kdf/clk
    SLICE_X34Y64         FDCE                                         r  u_edge/u_control/u_seed/u_kdf/seed_out_reg[59]/C
                         clock pessimism              0.000     0.432
    SLICE_X34Y64         FDCE (Remov_fdce_C_CLR)     -0.067     0.365    u_edge/u_control/u_seed/u_kdf/seed_out_reg[59]
  -------------------------------------------------------------------
                         required time                         -0.365
                         arrival time                           1.103
  -------------------------------------------------------------------
                         slack                                  0.738

Slack (MET) :             0.750ns  (arrival time - required time)
  Source:                 u_edge/u_control/u_seed/FSM_sequential_state_reg[0]/C
                            (rising edge-triggered cell FDCE clocked by sys_clk  {rise@0.000ns fall@5.000ns period=10.000ns})
  Destination:            u_edge/u_control/u_seed/u_kdf/seed_out_reg[132]/CLR
                            (removal check against rising-edge clock sys_clk  {rise@0.000ns fall@5.000ns period=10.000ns})
  Path Group:             **async_default**
  Path Type:              Removal (Min at Fast Process Corner)
  Requirement:            0.000ns  (sys_clk rise@0.000ns - sys_clk rise@0.000ns)
  Data Path Delay:        0.679ns  (logic 0.186ns (27.384%)  route 0.493ns (72.616%))
  Logic Levels:           1  (LUT5=1)
  Clock Path Skew:        0.022ns (DCD - SCD - CPR)
    Destination Clock Delay (DCD):    0.432ns
    Source Clock Delay      (SCD):    0.410ns
    Clock Pessimism Removal (CPR):    -0.000ns

    Location             Delay type                Incr(ns)  Path(ns)    Netlist Resource(s)
  -------------------------------------------------------------------    -------------------
                         (clock sys_clk rise edge)    0.000     0.000 r
                                                      0.000     0.000 r  clk (IN)
                         net (fo=19606, unset)        0.410     0.410    u_edge/u_control/u_seed/clk
    SLICE_X28Y58         FDCE                                         r  u_edge/u_control/u_seed/FSM_sequential_state_reg[0]/C
  -------------------------------------------------------------------    -------------------
    SLICE_X28Y58         FDCE (Prop_fdce_C_Q)         0.141     0.551 r  u_edge/u_control/u_seed/FSM_sequential_state_reg[0]/Q
                         net (fo=524, routed)         0.200     0.751    u_edge/u_control/u_seed/state__0[0]
    SLICE_X28Y58         LUT5 (Prop_lut5_I2_O)        0.045     0.796 f  u_edge/u_control/u_seed/FSM_sequential_state[2]_i_2/O
                         net (fo=4075, routed)        0.293     1.089    u_edge/u_control/u_seed/u_kdf/done_reg_0
    SLICE_X28Y50         FDCE                                         f  u_edge/u_control/u_seed/u_kdf/seed_out_reg[132]/CLR
  -------------------------------------------------------------------    -------------------

                         (clock sys_clk rise edge)    0.000     0.000 r
                                                      0.000     0.000 r  clk (IN)
                         net (fo=19606, unset)        0.432     0.432    u_edge/u_control/u_seed/u_kdf/clk
    SLICE_X28Y50         FDCE                                         r  u_edge/u_control/u_seed/u_kdf/seed_out_reg[132]/C
                         clock pessimism              0.000     0.432
    SLICE_X28Y50         FDCE (Remov_fdce_C_CLR)     -0.092     0.340    u_edge/u_control/u_seed/u_kdf/seed_out_reg[132]
  -------------------------------------------------------------------
                         required time                         -0.340
                         arrival time                           1.089
  -------------------------------------------------------------------
                         slack                                  0.750

Slack (MET) :             0.750ns  (arrival time - required time)
  Source:                 u_edge/u_control/u_seed/FSM_sequential_state_reg[0]/C
                            (rising edge-triggered cell FDCE clocked by sys_clk  {rise@0.000ns fall@5.000ns period=10.000ns})
  Destination:            u_edge/u_control/u_seed/u_kdf/seed_out_reg[133]/CLR
                            (removal check against rising-edge clock sys_clk  {rise@0.000ns fall@5.000ns period=10.000ns})
  Path Group:             **async_default**
  Path Type:              Removal (Min at Fast Process Corner)
  Requirement:            0.000ns  (sys_clk rise@0.000ns - sys_clk rise@0.000ns)
  Data Path Delay:        0.679ns  (logic 0.186ns (27.384%)  route 0.493ns (72.616%))
  Logic Levels:           1  (LUT5=1)
  Clock Path Skew:        0.022ns (DCD - SCD - CPR)
    Destination Clock Delay (DCD):    0.432ns
    Source Clock Delay      (SCD):    0.410ns
    Clock Pessimism Removal (CPR):    -0.000ns

    Location             Delay type                Incr(ns)  Path(ns)    Netlist Resource(s)
  -------------------------------------------------------------------    -------------------
                         (clock sys_clk rise edge)    0.000     0.000 r
                                                      0.000     0.000 r  clk (IN)
                         net (fo=19606, unset)        0.410     0.410    u_edge/u_control/u_seed/clk
    SLICE_X28Y58         FDCE                                         r  u_edge/u_control/u_seed/FSM_sequential_state_reg[0]/C
  -------------------------------------------------------------------    -------------------
    SLICE_X28Y58         FDCE (Prop_fdce_C_Q)         0.141     0.551 r  u_edge/u_control/u_seed/FSM_sequential_state_reg[0]/Q
                         net (fo=524, routed)         0.200     0.751    u_edge/u_control/u_seed/state__0[0]
    SLICE_X28Y58         LUT5 (Prop_lut5_I2_O)        0.045     0.796 f  u_edge/u_control/u_seed/FSM_sequential_state[2]_i_2/O
                         net (fo=4075, routed)        0.293     1.089    u_edge/u_control/u_seed/u_kdf/done_reg_0
    SLICE_X28Y50         FDCE                                         f  u_edge/u_control/u_seed/u_kdf/seed_out_reg[133]/CLR
  -------------------------------------------------------------------    -------------------

                         (clock sys_clk rise edge)    0.000     0.000 r
                                                      0.000     0.000 r  clk (IN)
                         net (fo=19606, unset)        0.432     0.432    u_edge/u_control/u_seed/u_kdf/clk
    SLICE_X28Y50         FDCE                                         r  u_edge/u_control/u_seed/u_kdf/seed_out_reg[133]/C
                         clock pessimism              0.000     0.432
    SLICE_X28Y50         FDCE (Remov_fdce_C_CLR)     -0.092     0.340    u_edge/u_control/u_seed/u_kdf/seed_out_reg[133]
  -------------------------------------------------------------------
                         required time                         -0.340
                         arrival time                           1.089
  -------------------------------------------------------------------
                         slack                                  0.750

Slack (MET) :             0.750ns  (arrival time - required time)
  Source:                 u_edge/u_control/u_seed/FSM_sequential_state_reg[0]/C
                            (rising edge-triggered cell FDCE clocked by sys_clk  {rise@0.000ns fall@5.000ns period=10.000ns})
  Destination:            u_edge/u_control/u_seed/u_kdf/seed_out_reg[150]/CLR
                            (removal check against rising-edge clock sys_clk  {rise@0.000ns fall@5.000ns period=10.000ns})
  Path Group:             **async_default**
  Path Type:              Removal (Min at Fast Process Corner)
  Requirement:            0.000ns  (sys_clk rise@0.000ns - sys_clk rise@0.000ns)
  Data Path Delay:        0.679ns  (logic 0.186ns (27.384%)  route 0.493ns (72.616%))
  Logic Levels:           1  (LUT5=1)
  Clock Path Skew:        0.022ns (DCD - SCD - CPR)
    Destination Clock Delay (DCD):    0.432ns
    Source Clock Delay      (SCD):    0.410ns
    Clock Pessimism Removal (CPR):    -0.000ns

    Location             Delay type                Incr(ns)  Path(ns)    Netlist Resource(s)
  -------------------------------------------------------------------    -------------------
                         (clock sys_clk rise edge)    0.000     0.000 r
                                                      0.000     0.000 r  clk (IN)
                         net (fo=19606, unset)        0.410     0.410    u_edge/u_control/u_seed/clk
    SLICE_X28Y58         FDCE                                         r  u_edge/u_control/u_seed/FSM_sequential_state_reg[0]/C
  -------------------------------------------------------------------    -------------------
    SLICE_X28Y58         FDCE (Prop_fdce_C_Q)         0.141     0.551 r  u_edge/u_control/u_seed/FSM_sequential_state_reg[0]/Q
                         net (fo=524, routed)         0.200     0.751    u_edge/u_control/u_seed/state__0[0]
    SLICE_X28Y58         LUT5 (Prop_lut5_I2_O)        0.045     0.796 f  u_edge/u_control/u_seed/FSM_sequential_state[2]_i_2/O
                         net (fo=4075, routed)        0.293     1.089    u_edge/u_control/u_seed/u_kdf/done_reg_0
    SLICE_X28Y50         FDCE                                         f  u_edge/u_control/u_seed/u_kdf/seed_out_reg[150]/CLR
  -------------------------------------------------------------------    -------------------

                         (clock sys_clk rise edge)    0.000     0.000 r
                                                      0.000     0.000 r  clk (IN)
                         net (fo=19606, unset)        0.432     0.432    u_edge/u_control/u_seed/u_kdf/clk
    SLICE_X28Y50         FDCE                                         r  u_edge/u_control/u_seed/u_kdf/seed_out_reg[150]/C
                         clock pessimism              0.000     0.432
    SLICE_X28Y50         FDCE (Remov_fdce_C_CLR)     -0.092     0.340    u_edge/u_control/u_seed/u_kdf/seed_out_reg[150]
  -------------------------------------------------------------------
                         required time                         -0.340
                         arrival time                           1.089
  -------------------------------------------------------------------
                         slack                                  0.750

Slack (MET) :             0.750ns  (arrival time - required time)
  Source:                 u_edge/u_control/u_seed/FSM_sequential_state_reg[0]/C
                            (rising edge-triggered cell FDCE clocked by sys_clk  {rise@0.000ns fall@5.000ns period=10.000ns})
  Destination:            u_edge/u_control/u_seed/u_kdf/seed_out_reg[151]/CLR
                            (removal check against rising-edge clock sys_clk  {rise@0.000ns fall@5.000ns period=10.000ns})
  Path Group:             **async_default**
  Path Type:              Removal (Min at Fast Process Corner)
  Requirement:            0.000ns  (sys_clk rise@0.000ns - sys_clk rise@0.000ns)
  Data Path Delay:        0.679ns  (logic 0.186ns (27.384%)  route 0.493ns (72.616%))
  Logic Levels:           1  (LUT5=1)
  Clock Path Skew:        0.022ns (DCD - SCD - CPR)
    Destination Clock Delay (DCD):    0.432ns
    Source Clock Delay      (SCD):    0.410ns
    Clock Pessimism Removal (CPR):    -0.000ns

    Location             Delay type                Incr(ns)  Path(ns)    Netlist Resource(s)
  -------------------------------------------------------------------    -------------------
                         (clock sys_clk rise edge)    0.000     0.000 r
                                                      0.000     0.000 r  clk (IN)
                         net (fo=19606, unset)        0.410     0.410    u_edge/u_control/u_seed/clk
    SLICE_X28Y58         FDCE                                         r  u_edge/u_control/u_seed/FSM_sequential_state_reg[0]/C
  -------------------------------------------------------------------    -------------------
    SLICE_X28Y58         FDCE (Prop_fdce_C_Q)         0.141     0.551 r  u_edge/u_control/u_seed/FSM_sequential_state_reg[0]/Q
                         net (fo=524, routed)         0.200     0.751    u_edge/u_control/u_seed/state__0[0]
    SLICE_X28Y58         LUT5 (Prop_lut5_I2_O)        0.045     0.796 f  u_edge/u_control/u_seed/FSM_sequential_state[2]_i_2/O
                         net (fo=4075, routed)        0.293     1.089    u_edge/u_control/u_seed/u_kdf/done_reg_0
    SLICE_X28Y50         FDCE                                         f  u_edge/u_control/u_seed/u_kdf/seed_out_reg[151]/CLR
  -------------------------------------------------------------------    -------------------

                         (clock sys_clk rise edge)    0.000     0.000 r
                                                      0.000     0.000 r  clk (IN)
                         net (fo=19606, unset)        0.432     0.432    u_edge/u_control/u_seed/u_kdf/clk
    SLICE_X28Y50         FDCE                                         r  u_edge/u_control/u_seed/u_kdf/seed_out_reg[151]/C
                         clock pessimism              0.000     0.432
    SLICE_X28Y50         FDCE (Remov_fdce_C_CLR)     -0.092     0.340    u_edge/u_control/u_seed/u_kdf/seed_out_reg[151]
  -------------------------------------------------------------------
                         required time                         -0.340
                         arrival time                           1.089
  -------------------------------------------------------------------
                         slack                                  0.750

Slack (MET) :             0.750ns  (arrival time - required time)
  Source:                 u_edge/u_control/u_seed/FSM_sequential_state_reg[0]/C
                            (rising edge-triggered cell FDCE clocked by sys_clk  {rise@0.000ns fall@5.000ns period=10.000ns})
  Destination:            u_edge/u_control/u_seed/u_kdf/seed_out_reg[156]/CLR
                            (removal check against rising-edge clock sys_clk  {rise@0.000ns fall@5.000ns period=10.000ns})
  Path Group:             **async_default**
  Path Type:              Removal (Min at Fast Process Corner)
  Requirement:            0.000ns  (sys_clk rise@0.000ns - sys_clk rise@0.000ns)
  Data Path Delay:        0.679ns  (logic 0.186ns (27.384%)  route 0.493ns (72.616%))
  Logic Levels:           1  (LUT5=1)
  Clock Path Skew:        0.022ns (DCD - SCD - CPR)
    Destination Clock Delay (DCD):    0.432ns
    Source Clock Delay      (SCD):    0.410ns
    Clock Pessimism Removal (CPR):    -0.000ns

    Location             Delay type                Incr(ns)  Path(ns)    Netlist Resource(s)
  -------------------------------------------------------------------    -------------------
                         (clock sys_clk rise edge)    0.000     0.000 r
                                                      0.000     0.000 r  clk (IN)
                         net (fo=19606, unset)        0.410     0.410    u_edge/u_control/u_seed/clk
    SLICE_X28Y58         FDCE                                         r  u_edge/u_control/u_seed/FSM_sequential_state_reg[0]/C
  -------------------------------------------------------------------    -------------------
    SLICE_X28Y58         FDCE (Prop_fdce_C_Q)         0.141     0.551 r  u_edge/u_control/u_seed/FSM_sequential_state_reg[0]/Q
                         net (fo=524, routed)         0.200     0.751    u_edge/u_control/u_seed/state__0[0]
    SLICE_X28Y58         LUT5 (Prop_lut5_I2_O)        0.045     0.796 f  u_edge/u_control/u_seed/FSM_sequential_state[2]_i_2/O
                         net (fo=4075, routed)        0.293     1.089    u_edge/u_control/u_seed/u_kdf/done_reg_0
    SLICE_X28Y50         FDCE                                         f  u_edge/u_control/u_seed/u_kdf/seed_out_reg[156]/CLR
  -------------------------------------------------------------------    -------------------

                         (clock sys_clk rise edge)    0.000     0.000 r
                                                      0.000     0.000 r  clk (IN)
                         net (fo=19606, unset)        0.432     0.432    u_edge/u_control/u_seed/u_kdf/clk
    SLICE_X28Y50         FDCE                                         r  u_edge/u_control/u_seed/u_kdf/seed_out_reg[156]/C
                         clock pessimism              0.000     0.432
    SLICE_X28Y50         FDCE (Remov_fdce_C_CLR)     -0.092     0.340    u_edge/u_control/u_seed/u_kdf/seed_out_reg[156]
  -------------------------------------------------------------------
                         required time                         -0.340
                         arrival time                           1.089
  -------------------------------------------------------------------
                         slack                                  0.750

Slack (MET) :             0.750ns  (arrival time - required time)
  Source:                 u_edge/u_control/u_seed/FSM_sequential_state_reg[0]/C
                            (rising edge-triggered cell FDCE clocked by sys_clk  {rise@0.000ns fall@5.000ns period=10.000ns})
  Destination:            u_edge/u_control/u_seed/u_kdf/seed_out_reg[157]/CLR
                            (removal check against rising-edge clock sys_clk  {rise@0.000ns fall@5.000ns period=10.000ns})
  Path Group:             **async_default**
  Path Type:              Removal (Min at Fast Process Corner)
  Requirement:            0.000ns  (sys_clk rise@0.000ns - sys_clk rise@0.000ns)
  Data Path Delay:        0.679ns  (logic 0.186ns (27.384%)  route 0.493ns (72.616%))
  Logic Levels:           1  (LUT5=1)
  Clock Path Skew:        0.022ns (DCD - SCD - CPR)
    Destination Clock Delay (DCD):    0.432ns
    Source Clock Delay      (SCD):    0.410ns
    Clock Pessimism Removal (CPR):    -0.000ns

    Location             Delay type                Incr(ns)  Path(ns)    Netlist Resource(s)
  -------------------------------------------------------------------    -------------------
                         (clock sys_clk rise edge)    0.000     0.000 r
                                                      0.000     0.000 r  clk (IN)
                         net (fo=19606, unset)        0.410     0.410    u_edge/u_control/u_seed/clk
    SLICE_X28Y58         FDCE                                         r  u_edge/u_control/u_seed/FSM_sequential_state_reg[0]/C
  -------------------------------------------------------------------    -------------------
    SLICE_X28Y58         FDCE (Prop_fdce_C_Q)         0.141     0.551 r  u_edge/u_control/u_seed/FSM_sequential_state_reg[0]/Q
                         net (fo=524, routed)         0.200     0.751    u_edge/u_control/u_seed/state__0[0]
    SLICE_X28Y58         LUT5 (Prop_lut5_I2_O)        0.045     0.796 f  u_edge/u_control/u_seed/FSM_sequential_state[2]_i_2/O
                         net (fo=4075, routed)        0.293     1.089    u_edge/u_control/u_seed/u_kdf/done_reg_0
    SLICE_X28Y50         FDCE                                         f  u_edge/u_control/u_seed/u_kdf/seed_out_reg[157]/CLR
  -------------------------------------------------------------------    -------------------

                         (clock sys_clk rise edge)    0.000     0.000 r
                                                      0.000     0.000 r  clk (IN)
                         net (fo=19606, unset)        0.432     0.432    u_edge/u_control/u_seed/u_kdf/clk
    SLICE_X28Y50         FDCE                                         r  u_edge/u_control/u_seed/u_kdf/seed_out_reg[157]/C
                         clock pessimism              0.000     0.432
    SLICE_X28Y50         FDCE (Remov_fdce_C_CLR)     -0.092     0.340    u_edge/u_control/u_seed/u_kdf/seed_out_reg[157]
  -------------------------------------------------------------------
                         required time                         -0.340
                         arrival time                           1.089
  -------------------------------------------------------------------
                         slack                                  0.750

Slack (MET) :             0.750ns  (arrival time - required time)
  Source:                 u_edge/u_control/u_seed/FSM_sequential_state_reg[0]/C
                            (rising edge-triggered cell FDCE clocked by sys_clk  {rise@0.000ns fall@5.000ns period=10.000ns})
  Destination:            u_edge/u_control/u_seed/u_kdf/seed_out_reg[194]/CLR
                            (removal check against rising-edge clock sys_clk  {rise@0.000ns fall@5.000ns period=10.000ns})
  Path Group:             **async_default**
  Path Type:              Removal (Min at Fast Process Corner)
  Requirement:            0.000ns  (sys_clk rise@0.000ns - sys_clk rise@0.000ns)
  Data Path Delay:        0.679ns  (logic 0.186ns (27.384%)  route 0.493ns (72.616%))
  Logic Levels:           1  (LUT5=1)
  Clock Path Skew:        0.022ns (DCD - SCD - CPR)
    Destination Clock Delay (DCD):    0.432ns
    Source Clock Delay      (SCD):    0.410ns
    Clock Pessimism Removal (CPR):    -0.000ns

    Location             Delay type                Incr(ns)  Path(ns)    Netlist Resource(s)
  -------------------------------------------------------------------    -------------------
                         (clock sys_clk rise edge)    0.000     0.000 r
                                                      0.000     0.000 r  clk (IN)
                         net (fo=19606, unset)        0.410     0.410    u_edge/u_control/u_seed/clk
    SLICE_X28Y58         FDCE                                         r  u_edge/u_control/u_seed/FSM_sequential_state_reg[0]/C
  -------------------------------------------------------------------    -------------------
    SLICE_X28Y58         FDCE (Prop_fdce_C_Q)         0.141     0.551 r  u_edge/u_control/u_seed/FSM_sequential_state_reg[0]/Q
                         net (fo=524, routed)         0.200     0.751    u_edge/u_control/u_seed/state__0[0]
    SLICE_X28Y58         LUT5 (Prop_lut5_I2_O)        0.045     0.796 f  u_edge/u_control/u_seed/FSM_sequential_state[2]_i_2/O
                         net (fo=4075, routed)        0.293     1.089    u_edge/u_control/u_seed/u_kdf/done_reg_0
    SLICE_X28Y50         FDCE                                         f  u_edge/u_control/u_seed/u_kdf/seed_out_reg[194]/CLR
  -------------------------------------------------------------------    -------------------

                         (clock sys_clk rise edge)    0.000     0.000 r
                                                      0.000     0.000 r  clk (IN)
                         net (fo=19606, unset)        0.432     0.432    u_edge/u_control/u_seed/u_kdf/clk
    SLICE_X28Y50         FDCE                                         r  u_edge/u_control/u_seed/u_kdf/seed_out_reg[194]/C
                         clock pessimism              0.000     0.432
    SLICE_X28Y50         FDCE (Remov_fdce_C_CLR)     -0.092     0.340    u_edge/u_control/u_seed/u_kdf/seed_out_reg[194]
  -------------------------------------------------------------------
                         required time                         -0.340
                         arrival time                           1.089
  -------------------------------------------------------------------
                         slack                                  0.750

Slack (MET) :             0.750ns  (arrival time - required time)
  Source:                 u_edge/u_control/u_seed/FSM_sequential_state_reg[0]/C
                            (rising edge-triggered cell FDCE clocked by sys_clk  {rise@0.000ns fall@5.000ns period=10.000ns})
  Destination:            u_edge/u_control/u_seed/u_kdf/seed_out_reg[195]/CLR
                            (removal check against rising-edge clock sys_clk  {rise@0.000ns fall@5.000ns period=10.000ns})
  Path Group:             **async_default**
  Path Type:              Removal (Min at Fast Process Corner)
  Requirement:            0.000ns  (sys_clk rise@0.000ns - sys_clk rise@0.000ns)
  Data Path Delay:        0.679ns  (logic 0.186ns (27.384%)  route 0.493ns (72.616%))
  Logic Levels:           1  (LUT5=1)
  Clock Path Skew:        0.022ns (DCD - SCD - CPR)
    Destination Clock Delay (DCD):    0.432ns
    Source Clock Delay      (SCD):    0.410ns
    Clock Pessimism Removal (CPR):    -0.000ns

    Location             Delay type                Incr(ns)  Path(ns)    Netlist Resource(s)
  -------------------------------------------------------------------    -------------------
                         (clock sys_clk rise edge)    0.000     0.000 r
                                                      0.000     0.000 r  clk (IN)
                         net (fo=19606, unset)        0.410     0.410    u_edge/u_control/u_seed/clk
    SLICE_X28Y58         FDCE                                         r  u_edge/u_control/u_seed/FSM_sequential_state_reg[0]/C
  -------------------------------------------------------------------    -------------------
    SLICE_X28Y58         FDCE (Prop_fdce_C_Q)         0.141     0.551 r  u_edge/u_control/u_seed/FSM_sequential_state_reg[0]/Q
                         net (fo=524, routed)         0.200     0.751    u_edge/u_control/u_seed/state__0[0]
    SLICE_X28Y58         LUT5 (Prop_lut5_I2_O)        0.045     0.796 f  u_edge/u_control/u_seed/FSM_sequential_state[2]_i_2/O
                         net (fo=4075, routed)        0.293     1.089    u_edge/u_control/u_seed/u_kdf/done_reg_0
    SLICE_X28Y50         FDCE                                         f  u_edge/u_control/u_seed/u_kdf/seed_out_reg[195]/CLR
  -------------------------------------------------------------------    -------------------

                         (clock sys_clk rise edge)    0.000     0.000 r
                                                      0.000     0.000 r  clk (IN)
                         net (fo=19606, unset)        0.432     0.432    u_edge/u_control/u_seed/u_kdf/clk
    SLICE_X28Y50         FDCE                                         r  u_edge/u_control/u_seed/u_kdf/seed_out_reg[195]/C
                         clock pessimism              0.000     0.432
    SLICE_X28Y50         FDCE (Remov_fdce_C_CLR)     -0.092     0.340    u_edge/u_control/u_seed/u_kdf/seed_out_reg[195]
  -------------------------------------------------------------------
                         required time                         -0.340
                         arrival time                           1.089
  -------------------------------------------------------------------
                         slack                                  0.750

Slack (MET) :             0.761ns  (arrival time - required time)
  Source:                 u_edge/u_control/u_seed/FSM_sequential_state_reg[0]/C
                            (rising edge-triggered cell FDCE clocked by sys_clk  {rise@0.000ns fall@5.000ns period=10.000ns})
  Destination:            u_edge/u_control/u_seed/u_kdf/seed_out_reg[188]/CLR
                            (removal check against rising-edge clock sys_clk  {rise@0.000ns fall@5.000ns period=10.000ns})
  Path Group:             **async_default**
  Path Type:              Removal (Min at Fast Process Corner)
  Requirement:            0.000ns  (sys_clk rise@0.000ns - sys_clk rise@0.000ns)
  Data Path Delay:        0.690ns  (logic 0.186ns (26.949%)  route 0.504ns (73.051%))
  Logic Levels:           1  (LUT5=1)
  Clock Path Skew:        0.022ns (DCD - SCD - CPR)
    Destination Clock Delay (DCD):    0.432ns
    Source Clock Delay      (SCD):    0.410ns
    Clock Pessimism Removal (CPR):    -0.000ns

    Location             Delay type                Incr(ns)  Path(ns)    Netlist Resource(s)
  -------------------------------------------------------------------    -------------------
                         (clock sys_clk rise edge)    0.000     0.000 r
                                                      0.000     0.000 r  clk (IN)
                         net (fo=19606, unset)        0.410     0.410    u_edge/u_control/u_seed/clk
    SLICE_X28Y58         FDCE                                         r  u_edge/u_control/u_seed/FSM_sequential_state_reg[0]/C
  -------------------------------------------------------------------    -------------------
    SLICE_X28Y58         FDCE (Prop_fdce_C_Q)         0.141     0.551 r  u_edge/u_control/u_seed/FSM_sequential_state_reg[0]/Q
                         net (fo=524, routed)         0.200     0.751    u_edge/u_control/u_seed/state__0[0]
    SLICE_X28Y58         LUT5 (Prop_lut5_I2_O)        0.045     0.796 f  u_edge/u_control/u_seed/FSM_sequential_state[2]_i_2/O
                         net (fo=4075, routed)        0.304     1.100    u_edge/u_control/u_seed/u_kdf/done_reg_0
    SLICE_X37Y59         FDCE                                         f  u_edge/u_control/u_seed/u_kdf/seed_out_reg[188]/CLR
  -------------------------------------------------------------------    -------------------

                         (clock sys_clk rise edge)    0.000     0.000 r
                                                      0.000     0.000 r  clk (IN)
                         net (fo=19606, unset)        0.432     0.432    u_edge/u_control/u_seed/u_kdf/clk
    SLICE_X37Y59         FDCE                                         r  u_edge/u_control/u_seed/u_kdf/seed_out_reg[188]/C
                         clock pessimism              0.000     0.432
    SLICE_X37Y59         FDCE (Remov_fdce_C_CLR)     -0.092     0.340    u_edge/u_control/u_seed/u_kdf/seed_out_reg[188]
  -------------------------------------------------------------------
                         required time                         -0.340
                         arrival time                           1.100
  -------------------------------------------------------------------
                         slack                                  0.761

Slack (MET) :             0.761ns  (arrival time - required time)
  Source:                 u_edge/u_control/u_seed/FSM_sequential_state_reg[0]/C
                            (rising edge-triggered cell FDCE clocked by sys_clk  {rise@0.000ns fall@5.000ns period=10.000ns})
  Destination:            u_edge/u_control/u_seed/u_kdf/seed_out_reg[189]/CLR
                            (removal check against rising-edge clock sys_clk  {rise@0.000ns fall@5.000ns period=10.000ns})
  Path Group:             **async_default**
  Path Type:              Removal (Min at Fast Process Corner)
  Requirement:            0.000ns  (sys_clk rise@0.000ns - sys_clk rise@0.000ns)
  Data Path Delay:        0.690ns  (logic 0.186ns (26.949%)  route 0.504ns (73.051%))
  Logic Levels:           1  (LUT5=1)
  Clock Path Skew:        0.022ns (DCD - SCD - CPR)
    Destination Clock Delay (DCD):    0.432ns
    Source Clock Delay      (SCD):    0.410ns
    Clock Pessimism Removal (CPR):    -0.000ns

    Location             Delay type                Incr(ns)  Path(ns)    Netlist Resource(s)
  -------------------------------------------------------------------    -------------------
                         (clock sys_clk rise edge)    0.000     0.000 r
                                                      0.000     0.000 r  clk (IN)
                         net (fo=19606, unset)        0.410     0.410    u_edge/u_control/u_seed/clk
    SLICE_X28Y58         FDCE                                         r  u_edge/u_control/u_seed/FSM_sequential_state_reg[0]/C
  -------------------------------------------------------------------    -------------------
    SLICE_X28Y58         FDCE (Prop_fdce_C_Q)         0.141     0.551 r  u_edge/u_control/u_seed/FSM_sequential_state_reg[0]/Q
                         net (fo=524, routed)         0.200     0.751    u_edge/u_control/u_seed/state__0[0]
    SLICE_X28Y58         LUT5 (Prop_lut5_I2_O)        0.045     0.796 f  u_edge/u_control/u_seed/FSM_sequential_state[2]_i_2/O
                         net (fo=4075, routed)        0.304     1.100    u_edge/u_control/u_seed/u_kdf/done_reg_0
    SLICE_X37Y59         FDCE                                         f  u_edge/u_control/u_seed/u_kdf/seed_out_reg[189]/CLR
  -------------------------------------------------------------------    -------------------

                         (clock sys_clk rise edge)    0.000     0.000 r
                                                      0.000     0.000 r  clk (IN)
                         net (fo=19606, unset)        0.432     0.432    u_edge/u_control/u_seed/u_kdf/clk
    SLICE_X37Y59         FDCE                                         r  u_edge/u_control/u_seed/u_kdf/seed_out_reg[189]/C
                         clock pessimism              0.000     0.432
    SLICE_X37Y59         FDCE (Remov_fdce_C_CLR)     -0.092     0.340    u_edge/u_control/u_seed/u_kdf/seed_out_reg[189]
  -------------------------------------------------------------------
                         required time                         -0.340
                         arrival time                           1.100
  -------------------------------------------------------------------
                         slack                                  0.761

Slack (MET) :             0.761ns  (arrival time - required time)
  Source:                 u_edge/u_control/u_seed/FSM_sequential_state_reg[0]/C
                            (rising edge-triggered cell FDCE clocked by sys_clk  {rise@0.000ns fall@5.000ns period=10.000ns})
  Destination:            u_edge/u_control/u_seed/u_kdf/seed_out_reg[364]/CLR
                            (removal check against rising-edge clock sys_clk  {rise@0.000ns fall@5.000ns period=10.000ns})
  Path Group:             **async_default**
  Path Type:              Removal (Min at Fast Process Corner)
  Requirement:            0.000ns  (sys_clk rise@0.000ns - sys_clk rise@0.000ns)
  Data Path Delay:        0.690ns  (logic 0.186ns (26.949%)  route 0.504ns (73.051%))
  Logic Levels:           1  (LUT5=1)
  Clock Path Skew:        0.022ns (DCD - SCD - CPR)
    Destination Clock Delay (DCD):    0.432ns
    Source Clock Delay      (SCD):    0.410ns
    Clock Pessimism Removal (CPR):    -0.000ns

    Location             Delay type                Incr(ns)  Path(ns)    Netlist Resource(s)
  -------------------------------------------------------------------    -------------------
                         (clock sys_clk rise edge)    0.000     0.000 r
                                                      0.000     0.000 r  clk (IN)
                         net (fo=19606, unset)        0.410     0.410    u_edge/u_control/u_seed/clk
    SLICE_X28Y58         FDCE                                         r  u_edge/u_control/u_seed/FSM_sequential_state_reg[0]/C
  -------------------------------------------------------------------    -------------------
    SLICE_X28Y58         FDCE (Prop_fdce_C_Q)         0.141     0.551 r  u_edge/u_control/u_seed/FSM_sequential_state_reg[0]/Q
                         net (fo=524, routed)         0.200     0.751    u_edge/u_control/u_seed/state__0[0]
    SLICE_X28Y58         LUT5 (Prop_lut5_I2_O)        0.045     0.796 f  u_edge/u_control/u_seed/FSM_sequential_state[2]_i_2/O
                         net (fo=4075, routed)        0.304     1.100    u_edge/u_control/u_seed/u_kdf/done_reg_0
    SLICE_X37Y59         FDCE                                         f  u_edge/u_control/u_seed/u_kdf/seed_out_reg[364]/CLR
  -------------------------------------------------------------------    -------------------

                         (clock sys_clk rise edge)    0.000     0.000 r
                                                      0.000     0.000 r  clk (IN)
                         net (fo=19606, unset)        0.432     0.432    u_edge/u_control/u_seed/u_kdf/clk
    SLICE_X37Y59         FDCE                                         r  u_edge/u_control/u_seed/u_kdf/seed_out_reg[364]/C
                         clock pessimism              0.000     0.432
    SLICE_X37Y59         FDCE (Remov_fdce_C_CLR)     -0.092     0.340    u_edge/u_control/u_seed/u_kdf/seed_out_reg[364]
  -------------------------------------------------------------------
                         required time                         -0.340
                         arrival time                           1.100
  -------------------------------------------------------------------
                         slack                                  0.761

Slack (MET) :             0.761ns  (arrival time - required time)
  Source:                 u_edge/u_control/u_seed/FSM_sequential_state_reg[0]/C
                            (rising edge-triggered cell FDCE clocked by sys_clk  {rise@0.000ns fall@5.000ns period=10.000ns})
  Destination:            u_edge/u_control/u_seed/u_kdf/seed_out_reg[365]/CLR
                            (removal check against rising-edge clock sys_clk  {rise@0.000ns fall@5.000ns period=10.000ns})
  Path Group:             **async_default**
  Path Type:              Removal (Min at Fast Process Corner)
  Requirement:            0.000ns  (sys_clk rise@0.000ns - sys_clk rise@0.000ns)
  Data Path Delay:        0.690ns  (logic 0.186ns (26.949%)  route 0.504ns (73.051%))
  Logic Levels:           1  (LUT5=1)
  Clock Path Skew:        0.022ns (DCD - SCD - CPR)
    Destination Clock Delay (DCD):    0.432ns
    Source Clock Delay      (SCD):    0.410ns
    Clock Pessimism Removal (CPR):    -0.000ns

    Location             Delay type                Incr(ns)  Path(ns)    Netlist Resource(s)
  -------------------------------------------------------------------    -------------------
                         (clock sys_clk rise edge)    0.000     0.000 r
                                                      0.000     0.000 r  clk (IN)
                         net (fo=19606, unset)        0.410     0.410    u_edge/u_control/u_seed/clk
    SLICE_X28Y58         FDCE                                         r  u_edge/u_control/u_seed/FSM_sequential_state_reg[0]/C
  -------------------------------------------------------------------    -------------------
    SLICE_X28Y58         FDCE (Prop_fdce_C_Q)         0.141     0.551 r  u_edge/u_control/u_seed/FSM_sequential_state_reg[0]/Q
                         net (fo=524, routed)         0.200     0.751    u_edge/u_control/u_seed/state__0[0]
    SLICE_X28Y58         LUT5 (Prop_lut5_I2_O)        0.045     0.796 f  u_edge/u_control/u_seed/FSM_sequential_state[2]_i_2/O
                         net (fo=4075, routed)        0.304     1.100    u_edge/u_control/u_seed/u_kdf/done_reg_0
    SLICE_X37Y59         FDCE                                         f  u_edge/u_control/u_seed/u_kdf/seed_out_reg[365]/CLR
  -------------------------------------------------------------------    -------------------

                         (clock sys_clk rise edge)    0.000     0.000 r
                                                      0.000     0.000 r  clk (IN)
                         net (fo=19606, unset)        0.432     0.432    u_edge/u_control/u_seed/u_kdf/clk
    SLICE_X37Y59         FDCE                                         r  u_edge/u_control/u_seed/u_kdf/seed_out_reg[365]/C
                         clock pessimism              0.000     0.432
    SLICE_X37Y59         FDCE (Remov_fdce_C_CLR)     -0.092     0.340    u_edge/u_control/u_seed/u_kdf/seed_out_reg[365]
  -------------------------------------------------------------------
                         required time                         -0.340
                         arrival time                           1.100
  -------------------------------------------------------------------
                         slack                                  0.761

Slack (MET) :             0.761ns  (arrival time - required time)
  Source:                 u_edge/u_control/u_seed/FSM_sequential_state_reg[0]/C
                            (rising edge-triggered cell FDCE clocked by sys_clk  {rise@0.000ns fall@5.000ns period=10.000ns})
  Destination:            u_edge/u_control/u_seed/u_kdf/seed_out_reg[444]/CLR
                            (removal check against rising-edge clock sys_clk  {rise@0.000ns fall@5.000ns period=10.000ns})
  Path Group:             **async_default**
  Path Type:              Removal (Min at Fast Process Corner)
  Requirement:            0.000ns  (sys_clk rise@0.000ns - sys_clk rise@0.000ns)
  Data Path Delay:        0.690ns  (logic 0.186ns (26.949%)  route 0.504ns (73.051%))
  Logic Levels:           1  (LUT5=1)
  Clock Path Skew:        0.022ns (DCD - SCD - CPR)
    Destination Clock Delay (DCD):    0.432ns
    Source Clock Delay      (SCD):    0.410ns
    Clock Pessimism Removal (CPR):    -0.000ns

    Location             Delay type                Incr(ns)  Path(ns)    Netlist Resource(s)
  -------------------------------------------------------------------    -------------------
                         (clock sys_clk rise edge)    0.000     0.000 r
                                                      0.000     0.000 r  clk (IN)
                         net (fo=19606, unset)        0.410     0.410    u_edge/u_control/u_seed/clk
    SLICE_X28Y58         FDCE                                         r  u_edge/u_control/u_seed/FSM_sequential_state_reg[0]/C
  -------------------------------------------------------------------    -------------------
    SLICE_X28Y58         FDCE (Prop_fdce_C_Q)         0.141     0.551 r  u_edge/u_control/u_seed/FSM_sequential_state_reg[0]/Q
                         net (fo=524, routed)         0.200     0.751    u_edge/u_control/u_seed/state__0[0]
    SLICE_X28Y58         LUT5 (Prop_lut5_I2_O)        0.045     0.796 f  u_edge/u_control/u_seed/FSM_sequential_state[2]_i_2/O
                         net (fo=4075, routed)        0.304     1.100    u_edge/u_control/u_seed/u_kdf/done_reg_0
    SLICE_X37Y59         FDCE                                         f  u_edge/u_control/u_seed/u_kdf/seed_out_reg[444]/CLR
  -------------------------------------------------------------------    -------------------

                         (clock sys_clk rise edge)    0.000     0.000 r
                                                      0.000     0.000 r  clk (IN)
                         net (fo=19606, unset)        0.432     0.432    u_edge/u_control/u_seed/u_kdf/clk
    SLICE_X37Y59         FDCE                                         r  u_edge/u_control/u_seed/u_kdf/seed_out_reg[444]/C
                         clock pessimism              0.000     0.432
    SLICE_X37Y59         FDCE (Remov_fdce_C_CLR)     -0.092     0.340    u_edge/u_control/u_seed/u_kdf/seed_out_reg[444]
  -------------------------------------------------------------------
                         required time                         -0.340
                         arrival time                           1.100
  -------------------------------------------------------------------
                         slack                                  0.761

Slack (MET) :             0.761ns  (arrival time - required time)
  Source:                 u_edge/u_control/u_seed/FSM_sequential_state_reg[0]/C
                            (rising edge-triggered cell FDCE clocked by sys_clk  {rise@0.000ns fall@5.000ns period=10.000ns})
  Destination:            u_edge/u_control/u_seed/u_kdf/seed_out_reg[445]/CLR
                            (removal check against rising-edge clock sys_clk  {rise@0.000ns fall@5.000ns period=10.000ns})
  Path Group:             **async_default**
  Path Type:              Removal (Min at Fast Process Corner)
  Requirement:            0.000ns  (sys_clk rise@0.000ns - sys_clk rise@0.000ns)
  Data Path Delay:        0.690ns  (logic 0.186ns (26.949%)  route 0.504ns (73.051%))
  Logic Levels:           1  (LUT5=1)
  Clock Path Skew:        0.022ns (DCD - SCD - CPR)
    Destination Clock Delay (DCD):    0.432ns
    Source Clock Delay      (SCD):    0.410ns
    Clock Pessimism Removal (CPR):    -0.000ns

    Location             Delay type                Incr(ns)  Path(ns)    Netlist Resource(s)
  -------------------------------------------------------------------    -------------------
                         (clock sys_clk rise edge)    0.000     0.000 r
                                                      0.000     0.000 r  clk (IN)
                         net (fo=19606, unset)        0.410     0.410    u_edge/u_control/u_seed/clk
    SLICE_X28Y58         FDCE                                         r  u_edge/u_control/u_seed/FSM_sequential_state_reg[0]/C
  -------------------------------------------------------------------    -------------------
    SLICE_X28Y58         FDCE (Prop_fdce_C_Q)         0.141     0.551 r  u_edge/u_control/u_seed/FSM_sequential_state_reg[0]/Q
                         net (fo=524, routed)         0.200     0.751    u_edge/u_control/u_seed/state__0[0]
    SLICE_X28Y58         LUT5 (Prop_lut5_I2_O)        0.045     0.796 f  u_edge/u_control/u_seed/FSM_sequential_state[2]_i_2/O
                         net (fo=4075, routed)        0.304     1.100    u_edge/u_control/u_seed/u_kdf/done_reg_0
    SLICE_X37Y59         FDCE                                         f  u_edge/u_control/u_seed/u_kdf/seed_out_reg[445]/CLR
  -------------------------------------------------------------------    -------------------

                         (clock sys_clk rise edge)    0.000     0.000 r
                                                      0.000     0.000 r  clk (IN)
                         net (fo=19606, unset)        0.432     0.432    u_edge/u_control/u_seed/u_kdf/clk
    SLICE_X37Y59         FDCE                                         r  u_edge/u_control/u_seed/u_kdf/seed_out_reg[445]/C
                         clock pessimism              0.000     0.432
    SLICE_X37Y59         FDCE (Remov_fdce_C_CLR)     -0.092     0.340    u_edge/u_control/u_seed/u_kdf/seed_out_reg[445]
  -------------------------------------------------------------------
                         required time                         -0.340
                         arrival time                           1.100
  -------------------------------------------------------------------
                         slack                                  0.761





--------------------------------------------------------------------------------------
Path Group:  (none)
From Clock:
  To Clock:

Max Delay           204 Endpoints
Min Delay           204 Endpoints
--------------------------------------------------------------------------------------


Max Delay Paths
--------------------------------------------------------------------------------------
Slack:                    inf
  Source:                 rst_n
                            (input port)
  Destination:            u_puf/counter1/reset_release_reg[0]/CLR
  Path Group:             (none)
  Path Type:              Max at Slow Process Corner
  Data Path Delay:        3.533ns  (logic 0.276ns (7.813%)  route 3.257ns (92.187%))
  Logic Levels:           2  (LUT5=1 LUT6=1)

    Location             Delay type                Incr(ns)  Path(ns)    Netlist Resource(s)
  -------------------------------------------------------------------    -------------------
                                                      0.000     0.000 r  rst_n (IN)
                         net (fo=13, unset)           0.973     0.973    u_puf/ctrl_inst/rst_n
    SLICE_X1Y52          LUT6 (Prop_lut6_I1_O)        0.124     1.097 r  u_puf/ctrl_inst/reset_release[1]_i_7/O
                         net (fo=1, routed)           1.295     2.392    u_puf/ctrl_inst/reset_release[1]_i_7_n_0
    SLICE_X1Y40          LUT5 (Prop_lut5_I0_O)        0.152     2.544 f  u_puf/ctrl_inst/reset_release[1]_i_2__0/O
                         net (fo=4, routed)           0.989     3.533    u_puf/counter1/reset_release_reg[1]_0
    SLICE_X3Y45          FDCE                                         f  u_puf/counter1/reset_release_reg[0]/CLR
  -------------------------------------------------------------------    -------------------

Slack:                    inf
  Source:                 rst_n
                            (input port)
  Destination:            u_puf/counter1/reset_release_reg[1]/CLR
  Path Group:             (none)
  Path Type:              Max at Slow Process Corner
  Data Path Delay:        3.533ns  (logic 0.276ns (7.813%)  route 3.257ns (92.187%))
  Logic Levels:           2  (LUT5=1 LUT6=1)

    Location             Delay type                Incr(ns)  Path(ns)    Netlist Resource(s)
  -------------------------------------------------------------------    -------------------
                                                      0.000     0.000 r  rst_n (IN)
                         net (fo=13, unset)           0.973     0.973    u_puf/ctrl_inst/rst_n
    SLICE_X1Y52          LUT6 (Prop_lut6_I1_O)        0.124     1.097 r  u_puf/ctrl_inst/reset_release[1]_i_7/O
                         net (fo=1, routed)           1.295     2.392    u_puf/ctrl_inst/reset_release[1]_i_7_n_0
    SLICE_X1Y40          LUT5 (Prop_lut5_I0_O)        0.152     2.544 f  u_puf/ctrl_inst/reset_release[1]_i_2__0/O
                         net (fo=4, routed)           0.989     3.533    u_puf/counter1/reset_release_reg[1]_0
    SLICE_X3Y45          FDCE                                         f  u_puf/counter1/reset_release_reg[1]/CLR
  -------------------------------------------------------------------    -------------------

Slack:                    inf
  Source:                 rst_n
                            (input port)
  Destination:            u_puf/counter0/reset_release_reg[0]/CLR
  Path Group:             (none)
  Path Type:              Max at Slow Process Corner
  Data Path Delay:        3.384ns  (logic 0.276ns (8.155%)  route 3.108ns (91.845%))
  Logic Levels:           2  (LUT5=1 LUT6=1)

    Location             Delay type                Incr(ns)  Path(ns)    Netlist Resource(s)
  -------------------------------------------------------------------    -------------------
                                                      0.000     0.000 r  rst_n (IN)
                         net (fo=13, unset)           0.973     0.973    u_puf/ctrl_inst/rst_n
    SLICE_X1Y52          LUT6 (Prop_lut6_I1_O)        0.124     1.097 r  u_puf/ctrl_inst/reset_release[1]_i_7/O
                         net (fo=1, routed)           1.295     2.392    u_puf/ctrl_inst/reset_release[1]_i_7_n_0
    SLICE_X1Y40          LUT5 (Prop_lut5_I0_O)        0.152     2.544 f  u_puf/ctrl_inst/reset_release[1]_i_2__0/O
                         net (fo=4, routed)           0.841     3.384    u_puf/counter0/reset_release_reg[0]_0
    SLICE_X1Y44          FDCE                                         f  u_puf/counter0/reset_release_reg[0]/CLR
  -------------------------------------------------------------------    -------------------

Slack:                    inf
  Source:                 rst_n
                            (input port)
  Destination:            u_puf/counter0/reset_release_reg[1]/CLR
  Path Group:             (none)
  Path Type:              Max at Slow Process Corner
  Data Path Delay:        3.384ns  (logic 0.276ns (8.155%)  route 3.108ns (91.845%))
  Logic Levels:           2  (LUT5=1 LUT6=1)

    Location             Delay type                Incr(ns)  Path(ns)    Netlist Resource(s)
  -------------------------------------------------------------------    -------------------
                                                      0.000     0.000 r  rst_n (IN)
                         net (fo=13, unset)           0.973     0.973    u_puf/ctrl_inst/rst_n
    SLICE_X1Y52          LUT6 (Prop_lut6_I1_O)        0.124     1.097 r  u_puf/ctrl_inst/reset_release[1]_i_7/O
                         net (fo=1, routed)           1.295     2.392    u_puf/ctrl_inst/reset_release[1]_i_7_n_0
    SLICE_X1Y40          LUT5 (Prop_lut5_I0_O)        0.152     2.544 f  u_puf/ctrl_inst/reset_release[1]_i_2__0/O
                         net (fo=4, routed)           0.841     3.384    u_puf/counter0/reset_release_reg[0]_0
    SLICE_X1Y44          FDCE                                         f  u_puf/counter0/reset_release_reg[1]/CLR
  -------------------------------------------------------------------    -------------------

Slack:                    inf
  Source:                 u_puf/counter0/reset_release_reg[1]/C
                            (rising edge-triggered cell FDCE)
  Destination:            u_puf/counter0/q_reg[28]/CLR
  Path Group:             (none)
  Path Type:              Max at Slow Process Corner
  Data Path Delay:        3.357ns  (logic 0.718ns (21.386%)  route 2.639ns (78.614%))
  Logic Levels:           2  (FDCE=1 LUT1=1)

    Location             Delay type                Incr(ns)  Path(ns)    Netlist Resource(s)
  -------------------------------------------------------------------    -------------------
    SLICE_X1Y44          FDCE                         0.000     0.000 r  u_puf/counter0/reset_release_reg[1]/C
    SLICE_X1Y44          FDCE (Prop_fdce_C_Q)         0.419     0.419 r  u_puf/counter0/reset_release_reg[1]/Q
                         net (fo=1, routed)           0.647     1.066    u_puf/counter0/reset_release[1]
    SLICE_X1Y44          LUT1 (Prop_lut1_I0_O)        0.299     1.365 f  u_puf/counter0/en_meta_i_1/O
                         net (fo=34, routed)          1.992     3.357    u_puf/counter0/en_meta_i_1_n_0
    SLICE_X0Y50          FDCE                                         f  u_puf/counter0/q_reg[28]/CLR
  -------------------------------------------------------------------    -------------------

Slack:                    inf
  Source:                 u_puf/counter0/reset_release_reg[1]/C
                            (rising edge-triggered cell FDCE)
  Destination:            u_puf/counter0/q_reg[29]/CLR
  Path Group:             (none)
  Path Type:              Max at Slow Process Corner
  Data Path Delay:        3.357ns  (logic 0.718ns (21.386%)  route 2.639ns (78.614%))
  Logic Levels:           2  (FDCE=1 LUT1=1)

    Location             Delay type                Incr(ns)  Path(ns)    Netlist Resource(s)
  -------------------------------------------------------------------    -------------------
    SLICE_X1Y44          FDCE                         0.000     0.000 r  u_puf/counter0/reset_release_reg[1]/C
    SLICE_X1Y44          FDCE (Prop_fdce_C_Q)         0.419     0.419 r  u_puf/counter0/reset_release_reg[1]/Q
                         net (fo=1, routed)           0.647     1.066    u_puf/counter0/reset_release[1]
    SLICE_X1Y44          LUT1 (Prop_lut1_I0_O)        0.299     1.365 f  u_puf/counter0/en_meta_i_1/O
                         net (fo=34, routed)          1.992     3.357    u_puf/counter0/en_meta_i_1_n_0
    SLICE_X0Y50          FDCE                                         f  u_puf/counter0/q_reg[29]/CLR
  -------------------------------------------------------------------    -------------------

Slack:                    inf
  Source:                 u_puf/counter0/reset_release_reg[1]/C
                            (rising edge-triggered cell FDCE)
  Destination:            u_puf/counter0/q_reg[30]/CLR
  Path Group:             (none)
  Path Type:              Max at Slow Process Corner
  Data Path Delay:        3.357ns  (logic 0.718ns (21.386%)  route 2.639ns (78.614%))
  Logic Levels:           2  (FDCE=1 LUT1=1)

    Location             Delay type                Incr(ns)  Path(ns)    Netlist Resource(s)
  -------------------------------------------------------------------    -------------------
    SLICE_X1Y44          FDCE                         0.000     0.000 r  u_puf/counter0/reset_release_reg[1]/C
    SLICE_X1Y44          FDCE (Prop_fdce_C_Q)         0.419     0.419 r  u_puf/counter0/reset_release_reg[1]/Q
                         net (fo=1, routed)           0.647     1.066    u_puf/counter0/reset_release[1]
    SLICE_X1Y44          LUT1 (Prop_lut1_I0_O)        0.299     1.365 f  u_puf/counter0/en_meta_i_1/O
                         net (fo=34, routed)          1.992     3.357    u_puf/counter0/en_meta_i_1_n_0
    SLICE_X0Y50          FDCE                                         f  u_puf/counter0/q_reg[30]/CLR
  -------------------------------------------------------------------    -------------------

Slack:                    inf
  Source:                 u_puf/counter0/reset_release_reg[1]/C
                            (rising edge-triggered cell FDCE)
  Destination:            u_puf/counter0/q_reg[31]/CLR
  Path Group:             (none)
  Path Type:              Max at Slow Process Corner
  Data Path Delay:        3.357ns  (logic 0.718ns (21.386%)  route 2.639ns (78.614%))
  Logic Levels:           2  (FDCE=1 LUT1=1)

    Location             Delay type                Incr(ns)  Path(ns)    Netlist Resource(s)
  -------------------------------------------------------------------    -------------------
    SLICE_X1Y44          FDCE                         0.000     0.000 r  u_puf/counter0/reset_release_reg[1]/C
    SLICE_X1Y44          FDCE (Prop_fdce_C_Q)         0.419     0.419 r  u_puf/counter0/reset_release_reg[1]/Q
                         net (fo=1, routed)           0.647     1.066    u_puf/counter0/reset_release[1]
    SLICE_X1Y44          LUT1 (Prop_lut1_I0_O)        0.299     1.365 f  u_puf/counter0/en_meta_i_1/O
                         net (fo=34, routed)          1.992     3.357    u_puf/counter0/en_meta_i_1_n_0
    SLICE_X0Y50          FDCE                                         f  u_puf/counter0/q_reg[31]/CLR
  -------------------------------------------------------------------    -------------------

Slack:                    inf
  Source:                 u_puf/counter0/reset_release_reg[1]/C
                            (rising edge-triggered cell FDCE)
  Destination:            u_puf/counter0/en_meta_reg/CLR
  Path Group:             (none)
  Path Type:              Max at Slow Process Corner
  Data Path Delay:        3.353ns  (logic 0.718ns (21.414%)  route 2.635ns (78.586%))
  Logic Levels:           2  (FDCE=1 LUT1=1)

    Location             Delay type                Incr(ns)  Path(ns)    Netlist Resource(s)
  -------------------------------------------------------------------    -------------------
    SLICE_X1Y44          FDCE                         0.000     0.000 r  u_puf/counter0/reset_release_reg[1]/C
    SLICE_X1Y44          FDCE (Prop_fdce_C_Q)         0.419     0.419 r  u_puf/counter0/reset_release_reg[1]/Q
                         net (fo=1, routed)           0.647     1.066    u_puf/counter0/reset_release[1]
    SLICE_X1Y44          LUT1 (Prop_lut1_I0_O)        0.299     1.365 f  u_puf/counter0/en_meta_i_1/O
                         net (fo=34, routed)          1.988     3.353    u_puf/counter0/en_meta_i_1_n_0
    SLICE_X1Y50          FDCE                                         f  u_puf/counter0/en_meta_reg/CLR
  -------------------------------------------------------------------    -------------------

Slack:                    inf
  Source:                 u_puf/counter0/reset_release_reg[1]/C
                            (rising edge-triggered cell FDCE)
  Destination:            u_puf/counter0/en_sync_reg/CLR
  Path Group:             (none)
  Path Type:              Max at Slow Process Corner
  Data Path Delay:        3.353ns  (logic 0.718ns (21.414%)  route 2.635ns (78.586%))
  Logic Levels:           2  (FDCE=1 LUT1=1)

    Location             Delay type                Incr(ns)  Path(ns)    Netlist Resource(s)
  -------------------------------------------------------------------    -------------------
    SLICE_X1Y44          FDCE                         0.000     0.000 r  u_puf/counter0/reset_release_reg[1]/C
    SLICE_X1Y44          FDCE (Prop_fdce_C_Q)         0.419     0.419 r  u_puf/counter0/reset_release_reg[1]/Q
                         net (fo=1, routed)           0.647     1.066    u_puf/counter0/reset_release[1]
    SLICE_X1Y44          LUT1 (Prop_lut1_I0_O)        0.299     1.365 f  u_puf/counter0/en_meta_i_1/O
                         net (fo=34, routed)          1.988     3.353    u_puf/counter0/en_meta_i_1_n_0
    SLICE_X1Y50          FDCE                                         f  u_puf/counter0/en_sync_reg/CLR
  -------------------------------------------------------------------    -------------------

Slack:                    inf
  Source:                 u_puf/counter0/reset_release_reg[1]/C
                            (rising edge-triggered cell FDCE)
  Destination:            u_puf/counter0/q_reg[24]/CLR
  Path Group:             (none)
  Path Type:              Max at Slow Process Corner
  Data Path Delay:        3.058ns  (logic 0.718ns (23.478%)  route 2.340ns (76.522%))
  Logic Levels:           2  (FDCE=1 LUT1=1)

    Location             Delay type                Incr(ns)  Path(ns)    Netlist Resource(s)
  -------------------------------------------------------------------    -------------------
    SLICE_X1Y44          FDCE                         0.000     0.000 r  u_puf/counter0/reset_release_reg[1]/C
    SLICE_X1Y44          FDCE (Prop_fdce_C_Q)         0.419     0.419 r  u_puf/counter0/reset_release_reg[1]/Q
                         net (fo=1, routed)           0.647     1.066    u_puf/counter0/reset_release[1]
    SLICE_X1Y44          LUT1 (Prop_lut1_I0_O)        0.299     1.365 f  u_puf/counter0/en_meta_i_1/O
                         net (fo=34, routed)          1.693     3.058    u_puf/counter0/en_meta_i_1_n_0
    SLICE_X0Y49          FDCE                                         f  u_puf/counter0/q_reg[24]/CLR
  -------------------------------------------------------------------    -------------------

Slack:                    inf
  Source:                 u_puf/counter0/reset_release_reg[1]/C
                            (rising edge-triggered cell FDCE)
  Destination:            u_puf/counter0/q_reg[25]/CLR
  Path Group:             (none)
  Path Type:              Max at Slow Process Corner
  Data Path Delay:        3.058ns  (logic 0.718ns (23.478%)  route 2.340ns (76.522%))
  Logic Levels:           2  (FDCE=1 LUT1=1)

    Location             Delay type                Incr(ns)  Path(ns)    Netlist Resource(s)
  -------------------------------------------------------------------    -------------------
    SLICE_X1Y44          FDCE                         0.000     0.000 r  u_puf/counter0/reset_release_reg[1]/C
    SLICE_X1Y44          FDCE (Prop_fdce_C_Q)         0.419     0.419 r  u_puf/counter0/reset_release_reg[1]/Q
                         net (fo=1, routed)           0.647     1.066    u_puf/counter0/reset_release[1]
    SLICE_X1Y44          LUT1 (Prop_lut1_I0_O)        0.299     1.365 f  u_puf/counter0/en_meta_i_1/O
                         net (fo=34, routed)          1.693     3.058    u_puf/counter0/en_meta_i_1_n_0
    SLICE_X0Y49          FDCE                                         f  u_puf/counter0/q_reg[25]/CLR
  -------------------------------------------------------------------    -------------------

Slack:                    inf
  Source:                 u_puf/counter0/reset_release_reg[1]/C
                            (rising edge-triggered cell FDCE)
  Destination:            u_puf/counter0/q_reg[26]/CLR
  Path Group:             (none)
  Path Type:              Max at Slow Process Corner
  Data Path Delay:        3.058ns  (logic 0.718ns (23.478%)  route 2.340ns (76.522%))
  Logic Levels:           2  (FDCE=1 LUT1=1)

    Location             Delay type                Incr(ns)  Path(ns)    Netlist Resource(s)
  -------------------------------------------------------------------    -------------------
    SLICE_X1Y44          FDCE                         0.000     0.000 r  u_puf/counter0/reset_release_reg[1]/C
    SLICE_X1Y44          FDCE (Prop_fdce_C_Q)         0.419     0.419 r  u_puf/counter0/reset_release_reg[1]/Q
                         net (fo=1, routed)           0.647     1.066    u_puf/counter0/reset_release[1]
    SLICE_X1Y44          LUT1 (Prop_lut1_I0_O)        0.299     1.365 f  u_puf/counter0/en_meta_i_1/O
                         net (fo=34, routed)          1.693     3.058    u_puf/counter0/en_meta_i_1_n_0
    SLICE_X0Y49          FDCE                                         f  u_puf/counter0/q_reg[26]/CLR
  -------------------------------------------------------------------    -------------------

Slack:                    inf
  Source:                 u_puf/counter0/reset_release_reg[1]/C
                            (rising edge-triggered cell FDCE)
  Destination:            u_puf/counter0/q_reg[27]/CLR
  Path Group:             (none)
  Path Type:              Max at Slow Process Corner
  Data Path Delay:        3.058ns  (logic 0.718ns (23.478%)  route 2.340ns (76.522%))
  Logic Levels:           2  (FDCE=1 LUT1=1)

    Location             Delay type                Incr(ns)  Path(ns)    Netlist Resource(s)
  -------------------------------------------------------------------    -------------------
    SLICE_X1Y44          FDCE                         0.000     0.000 r  u_puf/counter0/reset_release_reg[1]/C
    SLICE_X1Y44          FDCE (Prop_fdce_C_Q)         0.419     0.419 r  u_puf/counter0/reset_release_reg[1]/Q
                         net (fo=1, routed)           0.647     1.066    u_puf/counter0/reset_release[1]
    SLICE_X1Y44          LUT1 (Prop_lut1_I0_O)        0.299     1.365 f  u_puf/counter0/en_meta_i_1/O
                         net (fo=34, routed)          1.693     3.058    u_puf/counter0/en_meta_i_1_n_0
    SLICE_X0Y49          FDCE                                         f  u_puf/counter0/q_reg[27]/CLR
  -------------------------------------------------------------------    -------------------

Slack:                    inf
  Source:                 u_puf/counter0/reset_release_reg[1]/C
                            (rising edge-triggered cell FDCE)
  Destination:            u_puf/counter0/q_reg[20]/CLR
  Path Group:             (none)
  Path Type:              Max at Slow Process Corner
  Data Path Delay:        2.910ns  (logic 0.718ns (24.675%)  route 2.192ns (75.325%))
  Logic Levels:           2  (FDCE=1 LUT1=1)

    Location             Delay type                Incr(ns)  Path(ns)    Netlist Resource(s)
  -------------------------------------------------------------------    -------------------
    SLICE_X1Y44          FDCE                         0.000     0.000 r  u_puf/counter0/reset_release_reg[1]/C
    SLICE_X1Y44          FDCE (Prop_fdce_C_Q)         0.419     0.419 r  u_puf/counter0/reset_release_reg[1]/Q
                         net (fo=1, routed)           0.647     1.066    u_puf/counter0/reset_release[1]
    SLICE_X1Y44          LUT1 (Prop_lut1_I0_O)        0.299     1.365 f  u_puf/counter0/en_meta_i_1/O
                         net (fo=34, routed)          1.545     2.910    u_puf/counter0/en_meta_i_1_n_0
    SLICE_X0Y48          FDCE                                         f  u_puf/counter0/q_reg[20]/CLR
  -------------------------------------------------------------------    -------------------

Slack:                    inf
  Source:                 u_puf/counter0/reset_release_reg[1]/C
                            (rising edge-triggered cell FDCE)
  Destination:            u_puf/counter0/q_reg[21]/CLR
  Path Group:             (none)
  Path Type:              Max at Slow Process Corner
  Data Path Delay:        2.910ns  (logic 0.718ns (24.675%)  route 2.192ns (75.325%))
  Logic Levels:           2  (FDCE=1 LUT1=1)

    Location             Delay type                Incr(ns)  Path(ns)    Netlist Resource(s)
  -------------------------------------------------------------------    -------------------
    SLICE_X1Y44          FDCE                         0.000     0.000 r  u_puf/counter0/reset_release_reg[1]/C
    SLICE_X1Y44          FDCE (Prop_fdce_C_Q)         0.419     0.419 r  u_puf/counter0/reset_release_reg[1]/Q
                         net (fo=1, routed)           0.647     1.066    u_puf/counter0/reset_release[1]
    SLICE_X1Y44          LUT1 (Prop_lut1_I0_O)        0.299     1.365 f  u_puf/counter0/en_meta_i_1/O
                         net (fo=34, routed)          1.545     2.910    u_puf/counter0/en_meta_i_1_n_0
    SLICE_X0Y48          FDCE                                         f  u_puf/counter0/q_reg[21]/CLR
  -------------------------------------------------------------------    -------------------

Slack:                    inf
  Source:                 u_puf/counter0/reset_release_reg[1]/C
                            (rising edge-triggered cell FDCE)
  Destination:            u_puf/counter0/q_reg[22]/CLR
  Path Group:             (none)
  Path Type:              Max at Slow Process Corner
  Data Path Delay:        2.910ns  (logic 0.718ns (24.675%)  route 2.192ns (75.325%))
  Logic Levels:           2  (FDCE=1 LUT1=1)

    Location             Delay type                Incr(ns)  Path(ns)    Netlist Resource(s)
  -------------------------------------------------------------------    -------------------
    SLICE_X1Y44          FDCE                         0.000     0.000 r  u_puf/counter0/reset_release_reg[1]/C
    SLICE_X1Y44          FDCE (Prop_fdce_C_Q)         0.419     0.419 r  u_puf/counter0/reset_release_reg[1]/Q
                         net (fo=1, routed)           0.647     1.066    u_puf/counter0/reset_release[1]
    SLICE_X1Y44          LUT1 (Prop_lut1_I0_O)        0.299     1.365 f  u_puf/counter0/en_meta_i_1/O
                         net (fo=34, routed)          1.545     2.910    u_puf/counter0/en_meta_i_1_n_0
    SLICE_X0Y48          FDCE                                         f  u_puf/counter0/q_reg[22]/CLR
  -------------------------------------------------------------------    -------------------

Slack:                    inf
  Source:                 u_puf/counter0/reset_release_reg[1]/C
                            (rising edge-triggered cell FDCE)
  Destination:            u_puf/counter0/q_reg[23]/CLR
  Path Group:             (none)
  Path Type:              Max at Slow Process Corner
  Data Path Delay:        2.910ns  (logic 0.718ns (24.675%)  route 2.192ns (75.325%))
  Logic Levels:           2  (FDCE=1 LUT1=1)

    Location             Delay type                Incr(ns)  Path(ns)    Netlist Resource(s)
  -------------------------------------------------------------------    -------------------
    SLICE_X1Y44          FDCE                         0.000     0.000 r  u_puf/counter0/reset_release_reg[1]/C
    SLICE_X1Y44          FDCE (Prop_fdce_C_Q)         0.419     0.419 r  u_puf/counter0/reset_release_reg[1]/Q
                         net (fo=1, routed)           0.647     1.066    u_puf/counter0/reset_release[1]
    SLICE_X1Y44          LUT1 (Prop_lut1_I0_O)        0.299     1.365 f  u_puf/counter0/en_meta_i_1/O
                         net (fo=34, routed)          1.545     2.910    u_puf/counter0/en_meta_i_1_n_0
    SLICE_X0Y48          FDCE                                         f  u_puf/counter0/q_reg[23]/CLR
  -------------------------------------------------------------------    -------------------

Slack:                    inf
  Source:                 u_puf/counter1/q_reg[1]/C
                            (rising edge-triggered cell FDCE)
  Destination:            u_puf/counter1/q_reg[29]/D
  Path Group:             (none)
  Path Type:              Max at Slow Process Corner
  Data Path Delay:        2.827ns  (logic 2.200ns (77.815%)  route 0.627ns (22.185%))
  Logic Levels:           9  (CARRY4=8 FDCE=1)

    Location             Delay type                Incr(ns)  Path(ns)    Netlist Resource(s)
  -------------------------------------------------------------------    -------------------
    SLICE_X2Y43          FDCE                         0.000     0.000 r  u_puf/counter1/q_reg[1]/C
    SLICE_X2Y43          FDCE (Prop_fdce_C_Q)         0.518     0.518 r  u_puf/counter1/q_reg[1]/Q
                         net (fo=3, routed)           0.627     1.145    u_puf/counter1/q_reg[1]
    SLICE_X2Y43          CARRY4 (Prop_carry4_S[1]_CO[3])
                                                      0.657     1.802 r  u_puf/counter1/q_reg[0]_i_1/CO[3]
                         net (fo=1, routed)           0.000     1.802    u_puf/counter1/q_reg[0]_i_1_n_0
    SLICE_X2Y44          CARRY4 (Prop_carry4_CI_CO[3])
                                                      0.117     1.919 r  u_puf/counter1/q_reg[4]_i_1/CO[3]
                         net (fo=1, routed)           0.000     1.919    u_puf/counter1/q_reg[4]_i_1_n_0
    SLICE_X2Y45          CARRY4 (Prop_carry4_CI_CO[3])
                                                      0.117     2.036 r  u_puf/counter1/q_reg[8]_i_1/CO[3]
                         net (fo=1, routed)           0.000     2.036    u_puf/counter1/q_reg[8]_i_1_n_0
    SLICE_X2Y46          CARRY4 (Prop_carry4_CI_CO[3])
                                                      0.117     2.153 r  u_puf/counter1/q_reg[12]_i_1/CO[3]
                         net (fo=1, routed)           0.000     2.153    u_puf/counter1/q_reg[12]_i_1_n_0
    SLICE_X2Y47          CARRY4 (Prop_carry4_CI_CO[3])
                                                      0.117     2.270 r  u_puf/counter1/q_reg[16]_i_1/CO[3]
                         net (fo=1, routed)           0.000     2.270    u_puf/counter1/q_reg[16]_i_1_n_0
    SLICE_X2Y48          CARRY4 (Prop_carry4_CI_CO[3])
                                                      0.117     2.387 r  u_puf/counter1/q_reg[20]_i_1/CO[3]
                         net (fo=1, routed)           0.000     2.387    u_puf/counter1/q_reg[20]_i_1_n_0
    SLICE_X2Y49          CARRY4 (Prop_carry4_CI_CO[3])
                                                      0.117     2.504 r  u_puf/counter1/q_reg[24]_i_1/CO[3]
                         net (fo=1, routed)           0.001     2.504    u_puf/counter1/q_reg[24]_i_1_n_0
    SLICE_X2Y50          CARRY4 (Prop_carry4_CI_O[1])
                                                      0.323     2.827 r  u_puf/counter1/q_reg[28]_i_1/O[1]
                         net (fo=1, routed)           0.000     2.827    u_puf/counter1/q_reg[28]_i_1_n_6
    SLICE_X2Y50          FDCE                                         r  u_puf/counter1/q_reg[29]/D
  -------------------------------------------------------------------    -------------------

Slack:                    inf
  Source:                 u_puf/counter1/q_reg[1]/C
                            (rising edge-triggered cell FDCE)
  Destination:            u_puf/counter1/q_reg[31]/D
  Path Group:             (none)
  Path Type:              Max at Slow Process Corner
  Data Path Delay:        2.819ns  (logic 2.192ns (77.752%)  route 0.627ns (22.248%))
  Logic Levels:           9  (CARRY4=8 FDCE=1)

    Location             Delay type                Incr(ns)  Path(ns)    Netlist Resource(s)
  -------------------------------------------------------------------    -------------------
    SLICE_X2Y43          FDCE                         0.000     0.000 r  u_puf/counter1/q_reg[1]/C
    SLICE_X2Y43          FDCE (Prop_fdce_C_Q)         0.518     0.518 r  u_puf/counter1/q_reg[1]/Q
                         net (fo=3, routed)           0.627     1.145    u_puf/counter1/q_reg[1]
    SLICE_X2Y43          CARRY4 (Prop_carry4_S[1]_CO[3])
                                                      0.657     1.802 r  u_puf/counter1/q_reg[0]_i_1/CO[3]
                         net (fo=1, routed)           0.000     1.802    u_puf/counter1/q_reg[0]_i_1_n_0
    SLICE_X2Y44          CARRY4 (Prop_carry4_CI_CO[3])
                                                      0.117     1.919 r  u_puf/counter1/q_reg[4]_i_1/CO[3]
                         net (fo=1, routed)           0.000     1.919    u_puf/counter1/q_reg[4]_i_1_n_0
    SLICE_X2Y45          CARRY4 (Prop_carry4_CI_CO[3])
                                                      0.117     2.036 r  u_puf/counter1/q_reg[8]_i_1/CO[3]
                         net (fo=1, routed)           0.000     2.036    u_puf/counter1/q_reg[8]_i_1_n_0
    SLICE_X2Y46          CARRY4 (Prop_carry4_CI_CO[3])
                                                      0.117     2.153 r  u_puf/counter1/q_reg[12]_i_1/CO[3]
                         net (fo=1, routed)           0.000     2.153    u_puf/counter1/q_reg[12]_i_1_n_0
    SLICE_X2Y47          CARRY4 (Prop_carry4_CI_CO[3])
                                                      0.117     2.270 r  u_puf/counter1/q_reg[16]_i_1/CO[3]
                         net (fo=1, routed)           0.000     2.270    u_puf/counter1/q_reg[16]_i_1_n_0
    SLICE_X2Y48          CARRY4 (Prop_carry4_CI_CO[3])
                                                      0.117     2.387 r  u_puf/counter1/q_reg[20]_i_1/CO[3]
                         net (fo=1, routed)           0.000     2.387    u_puf/counter1/q_reg[20]_i_1_n_0
    SLICE_X2Y49          CARRY4 (Prop_carry4_CI_CO[3])
                                                      0.117     2.504 r  u_puf/counter1/q_reg[24]_i_1/CO[3]
                         net (fo=1, routed)           0.001     2.504    u_puf/counter1/q_reg[24]_i_1_n_0
    SLICE_X2Y50          CARRY4 (Prop_carry4_CI_O[3])
                                                      0.315     2.819 r  u_puf/counter1/q_reg[28]_i_1/O[3]
                         net (fo=1, routed)           0.000     2.819    u_puf/counter1/q_reg[28]_i_1_n_4
    SLICE_X2Y50          FDCE                                         r  u_puf/counter1/q_reg[31]/D
  -------------------------------------------------------------------    -------------------





Min Delay Paths
--------------------------------------------------------------------------------------
Slack:                    inf
  Source:                 u_puf/counter0/en_meta_reg/C
                            (rising edge-triggered cell FDCE)
  Destination:            u_puf/counter0/en_sync_reg/D
  Path Group:             (none)
  Path Type:              Min at Fast Process Corner
  Data Path Delay:        0.197ns  (logic 0.141ns (71.611%)  route 0.056ns (28.389%))
  Logic Levels:           1  (FDCE=1)

    Location             Delay type                Incr(ns)  Path(ns)    Netlist Resource(s)
  -------------------------------------------------------------------    -------------------
    SLICE_X1Y50          FDCE                         0.000     0.000 r  u_puf/counter0/en_meta_reg/C
    SLICE_X1Y50          FDCE (Prop_fdce_C_Q)         0.141     0.141 r  u_puf/counter0/en_meta_reg/Q
                         net (fo=1, routed)           0.056     0.197    u_puf/counter0/en_meta
    SLICE_X1Y50          FDCE                                         r  u_puf/counter0/en_sync_reg/D
  -------------------------------------------------------------------    -------------------

Slack:                    inf
  Source:                 u_puf/counter0/reset_release_reg[0]/C
                            (rising edge-triggered cell FDCE)
  Destination:            u_puf/counter0/reset_release_reg[1]/D
  Path Group:             (none)
  Path Type:              Min at Fast Process Corner
  Data Path Delay:        0.197ns  (logic 0.141ns (71.611%)  route 0.056ns (28.389%))
  Logic Levels:           1  (FDCE=1)

    Location             Delay type                Incr(ns)  Path(ns)    Netlist Resource(s)
  -------------------------------------------------------------------    -------------------
    SLICE_X1Y44          FDCE                         0.000     0.000 r  u_puf/counter0/reset_release_reg[0]/C
    SLICE_X1Y44          FDCE (Prop_fdce_C_Q)         0.141     0.141 r  u_puf/counter0/reset_release_reg[0]/Q
                         net (fo=1, routed)           0.056     0.197    u_puf/counter0/reset_release[0]
    SLICE_X1Y44          FDCE                                         r  u_puf/counter0/reset_release_reg[1]/D
  -------------------------------------------------------------------    -------------------

Slack:                    inf
  Source:                 u_puf/counter1/en_meta_reg/C
                            (rising edge-triggered cell FDCE)
  Destination:            u_puf/counter1/en_sync_reg/D
  Path Group:             (none)
  Path Type:              Min at Fast Process Corner
  Data Path Delay:        0.197ns  (logic 0.141ns (71.611%)  route 0.056ns (28.389%))
  Logic Levels:           1  (FDCE=1)

    Location             Delay type                Incr(ns)  Path(ns)    Netlist Resource(s)
  -------------------------------------------------------------------    -------------------
    SLICE_X3Y50          FDCE                         0.000     0.000 r  u_puf/counter1/en_meta_reg/C
    SLICE_X3Y50          FDCE (Prop_fdce_C_Q)         0.141     0.141 r  u_puf/counter1/en_meta_reg/Q
                         net (fo=1, routed)           0.056     0.197    u_puf/counter1/en_meta
    SLICE_X3Y50          FDCE                                         r  u_puf/counter1/en_sync_reg/D
  -------------------------------------------------------------------    -------------------

Slack:                    inf
  Source:                 u_puf/counter1/reset_release_reg[0]/C
                            (rising edge-triggered cell FDCE)
  Destination:            u_puf/counter1/reset_release_reg[1]/D
  Path Group:             (none)
  Path Type:              Min at Fast Process Corner
  Data Path Delay:        0.197ns  (logic 0.141ns (71.611%)  route 0.056ns (28.389%))
  Logic Levels:           1  (FDCE=1)

    Location             Delay type                Incr(ns)  Path(ns)    Netlist Resource(s)
  -------------------------------------------------------------------    -------------------
    SLICE_X3Y45          FDCE                         0.000     0.000 r  u_puf/counter1/reset_release_reg[0]/C
    SLICE_X3Y45          FDCE (Prop_fdce_C_Q)         0.141     0.141 r  u_puf/counter1/reset_release_reg[0]/Q
                         net (fo=1, routed)           0.056     0.197    u_puf/counter1/reset_release[0]
    SLICE_X3Y45          FDCE                                         r  u_puf/counter1/reset_release_reg[1]/D
  -------------------------------------------------------------------    -------------------

Slack:                    inf
  Source:                 u_puf/counter0/en_sync_reg/C
                            (rising edge-triggered cell FDCE)
  Destination:            u_puf/counter0/q_reg[24]/CE
  Path Group:             (none)
  Path Type:              Min at Fast Process Corner
  Data Path Delay:        0.297ns  (logic 0.128ns (43.101%)  route 0.169ns (56.899%))
  Logic Levels:           1  (FDCE=1)

    Location             Delay type                Incr(ns)  Path(ns)    Netlist Resource(s)
  -------------------------------------------------------------------    -------------------
    SLICE_X1Y50          FDCE                         0.000     0.000 r  u_puf/counter0/en_sync_reg/C
    SLICE_X1Y50          FDCE (Prop_fdce_C_Q)         0.128     0.128 r  u_puf/counter0/en_sync_reg/Q
                         net (fo=32, routed)          0.169     0.297    u_puf/counter0/en_sync
    SLICE_X0Y49          FDCE                                         r  u_puf/counter0/q_reg[24]/CE
  -------------------------------------------------------------------    -------------------

Slack:                    inf
  Source:                 u_puf/counter0/en_sync_reg/C
                            (rising edge-triggered cell FDCE)
  Destination:            u_puf/counter0/q_reg[25]/CE
  Path Group:             (none)
  Path Type:              Min at Fast Process Corner
  Data Path Delay:        0.297ns  (logic 0.128ns (43.101%)  route 0.169ns (56.899%))
  Logic Levels:           1  (FDCE=1)

    Location             Delay type                Incr(ns)  Path(ns)    Netlist Resource(s)
  -------------------------------------------------------------------    -------------------
    SLICE_X1Y50          FDCE                         0.000     0.000 r  u_puf/counter0/en_sync_reg/C
    SLICE_X1Y50          FDCE (Prop_fdce_C_Q)         0.128     0.128 r  u_puf/counter0/en_sync_reg/Q
                         net (fo=32, routed)          0.169     0.297    u_puf/counter0/en_sync
    SLICE_X0Y49          FDCE                                         r  u_puf/counter0/q_reg[25]/CE
  -------------------------------------------------------------------    -------------------

Slack:                    inf
  Source:                 u_puf/counter0/en_sync_reg/C
                            (rising edge-triggered cell FDCE)
  Destination:            u_puf/counter0/q_reg[26]/CE
  Path Group:             (none)
  Path Type:              Min at Fast Process Corner
  Data Path Delay:        0.297ns  (logic 0.128ns (43.101%)  route 0.169ns (56.899%))
  Logic Levels:           1  (FDCE=1)

    Location             Delay type                Incr(ns)  Path(ns)    Netlist Resource(s)
  -------------------------------------------------------------------    -------------------
    SLICE_X1Y50          FDCE                         0.000     0.000 r  u_puf/counter0/en_sync_reg/C
    SLICE_X1Y50          FDCE (Prop_fdce_C_Q)         0.128     0.128 r  u_puf/counter0/en_sync_reg/Q
                         net (fo=32, routed)          0.169     0.297    u_puf/counter0/en_sync
    SLICE_X0Y49          FDCE                                         r  u_puf/counter0/q_reg[26]/CE
  -------------------------------------------------------------------    -------------------

Slack:                    inf
  Source:                 u_puf/counter0/en_sync_reg/C
                            (rising edge-triggered cell FDCE)
  Destination:            u_puf/counter0/q_reg[27]/CE
  Path Group:             (none)
  Path Type:              Min at Fast Process Corner
  Data Path Delay:        0.297ns  (logic 0.128ns (43.101%)  route 0.169ns (56.899%))
  Logic Levels:           1  (FDCE=1)

    Location             Delay type                Incr(ns)  Path(ns)    Netlist Resource(s)
  -------------------------------------------------------------------    -------------------
    SLICE_X1Y50          FDCE                         0.000     0.000 r  u_puf/counter0/en_sync_reg/C
    SLICE_X1Y50          FDCE (Prop_fdce_C_Q)         0.128     0.128 r  u_puf/counter0/en_sync_reg/Q
                         net (fo=32, routed)          0.169     0.297    u_puf/counter0/en_sync
    SLICE_X0Y49          FDCE                                         r  u_puf/counter0/q_reg[27]/CE
  -------------------------------------------------------------------    -------------------

Slack:                    inf
  Source:                 u_puf/counter0/en_sync_reg/C
                            (rising edge-triggered cell FDCE)
  Destination:            u_puf/counter0/q_reg[20]/CE
  Path Group:             (none)
  Path Type:              Min at Fast Process Corner
  Data Path Delay:        0.351ns  (logic 0.128ns (36.477%)  route 0.223ns (63.523%))
  Logic Levels:           1  (FDCE=1)

    Location             Delay type                Incr(ns)  Path(ns)    Netlist Resource(s)
  -------------------------------------------------------------------    -------------------
    SLICE_X1Y50          FDCE                         0.000     0.000 r  u_puf/counter0/en_sync_reg/C
    SLICE_X1Y50          FDCE (Prop_fdce_C_Q)         0.128     0.128 r  u_puf/counter0/en_sync_reg/Q
                         net (fo=32, routed)          0.223     0.351    u_puf/counter0/en_sync
    SLICE_X0Y48          FDCE                                         r  u_puf/counter0/q_reg[20]/CE
  -------------------------------------------------------------------    -------------------

Slack:                    inf
  Source:                 u_puf/counter0/en_sync_reg/C
                            (rising edge-triggered cell FDCE)
  Destination:            u_puf/counter0/q_reg[21]/CE
  Path Group:             (none)
  Path Type:              Min at Fast Process Corner
  Data Path Delay:        0.351ns  (logic 0.128ns (36.477%)  route 0.223ns (63.523%))
  Logic Levels:           1  (FDCE=1)

    Location             Delay type                Incr(ns)  Path(ns)    Netlist Resource(s)
  -------------------------------------------------------------------    -------------------
    SLICE_X1Y50          FDCE                         0.000     0.000 r  u_puf/counter0/en_sync_reg/C
    SLICE_X1Y50          FDCE (Prop_fdce_C_Q)         0.128     0.128 r  u_puf/counter0/en_sync_reg/Q
                         net (fo=32, routed)          0.223     0.351    u_puf/counter0/en_sync
    SLICE_X0Y48          FDCE                                         r  u_puf/counter0/q_reg[21]/CE
  -------------------------------------------------------------------    -------------------

Slack:                    inf
  Source:                 u_puf/counter0/en_sync_reg/C
                            (rising edge-triggered cell FDCE)
  Destination:            u_puf/counter0/q_reg[22]/CE
  Path Group:             (none)
  Path Type:              Min at Fast Process Corner
  Data Path Delay:        0.351ns  (logic 0.128ns (36.477%)  route 0.223ns (63.523%))
  Logic Levels:           1  (FDCE=1)

    Location             Delay type                Incr(ns)  Path(ns)    Netlist Resource(s)
  -------------------------------------------------------------------    -------------------
    SLICE_X1Y50          FDCE                         0.000     0.000 r  u_puf/counter0/en_sync_reg/C
    SLICE_X1Y50          FDCE (Prop_fdce_C_Q)         0.128     0.128 r  u_puf/counter0/en_sync_reg/Q
                         net (fo=32, routed)          0.223     0.351    u_puf/counter0/en_sync
    SLICE_X0Y48          FDCE                                         r  u_puf/counter0/q_reg[22]/CE
  -------------------------------------------------------------------    -------------------

Slack:                    inf
  Source:                 u_puf/counter0/en_sync_reg/C
                            (rising edge-triggered cell FDCE)
  Destination:            u_puf/counter0/q_reg[23]/CE
  Path Group:             (none)
  Path Type:              Min at Fast Process Corner
  Data Path Delay:        0.351ns  (logic 0.128ns (36.477%)  route 0.223ns (63.523%))
  Logic Levels:           1  (FDCE=1)

    Location             Delay type                Incr(ns)  Path(ns)    Netlist Resource(s)
  -------------------------------------------------------------------    -------------------
    SLICE_X1Y50          FDCE                         0.000     0.000 r  u_puf/counter0/en_sync_reg/C
    SLICE_X1Y50          FDCE (Prop_fdce_C_Q)         0.128     0.128 r  u_puf/counter0/en_sync_reg/Q
                         net (fo=32, routed)          0.223     0.351    u_puf/counter0/en_sync
    SLICE_X0Y48          FDCE                                         r  u_puf/counter0/q_reg[23]/CE
  -------------------------------------------------------------------    -------------------

Slack:                    inf
  Source:                 u_puf/counter0/q_reg[14]/C
                            (rising edge-triggered cell FDCE)
  Destination:            u_puf/counter0/q_reg[14]/D
  Path Group:             (none)
  Path Type:              Min at Fast Process Corner
  Data Path Delay:        0.385ns  (logic 0.252ns (65.465%)  route 0.133ns (34.535%))
  Logic Levels:           2  (CARRY4=1 FDCE=1)

    Location             Delay type                Incr(ns)  Path(ns)    Netlist Resource(s)
  -------------------------------------------------------------------    -------------------
    SLICE_X0Y46          FDCE                         0.000     0.000 r  u_puf/counter0/q_reg[14]/C
    SLICE_X0Y46          FDCE (Prop_fdce_C_Q)         0.141     0.141 r  u_puf/counter0/q_reg[14]/Q
                         net (fo=3, routed)           0.133     0.274    u_puf/counter0/q_reg[14]
    SLICE_X0Y46          CARRY4 (Prop_carry4_S[2]_O[2])
                                                      0.111     0.385 r  u_puf/counter0/q_reg[12]_i_1__0/O[2]
                         net (fo=1, routed)           0.000     0.385    u_puf/counter0/q_reg[12]_i_1__0_n_5
    SLICE_X0Y46          FDCE                                         r  u_puf/counter0/q_reg[14]/D
  -------------------------------------------------------------------    -------------------

Slack:                    inf
  Source:                 u_puf/counter0/q_reg[18]/C
                            (rising edge-triggered cell FDCE)
  Destination:            u_puf/counter0/q_reg[18]/D
  Path Group:             (none)
  Path Type:              Min at Fast Process Corner
  Data Path Delay:        0.385ns  (logic 0.252ns (65.465%)  route 0.133ns (34.535%))
  Logic Levels:           2  (CARRY4=1 FDCE=1)

    Location             Delay type                Incr(ns)  Path(ns)    Netlist Resource(s)
  -------------------------------------------------------------------    -------------------
    SLICE_X0Y47          FDCE                         0.000     0.000 r  u_puf/counter0/q_reg[18]/C
    SLICE_X0Y47          FDCE (Prop_fdce_C_Q)         0.141     0.141 r  u_puf/counter0/q_reg[18]/Q
                         net (fo=3, routed)           0.133     0.274    u_puf/counter0/q_reg[18]
    SLICE_X0Y47          CARRY4 (Prop_carry4_S[2]_O[2])
                                                      0.111     0.385 r  u_puf/counter0/q_reg[16]_i_1__0/O[2]
                         net (fo=1, routed)           0.000     0.385    u_puf/counter0/q_reg[16]_i_1__0_n_5
    SLICE_X0Y47          FDCE                                         r  u_puf/counter0/q_reg[18]/D
  -------------------------------------------------------------------    -------------------

Slack:                    inf
  Source:                 u_puf/counter0/q_reg[10]/C
                            (rising edge-triggered cell FDCE)
  Destination:            u_puf/counter0/q_reg[10]/D
  Path Group:             (none)
  Path Type:              Min at Fast Process Corner
  Data Path Delay:        0.386ns  (logic 0.252ns (65.354%)  route 0.134ns (34.646%))
  Logic Levels:           2  (CARRY4=1 FDCE=1)

    Location             Delay type                Incr(ns)  Path(ns)    Netlist Resource(s)
  -------------------------------------------------------------------    -------------------
    SLICE_X0Y45          FDCE                         0.000     0.000 r  u_puf/counter0/q_reg[10]/C
    SLICE_X0Y45          FDCE (Prop_fdce_C_Q)         0.141     0.141 r  u_puf/counter0/q_reg[10]/Q
                         net (fo=3, routed)           0.134     0.275    u_puf/counter0/q_reg[10]
    SLICE_X0Y45          CARRY4 (Prop_carry4_S[2]_O[2])
                                                      0.111     0.386 r  u_puf/counter0/q_reg[8]_i_1__0/O[2]
                         net (fo=1, routed)           0.000     0.386    u_puf/counter0/q_reg[8]_i_1__0_n_5
    SLICE_X0Y45          FDCE                                         r  u_puf/counter0/q_reg[10]/D
  -------------------------------------------------------------------    -------------------

Slack:                    inf
  Source:                 u_puf/counter0/q_reg[26]/C
                            (rising edge-triggered cell FDCE)
  Destination:            u_puf/counter0/q_reg[26]/D
  Path Group:             (none)
  Path Type:              Min at Fast Process Corner
  Data Path Delay:        0.386ns  (logic 0.252ns (65.354%)  route 0.134ns (34.646%))
  Logic Levels:           2  (CARRY4=1 FDCE=1)

    Location             Delay type                Incr(ns)  Path(ns)    Netlist Resource(s)
  -------------------------------------------------------------------    -------------------
    SLICE_X0Y49          FDCE                         0.000     0.000 r  u_puf/counter0/q_reg[26]/C
    SLICE_X0Y49          FDCE (Prop_fdce_C_Q)         0.141     0.141 r  u_puf/counter0/q_reg[26]/Q
                         net (fo=3, routed)           0.134     0.275    u_puf/counter0/q_reg[26]
    SLICE_X0Y49          CARRY4 (Prop_carry4_S[2]_O[2])
                                                      0.111     0.386 r  u_puf/counter0/q_reg[24]_i_1__0/O[2]
                         net (fo=1, routed)           0.000     0.386    u_puf/counter0/q_reg[24]_i_1__0_n_5
    SLICE_X0Y49          FDCE                                         r  u_puf/counter0/q_reg[26]/D
  -------------------------------------------------------------------    -------------------

Slack:                    inf
  Source:                 u_puf/counter0/q_reg[2]/C
                            (rising edge-triggered cell FDCE)
  Destination:            u_puf/counter0/q_reg[2]/D
  Path Group:             (none)
  Path Type:              Min at Fast Process Corner
  Data Path Delay:        0.386ns  (logic 0.252ns (65.354%)  route 0.134ns (34.646%))
  Logic Levels:           2  (CARRY4=1 FDCE=1)

    Location             Delay type                Incr(ns)  Path(ns)    Netlist Resource(s)
  -------------------------------------------------------------------    -------------------
    SLICE_X0Y43          FDCE                         0.000     0.000 r  u_puf/counter0/q_reg[2]/C
    SLICE_X0Y43          FDCE (Prop_fdce_C_Q)         0.141     0.141 r  u_puf/counter0/q_reg[2]/Q
                         net (fo=3, routed)           0.134     0.275    u_puf/counter0/q_reg[2]
    SLICE_X0Y43          CARRY4 (Prop_carry4_S[2]_O[2])
                                                      0.111     0.386 r  u_puf/counter0/q_reg[0]_i_1__0/O[2]
                         net (fo=1, routed)           0.000     0.386    u_puf/counter0/q_reg[0]_i_1__0_n_5
    SLICE_X0Y43          FDCE                                         r  u_puf/counter0/q_reg[2]/D
  -------------------------------------------------------------------    -------------------

Slack:                    inf
  Source:                 u_puf/counter0/q_reg[6]/C
                            (rising edge-triggered cell FDCE)
  Destination:            u_puf/counter0/q_reg[6]/D
  Path Group:             (none)
  Path Type:              Min at Fast Process Corner
  Data Path Delay:        0.386ns  (logic 0.252ns (65.343%)  route 0.134ns (34.657%))
  Logic Levels:           2  (CARRY4=1 FDCE=1)

    Location             Delay type                Incr(ns)  Path(ns)    Netlist Resource(s)
  -------------------------------------------------------------------    -------------------
    SLICE_X0Y44          FDCE                         0.000     0.000 r  u_puf/counter0/q_reg[6]/C
    SLICE_X0Y44          FDCE (Prop_fdce_C_Q)         0.141     0.141 r  u_puf/counter0/q_reg[6]/Q
                         net (fo=3, routed)           0.134     0.275    u_puf/counter0/q_reg[6]
    SLICE_X0Y44          CARRY4 (Prop_carry4_S[2]_O[2])
                                                      0.111     0.386 r  u_puf/counter0/q_reg[4]_i_1__0/O[2]
                         net (fo=1, routed)           0.000     0.386    u_puf/counter0/q_reg[4]_i_1__0_n_5
    SLICE_X0Y44          FDCE                                         r  u_puf/counter0/q_reg[6]/D
  -------------------------------------------------------------------    -------------------

Slack:                    inf
  Source:                 u_puf/counter0/q_reg[22]/C
                            (rising edge-triggered cell FDCE)
  Destination:            u_puf/counter0/q_reg[22]/D
  Path Group:             (none)
  Path Type:              Min at Fast Process Corner
  Data Path Delay:        0.387ns  (logic 0.252ns (65.117%)  route 0.135ns (34.883%))
  Logic Levels:           2  (CARRY4=1 FDCE=1)

    Location             Delay type                Incr(ns)  Path(ns)    Netlist Resource(s)
  -------------------------------------------------------------------    -------------------
    SLICE_X0Y48          FDCE                         0.000     0.000 r  u_puf/counter0/q_reg[22]/C
    SLICE_X0Y48          FDCE (Prop_fdce_C_Q)         0.141     0.141 r  u_puf/counter0/q_reg[22]/Q
                         net (fo=3, routed)           0.135     0.276    u_puf/counter0/q_reg[22]
    SLICE_X0Y48          CARRY4 (Prop_carry4_S[2]_O[2])
                                                      0.111     0.387 r  u_puf/counter0/q_reg[20]_i_1__0/O[2]
                         net (fo=1, routed)           0.000     0.387    u_puf/counter0/q_reg[20]_i_1__0_n_5
    SLICE_X0Y48          FDCE                                         r  u_puf/counter0/q_reg[22]/D
  -------------------------------------------------------------------    -------------------

Slack:                    inf
  Source:                 u_puf/counter1/q_reg[18]/C
                            (rising edge-triggered cell FDCE)
  Destination:            u_puf/counter1/q_reg[18]/D
  Path Group:             (none)
  Path Type:              Min at Fast Process Corner
  Data Path Delay:        0.401ns  (logic 0.274ns (68.412%)  route 0.127ns (31.588%))
  Logic Levels:           2  (CARRY4=1 FDCE=1)

    Location             Delay type                Incr(ns)  Path(ns)    Netlist Resource(s)
  -------------------------------------------------------------------    -------------------
    SLICE_X2Y47          FDCE                         0.000     0.000 r  u_puf/counter1/q_reg[18]/C
    SLICE_X2Y47          FDCE (Prop_fdce_C_Q)         0.164     0.164 r  u_puf/counter1/q_reg[18]/Q
                         net (fo=3, routed)           0.127     0.291    u_puf/counter1/q_reg[18]
    SLICE_X2Y47          CARRY4 (Prop_carry4_S[2]_O[2])
                                                      0.110     0.401 r  u_puf/counter1/q_reg[16]_i_1/O[2]
                         net (fo=1, routed)           0.000     0.401    u_puf/counter1/q_reg[16]_i_1_n_5
    SLICE_X2Y47          FDCE                                         r  u_puf/counter1/q_reg[18]/D
  -------------------------------------------------------------------    -------------------





--------------------------------------------------------------------------------------
Path Group:  (none)
From Clock:  sys_clk
  To Clock:

Max Delay           567 Endpoints
Min Delay           567 Endpoints
--------------------------------------------------------------------------------------


Max Delay Paths
--------------------------------------------------------------------------------------
Slack:                    inf
  Source:                 u_puf/ctrl_inst/FSM_onehot_state_reg[1]/C
                            (rising edge-triggered cell FDCE clocked by sys_clk  {rise@0.000ns fall@5.000ns period=10.000ns})
  Destination:            u_puf/counter1/reset_release_reg[0]/CLR
  Path Group:             (none)
  Path Type:              Max at Slow Process Corner
  Data Path Delay:        4.090ns  (logic 0.794ns (19.415%)  route 3.296ns (80.585%))
  Logic Levels:           2  (LUT5=1 LUT6=1)
  Clock Uncertainty:      0.025ns  ((TSJ^2 + TIJ^2)^1/2 + DJ) / 2 + PE
    Total System Jitter     (TSJ):    0.050ns
    Total Input Jitter      (TIJ):    0.000ns
    Discrete Jitter          (DJ):    0.000ns
    Phase Error              (PE):    0.000ns

    Location             Delay type                Incr(ns)  Path(ns)    Netlist Resource(s)
  -------------------------------------------------------------------    -------------------
                         (clock sys_clk rise edge)    0.000     0.000 r
                                                      0.000     0.000 r  clk (IN)
                         net (fo=19606, unset)        0.973     0.973    u_puf/ctrl_inst/clk
    SLICE_X2Y54          FDCE                                         r  u_puf/ctrl_inst/FSM_onehot_state_reg[1]/C
  -------------------------------------------------------------------    -------------------
    SLICE_X2Y54          FDCE (Prop_fdce_C_Q)         0.518     1.491 f  u_puf/ctrl_inst/FSM_onehot_state_reg[1]/Q
                         net (fo=15, routed)          1.012     2.503    u_puf/ctrl_inst/Q[0]
    SLICE_X1Y52          LUT6 (Prop_lut6_I4_O)        0.124     2.627 r  u_puf/ctrl_inst/reset_release[1]_i_7/O
                         net (fo=1, routed)           1.295     3.922    u_puf/ctrl_inst/reset_release[1]_i_7_n_0
    SLICE_X1Y40          LUT5 (Prop_lut5_I0_O)        0.152     4.074 f  u_puf/ctrl_inst/reset_release[1]_i_2__0/O
                         net (fo=4, routed)           0.989     5.063    u_puf/counter1/reset_release_reg[1]_0
    SLICE_X3Y45          FDCE                                         f  u_puf/counter1/reset_release_reg[0]/CLR
  -------------------------------------------------------------------    -------------------

Slack:                    inf
  Source:                 u_puf/ctrl_inst/FSM_onehot_state_reg[1]/C
                            (rising edge-triggered cell FDCE clocked by sys_clk  {rise@0.000ns fall@5.000ns period=10.000ns})
  Destination:            u_puf/counter1/reset_release_reg[1]/CLR
  Path Group:             (none)
  Path Type:              Max at Slow Process Corner
  Data Path Delay:        4.090ns  (logic 0.794ns (19.415%)  route 3.296ns (80.585%))
  Logic Levels:           2  (LUT5=1 LUT6=1)
  Clock Uncertainty:      0.025ns  ((TSJ^2 + TIJ^2)^1/2 + DJ) / 2 + PE
    Total System Jitter     (TSJ):    0.050ns
    Total Input Jitter      (TIJ):    0.000ns
    Discrete Jitter          (DJ):    0.000ns
    Phase Error              (PE):    0.000ns

    Location             Delay type                Incr(ns)  Path(ns)    Netlist Resource(s)
  -------------------------------------------------------------------    -------------------
                         (clock sys_clk rise edge)    0.000     0.000 r
                                                      0.000     0.000 r  clk (IN)
                         net (fo=19606, unset)        0.973     0.973    u_puf/ctrl_inst/clk
    SLICE_X2Y54          FDCE                                         r  u_puf/ctrl_inst/FSM_onehot_state_reg[1]/C
  -------------------------------------------------------------------    -------------------
    SLICE_X2Y54          FDCE (Prop_fdce_C_Q)         0.518     1.491 f  u_puf/ctrl_inst/FSM_onehot_state_reg[1]/Q
                         net (fo=15, routed)          1.012     2.503    u_puf/ctrl_inst/Q[0]
    SLICE_X1Y52          LUT6 (Prop_lut6_I4_O)        0.124     2.627 r  u_puf/ctrl_inst/reset_release[1]_i_7/O
                         net (fo=1, routed)           1.295     3.922    u_puf/ctrl_inst/reset_release[1]_i_7_n_0
    SLICE_X1Y40          LUT5 (Prop_lut5_I0_O)        0.152     4.074 f  u_puf/ctrl_inst/reset_release[1]_i_2__0/O
                         net (fo=4, routed)           0.989     5.063    u_puf/counter1/reset_release_reg[1]_0
    SLICE_X3Y45          FDCE                                         f  u_puf/counter1/reset_release_reg[1]/CLR
  -------------------------------------------------------------------    -------------------

Slack:                    inf
  Source:                 u_puf/ctrl_inst/FSM_onehot_state_reg[1]/C
                            (rising edge-triggered cell FDCE clocked by sys_clk  {rise@0.000ns fall@5.000ns period=10.000ns})
  Destination:            u_puf/counter0/reset_release_reg[0]/CLR
  Path Group:             (none)
  Path Type:              Max at Slow Process Corner
  Data Path Delay:        3.941ns  (logic 0.794ns (20.146%)  route 3.147ns (79.854%))
  Logic Levels:           2  (LUT5=1 LUT6=1)
  Clock Uncertainty:      0.025ns  ((TSJ^2 + TIJ^2)^1/2 + DJ) / 2 + PE
    Total System Jitter     (TSJ):    0.050ns
    Total Input Jitter      (TIJ):    0.000ns
    Discrete Jitter          (DJ):    0.000ns
    Phase Error              (PE):    0.000ns

    Location             Delay type                Incr(ns)  Path(ns)    Netlist Resource(s)
  -------------------------------------------------------------------    -------------------
                         (clock sys_clk rise edge)    0.000     0.000 r
                                                      0.000     0.000 r  clk (IN)
                         net (fo=19606, unset)        0.973     0.973    u_puf/ctrl_inst/clk
    SLICE_X2Y54          FDCE                                         r  u_puf/ctrl_inst/FSM_onehot_state_reg[1]/C
  -------------------------------------------------------------------    -------------------
    SLICE_X2Y54          FDCE (Prop_fdce_C_Q)         0.518     1.491 f  u_puf/ctrl_inst/FSM_onehot_state_reg[1]/Q
                         net (fo=15, routed)          1.012     2.503    u_puf/ctrl_inst/Q[0]
    SLICE_X1Y52          LUT6 (Prop_lut6_I4_O)        0.124     2.627 r  u_puf/ctrl_inst/reset_release[1]_i_7/O
                         net (fo=1, routed)           1.295     3.922    u_puf/ctrl_inst/reset_release[1]_i_7_n_0
    SLICE_X1Y40          LUT5 (Prop_lut5_I0_O)        0.152     4.074 f  u_puf/ctrl_inst/reset_release[1]_i_2__0/O
                         net (fo=4, routed)           0.841     4.914    u_puf/counter0/reset_release_reg[0]_0
    SLICE_X1Y44          FDCE                                         f  u_puf/counter0/reset_release_reg[0]/CLR
  -------------------------------------------------------------------    -------------------

Slack:                    inf
  Source:                 u_puf/ctrl_inst/FSM_onehot_state_reg[1]/C
                            (rising edge-triggered cell FDCE clocked by sys_clk  {rise@0.000ns fall@5.000ns period=10.000ns})
  Destination:            u_puf/counter0/reset_release_reg[1]/CLR
  Path Group:             (none)
  Path Type:              Max at Slow Process Corner
  Data Path Delay:        3.941ns  (logic 0.794ns (20.146%)  route 3.147ns (79.854%))
  Logic Levels:           2  (LUT5=1 LUT6=1)
  Clock Uncertainty:      0.025ns  ((TSJ^2 + TIJ^2)^1/2 + DJ) / 2 + PE
    Total System Jitter     (TSJ):    0.050ns
    Total Input Jitter      (TIJ):    0.000ns
    Discrete Jitter          (DJ):    0.000ns
    Phase Error              (PE):    0.000ns

    Location             Delay type                Incr(ns)  Path(ns)    Netlist Resource(s)
  -------------------------------------------------------------------    -------------------
                         (clock sys_clk rise edge)    0.000     0.000 r
                                                      0.000     0.000 r  clk (IN)
                         net (fo=19606, unset)        0.973     0.973    u_puf/ctrl_inst/clk
    SLICE_X2Y54          FDCE                                         r  u_puf/ctrl_inst/FSM_onehot_state_reg[1]/C
  -------------------------------------------------------------------    -------------------
    SLICE_X2Y54          FDCE (Prop_fdce_C_Q)         0.518     1.491 f  u_puf/ctrl_inst/FSM_onehot_state_reg[1]/Q
                         net (fo=15, routed)          1.012     2.503    u_puf/ctrl_inst/Q[0]
    SLICE_X1Y52          LUT6 (Prop_lut6_I4_O)        0.124     2.627 r  u_puf/ctrl_inst/reset_release[1]_i_7/O
                         net (fo=1, routed)           1.295     3.922    u_puf/ctrl_inst/reset_release[1]_i_7_n_0
    SLICE_X1Y40          LUT5 (Prop_lut5_I0_O)        0.152     4.074 f  u_puf/ctrl_inst/reset_release[1]_i_2__0/O
                         net (fo=4, routed)           0.841     4.914    u_puf/counter0/reset_release_reg[0]_0
    SLICE_X1Y44          FDCE                                         f  u_puf/counter0/reset_release_reg[1]/CLR
  -------------------------------------------------------------------    -------------------

Slack:                    inf
  Source:                 u_edge/u_server/state_reg[2]/C
                            (rising edge-triggered cell FDRE clocked by sys_clk  {rise@0.000ns fall@5.000ns period=10.000ns})
  Destination:            req_c
                            (output port)
  Path Group:             (none)
  Path Type:              Max at Slow Process Corner
  Data Path Delay:        3.900ns  (logic 0.580ns (14.872%)  route 3.320ns (85.128%))
  Logic Levels:           1  (LUT6=1)
  Clock Uncertainty:      0.025ns  ((TSJ^2 + TIJ^2)^1/2 + DJ) / 2 + PE
    Total System Jitter     (TSJ):    0.050ns
    Total Input Jitter      (TIJ):    0.000ns
    Discrete Jitter          (DJ):    0.000ns
    Phase Error              (PE):    0.000ns

    Location             Delay type                Incr(ns)  Path(ns)    Netlist Resource(s)
  -------------------------------------------------------------------    -------------------
                         (clock sys_clk rise edge)    0.000     0.000 r
                                                      0.000     0.000 r  clk (IN)
                         net (fo=19606, unset)        0.973     0.973    u_edge/u_server/clk
    SLICE_X11Y91         FDRE                                         r  u_edge/u_server/state_reg[2]/C
  -------------------------------------------------------------------    -------------------
    SLICE_X11Y91         FDRE (Prop_fdre_C_Q)         0.456     1.429 f  u_edge/u_server/state_reg[2]/Q
                         net (fo=123, routed)         2.347     3.776    u_edge/u_server/ciphertext_store/Q[2]
    SLICE_X37Y88         LUT6 (Prop_lut6_I3_O)        0.124     3.900 r  u_edge/u_server/ciphertext_store/req_c_INST_0/O
                         net (fo=3, unset)            0.973     4.873    req_c
                                                                      r  req_c (OUT)
  -------------------------------------------------------------------    -------------------

Slack:                    inf
  Source:                 u_edge/u_control/u_scrub/state_reg[0]/C
                            (rising edge-triggered cell FDRE clocked by sys_clk  {rise@0.000ns fall@5.000ns period=10.000ns})
  Destination:            scrub_done
                            (output port)
  Path Group:             (none)
  Path Type:              Max at Slow Process Corner
  Data Path Delay:        3.062ns  (logic 0.608ns (19.856%)  route 2.454ns (80.144%))
  Logic Levels:           1  (LUT3=1)
  Clock Uncertainty:      0.025ns  ((TSJ^2 + TIJ^2)^1/2 + DJ) / 2 + PE
    Total System Jitter     (TSJ):    0.050ns
    Total Input Jitter      (TIJ):    0.000ns
    Discrete Jitter          (DJ):    0.000ns
    Phase Error              (PE):    0.000ns

    Location             Delay type                Incr(ns)  Path(ns)    Netlist Resource(s)
  -------------------------------------------------------------------    -------------------
                         (clock sys_clk rise edge)    0.000     0.000 r
                                                      0.000     0.000 r  clk (IN)
                         net (fo=19606, unset)        0.973     0.973    u_edge/u_control/u_scrub/clk
    SLICE_X15Y85         FDRE                                         r  u_edge/u_control/u_scrub/state_reg[0]/C
  -------------------------------------------------------------------    -------------------
    SLICE_X15Y85         FDRE (Prop_fdre_C_Q)         0.456     1.429 f  u_edge/u_control/u_scrub/state_reg[0]/Q
                         net (fo=16, routed)          1.481     2.910    u_edge/u_control/u_scrub_n_165
    SLICE_X29Y85         LUT3 (Prop_lut3_I2_O)        0.152     3.062 r  u_edge/u_control/scrub_done_INST_0/O
                         net (fo=0)                   0.973     4.035    scrub_done
                                                                      r  scrub_done (OUT)
  -------------------------------------------------------------------    -------------------

Slack:                    inf
  Source:                 u_edge/u_control/u_seed/FSM_sequential_state_reg[1]/C
                            (rising edge-triggered cell FDCE clocked by sys_clk  {rise@0.000ns fall@5.000ns period=10.000ns})
  Destination:            secret_valid
                            (output port)
  Path Group:             (none)
  Path Type:              Max at Slow Process Corner
  Data Path Delay:        2.854ns  (logic 0.642ns (22.497%)  route 2.212ns (77.503%))
  Logic Levels:           1  (LUT3=1)
  Clock Uncertainty:      0.025ns  ((TSJ^2 + TIJ^2)^1/2 + DJ) / 2 + PE
    Total System Jitter     (TSJ):    0.050ns
    Total Input Jitter      (TIJ):    0.000ns
    Discrete Jitter          (DJ):    0.000ns
    Phase Error              (PE):    0.000ns

    Location             Delay type                Incr(ns)  Path(ns)    Netlist Resource(s)
  -------------------------------------------------------------------    -------------------
                         (clock sys_clk rise edge)    0.000     0.000 r
                                                      0.000     0.000 r  clk (IN)
                         net (fo=19606, unset)        0.973     0.973    u_edge/u_control/u_seed/clk
    SLICE_X14Y50         FDCE                                         r  u_edge/u_control/u_seed/FSM_sequential_state_reg[1]/C
  -------------------------------------------------------------------    -------------------
    SLICE_X14Y50         FDCE (Prop_fdce_C_Q)         0.518     1.491 f  u_edge/u_control/u_seed/FSM_sequential_state_reg[1]/Q
                         net (fo=12, routed)          1.239     2.730    u_edge/u_control/state__0[1]
    SLICE_X28Y47         LUT3 (Prop_lut3_I0_O)        0.124     2.854 r  u_edge/u_control/secret_valid_INST_0/O
                         net (fo=1, unset)            0.973     3.827    secret_valid
                                                                      r  secret_valid (OUT)
  -------------------------------------------------------------------    -------------------

Slack:                    inf
  Source:                 FSM_sequential_state_reg[3]/C
                            (rising edge-triggered cell FDCE clocked by sys_clk  {rise@0.000ns fall@5.000ns period=10.000ns})
  Destination:            busy
                            (output port)
  Path Group:             (none)
  Path Type:              Max at Slow Process Corner
  Data Path Delay:        2.729ns  (logic 0.718ns (26.311%)  route 2.011ns (73.689%))
  Logic Levels:           1  (LUT3=1)
  Clock Uncertainty:      0.025ns  ((TSJ^2 + TIJ^2)^1/2 + DJ) / 2 + PE
    Total System Jitter     (TSJ):    0.050ns
    Total Input Jitter      (TIJ):    0.000ns
    Discrete Jitter          (DJ):    0.000ns
    Phase Error              (PE):    0.000ns

    Location             Delay type                Incr(ns)  Path(ns)    Netlist Resource(s)
  -------------------------------------------------------------------    -------------------
                         (clock sys_clk rise edge)    0.000     0.000 r
                                                      0.000     0.000 r  clk (IN)
                         net (fo=19606, unset)        0.973     0.973    clk
    SLICE_X1Y39          FDCE                                         r  FSM_sequential_state_reg[3]/C
  -------------------------------------------------------------------    -------------------
    SLICE_X1Y39          FDCE (Prop_fdce_C_Q)         0.419     1.392 r  FSM_sequential_state_reg[3]/Q
                         net (fo=16, routed)          1.038     2.430    state__0[3]
    SLICE_X2Y38          LUT3 (Prop_lut3_I1_O)        0.299     2.729 r  busy_INST_0/O
                         net (fo=2, unset)            0.973     3.702    busy
                                                                      r  busy (OUT)
  -------------------------------------------------------------------    -------------------

Slack:                    inf
  Source:                 FSM_sequential_state_reg[2]/C
                            (rising edge-triggered cell FDPE clocked by sys_clk  {rise@0.000ns fall@5.000ns period=10.000ns})
  Destination:            done
                            (output port)
  Path Group:             (none)
  Path Type:              Max at Slow Process Corner
  Data Path Delay:        2.423ns  (logic 0.580ns (23.940%)  route 1.843ns (76.060%))
  Logic Levels:           1  (LUT4=1)
  Clock Uncertainty:      0.025ns  ((TSJ^2 + TIJ^2)^1/2 + DJ) / 2 + PE
    Total System Jitter     (TSJ):    0.050ns
    Total Input Jitter      (TIJ):    0.000ns
    Discrete Jitter          (DJ):    0.000ns
    Phase Error              (PE):    0.000ns

    Location             Delay type                Incr(ns)  Path(ns)    Netlist Resource(s)
  -------------------------------------------------------------------    -------------------
                         (clock sys_clk rise edge)    0.000     0.000 r
                                                      0.000     0.000 r  clk (IN)
                         net (fo=19606, unset)        0.973     0.973    clk
    SLICE_X1Y40          FDPE                                         r  FSM_sequential_state_reg[2]/C
  -------------------------------------------------------------------    -------------------
    SLICE_X1Y40          FDPE (Prop_fdpe_C_Q)         0.456     1.429 r  FSM_sequential_state_reg[2]/Q
                         net (fo=17, routed)          0.870     2.299    state__0[2]
    SLICE_X1Y40          LUT4 (Prop_lut4_I1_O)        0.124     2.423 r  done_INST_0/O
                         net (fo=0)                   0.973     3.396    done
                                                                      r  done (OUT)
  -------------------------------------------------------------------    -------------------

Slack:                    inf
  Source:                 u_edge/u_control/u_scrub/state_reg[2]/C
                            (rising edge-triggered cell FDRE clocked by sys_clk  {rise@0.000ns fall@5.000ns period=10.000ns})
  Destination:            protocol_start
                            (output port)
  Path Group:             (none)
  Path Type:              Max at Slow Process Corner
  Data Path Delay:        2.390ns  (logic 0.580ns (24.267%)  route 1.810ns (75.733%))
  Logic Levels:           1  (LUT3=1)
  Clock Uncertainty:      0.025ns  ((TSJ^2 + TIJ^2)^1/2 + DJ) / 2 + PE
    Total System Jitter     (TSJ):    0.050ns
    Total Input Jitter      (TIJ):    0.000ns
    Discrete Jitter          (DJ):    0.000ns
    Phase Error              (PE):    0.000ns

    Location             Delay type                Incr(ns)  Path(ns)    Netlist Resource(s)
  -------------------------------------------------------------------    -------------------
                         (clock sys_clk rise edge)    0.000     0.000 r
                                                      0.000     0.000 r  clk (IN)
                         net (fo=19606, unset)        0.973     0.973    u_edge/u_control/u_scrub/clk
    SLICE_X15Y85         FDRE                                         r  u_edge/u_control/u_scrub/state_reg[2]/C
  -------------------------------------------------------------------    -------------------
    SLICE_X15Y85         FDRE (Prop_fdre_C_Q)         0.456     1.429 f  u_edge/u_control/u_scrub/state_reg[2]/Q
                         net (fo=25, routed)          0.837     2.266    u_edge/u_control/u_scrub_n_166
    SLICE_X15Y86         LUT3 (Prop_lut3_I0_O)        0.124     2.390 r  u_edge/u_control/protocol_start_INST_0/O
                         net (fo=14, unset)           0.973     3.363    protocol_start
                                                                      r  protocol_start (OUT)
  -------------------------------------------------------------------    -------------------

Slack:                    inf
  Source:                 u_puf/ctrl_inst/FSM_onehot_state_reg[3]/C
                            (rising edge-triggered cell FDCE clocked by sys_clk  {rise@0.000ns fall@5.000ns period=10.000ns})
  Destination:            u_puf/counter0/en_meta_reg/D
  Path Group:             (none)
  Path Type:              Max at Slow Process Corner
  Data Path Delay:        2.006ns  (logic 0.518ns (25.819%)  route 1.488ns (74.181%))
  Logic Levels:           0
  Clock Uncertainty:      0.025ns  ((TSJ^2 + TIJ^2)^1/2 + DJ) / 2 + PE
    Total System Jitter     (TSJ):    0.050ns
    Total Input Jitter      (TIJ):    0.000ns
    Discrete Jitter          (DJ):    0.000ns
    Phase Error              (PE):    0.000ns

    Location             Delay type                Incr(ns)  Path(ns)    Netlist Resource(s)
  -------------------------------------------------------------------    -------------------
                         (clock sys_clk rise edge)    0.000     0.000 r
                                                      0.000     0.000 r  clk (IN)
                         net (fo=19606, unset)        0.973     0.973    u_puf/ctrl_inst/clk
    SLICE_X2Y54          FDCE                                         r  u_puf/ctrl_inst/FSM_onehot_state_reg[3]/C
  -------------------------------------------------------------------    -------------------
    SLICE_X2Y54          FDCE (Prop_fdce_C_Q)         0.518     1.491 r  u_puf/ctrl_inst/FSM_onehot_state_reg[3]/Q
                         net (fo=54, routed)          1.488     2.979    u_puf/counter0/Q[0]
    SLICE_X1Y50          FDCE                                         r  u_puf/counter0/en_meta_reg/D
  -------------------------------------------------------------------    -------------------

Slack:                    inf
  Source:                 u_puf/ctrl_inst/FSM_onehot_state_reg[3]/C
                            (rising edge-triggered cell FDCE clocked by sys_clk  {rise@0.000ns fall@5.000ns period=10.000ns})
  Destination:            u_puf/counter1/en_meta_reg/D
  Path Group:             (none)
  Path Type:              Max at Slow Process Corner
  Data Path Delay:        1.958ns  (logic 0.518ns (26.460%)  route 1.440ns (73.540%))
  Logic Levels:           0
  Clock Uncertainty:      0.025ns  ((TSJ^2 + TIJ^2)^1/2 + DJ) / 2 + PE
    Total System Jitter     (TSJ):    0.050ns
    Total Input Jitter      (TIJ):    0.000ns
    Discrete Jitter          (DJ):    0.000ns
    Phase Error              (PE):    0.000ns

    Location             Delay type                Incr(ns)  Path(ns)    Netlist Resource(s)
  -------------------------------------------------------------------    -------------------
                         (clock sys_clk rise edge)    0.000     0.000 r
                                                      0.000     0.000 r  clk (IN)
                         net (fo=19606, unset)        0.973     0.973    u_puf/ctrl_inst/clk
    SLICE_X2Y54          FDCE                                         r  u_puf/ctrl_inst/FSM_onehot_state_reg[3]/C
  -------------------------------------------------------------------    -------------------
    SLICE_X2Y54          FDCE (Prop_fdce_C_Q)         0.518     1.491 r  u_puf/ctrl_inst/FSM_onehot_state_reg[3]/Q
                         net (fo=54, routed)          1.440     2.931    u_puf/counter1/Q[0]
    SLICE_X3Y50          FDCE                                         r  u_puf/counter1/en_meta_reg/D
  -------------------------------------------------------------------    -------------------

Slack:                    inf
  Source:                 u_fe/helper_out_reg[0]/C
                            (rising edge-triggered cell FDCE clocked by sys_clk  {rise@0.000ns fall@5.000ns period=10.000ns})
  Destination:            helper_out[0]
                            (output port)
  Path Group:             (none)
  Path Type:              Max at Slow Process Corner
  Data Path Delay:        1.491ns  (logic 0.518ns (34.742%)  route 0.973ns (65.258%))
  Logic Levels:           0
  Clock Uncertainty:      0.025ns  ((TSJ^2 + TIJ^2)^1/2 + DJ) / 2 + PE
    Total System Jitter     (TSJ):    0.050ns
    Total Input Jitter      (TIJ):    0.000ns
    Discrete Jitter          (DJ):    0.000ns
    Phase Error              (PE):    0.000ns

    Location             Delay type                Incr(ns)  Path(ns)    Netlist Resource(s)
  -------------------------------------------------------------------    -------------------
                         (clock sys_clk rise edge)    0.000     0.000 r
                                                      0.000     0.000 r  clk (IN)
                         net (fo=19606, unset)        0.973     0.973    u_fe/clk
    SLICE_X2Y25          FDCE                                         r  u_fe/helper_out_reg[0]/C
  -------------------------------------------------------------------    -------------------
    SLICE_X2Y25          FDCE (Prop_fdce_C_Q)         0.518     1.491 r  u_fe/helper_out_reg[0]/Q
                         net (fo=0)                   0.973     2.464    helper_out[0]
                                                                      r  helper_out[0] (OUT)
  -------------------------------------------------------------------    -------------------

Slack:                    inf
  Source:                 u_fe/helper_out_reg[104]/C
                            (rising edge-triggered cell FDCE clocked by sys_clk  {rise@0.000ns fall@5.000ns period=10.000ns})
  Destination:            helper_out[104]
                            (output port)
  Path Group:             (none)
  Path Type:              Max at Slow Process Corner
  Data Path Delay:        1.491ns  (logic 0.518ns (34.742%)  route 0.973ns (65.258%))
  Logic Levels:           0
  Clock Uncertainty:      0.025ns  ((TSJ^2 + TIJ^2)^1/2 + DJ) / 2 + PE
    Total System Jitter     (TSJ):    0.050ns
    Total Input Jitter      (TIJ):    0.000ns
    Discrete Jitter          (DJ):    0.000ns
    Phase Error              (PE):    0.000ns

    Location             Delay type                Incr(ns)  Path(ns)    Netlist Resource(s)
  -------------------------------------------------------------------    -------------------
                         (clock sys_clk rise edge)    0.000     0.000 r
                                                      0.000     0.000 r  clk (IN)
                         net (fo=19606, unset)        0.973     0.973    u_fe/clk
    SLICE_X30Y27         FDCE                                         r  u_fe/helper_out_reg[104]/C
  -------------------------------------------------------------------    -------------------
    SLICE_X30Y27         FDCE (Prop_fdce_C_Q)         0.518     1.491 r  u_fe/helper_out_reg[104]/Q
                         net (fo=0)                   0.973     2.464    helper_out[104]
                                                                      r  helper_out[104] (OUT)
  -------------------------------------------------------------------    -------------------

Slack:                    inf
  Source:                 u_fe/helper_out_reg[105]/C
                            (rising edge-triggered cell FDCE clocked by sys_clk  {rise@0.000ns fall@5.000ns period=10.000ns})
  Destination:            helper_out[105]
                            (output port)
  Path Group:             (none)
  Path Type:              Max at Slow Process Corner
  Data Path Delay:        1.491ns  (logic 0.518ns (34.742%)  route 0.973ns (65.258%))
  Logic Levels:           0
  Clock Uncertainty:      0.025ns  ((TSJ^2 + TIJ^2)^1/2 + DJ) / 2 + PE
    Total System Jitter     (TSJ):    0.050ns
    Total Input Jitter      (TIJ):    0.000ns
    Discrete Jitter          (DJ):    0.000ns
    Phase Error              (PE):    0.000ns

    Location             Delay type                Incr(ns)  Path(ns)    Netlist Resource(s)
  -------------------------------------------------------------------    -------------------
                         (clock sys_clk rise edge)    0.000     0.000 r
                                                      0.000     0.000 r  clk (IN)
                         net (fo=19606, unset)        0.973     0.973    u_fe/clk
    SLICE_X34Y25         FDCE                                         r  u_fe/helper_out_reg[105]/C
  -------------------------------------------------------------------    -------------------
    SLICE_X34Y25         FDCE (Prop_fdce_C_Q)         0.518     1.491 r  u_fe/helper_out_reg[105]/Q
                         net (fo=0)                   0.973     2.464    helper_out[105]
                                                                      r  helper_out[105] (OUT)
  -------------------------------------------------------------------    -------------------

Slack:                    inf
  Source:                 u_fe/helper_out_reg[109]/C
                            (rising edge-triggered cell FDCE clocked by sys_clk  {rise@0.000ns fall@5.000ns period=10.000ns})
  Destination:            helper_out[109]
                            (output port)
  Path Group:             (none)
  Path Type:              Max at Slow Process Corner
  Data Path Delay:        1.491ns  (logic 0.518ns (34.742%)  route 0.973ns (65.258%))
  Logic Levels:           0
  Clock Uncertainty:      0.025ns  ((TSJ^2 + TIJ^2)^1/2 + DJ) / 2 + PE
    Total System Jitter     (TSJ):    0.050ns
    Total Input Jitter      (TIJ):    0.000ns
    Discrete Jitter          (DJ):    0.000ns
    Phase Error              (PE):    0.000ns

    Location             Delay type                Incr(ns)  Path(ns)    Netlist Resource(s)
  -------------------------------------------------------------------    -------------------
                         (clock sys_clk rise edge)    0.000     0.000 r
                                                      0.000     0.000 r  clk (IN)
                         net (fo=19606, unset)        0.973     0.973    u_fe/clk
    SLICE_X30Y28         FDCE                                         r  u_fe/helper_out_reg[109]/C
  -------------------------------------------------------------------    -------------------
    SLICE_X30Y28         FDCE (Prop_fdce_C_Q)         0.518     1.491 r  u_fe/helper_out_reg[109]/Q
                         net (fo=0)                   0.973     2.464    helper_out[109]
                                                                      r  helper_out[109] (OUT)
  -------------------------------------------------------------------    -------------------

Slack:                    inf
  Source:                 u_fe/helper_out_reg[111]/C
                            (rising edge-triggered cell FDCE clocked by sys_clk  {rise@0.000ns fall@5.000ns period=10.000ns})
  Destination:            helper_out[111]
                            (output port)
  Path Group:             (none)
  Path Type:              Max at Slow Process Corner
  Data Path Delay:        1.491ns  (logic 0.518ns (34.742%)  route 0.973ns (65.258%))
  Logic Levels:           0
  Clock Uncertainty:      0.025ns  ((TSJ^2 + TIJ^2)^1/2 + DJ) / 2 + PE
    Total System Jitter     (TSJ):    0.050ns
    Total Input Jitter      (TIJ):    0.000ns
    Discrete Jitter          (DJ):    0.000ns
    Phase Error              (PE):    0.000ns

    Location             Delay type                Incr(ns)  Path(ns)    Netlist Resource(s)
  -------------------------------------------------------------------    -------------------
                         (clock sys_clk rise edge)    0.000     0.000 r
                                                      0.000     0.000 r  clk (IN)
                         net (fo=19606, unset)        0.973     0.973    u_fe/clk
    SLICE_X30Y28         FDCE                                         r  u_fe/helper_out_reg[111]/C
  -------------------------------------------------------------------    -------------------
    SLICE_X30Y28         FDCE (Prop_fdce_C_Q)         0.518     1.491 r  u_fe/helper_out_reg[111]/Q
                         net (fo=0)                   0.973     2.464    helper_out[111]
                                                                      r  helper_out[111] (OUT)
  -------------------------------------------------------------------    -------------------

Slack:                    inf
  Source:                 u_fe/helper_out_reg[112]/C
                            (rising edge-triggered cell FDCE clocked by sys_clk  {rise@0.000ns fall@5.000ns period=10.000ns})
  Destination:            helper_out[112]
                            (output port)
  Path Group:             (none)
  Path Type:              Max at Slow Process Corner
  Data Path Delay:        1.491ns  (logic 0.518ns (34.742%)  route 0.973ns (65.258%))
  Logic Levels:           0
  Clock Uncertainty:      0.025ns  ((TSJ^2 + TIJ^2)^1/2 + DJ) / 2 + PE
    Total System Jitter     (TSJ):    0.050ns
    Total Input Jitter      (TIJ):    0.000ns
    Discrete Jitter          (DJ):    0.000ns
    Phase Error              (PE):    0.000ns

    Location             Delay type                Incr(ns)  Path(ns)    Netlist Resource(s)
  -------------------------------------------------------------------    -------------------
                         (clock sys_clk rise edge)    0.000     0.000 r
                                                      0.000     0.000 r  clk (IN)
                         net (fo=19606, unset)        0.973     0.973    u_fe/clk
    SLICE_X30Y30         FDCE                                         r  u_fe/helper_out_reg[112]/C
  -------------------------------------------------------------------    -------------------
    SLICE_X30Y30         FDCE (Prop_fdce_C_Q)         0.518     1.491 r  u_fe/helper_out_reg[112]/Q
                         net (fo=0)                   0.973     2.464    helper_out[112]
                                                                      r  helper_out[112] (OUT)
  -------------------------------------------------------------------    -------------------

Slack:                    inf
  Source:                 u_fe/helper_out_reg[116]/C
                            (rising edge-triggered cell FDCE clocked by sys_clk  {rise@0.000ns fall@5.000ns period=10.000ns})
  Destination:            helper_out[116]
                            (output port)
  Path Group:             (none)
  Path Type:              Max at Slow Process Corner
  Data Path Delay:        1.491ns  (logic 0.518ns (34.742%)  route 0.973ns (65.258%))
  Logic Levels:           0
  Clock Uncertainty:      0.025ns  ((TSJ^2 + TIJ^2)^1/2 + DJ) / 2 + PE
    Total System Jitter     (TSJ):    0.050ns
    Total Input Jitter      (TIJ):    0.000ns
    Discrete Jitter          (DJ):    0.000ns
    Phase Error              (PE):    0.000ns

    Location             Delay type                Incr(ns)  Path(ns)    Netlist Resource(s)
  -------------------------------------------------------------------    -------------------
                         (clock sys_clk rise edge)    0.000     0.000 r
                                                      0.000     0.000 r  clk (IN)
                         net (fo=19606, unset)        0.973     0.973    u_fe/clk
    SLICE_X30Y28         FDCE                                         r  u_fe/helper_out_reg[116]/C
  -------------------------------------------------------------------    -------------------
    SLICE_X30Y28         FDCE (Prop_fdce_C_Q)         0.518     1.491 r  u_fe/helper_out_reg[116]/Q
                         net (fo=0)                   0.973     2.464    helper_out[116]
                                                                      r  helper_out[116] (OUT)
  -------------------------------------------------------------------    -------------------

Slack:                    inf
  Source:                 u_fe/helper_out_reg[121]/C
                            (rising edge-triggered cell FDCE clocked by sys_clk  {rise@0.000ns fall@5.000ns period=10.000ns})
  Destination:            helper_out[121]
                            (output port)
  Path Group:             (none)
  Path Type:              Max at Slow Process Corner
  Data Path Delay:        1.491ns  (logic 0.518ns (34.742%)  route 0.973ns (65.258%))
  Logic Levels:           0
  Clock Uncertainty:      0.025ns  ((TSJ^2 + TIJ^2)^1/2 + DJ) / 2 + PE
    Total System Jitter     (TSJ):    0.050ns
    Total Input Jitter      (TIJ):    0.000ns
    Discrete Jitter          (DJ):    0.000ns
    Phase Error              (PE):    0.000ns

    Location             Delay type                Incr(ns)  Path(ns)    Netlist Resource(s)
  -------------------------------------------------------------------    -------------------
                         (clock sys_clk rise edge)    0.000     0.000 r
                                                      0.000     0.000 r  clk (IN)
                         net (fo=19606, unset)        0.973     0.973    u_fe/clk
    SLICE_X30Y30         FDCE                                         r  u_fe/helper_out_reg[121]/C
  -------------------------------------------------------------------    -------------------
    SLICE_X30Y30         FDCE (Prop_fdce_C_Q)         0.518     1.491 r  u_fe/helper_out_reg[121]/Q
                         net (fo=0)                   0.973     2.464    helper_out[121]
                                                                      r  helper_out[121] (OUT)
  -------------------------------------------------------------------    -------------------





Min Delay Paths
--------------------------------------------------------------------------------------
Slack:                    inf
  Source:                 u_edge/u_server/ready_pk_reg/C
                            (rising edge-triggered cell FDRE clocked by sys_clk  {rise@0.000ns fall@5.000ns period=10.000ns})
  Destination:            ready_pk
                            (output port)
  Path Group:             (none)
  Path Type:              Min at Fast Process Corner
  Data Path Delay:        0.538ns  (logic 0.128ns (23.786%)  route 0.410ns (76.214%))
  Logic Levels:           0
  Clock Uncertainty:      0.025ns  ((TSJ^2 + TIJ^2)^1/2 + DJ) / 2 + PE
    Total System Jitter     (TSJ):    0.050ns
    Total Input Jitter      (TIJ):    0.000ns
    Discrete Jitter          (DJ):    0.000ns
    Phase Error              (PE):    0.000ns

    Location             Delay type                Incr(ns)  Path(ns)    Netlist Resource(s)
  -------------------------------------------------------------------    -------------------
                         (clock sys_clk rise edge)    0.000     0.000 r
                                                      0.000     0.000 r  clk (IN)
                         net (fo=19606, unset)        0.410     0.410    u_edge/u_server/clk
    SLICE_X13Y87         FDRE                                         r  u_edge/u_server/ready_pk_reg/C
  -------------------------------------------------------------------    -------------------
    SLICE_X13Y87         FDRE (Prop_fdre_C_Q)         0.128     0.538 r  u_edge/u_server/ready_pk_reg/Q
                         net (fo=35, unset)           0.410     0.948    ready_pk
                                                                      r  ready_pk (OUT)
  -------------------------------------------------------------------    -------------------

Slack:                    inf
  Source:                 u_edge/u_server/K_reg[174]/C
                            (rising edge-triggered cell FDRE clocked by sys_clk  {rise@0.000ns fall@5.000ns period=10.000ns})
  Destination:            shared_secret[174]
                            (output port)
  Path Group:             (none)
  Path Type:              Min at Fast Process Corner
  Data Path Delay:        0.538ns  (logic 0.128ns (23.786%)  route 0.410ns (76.214%))
  Logic Levels:           0
  Clock Uncertainty:      0.025ns  ((TSJ^2 + TIJ^2)^1/2 + DJ) / 2 + PE
    Total System Jitter     (TSJ):    0.050ns
    Total Input Jitter      (TIJ):    0.000ns
    Discrete Jitter          (DJ):    0.000ns
    Phase Error              (PE):    0.000ns

    Location             Delay type                Incr(ns)  Path(ns)    Netlist Resource(s)
  -------------------------------------------------------------------    -------------------
                         (clock sys_clk rise edge)    0.000     0.000 r
                                                      0.000     0.000 r  clk (IN)
                         net (fo=19606, unset)        0.410     0.410    u_edge/u_server/clk
    SLICE_X55Y91         FDRE                                         r  u_edge/u_server/K_reg[174]/C
  -------------------------------------------------------------------    -------------------
    SLICE_X55Y91         FDRE (Prop_fdre_C_Q)         0.128     0.538 r  u_edge/u_server/K_reg[174]/Q
                         net (fo=1, unset)            0.410     0.948    shared_secret[174]
                                                                      r  shared_secret[174] (OUT)
  -------------------------------------------------------------------    -------------------

Slack:                    inf
  Source:                 u_edge/u_server/K_reg[202]/C
                            (rising edge-triggered cell FDRE clocked by sys_clk  {rise@0.000ns fall@5.000ns period=10.000ns})
  Destination:            shared_secret[202]
                            (output port)
  Path Group:             (none)
  Path Type:              Min at Fast Process Corner
  Data Path Delay:        0.538ns  (logic 0.128ns (23.786%)  route 0.410ns (76.214%))
  Logic Levels:           0
  Clock Uncertainty:      0.025ns  ((TSJ^2 + TIJ^2)^1/2 + DJ) / 2 + PE
    Total System Jitter     (TSJ):    0.050ns
    Total Input Jitter      (TIJ):    0.000ns
    Discrete Jitter          (DJ):    0.000ns
    Phase Error              (PE):    0.000ns

    Location             Delay type                Incr(ns)  Path(ns)    Netlist Resource(s)
  -------------------------------------------------------------------    -------------------
                         (clock sys_clk rise edge)    0.000     0.000 r
                                                      0.000     0.000 r  clk (IN)
                         net (fo=19606, unset)        0.410     0.410    u_edge/u_server/clk
    SLICE_X49Y94         FDRE                                         r  u_edge/u_server/K_reg[202]/C
  -------------------------------------------------------------------    -------------------
    SLICE_X49Y94         FDRE (Prop_fdre_C_Q)         0.128     0.538 r  u_edge/u_server/K_reg[202]/Q
                         net (fo=1, unset)            0.410     0.948    shared_secret[202]
                                                                      r  shared_secret[202] (OUT)
  -------------------------------------------------------------------    -------------------

Slack:                    inf
  Source:                 u_edge/u_server/K_reg[204]/C
                            (rising edge-triggered cell FDRE clocked by sys_clk  {rise@0.000ns fall@5.000ns period=10.000ns})
  Destination:            shared_secret[204]
                            (output port)
  Path Group:             (none)
  Path Type:              Min at Fast Process Corner
  Data Path Delay:        0.538ns  (logic 0.128ns (23.786%)  route 0.410ns (76.214%))
  Logic Levels:           0
  Clock Uncertainty:      0.025ns  ((TSJ^2 + TIJ^2)^1/2 + DJ) / 2 + PE
    Total System Jitter     (TSJ):    0.050ns
    Total Input Jitter      (TIJ):    0.000ns
    Discrete Jitter          (DJ):    0.000ns
    Phase Error              (PE):    0.000ns

    Location             Delay type                Incr(ns)  Path(ns)    Netlist Resource(s)
  -------------------------------------------------------------------    -------------------
                         (clock sys_clk rise edge)    0.000     0.000 r
                                                      0.000     0.000 r  clk (IN)
                         net (fo=19606, unset)        0.410     0.410    u_edge/u_server/clk
    SLICE_X55Y91         FDRE                                         r  u_edge/u_server/K_reg[204]/C
  -------------------------------------------------------------------    -------------------
    SLICE_X55Y91         FDRE (Prop_fdre_C_Q)         0.128     0.538 r  u_edge/u_server/K_reg[204]/Q
                         net (fo=1, unset)            0.410     0.948    shared_secret[204]
                                                                      r  shared_secret[204] (OUT)
  -------------------------------------------------------------------    -------------------

Slack:                    inf
  Source:                 u_edge/u_server/K_reg[206]/C
                            (rising edge-triggered cell FDRE clocked by sys_clk  {rise@0.000ns fall@5.000ns period=10.000ns})
  Destination:            shared_secret[206]
                            (output port)
  Path Group:             (none)
  Path Type:              Min at Fast Process Corner
  Data Path Delay:        0.538ns  (logic 0.128ns (23.786%)  route 0.410ns (76.214%))
  Logic Levels:           0
  Clock Uncertainty:      0.025ns  ((TSJ^2 + TIJ^2)^1/2 + DJ) / 2 + PE
    Total System Jitter     (TSJ):    0.050ns
    Total Input Jitter      (TIJ):    0.000ns
    Discrete Jitter          (DJ):    0.000ns
    Phase Error              (PE):    0.000ns

    Location             Delay type                Incr(ns)  Path(ns)    Netlist Resource(s)
  -------------------------------------------------------------------    -------------------
                         (clock sys_clk rise edge)    0.000     0.000 r
                                                      0.000     0.000 r  clk (IN)
                         net (fo=19606, unset)        0.410     0.410    u_edge/u_server/clk
    SLICE_X51Y92         FDRE                                         r  u_edge/u_server/K_reg[206]/C
  -------------------------------------------------------------------    -------------------
    SLICE_X51Y92         FDRE (Prop_fdre_C_Q)         0.128     0.538 r  u_edge/u_server/K_reg[206]/Q
                         net (fo=1, unset)            0.410     0.948    shared_secret[206]
                                                                      r  shared_secret[206] (OUT)
  -------------------------------------------------------------------    -------------------

Slack:                    inf
  Source:                 u_edge/u_server/K_reg[207]/C
                            (rising edge-triggered cell FDRE clocked by sys_clk  {rise@0.000ns fall@5.000ns period=10.000ns})
  Destination:            shared_secret[207]
                            (output port)
  Path Group:             (none)
  Path Type:              Min at Fast Process Corner
  Data Path Delay:        0.538ns  (logic 0.128ns (23.786%)  route 0.410ns (76.214%))
  Logic Levels:           0
  Clock Uncertainty:      0.025ns  ((TSJ^2 + TIJ^2)^1/2 + DJ) / 2 + PE
    Total System Jitter     (TSJ):    0.050ns
    Total Input Jitter      (TIJ):    0.000ns
    Discrete Jitter          (DJ):    0.000ns
    Phase Error              (PE):    0.000ns

    Location             Delay type                Incr(ns)  Path(ns)    Netlist Resource(s)
  -------------------------------------------------------------------    -------------------
                         (clock sys_clk rise edge)    0.000     0.000 r
                                                      0.000     0.000 r  clk (IN)
                         net (fo=19606, unset)        0.410     0.410    u_edge/u_server/clk
    SLICE_X57Y93         FDRE                                         r  u_edge/u_server/K_reg[207]/C
  -------------------------------------------------------------------    -------------------
    SLICE_X57Y93         FDRE (Prop_fdre_C_Q)         0.128     0.538 r  u_edge/u_server/K_reg[207]/Q
                         net (fo=1, unset)            0.410     0.948    shared_secret[207]
                                                                      r  shared_secret[207] (OUT)
  -------------------------------------------------------------------    -------------------

Slack:                    inf
  Source:                 u_edge/u_server/K_reg[209]/C
                            (rising edge-triggered cell FDRE clocked by sys_clk  {rise@0.000ns fall@5.000ns period=10.000ns})
  Destination:            shared_secret[209]
                            (output port)
  Path Group:             (none)
  Path Type:              Min at Fast Process Corner
  Data Path Delay:        0.538ns  (logic 0.128ns (23.786%)  route 0.410ns (76.214%))
  Logic Levels:           0
  Clock Uncertainty:      0.025ns  ((TSJ^2 + TIJ^2)^1/2 + DJ) / 2 + PE
    Total System Jitter     (TSJ):    0.050ns
    Total Input Jitter      (TIJ):    0.000ns
    Discrete Jitter          (DJ):    0.000ns
    Phase Error              (PE):    0.000ns

    Location             Delay type                Incr(ns)  Path(ns)    Netlist Resource(s)
  -------------------------------------------------------------------    -------------------
                         (clock sys_clk rise edge)    0.000     0.000 r
                                                      0.000     0.000 r  clk (IN)
                         net (fo=19606, unset)        0.410     0.410    u_edge/u_server/clk
    SLICE_X55Y88         FDRE                                         r  u_edge/u_server/K_reg[209]/C
  -------------------------------------------------------------------    -------------------
    SLICE_X55Y88         FDRE (Prop_fdre_C_Q)         0.128     0.538 r  u_edge/u_server/K_reg[209]/Q
                         net (fo=1, unset)            0.410     0.948    shared_secret[209]
                                                                      r  shared_secret[209] (OUT)
  -------------------------------------------------------------------    -------------------

Slack:                    inf
  Source:                 u_edge/u_server/K_reg[219]/C
                            (rising edge-triggered cell FDRE clocked by sys_clk  {rise@0.000ns fall@5.000ns period=10.000ns})
  Destination:            shared_secret[219]
                            (output port)
  Path Group:             (none)
  Path Type:              Min at Fast Process Corner
  Data Path Delay:        0.538ns  (logic 0.128ns (23.786%)  route 0.410ns (76.214%))
  Logic Levels:           0
  Clock Uncertainty:      0.025ns  ((TSJ^2 + TIJ^2)^1/2 + DJ) / 2 + PE
    Total System Jitter     (TSJ):    0.050ns
    Total Input Jitter      (TIJ):    0.000ns
    Discrete Jitter          (DJ):    0.000ns
    Phase Error              (PE):    0.000ns

    Location             Delay type                Incr(ns)  Path(ns)    Netlist Resource(s)
  -------------------------------------------------------------------    -------------------
                         (clock sys_clk rise edge)    0.000     0.000 r
                                                      0.000     0.000 r  clk (IN)
                         net (fo=19606, unset)        0.410     0.410    u_edge/u_server/clk
    SLICE_X49Y94         FDRE                                         r  u_edge/u_server/K_reg[219]/C
  -------------------------------------------------------------------    -------------------
    SLICE_X49Y94         FDRE (Prop_fdre_C_Q)         0.128     0.538 r  u_edge/u_server/K_reg[219]/Q
                         net (fo=1, unset)            0.410     0.948    shared_secret[219]
                                                                      r  shared_secret[219] (OUT)
  -------------------------------------------------------------------    -------------------

Slack:                    inf
  Source:                 u_edge/u_server/K_reg[220]/C
                            (rising edge-triggered cell FDRE clocked by sys_clk  {rise@0.000ns fall@5.000ns period=10.000ns})
  Destination:            shared_secret[220]
                            (output port)
  Path Group:             (none)
  Path Type:              Min at Fast Process Corner
  Data Path Delay:        0.538ns  (logic 0.128ns (23.786%)  route 0.410ns (76.214%))
  Logic Levels:           0
  Clock Uncertainty:      0.025ns  ((TSJ^2 + TIJ^2)^1/2 + DJ) / 2 + PE
    Total System Jitter     (TSJ):    0.050ns
    Total Input Jitter      (TIJ):    0.000ns
    Discrete Jitter          (DJ):    0.000ns
    Phase Error              (PE):    0.000ns

    Location             Delay type                Incr(ns)  Path(ns)    Netlist Resource(s)
  -------------------------------------------------------------------    -------------------
                         (clock sys_clk rise edge)    0.000     0.000 r
                                                      0.000     0.000 r  clk (IN)
                         net (fo=19606, unset)        0.410     0.410    u_edge/u_server/clk
    SLICE_X39Y90         FDRE                                         r  u_edge/u_server/K_reg[220]/C
  -------------------------------------------------------------------    -------------------
    SLICE_X39Y90         FDRE (Prop_fdre_C_Q)         0.128     0.538 r  u_edge/u_server/K_reg[220]/Q
                         net (fo=1, unset)            0.410     0.948    shared_secret[220]
                                                                      r  shared_secret[220] (OUT)
  -------------------------------------------------------------------    -------------------

Slack:                    inf
  Source:                 u_edge/u_server/K_reg[37]/C
                            (rising edge-triggered cell FDRE clocked by sys_clk  {rise@0.000ns fall@5.000ns period=10.000ns})
  Destination:            shared_secret[37]
                            (output port)
  Path Group:             (none)
  Path Type:              Min at Fast Process Corner
  Data Path Delay:        0.538ns  (logic 0.128ns (23.786%)  route 0.410ns (76.214%))
  Logic Levels:           0
  Clock Uncertainty:      0.025ns  ((TSJ^2 + TIJ^2)^1/2 + DJ) / 2 + PE
    Total System Jitter     (TSJ):    0.050ns
    Total Input Jitter      (TIJ):    0.000ns
    Discrete Jitter          (DJ):    0.000ns
    Phase Error              (PE):    0.000ns

    Location             Delay type                Incr(ns)  Path(ns)    Netlist Resource(s)
  -------------------------------------------------------------------    -------------------
                         (clock sys_clk rise edge)    0.000     0.000 r
                                                      0.000     0.000 r  clk (IN)
                         net (fo=19606, unset)        0.410     0.410    u_edge/u_server/clk
    SLICE_X55Y94         FDRE                                         r  u_edge/u_server/K_reg[37]/C
  -------------------------------------------------------------------    -------------------
    SLICE_X55Y94         FDRE (Prop_fdre_C_Q)         0.128     0.538 r  u_edge/u_server/K_reg[37]/Q
                         net (fo=1, unset)            0.410     0.948    shared_secret[37]
                                                                      r  shared_secret[37] (OUT)
  -------------------------------------------------------------------    -------------------

Slack:                    inf
  Source:                 u_edge/u_server/K_reg[39]/C
                            (rising edge-triggered cell FDRE clocked by sys_clk  {rise@0.000ns fall@5.000ns period=10.000ns})
  Destination:            shared_secret[39]
                            (output port)
  Path Group:             (none)
  Path Type:              Min at Fast Process Corner
  Data Path Delay:        0.538ns  (logic 0.128ns (23.786%)  route 0.410ns (76.214%))
  Logic Levels:           0
  Clock Uncertainty:      0.025ns  ((TSJ^2 + TIJ^2)^1/2 + DJ) / 2 + PE
    Total System Jitter     (TSJ):    0.050ns
    Total Input Jitter      (TIJ):    0.000ns
    Discrete Jitter          (DJ):    0.000ns
    Phase Error              (PE):    0.000ns

    Location             Delay type                Incr(ns)  Path(ns)    Netlist Resource(s)
  -------------------------------------------------------------------    -------------------
                         (clock sys_clk rise edge)    0.000     0.000 r
                                                      0.000     0.000 r  clk (IN)
                         net (fo=19606, unset)        0.410     0.410    u_edge/u_server/clk
    SLICE_X53Y91         FDRE                                         r  u_edge/u_server/K_reg[39]/C
  -------------------------------------------------------------------    -------------------
    SLICE_X53Y91         FDRE (Prop_fdre_C_Q)         0.128     0.538 r  u_edge/u_server/K_reg[39]/Q
                         net (fo=1, unset)            0.410     0.948    shared_secret[39]
                                                                      r  shared_secret[39] (OUT)
  -------------------------------------------------------------------    -------------------

Slack:                    inf
  Source:                 u_edge/u_server/K_reg[42]/C
                            (rising edge-triggered cell FDRE clocked by sys_clk  {rise@0.000ns fall@5.000ns period=10.000ns})
  Destination:            shared_secret[42]
                            (output port)
  Path Group:             (none)
  Path Type:              Min at Fast Process Corner
  Data Path Delay:        0.538ns  (logic 0.128ns (23.786%)  route 0.410ns (76.214%))
  Logic Levels:           0
  Clock Uncertainty:      0.025ns  ((TSJ^2 + TIJ^2)^1/2 + DJ) / 2 + PE
    Total System Jitter     (TSJ):    0.050ns
    Total Input Jitter      (TIJ):    0.000ns
    Discrete Jitter          (DJ):    0.000ns
    Phase Error              (PE):    0.000ns

    Location             Delay type                Incr(ns)  Path(ns)    Netlist Resource(s)
  -------------------------------------------------------------------    -------------------
                         (clock sys_clk rise edge)    0.000     0.000 r
                                                      0.000     0.000 r  clk (IN)
                         net (fo=19606, unset)        0.410     0.410    u_edge/u_server/clk
    SLICE_X49Y94         FDRE                                         r  u_edge/u_server/K_reg[42]/C
  -------------------------------------------------------------------    -------------------
    SLICE_X49Y94         FDRE (Prop_fdre_C_Q)         0.128     0.538 r  u_edge/u_server/K_reg[42]/Q
                         net (fo=1, unset)            0.410     0.948    shared_secret[42]
                                                                      r  shared_secret[42] (OUT)
  -------------------------------------------------------------------    -------------------

Slack:                    inf
  Source:                 u_edge/u_server/K_reg[46]/C
                            (rising edge-triggered cell FDRE clocked by sys_clk  {rise@0.000ns fall@5.000ns period=10.000ns})
  Destination:            shared_secret[46]
                            (output port)
  Path Group:             (none)
  Path Type:              Min at Fast Process Corner
  Data Path Delay:        0.538ns  (logic 0.128ns (23.786%)  route 0.410ns (76.214%))
  Logic Levels:           0
  Clock Uncertainty:      0.025ns  ((TSJ^2 + TIJ^2)^1/2 + DJ) / 2 + PE
    Total System Jitter     (TSJ):    0.050ns
    Total Input Jitter      (TIJ):    0.000ns
    Discrete Jitter          (DJ):    0.000ns
    Phase Error              (PE):    0.000ns

    Location             Delay type                Incr(ns)  Path(ns)    Netlist Resource(s)
  -------------------------------------------------------------------    -------------------
                         (clock sys_clk rise edge)    0.000     0.000 r
                                                      0.000     0.000 r  clk (IN)
                         net (fo=19606, unset)        0.410     0.410    u_edge/u_server/clk
    SLICE_X51Y92         FDRE                                         r  u_edge/u_server/K_reg[46]/C
  -------------------------------------------------------------------    -------------------
    SLICE_X51Y92         FDRE (Prop_fdre_C_Q)         0.128     0.538 r  u_edge/u_server/K_reg[46]/Q
                         net (fo=1, unset)            0.410     0.948    shared_secret[46]
                                                                      r  shared_secret[46] (OUT)
  -------------------------------------------------------------------    -------------------

Slack:                    inf
  Source:                 u_edge/u_server/K_reg[47]/C
                            (rising edge-triggered cell FDRE clocked by sys_clk  {rise@0.000ns fall@5.000ns period=10.000ns})
  Destination:            shared_secret[47]
                            (output port)
  Path Group:             (none)
  Path Type:              Min at Fast Process Corner
  Data Path Delay:        0.538ns  (logic 0.128ns (23.786%)  route 0.410ns (76.214%))
  Logic Levels:           0
  Clock Uncertainty:      0.025ns  ((TSJ^2 + TIJ^2)^1/2 + DJ) / 2 + PE
    Total System Jitter     (TSJ):    0.050ns
    Total Input Jitter      (TIJ):    0.000ns
    Discrete Jitter          (DJ):    0.000ns
    Phase Error              (PE):    0.000ns

    Location             Delay type                Incr(ns)  Path(ns)    Netlist Resource(s)
  -------------------------------------------------------------------    -------------------
                         (clock sys_clk rise edge)    0.000     0.000 r
                                                      0.000     0.000 r  clk (IN)
                         net (fo=19606, unset)        0.410     0.410    u_edge/u_server/clk
    SLICE_X57Y93         FDRE                                         r  u_edge/u_server/K_reg[47]/C
  -------------------------------------------------------------------    -------------------
    SLICE_X57Y93         FDRE (Prop_fdre_C_Q)         0.128     0.538 r  u_edge/u_server/K_reg[47]/Q
                         net (fo=1, unset)            0.410     0.948    shared_secret[47]
                                                                      r  shared_secret[47] (OUT)
  -------------------------------------------------------------------    -------------------

Slack:                    inf
  Source:                 u_edge/u_server/K_reg[49]/C
                            (rising edge-triggered cell FDRE clocked by sys_clk  {rise@0.000ns fall@5.000ns period=10.000ns})
  Destination:            shared_secret[49]
                            (output port)
  Path Group:             (none)
  Path Type:              Min at Fast Process Corner
  Data Path Delay:        0.538ns  (logic 0.128ns (23.786%)  route 0.410ns (76.214%))
  Logic Levels:           0
  Clock Uncertainty:      0.025ns  ((TSJ^2 + TIJ^2)^1/2 + DJ) / 2 + PE
    Total System Jitter     (TSJ):    0.050ns
    Total Input Jitter      (TIJ):    0.000ns
    Discrete Jitter          (DJ):    0.000ns
    Phase Error              (PE):    0.000ns

    Location             Delay type                Incr(ns)  Path(ns)    Netlist Resource(s)
  -------------------------------------------------------------------    -------------------
                         (clock sys_clk rise edge)    0.000     0.000 r
                                                      0.000     0.000 r  clk (IN)
                         net (fo=19606, unset)        0.410     0.410    u_edge/u_server/clk
    SLICE_X55Y88         FDRE                                         r  u_edge/u_server/K_reg[49]/C
  -------------------------------------------------------------------    -------------------
    SLICE_X55Y88         FDRE (Prop_fdre_C_Q)         0.128     0.538 r  u_edge/u_server/K_reg[49]/Q
                         net (fo=1, unset)            0.410     0.948    shared_secret[49]
                                                                      r  shared_secret[49] (OUT)
  -------------------------------------------------------------------    -------------------

Slack:                    inf
  Source:                 u_edge/u_server/K_reg[51]/C
                            (rising edge-triggered cell FDRE clocked by sys_clk  {rise@0.000ns fall@5.000ns period=10.000ns})
  Destination:            shared_secret[51]
                            (output port)
  Path Group:             (none)
  Path Type:              Min at Fast Process Corner
  Data Path Delay:        0.538ns  (logic 0.128ns (23.786%)  route 0.410ns (76.214%))
  Logic Levels:           0
  Clock Uncertainty:      0.025ns  ((TSJ^2 + TIJ^2)^1/2 + DJ) / 2 + PE
    Total System Jitter     (TSJ):    0.050ns
    Total Input Jitter      (TIJ):    0.000ns
    Discrete Jitter          (DJ):    0.000ns
    Phase Error              (PE):    0.000ns

    Location             Delay type                Incr(ns)  Path(ns)    Netlist Resource(s)
  -------------------------------------------------------------------    -------------------
                         (clock sys_clk rise edge)    0.000     0.000 r
                                                      0.000     0.000 r  clk (IN)
                         net (fo=19606, unset)        0.410     0.410    u_edge/u_server/clk
    SLICE_X53Y93         FDRE                                         r  u_edge/u_server/K_reg[51]/C
  -------------------------------------------------------------------    -------------------
    SLICE_X53Y93         FDRE (Prop_fdre_C_Q)         0.128     0.538 r  u_edge/u_server/K_reg[51]/Q
                         net (fo=1, unset)            0.410     0.948    shared_secret[51]
                                                                      r  shared_secret[51] (OUT)
  -------------------------------------------------------------------    -------------------

Slack:                    inf
  Source:                 u_edge/u_server/K_reg[54]/C
                            (rising edge-triggered cell FDRE clocked by sys_clk  {rise@0.000ns fall@5.000ns period=10.000ns})
  Destination:            shared_secret[54]
                            (output port)
  Path Group:             (none)
  Path Type:              Min at Fast Process Corner
  Data Path Delay:        0.538ns  (logic 0.128ns (23.786%)  route 0.410ns (76.214%))
  Logic Levels:           0
  Clock Uncertainty:      0.025ns  ((TSJ^2 + TIJ^2)^1/2 + DJ) / 2 + PE
    Total System Jitter     (TSJ):    0.050ns
    Total Input Jitter      (TIJ):    0.000ns
    Discrete Jitter          (DJ):    0.000ns
    Phase Error              (PE):    0.000ns

    Location             Delay type                Incr(ns)  Path(ns)    Netlist Resource(s)
  -------------------------------------------------------------------    -------------------
                         (clock sys_clk rise edge)    0.000     0.000 r
                                                      0.000     0.000 r  clk (IN)
                         net (fo=19606, unset)        0.410     0.410    u_edge/u_server/clk
    SLICE_X55Y87         FDRE                                         r  u_edge/u_server/K_reg[54]/C
  -------------------------------------------------------------------    -------------------
    SLICE_X55Y87         FDRE (Prop_fdre_C_Q)         0.128     0.538 r  u_edge/u_server/K_reg[54]/Q
                         net (fo=1, unset)            0.410     0.948    shared_secret[54]
                                                                      r  shared_secret[54] (OUT)
  -------------------------------------------------------------------    -------------------

Slack:                    inf
  Source:                 u_edge/u_server/K_reg[56]/C
                            (rising edge-triggered cell FDRE clocked by sys_clk  {rise@0.000ns fall@5.000ns period=10.000ns})
  Destination:            shared_secret[56]
                            (output port)
  Path Group:             (none)
  Path Type:              Min at Fast Process Corner
  Data Path Delay:        0.538ns  (logic 0.128ns (23.786%)  route 0.410ns (76.214%))
  Logic Levels:           0
  Clock Uncertainty:      0.025ns  ((TSJ^2 + TIJ^2)^1/2 + DJ) / 2 + PE
    Total System Jitter     (TSJ):    0.050ns
    Total Input Jitter      (TIJ):    0.000ns
    Discrete Jitter          (DJ):    0.000ns
    Phase Error              (PE):    0.000ns

    Location             Delay type                Incr(ns)  Path(ns)    Netlist Resource(s)
  -------------------------------------------------------------------    -------------------
                         (clock sys_clk rise edge)    0.000     0.000 r
                                                      0.000     0.000 r  clk (IN)
                         net (fo=19606, unset)        0.410     0.410    u_edge/u_server/clk
    SLICE_X33Y82         FDRE                                         r  u_edge/u_server/K_reg[56]/C
  -------------------------------------------------------------------    -------------------
    SLICE_X33Y82         FDRE (Prop_fdre_C_Q)         0.128     0.538 r  u_edge/u_server/K_reg[56]/Q
                         net (fo=1, unset)            0.410     0.948    shared_secret[56]
                                                                      r  shared_secret[56] (OUT)
  -------------------------------------------------------------------    -------------------

Slack:                    inf
  Source:                 u_edge/u_server/K_reg[57]/C
                            (rising edge-triggered cell FDRE clocked by sys_clk  {rise@0.000ns fall@5.000ns period=10.000ns})
  Destination:            shared_secret[57]
                            (output port)
  Path Group:             (none)
  Path Type:              Min at Fast Process Corner
  Data Path Delay:        0.538ns  (logic 0.128ns (23.786%)  route 0.410ns (76.214%))
  Logic Levels:           0
  Clock Uncertainty:      0.025ns  ((TSJ^2 + TIJ^2)^1/2 + DJ) / 2 + PE
    Total System Jitter     (TSJ):    0.050ns
    Total Input Jitter      (TIJ):    0.000ns
    Discrete Jitter          (DJ):    0.000ns
    Phase Error              (PE):    0.000ns

    Location             Delay type                Incr(ns)  Path(ns)    Netlist Resource(s)
  -------------------------------------------------------------------    -------------------
                         (clock sys_clk rise edge)    0.000     0.000 r
                                                      0.000     0.000 r  clk (IN)
                         net (fo=19606, unset)        0.410     0.410    u_edge/u_server/clk
    SLICE_X41Y91         FDRE                                         r  u_edge/u_server/K_reg[57]/C
  -------------------------------------------------------------------    -------------------
    SLICE_X41Y91         FDRE (Prop_fdre_C_Q)         0.128     0.538 r  u_edge/u_server/K_reg[57]/Q
                         net (fo=1, unset)            0.410     0.948    shared_secret[57]
                                                                      r  shared_secret[57] (OUT)
  -------------------------------------------------------------------    -------------------

Slack:                    inf
  Source:                 u_edge/u_server/K_reg[5]/C
                            (rising edge-triggered cell FDRE clocked by sys_clk  {rise@0.000ns fall@5.000ns period=10.000ns})
  Destination:            shared_secret[5]
                            (output port)
  Path Group:             (none)
  Path Type:              Min at Fast Process Corner
  Data Path Delay:        0.538ns  (logic 0.128ns (23.786%)  route 0.410ns (76.214%))
  Logic Levels:           0
  Clock Uncertainty:      0.025ns  ((TSJ^2 + TIJ^2)^1/2 + DJ) / 2 + PE
    Total System Jitter     (TSJ):    0.050ns
    Total Input Jitter      (TIJ):    0.000ns
    Discrete Jitter          (DJ):    0.000ns
    Phase Error              (PE):    0.000ns

    Location             Delay type                Incr(ns)  Path(ns)    Netlist Resource(s)
  -------------------------------------------------------------------    -------------------
                         (clock sys_clk rise edge)    0.000     0.000 r
                                                      0.000     0.000 r  clk (IN)
                         net (fo=19606, unset)        0.410     0.410    u_edge/u_server/clk
    SLICE_X55Y94         FDRE                                         r  u_edge/u_server/K_reg[5]/C
  -------------------------------------------------------------------    -------------------
    SLICE_X55Y94         FDRE (Prop_fdre_C_Q)         0.128     0.538 r  u_edge/u_server/K_reg[5]/Q
                         net (fo=2, unset)            0.410     0.948    shared_secret[5]
                                                                      r  shared_secret[5] (OUT)
  -------------------------------------------------------------------    -------------------





--------------------------------------------------------------------------------------
Path Group:  (none)
From Clock:
  To Clock:  sys_clk

Max Delay         32458 Endpoints
Min Delay         32458 Endpoints
--------------------------------------------------------------------------------------


Max Delay Paths
--------------------------------------------------------------------------------------
Slack:                    inf
  Source:                 rst_n
                            (input port)
  Destination:            u_fe/helper_out_reg[247]/CLR
                            (recovery check against rising-edge clock sys_clk  {rise@0.000ns fall@5.000ns period=10.000ns})
  Path Group:             (none)
  Path Type:              Recovery (Max at Slow Process Corner)
  Data Path Delay:        10.776ns  (logic 0.118ns (1.095%)  route 10.658ns (98.905%))
  Logic Levels:           1  (LUT1=1)
  Clock Path Skew:        0.924ns (DCD - SCD + CPR)
    Destination Clock Delay (DCD):    0.924ns
    Source Clock Delay      (SCD):    0.000ns
    Clock Pessimism Removal (CPR):    0.000ns

    Location             Delay type                Incr(ns)  Path(ns)    Netlist Resource(s)
  -------------------------------------------------------------------    -------------------
                                                      0.000     0.000 r  rst_n (IN)
                         net (fo=13, unset)           0.973     0.973    u_edge/u_control/rst_n
    SLICE_X28Y81         LUT1 (Prop_lut1_I0_O)        0.118     1.091 f  u_edge/u_control/helper_out[263]_i_3/O
                         net (fo=2512, routed)        9.685    10.776    u_fe/r_reg_reg[0]_0
    SLICE_X3Y44          FDCE                                         f  u_fe/helper_out_reg[247]/CLR
  -------------------------------------------------------------------    -------------------

                         (clock sys_clk rise edge)    0.000     0.000 r
                                                      0.000     0.000 r  clk (IN)
                         net (fo=19606, unset)        0.924     0.924    u_fe/clk
    SLICE_X3Y44          FDCE                                         r  u_fe/helper_out_reg[247]/C

Slack:                    inf
  Source:                 rst_n
                            (input port)
  Destination:            u_fe/helper_out_reg[251]/CLR
                            (recovery check against rising-edge clock sys_clk  {rise@0.000ns fall@5.000ns period=10.000ns})
  Path Group:             (none)
  Path Type:              Recovery (Max at Slow Process Corner)
  Data Path Delay:        10.776ns  (logic 0.118ns (1.095%)  route 10.658ns (98.905%))
  Logic Levels:           1  (LUT1=1)
  Clock Path Skew:        0.924ns (DCD - SCD + CPR)
    Destination Clock Delay (DCD):    0.924ns
    Source Clock Delay      (SCD):    0.000ns
    Clock Pessimism Removal (CPR):    0.000ns

    Location             Delay type                Incr(ns)  Path(ns)    Netlist Resource(s)
  -------------------------------------------------------------------    -------------------
                                                      0.000     0.000 r  rst_n (IN)
                         net (fo=13, unset)           0.973     0.973    u_edge/u_control/rst_n
    SLICE_X28Y81         LUT1 (Prop_lut1_I0_O)        0.118     1.091 f  u_edge/u_control/helper_out[263]_i_3/O
                         net (fo=2512, routed)        9.685    10.776    u_fe/r_reg_reg[0]_0
    SLICE_X3Y44          FDCE                                         f  u_fe/helper_out_reg[251]/CLR
  -------------------------------------------------------------------    -------------------

                         (clock sys_clk rise edge)    0.000     0.000 r
                                                      0.000     0.000 r  clk (IN)
                         net (fo=19606, unset)        0.924     0.924    u_fe/clk
    SLICE_X3Y44          FDCE                                         r  u_fe/helper_out_reg[251]/C

Slack:                    inf
  Source:                 rst_n
                            (input port)
  Destination:            u_fe/r_reg_reg[226]/CLR
                            (recovery check against rising-edge clock sys_clk  {rise@0.000ns fall@5.000ns period=10.000ns})
  Path Group:             (none)
  Path Type:              Recovery (Max at Slow Process Corner)
  Data Path Delay:        10.638ns  (logic 0.118ns (1.109%)  route 10.520ns (98.891%))
  Logic Levels:           1  (LUT1=1)
  Clock Path Skew:        0.924ns (DCD - SCD + CPR)
    Destination Clock Delay (DCD):    0.924ns
    Source Clock Delay      (SCD):    0.000ns
    Clock Pessimism Removal (CPR):    0.000ns

    Location             Delay type                Incr(ns)  Path(ns)    Netlist Resource(s)
  -------------------------------------------------------------------    -------------------
                                                      0.000     0.000 r  rst_n (IN)
                         net (fo=13, unset)           0.973     0.973    u_edge/u_control/rst_n
    SLICE_X28Y81         LUT1 (Prop_lut1_I0_O)        0.118     1.091 f  u_edge/u_control/helper_out[263]_i_3/O
                         net (fo=2512, routed)        9.547    10.638    u_fe/r_reg_reg[0]_0
    SLICE_X5Y42          FDCE                                         f  u_fe/r_reg_reg[226]/CLR
  -------------------------------------------------------------------    -------------------

                         (clock sys_clk rise edge)    0.000     0.000 r
                                                      0.000     0.000 r  clk (IN)
                         net (fo=19606, unset)        0.924     0.924    u_fe/clk
    SLICE_X5Y42          FDCE                                         r  u_fe/r_reg_reg[226]/C

Slack:                    inf
  Source:                 rst_n
                            (input port)
  Destination:            u_fe/r_reg_reg[260]/CLR
                            (recovery check against rising-edge clock sys_clk  {rise@0.000ns fall@5.000ns period=10.000ns})
  Path Group:             (none)
  Path Type:              Recovery (Max at Slow Process Corner)
  Data Path Delay:        10.638ns  (logic 0.118ns (1.109%)  route 10.520ns (98.891%))
  Logic Levels:           1  (LUT1=1)
  Clock Path Skew:        0.924ns (DCD - SCD + CPR)
    Destination Clock Delay (DCD):    0.924ns
    Source Clock Delay      (SCD):    0.000ns
    Clock Pessimism Removal (CPR):    0.000ns

    Location             Delay type                Incr(ns)  Path(ns)    Netlist Resource(s)
  -------------------------------------------------------------------    -------------------
                                                      0.000     0.000 r  rst_n (IN)
                         net (fo=13, unset)           0.973     0.973    u_edge/u_control/rst_n
    SLICE_X28Y81         LUT1 (Prop_lut1_I0_O)        0.118     1.091 f  u_edge/u_control/helper_out[263]_i_3/O
                         net (fo=2512, routed)        9.547    10.638    u_fe/r_reg_reg[0]_0
    SLICE_X5Y42          FDCE                                         f  u_fe/r_reg_reg[260]/CLR
  -------------------------------------------------------------------    -------------------

                         (clock sys_clk rise edge)    0.000     0.000 r
                                                      0.000     0.000 r  clk (IN)
                         net (fo=19606, unset)        0.924     0.924    u_fe/clk
    SLICE_X5Y42          FDCE                                         r  u_fe/r_reg_reg[260]/C

Slack:                    inf
  Source:                 rst_n
                            (input port)
  Destination:            u_fe/r_reg_reg[261]/CLR
                            (recovery check against rising-edge clock sys_clk  {rise@0.000ns fall@5.000ns period=10.000ns})
  Path Group:             (none)
  Path Type:              Recovery (Max at Slow Process Corner)
  Data Path Delay:        10.638ns  (logic 0.118ns (1.109%)  route 10.520ns (98.891%))
  Logic Levels:           1  (LUT1=1)
  Clock Path Skew:        0.924ns (DCD - SCD + CPR)
    Destination Clock Delay (DCD):    0.924ns
    Source Clock Delay      (SCD):    0.000ns
    Clock Pessimism Removal (CPR):    0.000ns

    Location             Delay type                Incr(ns)  Path(ns)    Netlist Resource(s)
  -------------------------------------------------------------------    -------------------
                                                      0.000     0.000 r  rst_n (IN)
                         net (fo=13, unset)           0.973     0.973    u_edge/u_control/rst_n
    SLICE_X28Y81         LUT1 (Prop_lut1_I0_O)        0.118     1.091 f  u_edge/u_control/helper_out[263]_i_3/O
                         net (fo=2512, routed)        9.547    10.638    u_fe/r_reg_reg[0]_0
    SLICE_X5Y42          FDCE                                         f  u_fe/r_reg_reg[261]/CLR
  -------------------------------------------------------------------    -------------------

                         (clock sys_clk rise edge)    0.000     0.000 r
                                                      0.000     0.000 r  clk (IN)
                         net (fo=19606, unset)        0.924     0.924    u_fe/clk
    SLICE_X5Y42          FDCE                                         r  u_fe/r_reg_reg[261]/C

Slack:                    inf
  Source:                 rst_n
                            (input port)
  Destination:            u_fe/r_reg_reg[262]/CLR
                            (recovery check against rising-edge clock sys_clk  {rise@0.000ns fall@5.000ns period=10.000ns})
  Path Group:             (none)
  Path Type:              Recovery (Max at Slow Process Corner)
  Data Path Delay:        10.638ns  (logic 0.118ns (1.109%)  route 10.520ns (98.891%))
  Logic Levels:           1  (LUT1=1)
  Clock Path Skew:        0.924ns (DCD - SCD + CPR)
    Destination Clock Delay (DCD):    0.924ns
    Source Clock Delay      (SCD):    0.000ns
    Clock Pessimism Removal (CPR):    0.000ns

    Location             Delay type                Incr(ns)  Path(ns)    Netlist Resource(s)
  -------------------------------------------------------------------    -------------------
                                                      0.000     0.000 r  rst_n (IN)
                         net (fo=13, unset)           0.973     0.973    u_edge/u_control/rst_n
    SLICE_X28Y81         LUT1 (Prop_lut1_I0_O)        0.118     1.091 f  u_edge/u_control/helper_out[263]_i_3/O
                         net (fo=2512, routed)        9.547    10.638    u_fe/r_reg_reg[0]_0
    SLICE_X5Y42          FDCE                                         f  u_fe/r_reg_reg[262]/CLR
  -------------------------------------------------------------------    -------------------

                         (clock sys_clk rise edge)    0.000     0.000 r
                                                      0.000     0.000 r  clk (IN)
                         net (fo=19606, unset)        0.924     0.924    u_fe/clk
    SLICE_X5Y42          FDCE                                         r  u_fe/r_reg_reg[262]/C

Slack:                    inf
  Source:                 rst_n
                            (input port)
  Destination:            u_fe/resp_reg_reg[226]/CLR
                            (recovery check against rising-edge clock sys_clk  {rise@0.000ns fall@5.000ns period=10.000ns})
  Path Group:             (none)
  Path Type:              Recovery (Max at Slow Process Corner)
  Data Path Delay:        10.638ns  (logic 0.118ns (1.109%)  route 10.520ns (98.891%))
  Logic Levels:           1  (LUT1=1)
  Clock Path Skew:        0.924ns (DCD - SCD + CPR)
    Destination Clock Delay (DCD):    0.924ns
    Source Clock Delay      (SCD):    0.000ns
    Clock Pessimism Removal (CPR):    0.000ns

    Location             Delay type                Incr(ns)  Path(ns)    Netlist Resource(s)
  -------------------------------------------------------------------    -------------------
                                                      0.000     0.000 r  rst_n (IN)
                         net (fo=13, unset)           0.973     0.973    u_edge/u_control/rst_n
    SLICE_X28Y81         LUT1 (Prop_lut1_I0_O)        0.118     1.091 f  u_edge/u_control/helper_out[263]_i_3/O
                         net (fo=2512, routed)        9.547    10.638    u_fe/r_reg_reg[0]_0
    SLICE_X5Y42          FDCE                                         f  u_fe/resp_reg_reg[226]/CLR
  -------------------------------------------------------------------    -------------------

                         (clock sys_clk rise edge)    0.000     0.000 r
                                                      0.000     0.000 r  clk (IN)
                         net (fo=19606, unset)        0.924     0.924    u_fe/clk
    SLICE_X5Y42          FDCE                                         r  u_fe/resp_reg_reg[226]/C

Slack:                    inf
  Source:                 rst_n
                            (input port)
  Destination:            u_fe/resp_reg_reg[260]/CLR
                            (recovery check against rising-edge clock sys_clk  {rise@0.000ns fall@5.000ns period=10.000ns})
  Path Group:             (none)
  Path Type:              Recovery (Max at Slow Process Corner)
  Data Path Delay:        10.638ns  (logic 0.118ns (1.109%)  route 10.520ns (98.891%))
  Logic Levels:           1  (LUT1=1)
  Clock Path Skew:        0.924ns (DCD - SCD + CPR)
    Destination Clock Delay (DCD):    0.924ns
    Source Clock Delay      (SCD):    0.000ns
    Clock Pessimism Removal (CPR):    0.000ns

    Location             Delay type                Incr(ns)  Path(ns)    Netlist Resource(s)
  -------------------------------------------------------------------    -------------------
                                                      0.000     0.000 r  rst_n (IN)
                         net (fo=13, unset)           0.973     0.973    u_edge/u_control/rst_n
    SLICE_X28Y81         LUT1 (Prop_lut1_I0_O)        0.118     1.091 f  u_edge/u_control/helper_out[263]_i_3/O
                         net (fo=2512, routed)        9.547    10.638    u_fe/r_reg_reg[0]_0
    SLICE_X5Y42          FDCE                                         f  u_fe/resp_reg_reg[260]/CLR
  -------------------------------------------------------------------    -------------------

                         (clock sys_clk rise edge)    0.000     0.000 r
                                                      0.000     0.000 r  clk (IN)
                         net (fo=19606, unset)        0.924     0.924    u_fe/clk
    SLICE_X5Y42          FDCE                                         r  u_fe/resp_reg_reg[260]/C

Slack:                    inf
  Source:                 rst_n
                            (input port)
  Destination:            u_fe/resp_reg_reg[261]/CLR
                            (recovery check against rising-edge clock sys_clk  {rise@0.000ns fall@5.000ns period=10.000ns})
  Path Group:             (none)
  Path Type:              Recovery (Max at Slow Process Corner)
  Data Path Delay:        10.638ns  (logic 0.118ns (1.109%)  route 10.520ns (98.891%))
  Logic Levels:           1  (LUT1=1)
  Clock Path Skew:        0.924ns (DCD - SCD + CPR)
    Destination Clock Delay (DCD):    0.924ns
    Source Clock Delay      (SCD):    0.000ns
    Clock Pessimism Removal (CPR):    0.000ns

    Location             Delay type                Incr(ns)  Path(ns)    Netlist Resource(s)
  -------------------------------------------------------------------    -------------------
                                                      0.000     0.000 r  rst_n (IN)
                         net (fo=13, unset)           0.973     0.973    u_edge/u_control/rst_n
    SLICE_X28Y81         LUT1 (Prop_lut1_I0_O)        0.118     1.091 f  u_edge/u_control/helper_out[263]_i_3/O
                         net (fo=2512, routed)        9.547    10.638    u_fe/r_reg_reg[0]_0
    SLICE_X5Y42          FDCE                                         f  u_fe/resp_reg_reg[261]/CLR
  -------------------------------------------------------------------    -------------------

                         (clock sys_clk rise edge)    0.000     0.000 r
                                                      0.000     0.000 r  clk (IN)
                         net (fo=19606, unset)        0.924     0.924    u_fe/clk
    SLICE_X5Y42          FDCE                                         r  u_fe/resp_reg_reg[261]/C

Slack:                    inf
  Source:                 rst_n
                            (input port)
  Destination:            u_fe/resp_reg_reg[262]/CLR
                            (recovery check against rising-edge clock sys_clk  {rise@0.000ns fall@5.000ns period=10.000ns})
  Path Group:             (none)
  Path Type:              Recovery (Max at Slow Process Corner)
  Data Path Delay:        10.638ns  (logic 0.118ns (1.109%)  route 10.520ns (98.891%))
  Logic Levels:           1  (LUT1=1)
  Clock Path Skew:        0.924ns (DCD - SCD + CPR)
    Destination Clock Delay (DCD):    0.924ns
    Source Clock Delay      (SCD):    0.000ns
    Clock Pessimism Removal (CPR):    0.000ns

    Location             Delay type                Incr(ns)  Path(ns)    Netlist Resource(s)
  -------------------------------------------------------------------    -------------------
                                                      0.000     0.000 r  rst_n (IN)
                         net (fo=13, unset)           0.973     0.973    u_edge/u_control/rst_n
    SLICE_X28Y81         LUT1 (Prop_lut1_I0_O)        0.118     1.091 f  u_edge/u_control/helper_out[263]_i_3/O
                         net (fo=2512, routed)        9.547    10.638    u_fe/r_reg_reg[0]_0
    SLICE_X5Y42          FDCE                                         f  u_fe/resp_reg_reg[262]/CLR
  -------------------------------------------------------------------    -------------------

                         (clock sys_clk rise edge)    0.000     0.000 r
                                                      0.000     0.000 r  clk (IN)
                         net (fo=19606, unset)        0.924     0.924    u_fe/clk
    SLICE_X5Y42          FDCE                                         r  u_fe/resp_reg_reg[262]/C

Slack:                    inf
  Source:                 rst_n
                            (input port)
  Destination:            u_fe/r_reg_reg[247]/CLR
                            (recovery check against rising-edge clock sys_clk  {rise@0.000ns fall@5.000ns period=10.000ns})
  Path Group:             (none)
  Path Type:              Recovery (Max at Slow Process Corner)
  Data Path Delay:        10.487ns  (logic 0.118ns (1.125%)  route 10.369ns (98.875%))
  Logic Levels:           1  (LUT1=1)
  Clock Path Skew:        0.924ns (DCD - SCD + CPR)
    Destination Clock Delay (DCD):    0.924ns
    Source Clock Delay      (SCD):    0.000ns
    Clock Pessimism Removal (CPR):    0.000ns

    Location             Delay type                Incr(ns)  Path(ns)    Netlist Resource(s)
  -------------------------------------------------------------------    -------------------
                                                      0.000     0.000 r  rst_n (IN)
                         net (fo=13, unset)           0.973     0.973    u_edge/u_control/rst_n
    SLICE_X28Y81         LUT1 (Prop_lut1_I0_O)        0.118     1.091 f  u_edge/u_control/helper_out[263]_i_3/O
                         net (fo=2512, routed)        9.396    10.487    u_fe/r_reg_reg[0]_0
    SLICE_X5Y44          FDCE                                         f  u_fe/r_reg_reg[247]/CLR
  -------------------------------------------------------------------    -------------------

                         (clock sys_clk rise edge)    0.000     0.000 r
                                                      0.000     0.000 r  clk (IN)
                         net (fo=19606, unset)        0.924     0.924    u_fe/clk
    SLICE_X5Y44          FDCE                                         r  u_fe/r_reg_reg[247]/C

Slack:                    inf
  Source:                 rst_n
                            (input port)
  Destination:            u_fe/r_reg_reg[251]/CLR
                            (recovery check against rising-edge clock sys_clk  {rise@0.000ns fall@5.000ns period=10.000ns})
  Path Group:             (none)
  Path Type:              Recovery (Max at Slow Process Corner)
  Data Path Delay:        10.487ns  (logic 0.118ns (1.125%)  route 10.369ns (98.875%))
  Logic Levels:           1  (LUT1=1)
  Clock Path Skew:        0.924ns (DCD - SCD + CPR)
    Destination Clock Delay (DCD):    0.924ns
    Source Clock Delay      (SCD):    0.000ns
    Clock Pessimism Removal (CPR):    0.000ns

    Location             Delay type                Incr(ns)  Path(ns)    Netlist Resource(s)
  -------------------------------------------------------------------    -------------------
                                                      0.000     0.000 r  rst_n (IN)
                         net (fo=13, unset)           0.973     0.973    u_edge/u_control/rst_n
    SLICE_X28Y81         LUT1 (Prop_lut1_I0_O)        0.118     1.091 f  u_edge/u_control/helper_out[263]_i_3/O
                         net (fo=2512, routed)        9.396    10.487    u_fe/r_reg_reg[0]_0
    SLICE_X5Y44          FDCE                                         f  u_fe/r_reg_reg[251]/CLR
  -------------------------------------------------------------------    -------------------

                         (clock sys_clk rise edge)    0.000     0.000 r
                                                      0.000     0.000 r  clk (IN)
                         net (fo=19606, unset)        0.924     0.924    u_fe/clk
    SLICE_X5Y44          FDCE                                         r  u_fe/r_reg_reg[251]/C

Slack:                    inf
  Source:                 rst_n
                            (input port)
  Destination:            u_fe/r_reg_reg[258]/CLR
                            (recovery check against rising-edge clock sys_clk  {rise@0.000ns fall@5.000ns period=10.000ns})
  Path Group:             (none)
  Path Type:              Recovery (Max at Slow Process Corner)
  Data Path Delay:        10.487ns  (logic 0.118ns (1.125%)  route 10.369ns (98.875%))
  Logic Levels:           1  (LUT1=1)
  Clock Path Skew:        0.924ns (DCD - SCD + CPR)
    Destination Clock Delay (DCD):    0.924ns
    Source Clock Delay      (SCD):    0.000ns
    Clock Pessimism Removal (CPR):    0.000ns

    Location             Delay type                Incr(ns)  Path(ns)    Netlist Resource(s)
  -------------------------------------------------------------------    -------------------
                                                      0.000     0.000 r  rst_n (IN)
                         net (fo=13, unset)           0.973     0.973    u_edge/u_control/rst_n
    SLICE_X28Y81         LUT1 (Prop_lut1_I0_O)        0.118     1.091 f  u_edge/u_control/helper_out[263]_i_3/O
                         net (fo=2512, routed)        9.396    10.487    u_fe/r_reg_reg[0]_0
    SLICE_X5Y44          FDCE                                         f  u_fe/r_reg_reg[258]/CLR
  -------------------------------------------------------------------    -------------------

                         (clock sys_clk rise edge)    0.000     0.000 r
                                                      0.000     0.000 r  clk (IN)
                         net (fo=19606, unset)        0.924     0.924    u_fe/clk
    SLICE_X5Y44          FDCE                                         r  u_fe/r_reg_reg[258]/C

Slack:                    inf
  Source:                 rst_n
                            (input port)
  Destination:            u_fe/resp_reg_reg[247]/CLR
                            (recovery check against rising-edge clock sys_clk  {rise@0.000ns fall@5.000ns period=10.000ns})
  Path Group:             (none)
  Path Type:              Recovery (Max at Slow Process Corner)
  Data Path Delay:        10.487ns  (logic 0.118ns (1.125%)  route 10.369ns (98.875%))
  Logic Levels:           1  (LUT1=1)
  Clock Path Skew:        0.924ns (DCD - SCD + CPR)
    Destination Clock Delay (DCD):    0.924ns
    Source Clock Delay      (SCD):    0.000ns
    Clock Pessimism Removal (CPR):    0.000ns

    Location             Delay type                Incr(ns)  Path(ns)    Netlist Resource(s)
  -------------------------------------------------------------------    -------------------
                                                      0.000     0.000 r  rst_n (IN)
                         net (fo=13, unset)           0.973     0.973    u_edge/u_control/rst_n
    SLICE_X28Y81         LUT1 (Prop_lut1_I0_O)        0.118     1.091 f  u_edge/u_control/helper_out[263]_i_3/O
                         net (fo=2512, routed)        9.396    10.487    u_fe/r_reg_reg[0]_0
    SLICE_X5Y44          FDCE                                         f  u_fe/resp_reg_reg[247]/CLR
  -------------------------------------------------------------------    -------------------

                         (clock sys_clk rise edge)    0.000     0.000 r
                                                      0.000     0.000 r  clk (IN)
                         net (fo=19606, unset)        0.924     0.924    u_fe/clk
    SLICE_X5Y44          FDCE                                         r  u_fe/resp_reg_reg[247]/C

Slack:                    inf
  Source:                 rst_n
                            (input port)
  Destination:            u_fe/resp_reg_reg[251]/CLR
                            (recovery check against rising-edge clock sys_clk  {rise@0.000ns fall@5.000ns period=10.000ns})
  Path Group:             (none)
  Path Type:              Recovery (Max at Slow Process Corner)
  Data Path Delay:        10.487ns  (logic 0.118ns (1.125%)  route 10.369ns (98.875%))
  Logic Levels:           1  (LUT1=1)
  Clock Path Skew:        0.924ns (DCD - SCD + CPR)
    Destination Clock Delay (DCD):    0.924ns
    Source Clock Delay      (SCD):    0.000ns
    Clock Pessimism Removal (CPR):    0.000ns

    Location             Delay type                Incr(ns)  Path(ns)    Netlist Resource(s)
  -------------------------------------------------------------------    -------------------
                                                      0.000     0.000 r  rst_n (IN)
                         net (fo=13, unset)           0.973     0.973    u_edge/u_control/rst_n
    SLICE_X28Y81         LUT1 (Prop_lut1_I0_O)        0.118     1.091 f  u_edge/u_control/helper_out[263]_i_3/O
                         net (fo=2512, routed)        9.396    10.487    u_fe/r_reg_reg[0]_0
    SLICE_X5Y44          FDCE                                         f  u_fe/resp_reg_reg[251]/CLR
  -------------------------------------------------------------------    -------------------

                         (clock sys_clk rise edge)    0.000     0.000 r
                                                      0.000     0.000 r  clk (IN)
                         net (fo=19606, unset)        0.924     0.924    u_fe/clk
    SLICE_X5Y44          FDCE                                         r  u_fe/resp_reg_reg[251]/C

Slack:                    inf
  Source:                 rst_n
                            (input port)
  Destination:            u_fe/resp_reg_reg[258]/CLR
                            (recovery check against rising-edge clock sys_clk  {rise@0.000ns fall@5.000ns period=10.000ns})
  Path Group:             (none)
  Path Type:              Recovery (Max at Slow Process Corner)
  Data Path Delay:        10.487ns  (logic 0.118ns (1.125%)  route 10.369ns (98.875%))
  Logic Levels:           1  (LUT1=1)
  Clock Path Skew:        0.924ns (DCD - SCD + CPR)
    Destination Clock Delay (DCD):    0.924ns
    Source Clock Delay      (SCD):    0.000ns
    Clock Pessimism Removal (CPR):    0.000ns

    Location             Delay type                Incr(ns)  Path(ns)    Netlist Resource(s)
  -------------------------------------------------------------------    -------------------
                                                      0.000     0.000 r  rst_n (IN)
                         net (fo=13, unset)           0.973     0.973    u_edge/u_control/rst_n
    SLICE_X28Y81         LUT1 (Prop_lut1_I0_O)        0.118     1.091 f  u_edge/u_control/helper_out[263]_i_3/O
                         net (fo=2512, routed)        9.396    10.487    u_fe/r_reg_reg[0]_0
    SLICE_X5Y44          FDCE                                         f  u_fe/resp_reg_reg[258]/CLR
  -------------------------------------------------------------------    -------------------

                         (clock sys_clk rise edge)    0.000     0.000 r
                                                      0.000     0.000 r  clk (IN)
                         net (fo=19606, unset)        0.924     0.924    u_fe/clk
    SLICE_X5Y44          FDCE                                         r  u_fe/resp_reg_reg[258]/C

Slack:                    inf
  Source:                 rst_n
                            (input port)
  Destination:            u_fe/helper_out_reg[239]/CLR
                            (recovery check against rising-edge clock sys_clk  {rise@0.000ns fall@5.000ns period=10.000ns})
  Path Group:             (none)
  Path Type:              Recovery (Max at Slow Process Corner)
  Data Path Delay:        10.472ns  (logic 0.118ns (1.127%)  route 10.354ns (98.873%))
  Logic Levels:           1  (LUT1=1)
  Clock Path Skew:        0.924ns (DCD - SCD + CPR)
    Destination Clock Delay (DCD):    0.924ns
    Source Clock Delay      (SCD):    0.000ns
    Clock Pessimism Removal (CPR):    0.000ns

    Location             Delay type                Incr(ns)  Path(ns)    Netlist Resource(s)
  -------------------------------------------------------------------    -------------------
                                                      0.000     0.000 r  rst_n (IN)
                         net (fo=13, unset)           0.973     0.973    u_edge/u_control/rst_n
    SLICE_X28Y81         LUT1 (Prop_lut1_I0_O)        0.118     1.091 f  u_edge/u_control/helper_out[263]_i_3/O
                         net (fo=2512, routed)        9.381    10.472    u_fe/r_reg_reg[0]_0
    SLICE_X4Y45          FDCE                                         f  u_fe/helper_out_reg[239]/CLR
  -------------------------------------------------------------------    -------------------

                         (clock sys_clk rise edge)    0.000     0.000 r
                                                      0.000     0.000 r  clk (IN)
                         net (fo=19606, unset)        0.924     0.924    u_fe/clk
    SLICE_X4Y45          FDCE                                         r  u_fe/helper_out_reg[239]/C

Slack:                    inf
  Source:                 rst_n
                            (input port)
  Destination:            u_fe/helper_out_reg[249]/CLR
                            (recovery check against rising-edge clock sys_clk  {rise@0.000ns fall@5.000ns period=10.000ns})
  Path Group:             (none)
  Path Type:              Recovery (Max at Slow Process Corner)
  Data Path Delay:        10.472ns  (logic 0.118ns (1.127%)  route 10.354ns (98.873%))
  Logic Levels:           1  (LUT1=1)
  Clock Path Skew:        0.924ns (DCD - SCD + CPR)
    Destination Clock Delay (DCD):    0.924ns
    Source Clock Delay      (SCD):    0.000ns
    Clock Pessimism Removal (CPR):    0.000ns

    Location             Delay type                Incr(ns)  Path(ns)    Netlist Resource(s)
  -------------------------------------------------------------------    -------------------
                                                      0.000     0.000 r  rst_n (IN)
                         net (fo=13, unset)           0.973     0.973    u_edge/u_control/rst_n
    SLICE_X28Y81         LUT1 (Prop_lut1_I0_O)        0.118     1.091 f  u_edge/u_control/helper_out[263]_i_3/O
                         net (fo=2512, routed)        9.381    10.472    u_fe/r_reg_reg[0]_0
    SLICE_X4Y45          FDCE                                         f  u_fe/helper_out_reg[249]/CLR
  -------------------------------------------------------------------    -------------------

                         (clock sys_clk rise edge)    0.000     0.000 r
                                                      0.000     0.000 r  clk (IN)
                         net (fo=19606, unset)        0.924     0.924    u_fe/clk
    SLICE_X4Y45          FDCE                                         r  u_fe/helper_out_reg[249]/C

Slack:                    inf
  Source:                 rst_n
                            (input port)
  Destination:            u_fe/key_out_reg[179]/CLR
                            (recovery check against rising-edge clock sys_clk  {rise@0.000ns fall@5.000ns period=10.000ns})
  Path Group:             (none)
  Path Type:              Recovery (Max at Slow Process Corner)
  Data Path Delay:        10.468ns  (logic 0.118ns (1.127%)  route 10.350ns (98.873%))
  Logic Levels:           1  (LUT1=1)
  Clock Path Skew:        0.924ns (DCD - SCD + CPR)
    Destination Clock Delay (DCD):    0.924ns
    Source Clock Delay      (SCD):    0.000ns
    Clock Pessimism Removal (CPR):    0.000ns

    Location             Delay type                Incr(ns)  Path(ns)    Netlist Resource(s)
  -------------------------------------------------------------------    -------------------
                                                      0.000     0.000 r  rst_n (IN)
                         net (fo=13, unset)           0.973     0.973    u_edge/u_control/rst_n
    SLICE_X28Y81         LUT1 (Prop_lut1_I0_O)        0.118     1.091 f  u_edge/u_control/helper_out[263]_i_3/O
                         net (fo=2512, routed)        9.377    10.468    u_fe/r_reg_reg[0]_0
    SLICE_X5Y45          FDCE                                         f  u_fe/key_out_reg[179]/CLR
  -------------------------------------------------------------------    -------------------

                         (clock sys_clk rise edge)    0.000     0.000 r
                                                      0.000     0.000 r  clk (IN)
                         net (fo=19606, unset)        0.924     0.924    u_fe/clk
    SLICE_X5Y45          FDCE                                         r  u_fe/key_out_reg[179]/C

Slack:                    inf
  Source:                 rst_n
                            (input port)
  Destination:            u_fe/key_out_reg[187]/CLR
                            (recovery check against rising-edge clock sys_clk  {rise@0.000ns fall@5.000ns period=10.000ns})
  Path Group:             (none)
  Path Type:              Recovery (Max at Slow Process Corner)
  Data Path Delay:        10.468ns  (logic 0.118ns (1.127%)  route 10.350ns (98.873%))
  Logic Levels:           1  (LUT1=1)
  Clock Path Skew:        0.924ns (DCD - SCD + CPR)
    Destination Clock Delay (DCD):    0.924ns
    Source Clock Delay      (SCD):    0.000ns
    Clock Pessimism Removal (CPR):    0.000ns

    Location             Delay type                Incr(ns)  Path(ns)    Netlist Resource(s)
  -------------------------------------------------------------------    -------------------
                                                      0.000     0.000 r  rst_n (IN)
                         net (fo=13, unset)           0.973     0.973    u_edge/u_control/rst_n
    SLICE_X28Y81         LUT1 (Prop_lut1_I0_O)        0.118     1.091 f  u_edge/u_control/helper_out[263]_i_3/O
                         net (fo=2512, routed)        9.377    10.468    u_fe/r_reg_reg[0]_0
    SLICE_X5Y45          FDCE                                         f  u_fe/key_out_reg[187]/CLR
  -------------------------------------------------------------------    -------------------

                         (clock sys_clk rise edge)    0.000     0.000 r
                                                      0.000     0.000 r  clk (IN)
                         net (fo=19606, unset)        0.924     0.924    u_fe/clk
    SLICE_X5Y45          FDCE                                         r  u_fe/key_out_reg[187]/C





Min Delay Paths
--------------------------------------------------------------------------------------
Slack:                    inf
  Source:                 peer_req_pk
                            (input port)
  Destination:            u_edge/u_server/req_pk_r1_reg/D
                            (rising edge-triggered cell FDRE clocked by sys_clk  {rise@0.000ns fall@5.000ns period=10.000ns})
  Path Group:             (none)
  Path Type:              Hold (Min at Fast Process Corner)
  Data Path Delay:        0.410ns  (logic 0.000ns (0.000%)  route 0.410ns (100.000%))
  Logic Levels:           0
  Clock Path Skew:        0.432ns (DCD - SCD - CPR)
    Destination Clock Delay (DCD):    0.432ns
    Source Clock Delay      (SCD):    0.000ns
    Clock Pessimism Removal (CPR):    -0.000ns

    Location             Delay type                Incr(ns)  Path(ns)    Netlist Resource(s)
  -------------------------------------------------------------------    -------------------
                                                      0.000     0.000 r  peer_req_pk (IN)
                         net (fo=1, unset)            0.410     0.410    u_edge/u_server/peer_req_pk
    SLICE_X34Y87         FDRE                                         r  u_edge/u_server/req_pk_r1_reg/D
  -------------------------------------------------------------------    -------------------

                         (clock sys_clk rise edge)    0.000     0.000 r
                                                      0.000     0.000 r  clk (IN)
                         net (fo=19606, unset)        0.432     0.432    u_edge/u_server/clk
    SLICE_X34Y87         FDRE                                         r  u_edge/u_server/req_pk_r1_reg/C

Slack:                    inf
  Source:                 rst_n
                            (input port)
  Destination:            u_edge/u_control/u_scrub/launch_seen_reg/D
                            (rising edge-triggered cell FDRE clocked by sys_clk  {rise@0.000ns fall@5.000ns period=10.000ns})
  Path Group:             (none)
  Path Type:              Hold (Min at Fast Process Corner)
  Data Path Delay:        0.454ns  (logic 0.044ns (9.689%)  route 0.410ns (90.311%))
  Logic Levels:           1  (LUT4=1)
  Clock Path Skew:        0.432ns (DCD - SCD - CPR)
    Destination Clock Delay (DCD):    0.432ns
    Source Clock Delay      (SCD):    0.000ns
    Clock Pessimism Removal (CPR):    -0.000ns

    Location             Delay type                Incr(ns)  Path(ns)    Netlist Resource(s)
  -------------------------------------------------------------------    -------------------
                                                      0.000     0.000 r  rst_n (IN)
                         net (fo=13, unset)           0.410     0.410    u_edge/u_control/rst_n
    SLICE_X29Y80         LUT4 (Prop_lut4_I3_O)        0.044     0.454 r  u_edge/u_control/i___30/O
                         net (fo=1, routed)           0.000     0.454    u_edge/u_control/u_scrub/launch_seen_reg_0
    SLICE_X29Y80         FDRE                                         r  u_edge/u_control/u_scrub/launch_seen_reg/D
  -------------------------------------------------------------------    -------------------

                         (clock sys_clk rise edge)    0.000     0.000 r
                                                      0.000     0.000 r  clk (IN)
                         net (fo=19606, unset)        0.432     0.432    u_edge/u_control/u_scrub/clk
    SLICE_X29Y80         FDRE                                         r  u_edge/u_control/u_scrub/launch_seen_reg/C

Slack:                    inf
  Source:                 zeroize
                            (input port)
  Destination:            u_edge/u_control/u_seed/seed_d_reg[49]/D
                            (rising edge-triggered cell FDCE clocked by sys_clk  {rise@0.000ns fall@5.000ns period=10.000ns})
  Path Group:             (none)
  Path Type:              Hold (Min at Fast Process Corner)
  Data Path Delay:        0.454ns  (logic 0.044ns (9.689%)  route 0.410ns (90.311%))
  Logic Levels:           1  (LUT4=1)
  Clock Path Skew:        0.432ns (DCD - SCD - CPR)
    Destination Clock Delay (DCD):    0.432ns
    Source Clock Delay      (SCD):    0.000ns
    Clock Pessimism Removal (CPR):    -0.000ns

    Location             Delay type                Incr(ns)  Path(ns)    Netlist Resource(s)
  -------------------------------------------------------------------    -------------------
                                                      0.000     0.000 f  zeroize (IN)
                         net (fo=539, unset)          0.410     0.410    u_edge/u_control/zeroize
    SLICE_X32Y54         LUT4 (Prop_lut4_I2_O)        0.044     0.454 r  u_edge/u_control/i___558/O
                         net (fo=1, routed)           0.000     0.454    u_edge/u_control/u_seed/D[49]
    SLICE_X32Y54         FDCE                                         r  u_edge/u_control/u_seed/seed_d_reg[49]/D
  -------------------------------------------------------------------    -------------------

                         (clock sys_clk rise edge)    0.000     0.000 r
                                                      0.000     0.000 r  clk (IN)
                         net (fo=19606, unset)        0.432     0.432    u_edge/u_control/u_seed/clk
    SLICE_X32Y54         FDCE                                         r  u_edge/u_control/u_seed/seed_d_reg[49]/C

Slack:                    inf
  Source:                 zeroize
                            (input port)
  Destination:            u_edge/u_control/u_seed/seed_z_reg[101]/D
                            (rising edge-triggered cell FDCE clocked by sys_clk  {rise@0.000ns fall@5.000ns period=10.000ns})
  Path Group:             (none)
  Path Type:              Hold (Min at Fast Process Corner)
  Data Path Delay:        0.454ns  (logic 0.044ns (9.689%)  route 0.410ns (90.311%))
  Logic Levels:           1  (LUT4=1)
  Clock Path Skew:        0.432ns (DCD - SCD - CPR)
    Destination Clock Delay (DCD):    0.432ns
    Source Clock Delay      (SCD):    0.000ns
    Clock Pessimism Removal (CPR):    -0.000ns

    Location             Delay type                Incr(ns)  Path(ns)    Netlist Resource(s)
  -------------------------------------------------------------------    -------------------
                                                      0.000     0.000 f  zeroize (IN)
                         net (fo=539, unset)          0.410     0.410    u_edge/u_control/zeroize
    SLICE_X29Y62         LUT4 (Prop_lut4_I2_O)        0.044     0.454 r  u_edge/u_control/i___762/O
                         net (fo=1, routed)           0.000     0.454    u_edge/u_control/u_seed/seed_z_reg[255]_1[101]
    SLICE_X29Y62         FDCE                                         r  u_edge/u_control/u_seed/seed_z_reg[101]/D
  -------------------------------------------------------------------    -------------------

                         (clock sys_clk rise edge)    0.000     0.000 r
                                                      0.000     0.000 r  clk (IN)
                         net (fo=19606, unset)        0.432     0.432    u_edge/u_control/u_seed/clk
    SLICE_X29Y62         FDCE                                         r  u_edge/u_control/u_seed/seed_z_reg[101]/C

Slack:                    inf
  Source:                 zeroize
                            (input port)
  Destination:            u_edge/u_control/u_seed/seed_z_reg[119]/D
                            (rising edge-triggered cell FDCE clocked by sys_clk  {rise@0.000ns fall@5.000ns period=10.000ns})
  Path Group:             (none)
  Path Type:              Hold (Min at Fast Process Corner)
  Data Path Delay:        0.454ns  (logic 0.044ns (9.689%)  route 0.410ns (90.311%))
  Logic Levels:           1  (LUT4=1)
  Clock Path Skew:        0.432ns (DCD - SCD - CPR)
    Destination Clock Delay (DCD):    0.432ns
    Source Clock Delay      (SCD):    0.000ns
    Clock Pessimism Removal (CPR):    -0.000ns

    Location             Delay type                Incr(ns)  Path(ns)    Netlist Resource(s)
  -------------------------------------------------------------------    -------------------
                                                      0.000     0.000 f  zeroize (IN)
                         net (fo=539, unset)          0.410     0.410    u_edge/u_control/zeroize
    SLICE_X15Y63         LUT4 (Prop_lut4_I2_O)        0.044     0.454 r  u_edge/u_control/i___744/O
                         net (fo=1, routed)           0.000     0.454    u_edge/u_control/u_seed/seed_z_reg[255]_1[119]
    SLICE_X15Y63         FDCE                                         r  u_edge/u_control/u_seed/seed_z_reg[119]/D
  -------------------------------------------------------------------    -------------------

                         (clock sys_clk rise edge)    0.000     0.000 r
                                                      0.000     0.000 r  clk (IN)
                         net (fo=19606, unset)        0.432     0.432    u_edge/u_control/u_seed/clk
    SLICE_X15Y63         FDCE                                         r  u_edge/u_control/u_seed/seed_z_reg[119]/C

Slack:                    inf
  Source:                 zeroize
                            (input port)
  Destination:            u_edge/u_control/u_seed/seed_z_reg[121]/D
                            (rising edge-triggered cell FDCE clocked by sys_clk  {rise@0.000ns fall@5.000ns period=10.000ns})
  Path Group:             (none)
  Path Type:              Hold (Min at Fast Process Corner)
  Data Path Delay:        0.454ns  (logic 0.044ns (9.689%)  route 0.410ns (90.311%))
  Logic Levels:           1  (LUT4=1)
  Clock Path Skew:        0.432ns (DCD - SCD - CPR)
    Destination Clock Delay (DCD):    0.432ns
    Source Clock Delay      (SCD):    0.000ns
    Clock Pessimism Removal (CPR):    -0.000ns

    Location             Delay type                Incr(ns)  Path(ns)    Netlist Resource(s)
  -------------------------------------------------------------------    -------------------
                                                      0.000     0.000 f  zeroize (IN)
                         net (fo=539, unset)          0.410     0.410    u_edge/u_control/zeroize
    SLICE_X13Y61         LUT4 (Prop_lut4_I2_O)        0.044     0.454 r  u_edge/u_control/i___742/O
                         net (fo=1, routed)           0.000     0.454    u_edge/u_control/u_seed/seed_z_reg[255]_1[121]
    SLICE_X13Y61         FDCE                                         r  u_edge/u_control/u_seed/seed_z_reg[121]/D
  -------------------------------------------------------------------    -------------------

                         (clock sys_clk rise edge)    0.000     0.000 r
                                                      0.000     0.000 r  clk (IN)
                         net (fo=19606, unset)        0.432     0.432    u_edge/u_control/u_seed/clk
    SLICE_X13Y61         FDCE                                         r  u_edge/u_control/u_seed/seed_z_reg[121]/C

Slack:                    inf
  Source:                 zeroize
                            (input port)
  Destination:            u_edge/u_control/u_seed/seed_z_reg[125]/D
                            (rising edge-triggered cell FDCE clocked by sys_clk  {rise@0.000ns fall@5.000ns period=10.000ns})
  Path Group:             (none)
  Path Type:              Hold (Min at Fast Process Corner)
  Data Path Delay:        0.454ns  (logic 0.044ns (9.689%)  route 0.410ns (90.311%))
  Logic Levels:           1  (LUT4=1)
  Clock Path Skew:        0.432ns (DCD - SCD - CPR)
    Destination Clock Delay (DCD):    0.432ns
    Source Clock Delay      (SCD):    0.000ns
    Clock Pessimism Removal (CPR):    -0.000ns

    Location             Delay type                Incr(ns)  Path(ns)    Netlist Resource(s)
  -------------------------------------------------------------------    -------------------
                                                      0.000     0.000 f  zeroize (IN)
                         net (fo=539, unset)          0.410     0.410    u_edge/u_control/zeroize
    SLICE_X11Y57         LUT4 (Prop_lut4_I2_O)        0.044     0.454 r  u_edge/u_control/i___738/O
                         net (fo=1, routed)           0.000     0.454    u_edge/u_control/u_seed/seed_z_reg[255]_1[125]
    SLICE_X11Y57         FDCE                                         r  u_edge/u_control/u_seed/seed_z_reg[125]/D
  -------------------------------------------------------------------    -------------------

                         (clock sys_clk rise edge)    0.000     0.000 r
                                                      0.000     0.000 r  clk (IN)
                         net (fo=19606, unset)        0.432     0.432    u_edge/u_control/u_seed/clk
    SLICE_X11Y57         FDCE                                         r  u_edge/u_control/u_seed/seed_z_reg[125]/C

Slack:                    inf
  Source:                 zeroize
                            (input port)
  Destination:            u_edge/u_control/u_seed/seed_z_reg[129]/D
                            (rising edge-triggered cell FDCE clocked by sys_clk  {rise@0.000ns fall@5.000ns period=10.000ns})
  Path Group:             (none)
  Path Type:              Hold (Min at Fast Process Corner)
  Data Path Delay:        0.454ns  (logic 0.044ns (9.689%)  route 0.410ns (90.311%))
  Logic Levels:           1  (LUT4=1)
  Clock Path Skew:        0.432ns (DCD - SCD - CPR)
    Destination Clock Delay (DCD):    0.432ns
    Source Clock Delay      (SCD):    0.000ns
    Clock Pessimism Removal (CPR):    -0.000ns

    Location             Delay type                Incr(ns)  Path(ns)    Netlist Resource(s)
  -------------------------------------------------------------------    -------------------
                                                      0.000     0.000 f  zeroize (IN)
                         net (fo=539, unset)          0.410     0.410    u_edge/u_control/zeroize
    SLICE_X13Y51         LUT4 (Prop_lut4_I2_O)        0.044     0.454 r  u_edge/u_control/i___734/O
                         net (fo=1, routed)           0.000     0.454    u_edge/u_control/u_seed/seed_z_reg[255]_1[129]
    SLICE_X13Y51         FDCE                                         r  u_edge/u_control/u_seed/seed_z_reg[129]/D
  -------------------------------------------------------------------    -------------------

                         (clock sys_clk rise edge)    0.000     0.000 r
                                                      0.000     0.000 r  clk (IN)
                         net (fo=19606, unset)        0.432     0.432    u_edge/u_control/u_seed/clk
    SLICE_X13Y51         FDCE                                         r  u_edge/u_control/u_seed/seed_z_reg[129]/C

Slack:                    inf
  Source:                 zeroize
                            (input port)
  Destination:            u_edge/u_control/u_seed/seed_z_reg[151]/D
                            (rising edge-triggered cell FDCE clocked by sys_clk  {rise@0.000ns fall@5.000ns period=10.000ns})
  Path Group:             (none)
  Path Type:              Hold (Min at Fast Process Corner)
  Data Path Delay:        0.454ns  (logic 0.044ns (9.689%)  route 0.410ns (90.311%))
  Logic Levels:           1  (LUT4=1)
  Clock Path Skew:        0.432ns (DCD - SCD - CPR)
    Destination Clock Delay (DCD):    0.432ns
    Source Clock Delay      (SCD):    0.000ns
    Clock Pessimism Removal (CPR):    -0.000ns

    Location             Delay type                Incr(ns)  Path(ns)    Netlist Resource(s)
  -------------------------------------------------------------------    -------------------
                                                      0.000     0.000 f  zeroize (IN)
                         net (fo=539, unset)          0.410     0.410    u_edge/u_control/zeroize
    SLICE_X13Y58         LUT4 (Prop_lut4_I2_O)        0.044     0.454 r  u_edge/u_control/i___712/O
                         net (fo=1, routed)           0.000     0.454    u_edge/u_control/u_seed/seed_z_reg[255]_1[151]
    SLICE_X13Y58         FDCE                                         r  u_edge/u_control/u_seed/seed_z_reg[151]/D
  -------------------------------------------------------------------    -------------------

                         (clock sys_clk rise edge)    0.000     0.000 r
                                                      0.000     0.000 r  clk (IN)
                         net (fo=19606, unset)        0.432     0.432    u_edge/u_control/u_seed/clk
    SLICE_X13Y58         FDCE                                         r  u_edge/u_control/u_seed/seed_z_reg[151]/C

Slack:                    inf
  Source:                 zeroize
                            (input port)
  Destination:            u_edge/u_control/u_seed/seed_z_reg[155]/D
                            (rising edge-triggered cell FDCE clocked by sys_clk  {rise@0.000ns fall@5.000ns period=10.000ns})
  Path Group:             (none)
  Path Type:              Hold (Min at Fast Process Corner)
  Data Path Delay:        0.454ns  (logic 0.044ns (9.689%)  route 0.410ns (90.311%))
  Logic Levels:           1  (LUT4=1)
  Clock Path Skew:        0.432ns (DCD - SCD - CPR)
    Destination Clock Delay (DCD):    0.432ns
    Source Clock Delay      (SCD):    0.000ns
    Clock Pessimism Removal (CPR):    -0.000ns

    Location             Delay type                Incr(ns)  Path(ns)    Netlist Resource(s)
  -------------------------------------------------------------------    -------------------
                                                      0.000     0.000 f  zeroize (IN)
                         net (fo=539, unset)          0.410     0.410    u_edge/u_control/zeroize
    SLICE_X11Y56         LUT4 (Prop_lut4_I2_O)        0.044     0.454 r  u_edge/u_control/i___708/O
                         net (fo=1, routed)           0.000     0.454    u_edge/u_control/u_seed/seed_z_reg[255]_1[155]
    SLICE_X11Y56         FDCE                                         r  u_edge/u_control/u_seed/seed_z_reg[155]/D
  -------------------------------------------------------------------    -------------------

                         (clock sys_clk rise edge)    0.000     0.000 r
                                                      0.000     0.000 r  clk (IN)
                         net (fo=19606, unset)        0.432     0.432    u_edge/u_control/u_seed/clk
    SLICE_X11Y56         FDCE                                         r  u_edge/u_control/u_seed/seed_z_reg[155]/C

Slack:                    inf
  Source:                 zeroize
                            (input port)
  Destination:            u_edge/u_control/u_seed/seed_z_reg[167]/D
                            (rising edge-triggered cell FDCE clocked by sys_clk  {rise@0.000ns fall@5.000ns period=10.000ns})
  Path Group:             (none)
  Path Type:              Hold (Min at Fast Process Corner)
  Data Path Delay:        0.454ns  (logic 0.044ns (9.689%)  route 0.410ns (90.311%))
  Logic Levels:           1  (LUT4=1)
  Clock Path Skew:        0.432ns (DCD - SCD - CPR)
    Destination Clock Delay (DCD):    0.432ns
    Source Clock Delay      (SCD):    0.000ns
    Clock Pessimism Removal (CPR):    -0.000ns

    Location             Delay type                Incr(ns)  Path(ns)    Netlist Resource(s)
  -------------------------------------------------------------------    -------------------
                                                      0.000     0.000 f  zeroize (IN)
                         net (fo=539, unset)          0.410     0.410    u_edge/u_control/zeroize
    SLICE_X35Y64         LUT4 (Prop_lut4_I2_O)        0.044     0.454 r  u_edge/u_control/i___696/O
                         net (fo=1, routed)           0.000     0.454    u_edge/u_control/u_seed/seed_z_reg[255]_1[167]
    SLICE_X35Y64         FDCE                                         r  u_edge/u_control/u_seed/seed_z_reg[167]/D
  -------------------------------------------------------------------    -------------------

                         (clock sys_clk rise edge)    0.000     0.000 r
                                                      0.000     0.000 r  clk (IN)
                         net (fo=19606, unset)        0.432     0.432    u_edge/u_control/u_seed/clk
    SLICE_X35Y64         FDCE                                         r  u_edge/u_control/u_seed/seed_z_reg[167]/C

Slack:                    inf
  Source:                 zeroize
                            (input port)
  Destination:            u_edge/u_control/u_seed/seed_z_reg[185]/D
                            (rising edge-triggered cell FDCE clocked by sys_clk  {rise@0.000ns fall@5.000ns period=10.000ns})
  Path Group:             (none)
  Path Type:              Hold (Min at Fast Process Corner)
  Data Path Delay:        0.454ns  (logic 0.044ns (9.689%)  route 0.410ns (90.311%))
  Logic Levels:           1  (LUT4=1)
  Clock Path Skew:        0.432ns (DCD - SCD - CPR)
    Destination Clock Delay (DCD):    0.432ns
    Source Clock Delay      (SCD):    0.000ns
    Clock Pessimism Removal (CPR):    -0.000ns

    Location             Delay type                Incr(ns)  Path(ns)    Netlist Resource(s)
  -------------------------------------------------------------------    -------------------
                                                      0.000     0.000 f  zeroize (IN)
                         net (fo=539, unset)          0.410     0.410    u_edge/u_control/zeroize
    SLICE_X28Y62         LUT4 (Prop_lut4_I2_O)        0.044     0.454 r  u_edge/u_control/i___678/O
                         net (fo=1, routed)           0.000     0.454    u_edge/u_control/u_seed/seed_z_reg[255]_1[185]
    SLICE_X28Y62         FDCE                                         r  u_edge/u_control/u_seed/seed_z_reg[185]/D
  -------------------------------------------------------------------    -------------------

                         (clock sys_clk rise edge)    0.000     0.000 r
                                                      0.000     0.000 r  clk (IN)
                         net (fo=19606, unset)        0.432     0.432    u_edge/u_control/u_seed/clk
    SLICE_X28Y62         FDCE                                         r  u_edge/u_control/u_seed/seed_z_reg[185]/C

Slack:                    inf
  Source:                 zeroize
                            (input port)
  Destination:            u_edge/u_control/u_seed/seed_z_reg[191]/D
                            (rising edge-triggered cell FDCE clocked by sys_clk  {rise@0.000ns fall@5.000ns period=10.000ns})
  Path Group:             (none)
  Path Type:              Hold (Min at Fast Process Corner)
  Data Path Delay:        0.454ns  (logic 0.044ns (9.689%)  route 0.410ns (90.311%))
  Logic Levels:           1  (LUT4=1)
  Clock Path Skew:        0.432ns (DCD - SCD - CPR)
    Destination Clock Delay (DCD):    0.432ns
    Source Clock Delay      (SCD):    0.000ns
    Clock Pessimism Removal (CPR):    -0.000ns

    Location             Delay type                Incr(ns)  Path(ns)    Netlist Resource(s)
  -------------------------------------------------------------------    -------------------
                                                      0.000     0.000 f  zeroize (IN)
                         net (fo=539, unset)          0.410     0.410    u_edge/u_control/zeroize
    SLICE_X15Y53         LUT4 (Prop_lut4_I2_O)        0.044     0.454 r  u_edge/u_control/i___672/O
                         net (fo=1, routed)           0.000     0.454    u_edge/u_control/u_seed/seed_z_reg[255]_1[191]
    SLICE_X15Y53         FDCE                                         r  u_edge/u_control/u_seed/seed_z_reg[191]/D
  -------------------------------------------------------------------    -------------------

                         (clock sys_clk rise edge)    0.000     0.000 r
                                                      0.000     0.000 r  clk (IN)
                         net (fo=19606, unset)        0.432     0.432    u_edge/u_control/u_seed/clk
    SLICE_X15Y53         FDCE                                         r  u_edge/u_control/u_seed/seed_z_reg[191]/C

Slack:                    inf
  Source:                 zeroize
                            (input port)
  Destination:            u_edge/u_control/u_seed/seed_z_reg[211]/D
                            (rising edge-triggered cell FDCE clocked by sys_clk  {rise@0.000ns fall@5.000ns period=10.000ns})
  Path Group:             (none)
  Path Type:              Hold (Min at Fast Process Corner)
  Data Path Delay:        0.454ns  (logic 0.044ns (9.689%)  route 0.410ns (90.311%))
  Logic Levels:           1  (LUT4=1)
  Clock Path Skew:        0.432ns (DCD - SCD - CPR)
    Destination Clock Delay (DCD):    0.432ns
    Source Clock Delay      (SCD):    0.000ns
    Clock Pessimism Removal (CPR):    -0.000ns

    Location             Delay type                Incr(ns)  Path(ns)    Netlist Resource(s)
  -------------------------------------------------------------------    -------------------
                                                      0.000     0.000 f  zeroize (IN)
                         net (fo=539, unset)          0.410     0.410    u_edge/u_control/zeroize
    SLICE_X31Y59         LUT4 (Prop_lut4_I2_O)        0.044     0.454 r  u_edge/u_control/i___652/O
                         net (fo=1, routed)           0.000     0.454    u_edge/u_control/u_seed/seed_z_reg[255]_1[211]
    SLICE_X31Y59         FDCE                                         r  u_edge/u_control/u_seed/seed_z_reg[211]/D
  -------------------------------------------------------------------    -------------------

                         (clock sys_clk rise edge)    0.000     0.000 r
                                                      0.000     0.000 r  clk (IN)
                         net (fo=19606, unset)        0.432     0.432    u_edge/u_control/u_seed/clk
    SLICE_X31Y59         FDCE                                         r  u_edge/u_control/u_seed/seed_z_reg[211]/C

Slack:                    inf
  Source:                 zeroize
                            (input port)
  Destination:            u_edge/u_control/u_seed/seed_z_reg[217]/D
                            (rising edge-triggered cell FDCE clocked by sys_clk  {rise@0.000ns fall@5.000ns period=10.000ns})
  Path Group:             (none)
  Path Type:              Hold (Min at Fast Process Corner)
  Data Path Delay:        0.454ns  (logic 0.044ns (9.689%)  route 0.410ns (90.311%))
  Logic Levels:           1  (LUT4=1)
  Clock Path Skew:        0.432ns (DCD - SCD - CPR)
    Destination Clock Delay (DCD):    0.432ns
    Source Clock Delay      (SCD):    0.000ns
    Clock Pessimism Removal (CPR):    -0.000ns

    Location             Delay type                Incr(ns)  Path(ns)    Netlist Resource(s)
  -------------------------------------------------------------------    -------------------
                                                      0.000     0.000 f  zeroize (IN)
                         net (fo=539, unset)          0.410     0.410    u_edge/u_control/zeroize
    SLICE_X13Y56         LUT4 (Prop_lut4_I2_O)        0.044     0.454 r  u_edge/u_control/i___646/O
                         net (fo=1, routed)           0.000     0.454    u_edge/u_control/u_seed/seed_z_reg[255]_1[217]
    SLICE_X13Y56         FDCE                                         r  u_edge/u_control/u_seed/seed_z_reg[217]/D
  -------------------------------------------------------------------    -------------------

                         (clock sys_clk rise edge)    0.000     0.000 r
                                                      0.000     0.000 r  clk (IN)
                         net (fo=19606, unset)        0.432     0.432    u_edge/u_control/u_seed/clk
    SLICE_X13Y56         FDCE                                         r  u_edge/u_control/u_seed/seed_z_reg[217]/C

Slack:                    inf
  Source:                 zeroize
                            (input port)
  Destination:            u_edge/u_control/u_seed/seed_z_reg[225]/D
                            (rising edge-triggered cell FDCE clocked by sys_clk  {rise@0.000ns fall@5.000ns period=10.000ns})
  Path Group:             (none)
  Path Type:              Hold (Min at Fast Process Corner)
  Data Path Delay:        0.454ns  (logic 0.044ns (9.689%)  route 0.410ns (90.311%))
  Logic Levels:           1  (LUT4=1)
  Clock Path Skew:        0.432ns (DCD - SCD - CPR)
    Destination Clock Delay (DCD):    0.432ns
    Source Clock Delay      (SCD):    0.000ns
    Clock Pessimism Removal (CPR):    -0.000ns

    Location             Delay type                Incr(ns)  Path(ns)    Netlist Resource(s)
  -------------------------------------------------------------------    -------------------
                                                      0.000     0.000 f  zeroize (IN)
                         net (fo=539, unset)          0.410     0.410    u_edge/u_control/zeroize
    SLICE_X15Y56         LUT4 (Prop_lut4_I2_O)        0.044     0.454 r  u_edge/u_control/i___638/O
                         net (fo=1, routed)           0.000     0.454    u_edge/u_control/u_seed/seed_z_reg[255]_1[225]
    SLICE_X15Y56         FDCE                                         r  u_edge/u_control/u_seed/seed_z_reg[225]/D
  -------------------------------------------------------------------    -------------------

                         (clock sys_clk rise edge)    0.000     0.000 r
                                                      0.000     0.000 r  clk (IN)
                         net (fo=19606, unset)        0.432     0.432    u_edge/u_control/u_seed/clk
    SLICE_X15Y56         FDCE                                         r  u_edge/u_control/u_seed/seed_z_reg[225]/C

Slack:                    inf
  Source:                 zeroize
                            (input port)
  Destination:            u_edge/u_control/u_seed/seed_z_reg[23]/D
                            (rising edge-triggered cell FDCE clocked by sys_clk  {rise@0.000ns fall@5.000ns period=10.000ns})
  Path Group:             (none)
  Path Type:              Hold (Min at Fast Process Corner)
  Data Path Delay:        0.454ns  (logic 0.044ns (9.689%)  route 0.410ns (90.311%))
  Logic Levels:           1  (LUT4=1)
  Clock Path Skew:        0.432ns (DCD - SCD - CPR)
    Destination Clock Delay (DCD):    0.432ns
    Source Clock Delay      (SCD):    0.000ns
    Clock Pessimism Removal (CPR):    -0.000ns

    Location             Delay type                Incr(ns)  Path(ns)    Netlist Resource(s)
  -------------------------------------------------------------------    -------------------
                                                      0.000     0.000 f  zeroize (IN)
                         net (fo=539, unset)          0.410     0.410    u_edge/u_control/zeroize
    SLICE_X15Y57         LUT4 (Prop_lut4_I2_O)        0.044     0.454 r  u_edge/u_control/i___840/O
                         net (fo=1, routed)           0.000     0.454    u_edge/u_control/u_seed/seed_z_reg[255]_1[23]
    SLICE_X15Y57         FDCE                                         r  u_edge/u_control/u_seed/seed_z_reg[23]/D
  -------------------------------------------------------------------    -------------------

                         (clock sys_clk rise edge)    0.000     0.000 r
                                                      0.000     0.000 r  clk (IN)
                         net (fo=19606, unset)        0.432     0.432    u_edge/u_control/u_seed/clk
    SLICE_X15Y57         FDCE                                         r  u_edge/u_control/u_seed/seed_z_reg[23]/C

Slack:                    inf
  Source:                 zeroize
                            (input port)
  Destination:            u_edge/u_control/u_seed/seed_z_reg[25]/D
                            (rising edge-triggered cell FDCE clocked by sys_clk  {rise@0.000ns fall@5.000ns period=10.000ns})
  Path Group:             (none)
  Path Type:              Hold (Min at Fast Process Corner)
  Data Path Delay:        0.454ns  (logic 0.044ns (9.689%)  route 0.410ns (90.311%))
  Logic Levels:           1  (LUT4=1)
  Clock Path Skew:        0.432ns (DCD - SCD - CPR)
    Destination Clock Delay (DCD):    0.432ns
    Source Clock Delay      (SCD):    0.000ns
    Clock Pessimism Removal (CPR):    -0.000ns

    Location             Delay type                Incr(ns)  Path(ns)    Netlist Resource(s)
  -------------------------------------------------------------------    -------------------
                                                      0.000     0.000 f  zeroize (IN)
                         net (fo=539, unset)          0.410     0.410    u_edge/u_control/zeroize
    SLICE_X15Y55         LUT4 (Prop_lut4_I2_O)        0.044     0.454 r  u_edge/u_control/i___838/O
                         net (fo=1, routed)           0.000     0.454    u_edge/u_control/u_seed/seed_z_reg[255]_1[25]
    SLICE_X15Y55         FDCE                                         r  u_edge/u_control/u_seed/seed_z_reg[25]/D
  -------------------------------------------------------------------    -------------------

                         (clock sys_clk rise edge)    0.000     0.000 r
                                                      0.000     0.000 r  clk (IN)
                         net (fo=19606, unset)        0.432     0.432    u_edge/u_control/u_seed/clk
    SLICE_X15Y55         FDCE                                         r  u_edge/u_control/u_seed/seed_z_reg[25]/C

Slack:                    inf
  Source:                 zeroize
                            (input port)
  Destination:            u_edge/u_control/u_seed/seed_z_reg[27]/D
                            (rising edge-triggered cell FDCE clocked by sys_clk  {rise@0.000ns fall@5.000ns period=10.000ns})
  Path Group:             (none)
  Path Type:              Hold (Min at Fast Process Corner)
  Data Path Delay:        0.454ns  (logic 0.044ns (9.689%)  route 0.410ns (90.311%))
  Logic Levels:           1  (LUT4=1)
  Clock Path Skew:        0.432ns (DCD - SCD - CPR)
    Destination Clock Delay (DCD):    0.432ns
    Source Clock Delay      (SCD):    0.000ns
    Clock Pessimism Removal (CPR):    -0.000ns

    Location             Delay type                Incr(ns)  Path(ns)    Netlist Resource(s)
  -------------------------------------------------------------------    -------------------
                                                      0.000     0.000 f  zeroize (IN)
                         net (fo=539, unset)          0.410     0.410    u_edge/u_control/zeroize
    SLICE_X15Y54         LUT4 (Prop_lut4_I2_O)        0.044     0.454 r  u_edge/u_control/i___836/O
                         net (fo=1, routed)           0.000     0.454    u_edge/u_control/u_seed/seed_z_reg[255]_1[27]
    SLICE_X15Y54         FDCE                                         r  u_edge/u_control/u_seed/seed_z_reg[27]/D
  -------------------------------------------------------------------    -------------------

                         (clock sys_clk rise edge)    0.000     0.000 r
                                                      0.000     0.000 r  clk (IN)
                         net (fo=19606, unset)        0.432     0.432    u_edge/u_control/u_seed/clk
    SLICE_X15Y54         FDCE                                         r  u_edge/u_control/u_seed/seed_z_reg[27]/C

Slack:                    inf
  Source:                 zeroize
                            (input port)
  Destination:            u_edge/u_control/u_seed/seed_z_reg[29]/D
                            (rising edge-triggered cell FDCE clocked by sys_clk  {rise@0.000ns fall@5.000ns period=10.000ns})
  Path Group:             (none)
  Path Type:              Hold (Min at Fast Process Corner)
  Data Path Delay:        0.454ns  (logic 0.044ns (9.689%)  route 0.410ns (90.311%))
  Logic Levels:           1  (LUT4=1)
  Clock Path Skew:        0.432ns (DCD - SCD - CPR)
    Destination Clock Delay (DCD):    0.432ns
    Source Clock Delay      (SCD):    0.000ns
    Clock Pessimism Removal (CPR):    -0.000ns

    Location             Delay type                Incr(ns)  Path(ns)    Netlist Resource(s)
  -------------------------------------------------------------------    -------------------
                                                      0.000     0.000 f  zeroize (IN)
                         net (fo=539, unset)          0.410     0.410    u_edge/u_control/zeroize
    SLICE_X13Y53         LUT4 (Prop_lut4_I2_O)        0.044     0.454 r  u_edge/u_control/i___834/O
                         net (fo=1, routed)           0.000     0.454    u_edge/u_control/u_seed/seed_z_reg[255]_1[29]
    SLICE_X13Y53         FDCE                                         r  u_edge/u_control/u_seed/seed_z_reg[29]/D
  -------------------------------------------------------------------    -------------------

                         (clock sys_clk rise edge)    0.000     0.000 r
                                                      0.000     0.000 r  clk (IN)
                         net (fo=19606, unset)        0.432     0.432    u_edge/u_control/u_seed/clk
    SLICE_X13Y53         FDCE                                         r  u_edge/u_control/u_seed/seed_z_reg[29]/C
