Copyright 1986-2020 Xilinx, Inc. All Rights Reserved.
---------------------------------------------------------------------------------------------------------------------------------------------------------------------------------------------------------------
| Tool Version : Vivado v.2020.1 (lin64) Build 2902540 Wed May 27 19:54:35 MDT 2020
| Date         : Mon Sep 21 05:51:52 2026
| Host         : donglong-P7xxTM-1 running 64-bit Ubuntu 22.04.5 LTS
| Command      : report_timing_summary -file /home/donglong/Documents/Duy_prj/KECCAK_OPTIMIZE_POWER/OPTIMIZE_POWER/kyber_puf_mlkem_novelty/reports/puf64_operational_final/post_route_timing.rpt -max_paths 10
| Design       : Edge_Puf64_Zynq_Operational_Final_100MHz_Top
| Device       : 7z020-clg400
| Speed File   : -2  PRODUCTION 1.12 2019-11-22
---------------------------------------------------------------------------------------------------------------------------------------------------------------------------------------------------------------

Timing Summary Report

------------------------------------------------------------------------------------------------
| Timer Settings
| --------------
------------------------------------------------------------------------------------------------

  Enable Multi Corner Analysis               :  Yes
  Enable Pessimism Removal                   :  Yes
  Pessimism Removal Resolution               :  Nearest Common Node
  Enable Input Delay Default Clock           :  No
  Enable Preset / Clear Arcs                 :  No
  Disable Flight Delays                      :  No
  Ignore I/O Paths                           :  No
  Timing Early Launch at Borrowing Latches   :  No
  Borrow Time for Max Delay Exceptions       :  Yes
  Merge Timing Exceptions                    :  Yes

  Corner  Analyze    Analyze    
  Name    Max Paths  Min Paths  
  ------  ---------  ---------  
  Slow    Yes        Yes        
  Fast    Yes        Yes        



check_timing report

Table of Contents
-----------------
1. checking no_clock (1920)
2. checking constant_clock (0)
3. checking pulse_width_clock (0)
4. checking unconstrained_internal_endpoints (2304)
5. checking no_input_delay (1)
6. checking no_output_delay (3)
7. checking multiple_clock (0)
8. checking generated_clocks (0)
9. checking loops (64)
10. checking partial_input_delay (0)
11. checking partial_output_delay (0)
12. checking latch_loops (0)

1. checking no_clock (1920)
---------------------------
 There are 64 register/latch pins with no clock driven by root clock pin: u_operational_uart/u_chain/u_puf64_core/u_macro/u_bench/pair_a_reg[0]/Q (HIGH)

 There are 64 register/latch pins with no clock driven by root clock pin: u_operational_uart/u_chain/u_puf64_core/u_macro/u_bench/pair_a_reg[1]/Q (HIGH)

 There are 64 register/latch pins with no clock driven by root clock pin: u_operational_uart/u_chain/u_puf64_core/u_macro/u_bench/pair_a_reg[2]/Q (HIGH)

 There are 64 register/latch pins with no clock driven by root clock pin: u_operational_uart/u_chain/u_puf64_core/u_macro/u_bench/pair_a_reg[3]/Q (HIGH)

 There are 64 register/latch pins with no clock driven by root clock pin: u_operational_uart/u_chain/u_puf64_core/u_macro/u_bench/pair_a_reg[4]/Q (HIGH)

 There are 64 register/latch pins with no clock driven by root clock pin: u_operational_uart/u_chain/u_puf64_core/u_macro/u_bench/pair_a_reg[5]/Q (HIGH)

 There are 64 register/latch pins with no clock driven by root clock pin: u_operational_uart/u_chain/u_puf64_core/u_macro/u_bench/pair_b_reg[0]_rep/Q (HIGH)

 There are 64 register/latch pins with no clock driven by root clock pin: u_operational_uart/u_chain/u_puf64_core/u_macro/u_bench/pair_b_reg[1]_rep__0/Q (HIGH)

 There are 64 register/latch pins with no clock driven by root clock pin: u_operational_uart/u_chain/u_puf64_core/u_macro/u_bench/pair_b_reg[2]/Q (HIGH)

 There are 64 register/latch pins with no clock driven by root clock pin: u_operational_uart/u_chain/u_puf64_core/u_macro/u_bench/pair_b_reg[3]/Q (HIGH)

 There are 64 register/latch pins with no clock driven by root clock pin: u_operational_uart/u_chain/u_puf64_core/u_macro/u_bench/pair_b_reg[4]/Q (HIGH)

 There are 64 register/latch pins with no clock driven by root clock pin: u_operational_uart/u_chain/u_puf64_core/u_macro/u_bench/pair_b_reg[5]/Q (HIGH)

 There is 1 register/latch pin with no clock driven by root clock pin: u_operational_uart/u_chain/u_puf64_core/u_macro/u_bench/ro[0].counter/presc_fdce/Q (HIGH)

 There is 1 register/latch pin with no clock driven by root clock pin: u_operational_uart/u_chain/u_puf64_core/u_macro/u_bench/ro[0].counter/stage[0].ff/Q (HIGH)

 There is 1 register/latch pin with no clock driven by root clock pin: u_operational_uart/u_chain/u_puf64_core/u_macro/u_bench/ro[0].counter/stage[10].ff/Q (HIGH)

 There is 1 register/latch pin with no clock driven by root clock pin: u_operational_uart/u_chain/u_puf64_core/u_macro/u_bench/ro[0].counter/stage[11].ff/Q (HIGH)

 There is 1 register/latch pin with no clock driven by root clock pin: u_operational_uart/u_chain/u_puf64_core/u_macro/u_bench/ro[0].counter/stage[12].ff/Q (HIGH)

 There is 1 register/latch pin with no clock driven by root clock pin: u_operational_uart/u_chain/u_puf64_core/u_macro/u_bench/ro[0].counter/stage[13].ff/Q (HIGH)

 There is 1 register/latch pin with no clock driven by root clock pin: u_operational_uart/u_chain/u_puf64_core/u_macro/u_bench/ro[0].counter/stage[14].ff/Q (HIGH)

 There is 1 register/latch pin with no clock driven by root clock pin: u_operational_uart/u_chain/u_puf64_core/u_macro/u_bench/ro[0].counter/stage[15].ff/Q (HIGH)

 There is 1 register/latch pin with no clock driven by root clock pin: u_operational_uart/u_chain/u_puf64_core/u_macro/u_bench/ro[0].counter/stage[1].ff/Q (HIGH)

 There is 1 register/latch pin with no clock driven by root clock pin: u_operational_uart/u_chain/u_puf64_core/u_macro/u_bench/ro[0].counter/stage[2].ff/Q (HIGH)

 There is 1 register/latch pin with no clock driven by root clock pin: u_operational_uart/u_chain/u_puf64_core/u_macro/u_bench/ro[0].counter/stage[3].ff/Q (HIGH)

 There is 1 register/latch pin with no clock driven by root clock pin: u_operational_uart/u_chain/u_puf64_core/u_macro/u_bench/ro[0].counter/stage[4].ff/Q (HIGH)

 There is 1 register/latch pin with no clock driven by root clock pin: u_operational_uart/u_chain/u_puf64_core/u_macro/u_bench/ro[0].counter/stage[5].ff/Q (HIGH)

 There is 1 register/latch pin with no clock driven by root clock pin: u_operational_uart/u_chain/u_puf64_core/u_macro/u_bench/ro[0].counter/stage[6].ff/Q (HIGH)

 There is 1 register/latch pin with no clock driven by root clock pin: u_operational_uart/u_chain/u_puf64_core/u_macro/u_bench/ro[0].counter/stage[7].ff/Q (HIGH)

 There is 1 register/latch pin with no clock driven by root clock pin: u_operational_uart/u_chain/u_puf64_core/u_macro/u_bench/ro[0].counter/stage[8].ff/Q (HIGH)

 There is 1 register/latch pin with no clock driven by root clock pin: u_operational_uart/u_chain/u_puf64_core/u_macro/u_bench/ro[0].counter/stage[9].ff/Q (HIGH)

 There is 1 register/latch pin with no clock driven by root clock pin: u_operational_uart/u_chain/u_puf64_core/u_macro/u_bench/ro[10].counter/presc_fdce/Q (HIGH)

 There is 1 register/latch pin with no clock driven by root clock pin: u_operational_uart/u_chain/u_puf64_core/u_macro/u_bench/ro[10].counter/stage[0].ff/Q (HIGH)

 There is 1 register/latch pin with no clock driven by root clock pin: u_operational_uart/u_chain/u_puf64_core/u_macro/u_bench/ro[10].counter/stage[10].ff/Q (HIGH)

 There is 1 register/latch pin with no clock driven by root clock pin: u_operational_uart/u_chain/u_puf64_core/u_macro/u_bench/ro[10].counter/stage[11].ff/Q (HIGH)

 There is 1 register/latch pin with no clock driven by root clock pin: u_operational_uart/u_chain/u_puf64_core/u_macro/u_bench/ro[10].counter/stage[12].ff/Q (HIGH)

 There is 1 register/latch pin with no clock driven by root clock pin: u_operational_uart/u_chain/u_puf64_core/u_macro/u_bench/ro[10].counter/stage[13].ff/Q (HIGH)

 There is 1 register/latch pin with no clock driven by root clock pin: u_operational_uart/u_chain/u_puf64_core/u_macro/u_bench/ro[10].counter/stage[14].ff/Q (HIGH)

 There is 1 register/latch pin with no clock driven by root clock pin: u_operational_uart/u_chain/u_puf64_core/u_macro/u_bench/ro[10].counter/stage[15].ff/Q (HIGH)

 There is 1 register/latch pin with no clock driven by root clock pin: u_operational_uart/u_chain/u_puf64_core/u_macro/u_bench/ro[10].counter/stage[1].ff/Q (HIGH)

 There is 1 register/latch pin with no clock driven by root clock pin: u_operational_uart/u_chain/u_puf64_core/u_macro/u_bench/ro[10].counter/stage[2].ff/Q (HIGH)

 There is 1 register/latch pin with no clock driven by root clock pin: u_operational_uart/u_chain/u_puf64_core/u_macro/u_bench/ro[10].counter/stage[3].ff/Q (HIGH)

 There is 1 register/latch pin with no clock driven by root clock pin: u_operational_uart/u_chain/u_puf64_core/u_macro/u_bench/ro[10].counter/stage[4].ff/Q (HIGH)

 There is 1 register/latch pin with no clock driven by root clock pin: u_operational_uart/u_chain/u_puf64_core/u_macro/u_bench/ro[10].counter/stage[5].ff/Q (HIGH)

 There is 1 register/latch pin with no clock driven by root clock pin: u_operational_uart/u_chain/u_puf64_core/u_macro/u_bench/ro[10].counter/stage[6].ff/Q (HIGH)

 There is 1 register/latch pin with no clock driven by root clock pin: u_operational_uart/u_chain/u_puf64_core/u_macro/u_bench/ro[10].counter/stage[7].ff/Q (HIGH)

 There is 1 register/latch pin with no clock driven by root clock pin: u_operational_uart/u_chain/u_puf64_core/u_macro/u_bench/ro[10].counter/stage[8].ff/Q (HIGH)

 There is 1 register/latch pin with no clock driven by root clock pin: u_operational_uart/u_chain/u_puf64_core/u_macro/u_bench/ro[10].counter/stage[9].ff/Q (HIGH)

 There is 1 register/latch pin with no clock driven by root clock pin: u_operational_uart/u_chain/u_puf64_core/u_macro/u_bench/ro[11].counter/presc_fdce/Q (HIGH)

 There is 1 register/latch pin with no clock driven by root clock pin: u_operational_uart/u_chain/u_puf64_core/u_macro/u_bench/ro[11].counter/stage[0].ff/Q (HIGH)

 There is 1 register/latch pin with no clock driven by root clock pin: u_operational_uart/u_chain/u_puf64_core/u_macro/u_bench/ro[11].counter/stage[10].ff/Q (HIGH)

 There is 1 register/latch pin with no clock driven by root clock pin: u_operational_uart/u_chain/u_puf64_core/u_macro/u_bench/ro[11].counter/stage[11].ff/Q (HIGH)

 There is 1 register/latch pin with no clock driven by root clock pin: u_operational_uart/u_chain/u_puf64_core/u_macro/u_bench/ro[11].counter/stage[12].ff/Q (HIGH)

 There is 1 register/latch pin with no clock driven by root clock pin: u_operational_uart/u_chain/u_puf64_core/u_macro/u_bench/ro[11].counter/stage[13].ff/Q (HIGH)

 There is 1 register/latch pin with no clock driven by root clock pin: u_operational_uart/u_chain/u_puf64_core/u_macro/u_bench/ro[11].counter/stage[14].ff/Q (HIGH)

 There is 1 register/latch pin with no clock driven by root clock pin: u_operational_uart/u_chain/u_puf64_core/u_macro/u_bench/ro[11].counter/stage[15].ff/Q (HIGH)

 There is 1 register/latch pin with no clock driven by root clock pin: u_operational_uart/u_chain/u_puf64_core/u_macro/u_bench/ro[11].counter/stage[1].ff/Q (HIGH)

 There is 1 register/latch pin with no clock driven by root clock pin: u_operational_uart/u_chain/u_puf64_core/u_macro/u_bench/ro[11].counter/stage[2].ff/Q (HIGH)

 There is 1 register/latch pin with no clock driven by root clock pin: u_operational_uart/u_chain/u_puf64_core/u_macro/u_bench/ro[11].counter/stage[3].ff/Q (HIGH)

 There is 1 register/latch pin with no clock driven by root clock pin: u_operational_uart/u_chain/u_puf64_core/u_macro/u_bench/ro[11].counter/stage[4].ff/Q (HIGH)

 There is 1 register/latch pin with no clock driven by root clock pin: u_operational_uart/u_chain/u_puf64_core/u_macro/u_bench/ro[11].counter/stage[5].ff/Q (HIGH)

 There is 1 register/latch pin with no clock driven by root clock pin: u_operational_uart/u_chain/u_puf64_core/u_macro/u_bench/ro[11].counter/stage[6].ff/Q (HIGH)

 There is 1 register/latch pin with no clock driven by root clock pin: u_operational_uart/u_chain/u_puf64_core/u_macro/u_bench/ro[11].counter/stage[7].ff/Q (HIGH)

 There is 1 register/latch pin with no clock driven by root clock pin: u_operational_uart/u_chain/u_puf64_core/u_macro/u_bench/ro[11].counter/stage[8].ff/Q (HIGH)

 There is 1 register/latch pin with no clock driven by root clock pin: u_operational_uart/u_chain/u_puf64_core/u_macro/u_bench/ro[11].counter/stage[9].ff/Q (HIGH)

 There is 1 register/latch pin with no clock driven by root clock pin: u_operational_uart/u_chain/u_puf64_core/u_macro/u_bench/ro[12].counter/presc_fdce/Q (HIGH)

 There is 1 register/latch pin with no clock driven by root clock pin: u_operational_uart/u_chain/u_puf64_core/u_macro/u_bench/ro[12].counter/stage[0].ff/Q (HIGH)

 There is 1 register/latch pin with no clock driven by root clock pin: u_operational_uart/u_chain/u_puf64_core/u_macro/u_bench/ro[12].counter/stage[10].ff/Q (HIGH)

 There is 1 register/latch pin with no clock driven by root clock pin: u_operational_uart/u_chain/u_puf64_core/u_macro/u_bench/ro[12].counter/stage[11].ff/Q (HIGH)

 There is 1 register/latch pin with no clock driven by root clock pin: u_operational_uart/u_chain/u_puf64_core/u_macro/u_bench/ro[12].counter/stage[12].ff/Q (HIGH)

 There is 1 register/latch pin with no clock driven by root clock pin: u_operational_uart/u_chain/u_puf64_core/u_macro/u_bench/ro[12].counter/stage[13].ff/Q (HIGH)

 There is 1 register/latch pin with no clock driven by root clock pin: u_operational_uart/u_chain/u_puf64_core/u_macro/u_bench/ro[12].counter/stage[14].ff/Q (HIGH)

 There is 1 register/latch pin with no clock driven by root clock pin: u_operational_uart/u_chain/u_puf64_core/u_macro/u_bench/ro[12].counter/stage[15].ff/Q (HIGH)

 There is 1 register/latch pin with no clock driven by root clock pin: u_operational_uart/u_chain/u_puf64_core/u_macro/u_bench/ro[12].counter/stage[1].ff/Q (HIGH)

 There is 1 register/latch pin with no clock driven by root clock pin: u_operational_uart/u_chain/u_puf64_core/u_macro/u_bench/ro[12].counter/stage[2].ff/Q (HIGH)

 There is 1 register/latch pin with no clock driven by root clock pin: u_operational_uart/u_chain/u_puf64_core/u_macro/u_bench/ro[12].counter/stage[3].ff/Q (HIGH)

 There is 1 register/latch pin with no clock driven by root clock pin: u_operational_uart/u_chain/u_puf64_core/u_macro/u_bench/ro[12].counter/stage[4].ff/Q (HIGH)

 There is 1 register/latch pin with no clock driven by root clock pin: u_operational_uart/u_chain/u_puf64_core/u_macro/u_bench/ro[12].counter/stage[5].ff/Q (HIGH)

 There is 1 register/latch pin with no clock driven by root clock pin: u_operational_uart/u_chain/u_puf64_core/u_macro/u_bench/ro[12].counter/stage[6].ff/Q (HIGH)

 There is 1 register/latch pin with no clock driven by root clock pin: u_operational_uart/u_chain/u_puf64_core/u_macro/u_bench/ro[12].counter/stage[7].ff/Q (HIGH)

 There is 1 register/latch pin with no clock driven by root clock pin: u_operational_uart/u_chain/u_puf64_core/u_macro/u_bench/ro[12].counter/stage[8].ff/Q (HIGH)

 There is 1 register/latch pin with no clock driven by root clock pin: u_operational_uart/u_chain/u_puf64_core/u_macro/u_bench/ro[12].counter/stage[9].ff/Q (HIGH)

 There is 1 register/latch pin with no clock driven by root clock pin: u_operational_uart/u_chain/u_puf64_core/u_macro/u_bench/ro[13].counter/presc_fdce/Q (HIGH)

 There is 1 register/latch pin with no clock driven by root clock pin: u_operational_uart/u_chain/u_puf64_core/u_macro/u_bench/ro[13].counter/stage[0].ff/Q (HIGH)

 There is 1 register/latch pin with no clock driven by root clock pin: u_operational_uart/u_chain/u_puf64_core/u_macro/u_bench/ro[13].counter/stage[10].ff/Q (HIGH)

 There is 1 register/latch pin with no clock driven by root clock pin: u_operational_uart/u_chain/u_puf64_core/u_macro/u_bench/ro[13].counter/stage[11].ff/Q (HIGH)

 There is 1 register/latch pin with no clock driven by root clock pin: u_operational_uart/u_chain/u_puf64_core/u_macro/u_bench/ro[13].counter/stage[12].ff/Q (HIGH)

 There is 1 register/latch pin with no clock driven by root clock pin: u_operational_uart/u_chain/u_puf64_core/u_macro/u_bench/ro[13].counter/stage[13].ff/Q (HIGH)

 There is 1 register/latch pin with no clock driven by root clock pin: u_operational_uart/u_chain/u_puf64_core/u_macro/u_bench/ro[13].counter/stage[14].ff/Q (HIGH)

 There is 1 register/latch pin with no clock driven by root clock pin: u_operational_uart/u_chain/u_puf64_core/u_macro/u_bench/ro[13].counter/stage[15].ff/Q (HIGH)

 There is 1 register/latch pin with no clock driven by root clock pin: u_operational_uart/u_chain/u_puf64_core/u_macro/u_bench/ro[13].counter/stage[1].ff/Q (HIGH)

 There is 1 register/latch pin with no clock driven by root clock pin: u_operational_uart/u_chain/u_puf64_core/u_macro/u_bench/ro[13].counter/stage[2].ff/Q (HIGH)

 There is 1 register/latch pin with no clock driven by root clock pin: u_operational_uart/u_chain/u_puf64_core/u_macro/u_bench/ro[13].counter/stage[3].ff/Q (HIGH)

 There is 1 register/latch pin with no clock driven by root clock pin: u_operational_uart/u_chain/u_puf64_core/u_macro/u_bench/ro[13].counter/stage[4].ff/Q (HIGH)

 There is 1 register/latch pin with no clock driven by root clock pin: u_operational_uart/u_chain/u_puf64_core/u_macro/u_bench/ro[13].counter/stage[5].ff/Q (HIGH)

 There is 1 register/latch pin with no clock driven by root clock pin: u_operational_uart/u_chain/u_puf64_core/u_macro/u_bench/ro[13].counter/stage[6].ff/Q (HIGH)

 There is 1 register/latch pin with no clock driven by root clock pin: u_operational_uart/u_chain/u_puf64_core/u_macro/u_bench/ro[13].counter/stage[7].ff/Q (HIGH)

 There is 1 register/latch pin with no clock driven by root clock pin: u_operational_uart/u_chain/u_puf64_core/u_macro/u_bench/ro[13].counter/stage[8].ff/Q (HIGH)

 There is 1 register/latch pin with no clock driven by root clock pin: u_operational_uart/u_chain/u_puf64_core/u_macro/u_bench/ro[13].counter/stage[9].ff/Q (HIGH)

 There is 1 register/latch pin with no clock driven by root clock pin: u_operational_uart/u_chain/u_puf64_core/u_macro/u_bench/ro[14].counter/presc_fdce/Q (HIGH)

 There is 1 register/latch pin with no clock driven by root clock pin: u_operational_uart/u_chain/u_puf64_core/u_macro/u_bench/ro[14].counter/stage[0].ff/Q (HIGH)

 There is 1 register/latch pin with no clock driven by root clock pin: u_operational_uart/u_chain/u_puf64_core/u_macro/u_bench/ro[14].counter/stage[10].ff/Q (HIGH)

 There is 1 register/latch pin with no clock driven by root clock pin: u_operational_uart/u_chain/u_puf64_core/u_macro/u_bench/ro[14].counter/stage[11].ff/Q (HIGH)

 There is 1 register/latch pin with no clock driven by root clock pin: u_operational_uart/u_chain/u_puf64_core/u_macro/u_bench/ro[14].counter/stage[12].ff/Q (HIGH)

 There is 1 register/latch pin with no clock driven by root clock pin: u_operational_uart/u_chain/u_puf64_core/u_macro/u_bench/ro[14].counter/stage[13].ff/Q (HIGH)

 There is 1 register/latch pin with no clock driven by root clock pin: u_operational_uart/u_chain/u_puf64_core/u_macro/u_bench/ro[14].counter/stage[14].ff/Q (HIGH)

 There is 1 register/latch pin with no clock driven by root clock pin: u_operational_uart/u_chain/u_puf64_core/u_macro/u_bench/ro[14].counter/stage[15].ff/Q (HIGH)

 There is 1 register/latch pin with no clock driven by root clock pin: u_operational_uart/u_chain/u_puf64_core/u_macro/u_bench/ro[14].counter/stage[1].ff/Q (HIGH)

 There is 1 register/latch pin with no clock driven by root clock pin: u_operational_uart/u_chain/u_puf64_core/u_macro/u_bench/ro[14].counter/stage[2].ff/Q (HIGH)

 There is 1 register/latch pin with no clock driven by root clock pin: u_operational_uart/u_chain/u_puf64_core/u_macro/u_bench/ro[14].counter/stage[3].ff/Q (HIGH)

 There is 1 register/latch pin with no clock driven by root clock pin: u_operational_uart/u_chain/u_puf64_core/u_macro/u_bench/ro[14].counter/stage[4].ff/Q (HIGH)

 There is 1 register/latch pin with no clock driven by root clock pin: u_operational_uart/u_chain/u_puf64_core/u_macro/u_bench/ro[14].counter/stage[5].ff/Q (HIGH)

 There is 1 register/latch pin with no clock driven by root clock pin: u_operational_uart/u_chain/u_puf64_core/u_macro/u_bench/ro[14].counter/stage[6].ff/Q (HIGH)

 There is 1 register/latch pin with no clock driven by root clock pin: u_operational_uart/u_chain/u_puf64_core/u_macro/u_bench/ro[14].counter/stage[7].ff/Q (HIGH)

 There is 1 register/latch pin with no clock driven by root clock pin: u_operational_uart/u_chain/u_puf64_core/u_macro/u_bench/ro[14].counter/stage[8].ff/Q (HIGH)

 There is 1 register/latch pin with no clock driven by root clock pin: u_operational_uart/u_chain/u_puf64_core/u_macro/u_bench/ro[14].counter/stage[9].ff/Q (HIGH)

 There is 1 register/latch pin with no clock driven by root clock pin: u_operational_uart/u_chain/u_puf64_core/u_macro/u_bench/ro[15].counter/presc_fdce/Q (HIGH)

 There is 1 register/latch pin with no clock driven by root clock pin: u_operational_uart/u_chain/u_puf64_core/u_macro/u_bench/ro[15].counter/stage[0].ff/Q (HIGH)

 There is 1 register/latch pin with no clock driven by root clock pin: u_operational_uart/u_chain/u_puf64_core/u_macro/u_bench/ro[15].counter/stage[10].ff/Q (HIGH)

 There is 1 register/latch pin with no clock driven by root clock pin: u_operational_uart/u_chain/u_puf64_core/u_macro/u_bench/ro[15].counter/stage[11].ff/Q (HIGH)

 There is 1 register/latch pin with no clock driven by root clock pin: u_operational_uart/u_chain/u_puf64_core/u_macro/u_bench/ro[15].counter/stage[12].ff/Q (HIGH)

 There is 1 register/latch pin with no clock driven by root clock pin: u_operational_uart/u_chain/u_puf64_core/u_macro/u_bench/ro[15].counter/stage[13].ff/Q (HIGH)

 There is 1 register/latch pin with no clock driven by root clock pin: u_operational_uart/u_chain/u_puf64_core/u_macro/u_bench/ro[15].counter/stage[14].ff/Q (HIGH)

 There is 1 register/latch pin with no clock driven by root clock pin: u_operational_uart/u_chain/u_puf64_core/u_macro/u_bench/ro[15].counter/stage[15].ff/Q (HIGH)

 There is 1 register/latch pin with no clock driven by root clock pin: u_operational_uart/u_chain/u_puf64_core/u_macro/u_bench/ro[15].counter/stage[1].ff/Q (HIGH)

 There is 1 register/latch pin with no clock driven by root clock pin: u_operational_uart/u_chain/u_puf64_core/u_macro/u_bench/ro[15].counter/stage[2].ff/Q (HIGH)

 There is 1 register/latch pin with no clock driven by root clock pin: u_operational_uart/u_chain/u_puf64_core/u_macro/u_bench/ro[15].counter/stage[3].ff/Q (HIGH)

 There is 1 register/latch pin with no clock driven by root clock pin: u_operational_uart/u_chain/u_puf64_core/u_macro/u_bench/ro[15].counter/stage[4].ff/Q (HIGH)

 There is 1 register/latch pin with no clock driven by root clock pin: u_operational_uart/u_chain/u_puf64_core/u_macro/u_bench/ro[15].counter/stage[5].ff/Q (HIGH)

 There is 1 register/latch pin with no clock driven by root clock pin: u_operational_uart/u_chain/u_puf64_core/u_macro/u_bench/ro[15].counter/stage[6].ff/Q (HIGH)

 There is 1 register/latch pin with no clock driven by root clock pin: u_operational_uart/u_chain/u_puf64_core/u_macro/u_bench/ro[15].counter/stage[7].ff/Q (HIGH)

 There is 1 register/latch pin with no clock driven by root clock pin: u_operational_uart/u_chain/u_puf64_core/u_macro/u_bench/ro[15].counter/stage[8].ff/Q (HIGH)

 There is 1 register/latch pin with no clock driven by root clock pin: u_operational_uart/u_chain/u_puf64_core/u_macro/u_bench/ro[15].counter/stage[9].ff/Q (HIGH)

 There is 1 register/latch pin with no clock driven by root clock pin: u_operational_uart/u_chain/u_puf64_core/u_macro/u_bench/ro[16].counter/presc_fdce/Q (HIGH)

 There is 1 register/latch pin with no clock driven by root clock pin: u_operational_uart/u_chain/u_puf64_core/u_macro/u_bench/ro[16].counter/stage[0].ff/Q (HIGH)

 There is 1 register/latch pin with no clock driven by root clock pin: u_operational_uart/u_chain/u_puf64_core/u_macro/u_bench/ro[16].counter/stage[10].ff/Q (HIGH)

 There is 1 register/latch pin with no clock driven by root clock pin: u_operational_uart/u_chain/u_puf64_core/u_macro/u_bench/ro[16].counter/stage[11].ff/Q (HIGH)

 There is 1 register/latch pin with no clock driven by root clock pin: u_operational_uart/u_chain/u_puf64_core/u_macro/u_bench/ro[16].counter/stage[12].ff/Q (HIGH)

 There is 1 register/latch pin with no clock driven by root clock pin: u_operational_uart/u_chain/u_puf64_core/u_macro/u_bench/ro[16].counter/stage[13].ff/Q (HIGH)

 There is 1 register/latch pin with no clock driven by root clock pin: u_operational_uart/u_chain/u_puf64_core/u_macro/u_bench/ro[16].counter/stage[14].ff/Q (HIGH)

 There is 1 register/latch pin with no clock driven by root clock pin: u_operational_uart/u_chain/u_puf64_core/u_macro/u_bench/ro[16].counter/stage[15].ff/Q (HIGH)

 There is 1 register/latch pin with no clock driven by root clock pin: u_operational_uart/u_chain/u_puf64_core/u_macro/u_bench/ro[16].counter/stage[1].ff/Q (HIGH)

 There is 1 register/latch pin with no clock driven by root clock pin: u_operational_uart/u_chain/u_puf64_core/u_macro/u_bench/ro[16].counter/stage[2].ff/Q (HIGH)

 There is 1 register/latch pin with no clock driven by root clock pin: u_operational_uart/u_chain/u_puf64_core/u_macro/u_bench/ro[16].counter/stage[3].ff/Q (HIGH)

 There is 1 register/latch pin with no clock driven by root clock pin: u_operational_uart/u_chain/u_puf64_core/u_macro/u_bench/ro[16].counter/stage[4].ff/Q (HIGH)

 There is 1 register/latch pin with no clock driven by root clock pin: u_operational_uart/u_chain/u_puf64_core/u_macro/u_bench/ro[16].counter/stage[5].ff/Q (HIGH)

 There is 1 register/latch pin with no clock driven by root clock pin: u_operational_uart/u_chain/u_puf64_core/u_macro/u_bench/ro[16].counter/stage[6].ff/Q (HIGH)

 There is 1 register/latch pin with no clock driven by root clock pin: u_operational_uart/u_chain/u_puf64_core/u_macro/u_bench/ro[16].counter/stage[7].ff/Q (HIGH)

 There is 1 register/latch pin with no clock driven by root clock pin: u_operational_uart/u_chain/u_puf64_core/u_macro/u_bench/ro[16].counter/stage[8].ff/Q (HIGH)

 There is 1 register/latch pin with no clock driven by root clock pin: u_operational_uart/u_chain/u_puf64_core/u_macro/u_bench/ro[16].counter/stage[9].ff/Q (HIGH)

 There is 1 register/latch pin with no clock driven by root clock pin: u_operational_uart/u_chain/u_puf64_core/u_macro/u_bench/ro[17].counter/presc_fdce/Q (HIGH)

 There is 1 register/latch pin with no clock driven by root clock pin: u_operational_uart/u_chain/u_puf64_core/u_macro/u_bench/ro[17].counter/stage[0].ff/Q (HIGH)

 There is 1 register/latch pin with no clock driven by root clock pin: u_operational_uart/u_chain/u_puf64_core/u_macro/u_bench/ro[17].counter/stage[10].ff/Q (HIGH)

 There is 1 register/latch pin with no clock driven by root clock pin: u_operational_uart/u_chain/u_puf64_core/u_macro/u_bench/ro[17].counter/stage[11].ff/Q (HIGH)

 There is 1 register/latch pin with no clock driven by root clock pin: u_operational_uart/u_chain/u_puf64_core/u_macro/u_bench/ro[17].counter/stage[12].ff/Q (HIGH)

 There is 1 register/latch pin with no clock driven by root clock pin: u_operational_uart/u_chain/u_puf64_core/u_macro/u_bench/ro[17].counter/stage[13].ff/Q (HIGH)

 There is 1 register/latch pin with no clock driven by root clock pin: u_operational_uart/u_chain/u_puf64_core/u_macro/u_bench/ro[17].counter/stage[14].ff/Q (HIGH)

 There is 1 register/latch pin with no clock driven by root clock pin: u_operational_uart/u_chain/u_puf64_core/u_macro/u_bench/ro[17].counter/stage[15].ff/Q (HIGH)

 There is 1 register/latch pin with no clock driven by root clock pin: u_operational_uart/u_chain/u_puf64_core/u_macro/u_bench/ro[17].counter/stage[1].ff/Q (HIGH)

 There is 1 register/latch pin with no clock driven by root clock pin: u_operational_uart/u_chain/u_puf64_core/u_macro/u_bench/ro[17].counter/stage[2].ff/Q (HIGH)

 There is 1 register/latch pin with no clock driven by root clock pin: u_operational_uart/u_chain/u_puf64_core/u_macro/u_bench/ro[17].counter/stage[3].ff/Q (HIGH)

 There is 1 register/latch pin with no clock driven by root clock pin: u_operational_uart/u_chain/u_puf64_core/u_macro/u_bench/ro[17].counter/stage[4].ff/Q (HIGH)

 There is 1 register/latch pin with no clock driven by root clock pin: u_operational_uart/u_chain/u_puf64_core/u_macro/u_bench/ro[17].counter/stage[5].ff/Q (HIGH)

 There is 1 register/latch pin with no clock driven by root clock pin: u_operational_uart/u_chain/u_puf64_core/u_macro/u_bench/ro[17].counter/stage[6].ff/Q (HIGH)

 There is 1 register/latch pin with no clock driven by root clock pin: u_operational_uart/u_chain/u_puf64_core/u_macro/u_bench/ro[17].counter/stage[7].ff/Q (HIGH)

 There is 1 register/latch pin with no clock driven by root clock pin: u_operational_uart/u_chain/u_puf64_core/u_macro/u_bench/ro[17].counter/stage[8].ff/Q (HIGH)

 There is 1 register/latch pin with no clock driven by root clock pin: u_operational_uart/u_chain/u_puf64_core/u_macro/u_bench/ro[17].counter/stage[9].ff/Q (HIGH)

 There is 1 register/latch pin with no clock driven by root clock pin: u_operational_uart/u_chain/u_puf64_core/u_macro/u_bench/ro[18].counter/presc_fdce/Q (HIGH)

 There is 1 register/latch pin with no clock driven by root clock pin: u_operational_uart/u_chain/u_puf64_core/u_macro/u_bench/ro[18].counter/stage[0].ff/Q (HIGH)

 There is 1 register/latch pin with no clock driven by root clock pin: u_operational_uart/u_chain/u_puf64_core/u_macro/u_bench/ro[18].counter/stage[10].ff/Q (HIGH)

 There is 1 register/latch pin with no clock driven by root clock pin: u_operational_uart/u_chain/u_puf64_core/u_macro/u_bench/ro[18].counter/stage[11].ff/Q (HIGH)

 There is 1 register/latch pin with no clock driven by root clock pin: u_operational_uart/u_chain/u_puf64_core/u_macro/u_bench/ro[18].counter/stage[12].ff/Q (HIGH)

 There is 1 register/latch pin with no clock driven by root clock pin: u_operational_uart/u_chain/u_puf64_core/u_macro/u_bench/ro[18].counter/stage[13].ff/Q (HIGH)

 There is 1 register/latch pin with no clock driven by root clock pin: u_operational_uart/u_chain/u_puf64_core/u_macro/u_bench/ro[18].counter/stage[14].ff/Q (HIGH)

 There is 1 register/latch pin with no clock driven by root clock pin: u_operational_uart/u_chain/u_puf64_core/u_macro/u_bench/ro[18].counter/stage[15].ff/Q (HIGH)

 There is 1 register/latch pin with no clock driven by root clock pin: u_operational_uart/u_chain/u_puf64_core/u_macro/u_bench/ro[18].counter/stage[1].ff/Q (HIGH)

 There is 1 register/latch pin with no clock driven by root clock pin: u_operational_uart/u_chain/u_puf64_core/u_macro/u_bench/ro[18].counter/stage[2].ff/Q (HIGH)

 There is 1 register/latch pin with no clock driven by root clock pin: u_operational_uart/u_chain/u_puf64_core/u_macro/u_bench/ro[18].counter/stage[3].ff/Q (HIGH)

 There is 1 register/latch pin with no clock driven by root clock pin: u_operational_uart/u_chain/u_puf64_core/u_macro/u_bench/ro[18].counter/stage[4].ff/Q (HIGH)

 There is 1 register/latch pin with no clock driven by root clock pin: u_operational_uart/u_chain/u_puf64_core/u_macro/u_bench/ro[18].counter/stage[5].ff/Q (HIGH)

 There is 1 register/latch pin with no clock driven by root clock pin: u_operational_uart/u_chain/u_puf64_core/u_macro/u_bench/ro[18].counter/stage[6].ff/Q (HIGH)

 There is 1 register/latch pin with no clock driven by root clock pin: u_operational_uart/u_chain/u_puf64_core/u_macro/u_bench/ro[18].counter/stage[7].ff/Q (HIGH)

 There is 1 register/latch pin with no clock driven by root clock pin: u_operational_uart/u_chain/u_puf64_core/u_macro/u_bench/ro[18].counter/stage[8].ff/Q (HIGH)

 There is 1 register/latch pin with no clock driven by root clock pin: u_operational_uart/u_chain/u_puf64_core/u_macro/u_bench/ro[18].counter/stage[9].ff/Q (HIGH)

 There is 1 register/latch pin with no clock driven by root clock pin: u_operational_uart/u_chain/u_puf64_core/u_macro/u_bench/ro[19].counter/presc_fdce/Q (HIGH)

 There is 1 register/latch pin with no clock driven by root clock pin: u_operational_uart/u_chain/u_puf64_core/u_macro/u_bench/ro[19].counter/stage[0].ff/Q (HIGH)

 There is 1 register/latch pin with no clock driven by root clock pin: u_operational_uart/u_chain/u_puf64_core/u_macro/u_bench/ro[19].counter/stage[10].ff/Q (HIGH)

 There is 1 register/latch pin with no clock driven by root clock pin: u_operational_uart/u_chain/u_puf64_core/u_macro/u_bench/ro[19].counter/stage[11].ff/Q (HIGH)

 There is 1 register/latch pin with no clock driven by root clock pin: u_operational_uart/u_chain/u_puf64_core/u_macro/u_bench/ro[19].counter/stage[12].ff/Q (HIGH)

 There is 1 register/latch pin with no clock driven by root clock pin: u_operational_uart/u_chain/u_puf64_core/u_macro/u_bench/ro[19].counter/stage[13].ff/Q (HIGH)

 There is 1 register/latch pin with no clock driven by root clock pin: u_operational_uart/u_chain/u_puf64_core/u_macro/u_bench/ro[19].counter/stage[14].ff/Q (HIGH)

 There is 1 register/latch pin with no clock driven by root clock pin: u_operational_uart/u_chain/u_puf64_core/u_macro/u_bench/ro[19].counter/stage[15].ff/Q (HIGH)

 There is 1 register/latch pin with no clock driven by root clock pin: u_operational_uart/u_chain/u_puf64_core/u_macro/u_bench/ro[19].counter/stage[1].ff/Q (HIGH)

 There is 1 register/latch pin with no clock driven by root clock pin: u_operational_uart/u_chain/u_puf64_core/u_macro/u_bench/ro[19].counter/stage[2].ff/Q (HIGH)

 There is 1 register/latch pin with no clock driven by root clock pin: u_operational_uart/u_chain/u_puf64_core/u_macro/u_bench/ro[19].counter/stage[3].ff/Q (HIGH)

 There is 1 register/latch pin with no clock driven by root clock pin: u_operational_uart/u_chain/u_puf64_core/u_macro/u_bench/ro[19].counter/stage[4].ff/Q (HIGH)

 There is 1 register/latch pin with no clock driven by root clock pin: u_operational_uart/u_chain/u_puf64_core/u_macro/u_bench/ro[19].counter/stage[5].ff/Q (HIGH)

 There is 1 register/latch pin with no clock driven by root clock pin: u_operational_uart/u_chain/u_puf64_core/u_macro/u_bench/ro[19].counter/stage[6].ff/Q (HIGH)

 There is 1 register/latch pin with no clock driven by root clock pin: u_operational_uart/u_chain/u_puf64_core/u_macro/u_bench/ro[19].counter/stage[7].ff/Q (HIGH)

 There is 1 register/latch pin with no clock driven by root clock pin: u_operational_uart/u_chain/u_puf64_core/u_macro/u_bench/ro[19].counter/stage[8].ff/Q (HIGH)

 There is 1 register/latch pin with no clock driven by root clock pin: u_operational_uart/u_chain/u_puf64_core/u_macro/u_bench/ro[19].counter/stage[9].ff/Q (HIGH)

 There is 1 register/latch pin with no clock driven by root clock pin: u_operational_uart/u_chain/u_puf64_core/u_macro/u_bench/ro[1].counter/presc_fdce/Q (HIGH)

 There is 1 register/latch pin with no clock driven by root clock pin: u_operational_uart/u_chain/u_puf64_core/u_macro/u_bench/ro[1].counter/stage[0].ff/Q (HIGH)

 There is 1 register/latch pin with no clock driven by root clock pin: u_operational_uart/u_chain/u_puf64_core/u_macro/u_bench/ro[1].counter/stage[10].ff/Q (HIGH)

 There is 1 register/latch pin with no clock driven by root clock pin: u_operational_uart/u_chain/u_puf64_core/u_macro/u_bench/ro[1].counter/stage[11].ff/Q (HIGH)

 There is 1 register/latch pin with no clock driven by root clock pin: u_operational_uart/u_chain/u_puf64_core/u_macro/u_bench/ro[1].counter/stage[12].ff/Q (HIGH)

 There is 1 register/latch pin with no clock driven by root clock pin: u_operational_uart/u_chain/u_puf64_core/u_macro/u_bench/ro[1].counter/stage[13].ff/Q (HIGH)

 There is 1 register/latch pin with no clock driven by root clock pin: u_operational_uart/u_chain/u_puf64_core/u_macro/u_bench/ro[1].counter/stage[14].ff/Q (HIGH)

 There is 1 register/latch pin with no clock driven by root clock pin: u_operational_uart/u_chain/u_puf64_core/u_macro/u_bench/ro[1].counter/stage[15].ff/Q (HIGH)

 There is 1 register/latch pin with no clock driven by root clock pin: u_operational_uart/u_chain/u_puf64_core/u_macro/u_bench/ro[1].counter/stage[1].ff/Q (HIGH)

 There is 1 register/latch pin with no clock driven by root clock pin: u_operational_uart/u_chain/u_puf64_core/u_macro/u_bench/ro[1].counter/stage[2].ff/Q (HIGH)

 There is 1 register/latch pin with no clock driven by root clock pin: u_operational_uart/u_chain/u_puf64_core/u_macro/u_bench/ro[1].counter/stage[3].ff/Q (HIGH)

 There is 1 register/latch pin with no clock driven by root clock pin: u_operational_uart/u_chain/u_puf64_core/u_macro/u_bench/ro[1].counter/stage[4].ff/Q (HIGH)

 There is 1 register/latch pin with no clock driven by root clock pin: u_operational_uart/u_chain/u_puf64_core/u_macro/u_bench/ro[1].counter/stage[5].ff/Q (HIGH)

 There is 1 register/latch pin with no clock driven by root clock pin: u_operational_uart/u_chain/u_puf64_core/u_macro/u_bench/ro[1].counter/stage[6].ff/Q (HIGH)

 There is 1 register/latch pin with no clock driven by root clock pin: u_operational_uart/u_chain/u_puf64_core/u_macro/u_bench/ro[1].counter/stage[7].ff/Q (HIGH)

 There is 1 register/latch pin with no clock driven by root clock pin: u_operational_uart/u_chain/u_puf64_core/u_macro/u_bench/ro[1].counter/stage[8].ff/Q (HIGH)

 There is 1 register/latch pin with no clock driven by root clock pin: u_operational_uart/u_chain/u_puf64_core/u_macro/u_bench/ro[1].counter/stage[9].ff/Q (HIGH)

 There is 1 register/latch pin with no clock driven by root clock pin: u_operational_uart/u_chain/u_puf64_core/u_macro/u_bench/ro[20].counter/presc_fdce/Q (HIGH)

 There is 1 register/latch pin with no clock driven by root clock pin: u_operational_uart/u_chain/u_puf64_core/u_macro/u_bench/ro[20].counter/stage[0].ff/Q (HIGH)

 There is 1 register/latch pin with no clock driven by root clock pin: u_operational_uart/u_chain/u_puf64_core/u_macro/u_bench/ro[20].counter/stage[10].ff/Q (HIGH)

 There is 1 register/latch pin with no clock driven by root clock pin: u_operational_uart/u_chain/u_puf64_core/u_macro/u_bench/ro[20].counter/stage[11].ff/Q (HIGH)

 There is 1 register/latch pin with no clock driven by root clock pin: u_operational_uart/u_chain/u_puf64_core/u_macro/u_bench/ro[20].counter/stage[12].ff/Q (HIGH)

 There is 1 register/latch pin with no clock driven by root clock pin: u_operational_uart/u_chain/u_puf64_core/u_macro/u_bench/ro[20].counter/stage[13].ff/Q (HIGH)

 There is 1 register/latch pin with no clock driven by root clock pin: u_operational_uart/u_chain/u_puf64_core/u_macro/u_bench/ro[20].counter/stage[14].ff/Q (HIGH)

 There is 1 register/latch pin with no clock driven by root clock pin: u_operational_uart/u_chain/u_puf64_core/u_macro/u_bench/ro[20].counter/stage[15].ff/Q (HIGH)

 There is 1 register/latch pin with no clock driven by root clock pin: u_operational_uart/u_chain/u_puf64_core/u_macro/u_bench/ro[20].counter/stage[1].ff/Q (HIGH)

 There is 1 register/latch pin with no clock driven by root clock pin: u_operational_uart/u_chain/u_puf64_core/u_macro/u_bench/ro[20].counter/stage[2].ff/Q (HIGH)

 There is 1 register/latch pin with no clock driven by root clock pin: u_operational_uart/u_chain/u_puf64_core/u_macro/u_bench/ro[20].counter/stage[3].ff/Q (HIGH)

 There is 1 register/latch pin with no clock driven by root clock pin: u_operational_uart/u_chain/u_puf64_core/u_macro/u_bench/ro[20].counter/stage[4].ff/Q (HIGH)

 There is 1 register/latch pin with no clock driven by root clock pin: u_operational_uart/u_chain/u_puf64_core/u_macro/u_bench/ro[20].counter/stage[5].ff/Q (HIGH)

 There is 1 register/latch pin with no clock driven by root clock pin: u_operational_uart/u_chain/u_puf64_core/u_macro/u_bench/ro[20].counter/stage[6].ff/Q (HIGH)

 There is 1 register/latch pin with no clock driven by root clock pin: u_operational_uart/u_chain/u_puf64_core/u_macro/u_bench/ro[20].counter/stage[7].ff/Q (HIGH)

 There is 1 register/latch pin with no clock driven by root clock pin: u_operational_uart/u_chain/u_puf64_core/u_macro/u_bench/ro[20].counter/stage[8].ff/Q (HIGH)

 There is 1 register/latch pin with no clock driven by root clock pin: u_operational_uart/u_chain/u_puf64_core/u_macro/u_bench/ro[20].counter/stage[9].ff/Q (HIGH)

 There is 1 register/latch pin with no clock driven by root clock pin: u_operational_uart/u_chain/u_puf64_core/u_macro/u_bench/ro[21].counter/presc_fdce/Q (HIGH)

 There is 1 register/latch pin with no clock driven by root clock pin: u_operational_uart/u_chain/u_puf64_core/u_macro/u_bench/ro[21].counter/stage[0].ff/Q (HIGH)

 There is 1 register/latch pin with no clock driven by root clock pin: u_operational_uart/u_chain/u_puf64_core/u_macro/u_bench/ro[21].counter/stage[10].ff/Q (HIGH)

 There is 1 register/latch pin with no clock driven by root clock pin: u_operational_uart/u_chain/u_puf64_core/u_macro/u_bench/ro[21].counter/stage[11].ff/Q (HIGH)

 There is 1 register/latch pin with no clock driven by root clock pin: u_operational_uart/u_chain/u_puf64_core/u_macro/u_bench/ro[21].counter/stage[12].ff/Q (HIGH)

 There is 1 register/latch pin with no clock driven by root clock pin: u_operational_uart/u_chain/u_puf64_core/u_macro/u_bench/ro[21].counter/stage[13].ff/Q (HIGH)

 There is 1 register/latch pin with no clock driven by root clock pin: u_operational_uart/u_chain/u_puf64_core/u_macro/u_bench/ro[21].counter/stage[14].ff/Q (HIGH)

 There is 1 register/latch pin with no clock driven by root clock pin: u_operational_uart/u_chain/u_puf64_core/u_macro/u_bench/ro[21].counter/stage[15].ff/Q (HIGH)

 There is 1 register/latch pin with no clock driven by root clock pin: u_operational_uart/u_chain/u_puf64_core/u_macro/u_bench/ro[21].counter/stage[1].ff/Q (HIGH)

 There is 1 register/latch pin with no clock driven by root clock pin: u_operational_uart/u_chain/u_puf64_core/u_macro/u_bench/ro[21].counter/stage[2].ff/Q (HIGH)

 There is 1 register/latch pin with no clock driven by root clock pin: u_operational_uart/u_chain/u_puf64_core/u_macro/u_bench/ro[21].counter/stage[3].ff/Q (HIGH)

 There is 1 register/latch pin with no clock driven by root clock pin: u_operational_uart/u_chain/u_puf64_core/u_macro/u_bench/ro[21].counter/stage[4].ff/Q (HIGH)

 There is 1 register/latch pin with no clock driven by root clock pin: u_operational_uart/u_chain/u_puf64_core/u_macro/u_bench/ro[21].counter/stage[5].ff/Q (HIGH)

 There is 1 register/latch pin with no clock driven by root clock pin: u_operational_uart/u_chain/u_puf64_core/u_macro/u_bench/ro[21].counter/stage[6].ff/Q (HIGH)

 There is 1 register/latch pin with no clock driven by root clock pin: u_operational_uart/u_chain/u_puf64_core/u_macro/u_bench/ro[21].counter/stage[7].ff/Q (HIGH)

 There is 1 register/latch pin with no clock driven by root clock pin: u_operational_uart/u_chain/u_puf64_core/u_macro/u_bench/ro[21].counter/stage[8].ff/Q (HIGH)

 There is 1 register/latch pin with no clock driven by root clock pin: u_operational_uart/u_chain/u_puf64_core/u_macro/u_bench/ro[21].counter/stage[9].ff/Q (HIGH)

 There is 1 register/latch pin with no clock driven by root clock pin: u_operational_uart/u_chain/u_puf64_core/u_macro/u_bench/ro[22].counter/presc_fdce/Q (HIGH)

 There is 1 register/latch pin with no clock driven by root clock pin: u_operational_uart/u_chain/u_puf64_core/u_macro/u_bench/ro[22].counter/stage[0].ff/Q (HIGH)

 There is 1 register/latch pin with no clock driven by root clock pin: u_operational_uart/u_chain/u_puf64_core/u_macro/u_bench/ro[22].counter/stage[10].ff/Q (HIGH)

 There is 1 register/latch pin with no clock driven by root clock pin: u_operational_uart/u_chain/u_puf64_core/u_macro/u_bench/ro[22].counter/stage[11].ff/Q (HIGH)

 There is 1 register/latch pin with no clock driven by root clock pin: u_operational_uart/u_chain/u_puf64_core/u_macro/u_bench/ro[22].counter/stage[12].ff/Q (HIGH)

 There is 1 register/latch pin with no clock driven by root clock pin: u_operational_uart/u_chain/u_puf64_core/u_macro/u_bench/ro[22].counter/stage[13].ff/Q (HIGH)

 There is 1 register/latch pin with no clock driven by root clock pin: u_operational_uart/u_chain/u_puf64_core/u_macro/u_bench/ro[22].counter/stage[14].ff/Q (HIGH)

 There is 1 register/latch pin with no clock driven by root clock pin: u_operational_uart/u_chain/u_puf64_core/u_macro/u_bench/ro[22].counter/stage[15].ff/Q (HIGH)

 There is 1 register/latch pin with no clock driven by root clock pin: u_operational_uart/u_chain/u_puf64_core/u_macro/u_bench/ro[22].counter/stage[1].ff/Q (HIGH)

 There is 1 register/latch pin with no clock driven by root clock pin: u_operational_uart/u_chain/u_puf64_core/u_macro/u_bench/ro[22].counter/stage[2].ff/Q (HIGH)

 There is 1 register/latch pin with no clock driven by root clock pin: u_operational_uart/u_chain/u_puf64_core/u_macro/u_bench/ro[22].counter/stage[3].ff/Q (HIGH)

 There is 1 register/latch pin with no clock driven by root clock pin: u_operational_uart/u_chain/u_puf64_core/u_macro/u_bench/ro[22].counter/stage[4].ff/Q (HIGH)

 There is 1 register/latch pin with no clock driven by root clock pin: u_operational_uart/u_chain/u_puf64_core/u_macro/u_bench/ro[22].counter/stage[5].ff/Q (HIGH)

 There is 1 register/latch pin with no clock driven by root clock pin: u_operational_uart/u_chain/u_puf64_core/u_macro/u_bench/ro[22].counter/stage[6].ff/Q (HIGH)

 There is 1 register/latch pin with no clock driven by root clock pin: u_operational_uart/u_chain/u_puf64_core/u_macro/u_bench/ro[22].counter/stage[7].ff/Q (HIGH)

 There is 1 register/latch pin with no clock driven by root clock pin: u_operational_uart/u_chain/u_puf64_core/u_macro/u_bench/ro[22].counter/stage[8].ff/Q (HIGH)

 There is 1 register/latch pin with no clock driven by root clock pin: u_operational_uart/u_chain/u_puf64_core/u_macro/u_bench/ro[22].counter/stage[9].ff/Q (HIGH)

 There is 1 register/latch pin with no clock driven by root clock pin: u_operational_uart/u_chain/u_puf64_core/u_macro/u_bench/ro[23].counter/presc_fdce/Q (HIGH)

 There is 1 register/latch pin with no clock driven by root clock pin: u_operational_uart/u_chain/u_puf64_core/u_macro/u_bench/ro[23].counter/stage[0].ff/Q (HIGH)

 There is 1 register/latch pin with no clock driven by root clock pin: u_operational_uart/u_chain/u_puf64_core/u_macro/u_bench/ro[23].counter/stage[10].ff/Q (HIGH)

 There is 1 register/latch pin with no clock driven by root clock pin: u_operational_uart/u_chain/u_puf64_core/u_macro/u_bench/ro[23].counter/stage[11].ff/Q (HIGH)

 There is 1 register/latch pin with no clock driven by root clock pin: u_operational_uart/u_chain/u_puf64_core/u_macro/u_bench/ro[23].counter/stage[12].ff/Q (HIGH)

 There is 1 register/latch pin with no clock driven by root clock pin: u_operational_uart/u_chain/u_puf64_core/u_macro/u_bench/ro[23].counter/stage[13].ff/Q (HIGH)

 There is 1 register/latch pin with no clock driven by root clock pin: u_operational_uart/u_chain/u_puf64_core/u_macro/u_bench/ro[23].counter/stage[14].ff/Q (HIGH)

 There is 1 register/latch pin with no clock driven by root clock pin: u_operational_uart/u_chain/u_puf64_core/u_macro/u_bench/ro[23].counter/stage[15].ff/Q (HIGH)

 There is 1 register/latch pin with no clock driven by root clock pin: u_operational_uart/u_chain/u_puf64_core/u_macro/u_bench/ro[23].counter/stage[1].ff/Q (HIGH)

 There is 1 register/latch pin with no clock driven by root clock pin: u_operational_uart/u_chain/u_puf64_core/u_macro/u_bench/ro[23].counter/stage[2].ff/Q (HIGH)

 There is 1 register/latch pin with no clock driven by root clock pin: u_operational_uart/u_chain/u_puf64_core/u_macro/u_bench/ro[23].counter/stage[3].ff/Q (HIGH)

 There is 1 register/latch pin with no clock driven by root clock pin: u_operational_uart/u_chain/u_puf64_core/u_macro/u_bench/ro[23].counter/stage[4].ff/Q (HIGH)

 There is 1 register/latch pin with no clock driven by root clock pin: u_operational_uart/u_chain/u_puf64_core/u_macro/u_bench/ro[23].counter/stage[5].ff/Q (HIGH)

 There is 1 register/latch pin with no clock driven by root clock pin: u_operational_uart/u_chain/u_puf64_core/u_macro/u_bench/ro[23].counter/stage[6].ff/Q (HIGH)

 There is 1 register/latch pin with no clock driven by root clock pin: u_operational_uart/u_chain/u_puf64_core/u_macro/u_bench/ro[23].counter/stage[7].ff/Q (HIGH)

 There is 1 register/latch pin with no clock driven by root clock pin: u_operational_uart/u_chain/u_puf64_core/u_macro/u_bench/ro[23].counter/stage[8].ff/Q (HIGH)

 There is 1 register/latch pin with no clock driven by root clock pin: u_operational_uart/u_chain/u_puf64_core/u_macro/u_bench/ro[23].counter/stage[9].ff/Q (HIGH)

 There is 1 register/latch pin with no clock driven by root clock pin: u_operational_uart/u_chain/u_puf64_core/u_macro/u_bench/ro[24].counter/presc_fdce/Q (HIGH)

 There is 1 register/latch pin with no clock driven by root clock pin: u_operational_uart/u_chain/u_puf64_core/u_macro/u_bench/ro[24].counter/stage[0].ff/Q (HIGH)

 There is 1 register/latch pin with no clock driven by root clock pin: u_operational_uart/u_chain/u_puf64_core/u_macro/u_bench/ro[24].counter/stage[10].ff/Q (HIGH)

 There is 1 register/latch pin with no clock driven by root clock pin: u_operational_uart/u_chain/u_puf64_core/u_macro/u_bench/ro[24].counter/stage[11].ff/Q (HIGH)

 There is 1 register/latch pin with no clock driven by root clock pin: u_operational_uart/u_chain/u_puf64_core/u_macro/u_bench/ro[24].counter/stage[12].ff/Q (HIGH)

 There is 1 register/latch pin with no clock driven by root clock pin: u_operational_uart/u_chain/u_puf64_core/u_macro/u_bench/ro[24].counter/stage[13].ff/Q (HIGH)

 There is 1 register/latch pin with no clock driven by root clock pin: u_operational_uart/u_chain/u_puf64_core/u_macro/u_bench/ro[24].counter/stage[14].ff/Q (HIGH)

 There is 1 register/latch pin with no clock driven by root clock pin: u_operational_uart/u_chain/u_puf64_core/u_macro/u_bench/ro[24].counter/stage[15].ff/Q (HIGH)

 There is 1 register/latch pin with no clock driven by root clock pin: u_operational_uart/u_chain/u_puf64_core/u_macro/u_bench/ro[24].counter/stage[1].ff/Q (HIGH)

 There is 1 register/latch pin with no clock driven by root clock pin: u_operational_uart/u_chain/u_puf64_core/u_macro/u_bench/ro[24].counter/stage[2].ff/Q (HIGH)

 There is 1 register/latch pin with no clock driven by root clock pin: u_operational_uart/u_chain/u_puf64_core/u_macro/u_bench/ro[24].counter/stage[3].ff/Q (HIGH)

 There is 1 register/latch pin with no clock driven by root clock pin: u_operational_uart/u_chain/u_puf64_core/u_macro/u_bench/ro[24].counter/stage[4].ff/Q (HIGH)

 There is 1 register/latch pin with no clock driven by root clock pin: u_operational_uart/u_chain/u_puf64_core/u_macro/u_bench/ro[24].counter/stage[5].ff/Q (HIGH)

 There is 1 register/latch pin with no clock driven by root clock pin: u_operational_uart/u_chain/u_puf64_core/u_macro/u_bench/ro[24].counter/stage[6].ff/Q (HIGH)

 There is 1 register/latch pin with no clock driven by root clock pin: u_operational_uart/u_chain/u_puf64_core/u_macro/u_bench/ro[24].counter/stage[7].ff/Q (HIGH)

 There is 1 register/latch pin with no clock driven by root clock pin: u_operational_uart/u_chain/u_puf64_core/u_macro/u_bench/ro[24].counter/stage[8].ff/Q (HIGH)

 There is 1 register/latch pin with no clock driven by root clock pin: u_operational_uart/u_chain/u_puf64_core/u_macro/u_bench/ro[24].counter/stage[9].ff/Q (HIGH)

 There is 1 register/latch pin with no clock driven by root clock pin: u_operational_uart/u_chain/u_puf64_core/u_macro/u_bench/ro[25].counter/presc_fdce/Q (HIGH)

 There is 1 register/latch pin with no clock driven by root clock pin: u_operational_uart/u_chain/u_puf64_core/u_macro/u_bench/ro[25].counter/stage[0].ff/Q (HIGH)

 There is 1 register/latch pin with no clock driven by root clock pin: u_operational_uart/u_chain/u_puf64_core/u_macro/u_bench/ro[25].counter/stage[10].ff/Q (HIGH)

 There is 1 register/latch pin with no clock driven by root clock pin: u_operational_uart/u_chain/u_puf64_core/u_macro/u_bench/ro[25].counter/stage[11].ff/Q (HIGH)

 There is 1 register/latch pin with no clock driven by root clock pin: u_operational_uart/u_chain/u_puf64_core/u_macro/u_bench/ro[25].counter/stage[12].ff/Q (HIGH)

 There is 1 register/latch pin with no clock driven by root clock pin: u_operational_uart/u_chain/u_puf64_core/u_macro/u_bench/ro[25].counter/stage[13].ff/Q (HIGH)

 There is 1 register/latch pin with no clock driven by root clock pin: u_operational_uart/u_chain/u_puf64_core/u_macro/u_bench/ro[25].counter/stage[14].ff/Q (HIGH)

 There is 1 register/latch pin with no clock driven by root clock pin: u_operational_uart/u_chain/u_puf64_core/u_macro/u_bench/ro[25].counter/stage[15].ff/Q (HIGH)

 There is 1 register/latch pin with no clock driven by root clock pin: u_operational_uart/u_chain/u_puf64_core/u_macro/u_bench/ro[25].counter/stage[1].ff/Q (HIGH)

 There is 1 register/latch pin with no clock driven by root clock pin: u_operational_uart/u_chain/u_puf64_core/u_macro/u_bench/ro[25].counter/stage[2].ff/Q (HIGH)

 There is 1 register/latch pin with no clock driven by root clock pin: u_operational_uart/u_chain/u_puf64_core/u_macro/u_bench/ro[25].counter/stage[3].ff/Q (HIGH)

 There is 1 register/latch pin with no clock driven by root clock pin: u_operational_uart/u_chain/u_puf64_core/u_macro/u_bench/ro[25].counter/stage[4].ff/Q (HIGH)

 There is 1 register/latch pin with no clock driven by root clock pin: u_operational_uart/u_chain/u_puf64_core/u_macro/u_bench/ro[25].counter/stage[5].ff/Q (HIGH)

 There is 1 register/latch pin with no clock driven by root clock pin: u_operational_uart/u_chain/u_puf64_core/u_macro/u_bench/ro[25].counter/stage[6].ff/Q (HIGH)

 There is 1 register/latch pin with no clock driven by root clock pin: u_operational_uart/u_chain/u_puf64_core/u_macro/u_bench/ro[25].counter/stage[7].ff/Q (HIGH)

 There is 1 register/latch pin with no clock driven by root clock pin: u_operational_uart/u_chain/u_puf64_core/u_macro/u_bench/ro[25].counter/stage[8].ff/Q (HIGH)

 There is 1 register/latch pin with no clock driven by root clock pin: u_operational_uart/u_chain/u_puf64_core/u_macro/u_bench/ro[25].counter/stage[9].ff/Q (HIGH)

 There is 1 register/latch pin with no clock driven by root clock pin: u_operational_uart/u_chain/u_puf64_core/u_macro/u_bench/ro[26].counter/presc_fdce/Q (HIGH)

 There is 1 register/latch pin with no clock driven by root clock pin: u_operational_uart/u_chain/u_puf64_core/u_macro/u_bench/ro[26].counter/stage[0].ff/Q (HIGH)

 There is 1 register/latch pin with no clock driven by root clock pin: u_operational_uart/u_chain/u_puf64_core/u_macro/u_bench/ro[26].counter/stage[10].ff/Q (HIGH)

 There is 1 register/latch pin with no clock driven by root clock pin: u_operational_uart/u_chain/u_puf64_core/u_macro/u_bench/ro[26].counter/stage[11].ff/Q (HIGH)

 There is 1 register/latch pin with no clock driven by root clock pin: u_operational_uart/u_chain/u_puf64_core/u_macro/u_bench/ro[26].counter/stage[12].ff/Q (HIGH)

 There is 1 register/latch pin with no clock driven by root clock pin: u_operational_uart/u_chain/u_puf64_core/u_macro/u_bench/ro[26].counter/stage[13].ff/Q (HIGH)

 There is 1 register/latch pin with no clock driven by root clock pin: u_operational_uart/u_chain/u_puf64_core/u_macro/u_bench/ro[26].counter/stage[14].ff/Q (HIGH)

 There is 1 register/latch pin with no clock driven by root clock pin: u_operational_uart/u_chain/u_puf64_core/u_macro/u_bench/ro[26].counter/stage[15].ff/Q (HIGH)

 There is 1 register/latch pin with no clock driven by root clock pin: u_operational_uart/u_chain/u_puf64_core/u_macro/u_bench/ro[26].counter/stage[1].ff/Q (HIGH)

 There is 1 register/latch pin with no clock driven by root clock pin: u_operational_uart/u_chain/u_puf64_core/u_macro/u_bench/ro[26].counter/stage[2].ff/Q (HIGH)

 There is 1 register/latch pin with no clock driven by root clock pin: u_operational_uart/u_chain/u_puf64_core/u_macro/u_bench/ro[26].counter/stage[3].ff/Q (HIGH)

 There is 1 register/latch pin with no clock driven by root clock pin: u_operational_uart/u_chain/u_puf64_core/u_macro/u_bench/ro[26].counter/stage[4].ff/Q (HIGH)

 There is 1 register/latch pin with no clock driven by root clock pin: u_operational_uart/u_chain/u_puf64_core/u_macro/u_bench/ro[26].counter/stage[5].ff/Q (HIGH)

 There is 1 register/latch pin with no clock driven by root clock pin: u_operational_uart/u_chain/u_puf64_core/u_macro/u_bench/ro[26].counter/stage[6].ff/Q (HIGH)

 There is 1 register/latch pin with no clock driven by root clock pin: u_operational_uart/u_chain/u_puf64_core/u_macro/u_bench/ro[26].counter/stage[7].ff/Q (HIGH)

 There is 1 register/latch pin with no clock driven by root clock pin: u_operational_uart/u_chain/u_puf64_core/u_macro/u_bench/ro[26].counter/stage[8].ff/Q (HIGH)

 There is 1 register/latch pin with no clock driven by root clock pin: u_operational_uart/u_chain/u_puf64_core/u_macro/u_bench/ro[26].counter/stage[9].ff/Q (HIGH)

 There is 1 register/latch pin with no clock driven by root clock pin: u_operational_uart/u_chain/u_puf64_core/u_macro/u_bench/ro[27].counter/presc_fdce/Q (HIGH)

 There is 1 register/latch pin with no clock driven by root clock pin: u_operational_uart/u_chain/u_puf64_core/u_macro/u_bench/ro[27].counter/stage[0].ff/Q (HIGH)

 There is 1 register/latch pin with no clock driven by root clock pin: u_operational_uart/u_chain/u_puf64_core/u_macro/u_bench/ro[27].counter/stage[10].ff/Q (HIGH)

 There is 1 register/latch pin with no clock driven by root clock pin: u_operational_uart/u_chain/u_puf64_core/u_macro/u_bench/ro[27].counter/stage[11].ff/Q (HIGH)

 There is 1 register/latch pin with no clock driven by root clock pin: u_operational_uart/u_chain/u_puf64_core/u_macro/u_bench/ro[27].counter/stage[12].ff/Q (HIGH)

 There is 1 register/latch pin with no clock driven by root clock pin: u_operational_uart/u_chain/u_puf64_core/u_macro/u_bench/ro[27].counter/stage[13].ff/Q (HIGH)

 There is 1 register/latch pin with no clock driven by root clock pin: u_operational_uart/u_chain/u_puf64_core/u_macro/u_bench/ro[27].counter/stage[14].ff/Q (HIGH)

 There is 1 register/latch pin with no clock driven by root clock pin: u_operational_uart/u_chain/u_puf64_core/u_macro/u_bench/ro[27].counter/stage[15].ff/Q (HIGH)

 There is 1 register/latch pin with no clock driven by root clock pin: u_operational_uart/u_chain/u_puf64_core/u_macro/u_bench/ro[27].counter/stage[1].ff/Q (HIGH)

 There is 1 register/latch pin with no clock driven by root clock pin: u_operational_uart/u_chain/u_puf64_core/u_macro/u_bench/ro[27].counter/stage[2].ff/Q (HIGH)

 There is 1 register/latch pin with no clock driven by root clock pin: u_operational_uart/u_chain/u_puf64_core/u_macro/u_bench/ro[27].counter/stage[3].ff/Q (HIGH)

 There is 1 register/latch pin with no clock driven by root clock pin: u_operational_uart/u_chain/u_puf64_core/u_macro/u_bench/ro[27].counter/stage[4].ff/Q (HIGH)

 There is 1 register/latch pin with no clock driven by root clock pin: u_operational_uart/u_chain/u_puf64_core/u_macro/u_bench/ro[27].counter/stage[5].ff/Q (HIGH)

 There is 1 register/latch pin with no clock driven by root clock pin: u_operational_uart/u_chain/u_puf64_core/u_macro/u_bench/ro[27].counter/stage[6].ff/Q (HIGH)

 There is 1 register/latch pin with no clock driven by root clock pin: u_operational_uart/u_chain/u_puf64_core/u_macro/u_bench/ro[27].counter/stage[7].ff/Q (HIGH)

 There is 1 register/latch pin with no clock driven by root clock pin: u_operational_uart/u_chain/u_puf64_core/u_macro/u_bench/ro[27].counter/stage[8].ff/Q (HIGH)

 There is 1 register/latch pin with no clock driven by root clock pin: u_operational_uart/u_chain/u_puf64_core/u_macro/u_bench/ro[27].counter/stage[9].ff/Q (HIGH)

 There is 1 register/latch pin with no clock driven by root clock pin: u_operational_uart/u_chain/u_puf64_core/u_macro/u_bench/ro[28].counter/presc_fdce/Q (HIGH)

 There is 1 register/latch pin with no clock driven by root clock pin: u_operational_uart/u_chain/u_puf64_core/u_macro/u_bench/ro[28].counter/stage[0].ff/Q (HIGH)

 There is 1 register/latch pin with no clock driven by root clock pin: u_operational_uart/u_chain/u_puf64_core/u_macro/u_bench/ro[28].counter/stage[10].ff/Q (HIGH)

 There is 1 register/latch pin with no clock driven by root clock pin: u_operational_uart/u_chain/u_puf64_core/u_macro/u_bench/ro[28].counter/stage[11].ff/Q (HIGH)

 There is 1 register/latch pin with no clock driven by root clock pin: u_operational_uart/u_chain/u_puf64_core/u_macro/u_bench/ro[28].counter/stage[12].ff/Q (HIGH)

 There is 1 register/latch pin with no clock driven by root clock pin: u_operational_uart/u_chain/u_puf64_core/u_macro/u_bench/ro[28].counter/stage[13].ff/Q (HIGH)

 There is 1 register/latch pin with no clock driven by root clock pin: u_operational_uart/u_chain/u_puf64_core/u_macro/u_bench/ro[28].counter/stage[14].ff/Q (HIGH)

 There is 1 register/latch pin with no clock driven by root clock pin: u_operational_uart/u_chain/u_puf64_core/u_macro/u_bench/ro[28].counter/stage[15].ff/Q (HIGH)

 There is 1 register/latch pin with no clock driven by root clock pin: u_operational_uart/u_chain/u_puf64_core/u_macro/u_bench/ro[28].counter/stage[1].ff/Q (HIGH)

 There is 1 register/latch pin with no clock driven by root clock pin: u_operational_uart/u_chain/u_puf64_core/u_macro/u_bench/ro[28].counter/stage[2].ff/Q (HIGH)

 There is 1 register/latch pin with no clock driven by root clock pin: u_operational_uart/u_chain/u_puf64_core/u_macro/u_bench/ro[28].counter/stage[3].ff/Q (HIGH)

 There is 1 register/latch pin with no clock driven by root clock pin: u_operational_uart/u_chain/u_puf64_core/u_macro/u_bench/ro[28].counter/stage[4].ff/Q (HIGH)

 There is 1 register/latch pin with no clock driven by root clock pin: u_operational_uart/u_chain/u_puf64_core/u_macro/u_bench/ro[28].counter/stage[5].ff/Q (HIGH)

 There is 1 register/latch pin with no clock driven by root clock pin: u_operational_uart/u_chain/u_puf64_core/u_macro/u_bench/ro[28].counter/stage[6].ff/Q (HIGH)

 There is 1 register/latch pin with no clock driven by root clock pin: u_operational_uart/u_chain/u_puf64_core/u_macro/u_bench/ro[28].counter/stage[7].ff/Q (HIGH)

 There is 1 register/latch pin with no clock driven by root clock pin: u_operational_uart/u_chain/u_puf64_core/u_macro/u_bench/ro[28].counter/stage[8].ff/Q (HIGH)

 There is 1 register/latch pin with no clock driven by root clock pin: u_operational_uart/u_chain/u_puf64_core/u_macro/u_bench/ro[28].counter/stage[9].ff/Q (HIGH)

 There is 1 register/latch pin with no clock driven by root clock pin: u_operational_uart/u_chain/u_puf64_core/u_macro/u_bench/ro[29].counter/presc_fdce/Q (HIGH)

 There is 1 register/latch pin with no clock driven by root clock pin: u_operational_uart/u_chain/u_puf64_core/u_macro/u_bench/ro[29].counter/stage[0].ff/Q (HIGH)

 There is 1 register/latch pin with no clock driven by root clock pin: u_operational_uart/u_chain/u_puf64_core/u_macro/u_bench/ro[29].counter/stage[10].ff/Q (HIGH)

 There is 1 register/latch pin with no clock driven by root clock pin: u_operational_uart/u_chain/u_puf64_core/u_macro/u_bench/ro[29].counter/stage[11].ff/Q (HIGH)

 There is 1 register/latch pin with no clock driven by root clock pin: u_operational_uart/u_chain/u_puf64_core/u_macro/u_bench/ro[29].counter/stage[12].ff/Q (HIGH)

 There is 1 register/latch pin with no clock driven by root clock pin: u_operational_uart/u_chain/u_puf64_core/u_macro/u_bench/ro[29].counter/stage[13].ff/Q (HIGH)

 There is 1 register/latch pin with no clock driven by root clock pin: u_operational_uart/u_chain/u_puf64_core/u_macro/u_bench/ro[29].counter/stage[14].ff/Q (HIGH)

 There is 1 register/latch pin with no clock driven by root clock pin: u_operational_uart/u_chain/u_puf64_core/u_macro/u_bench/ro[29].counter/stage[15].ff/Q (HIGH)

 There is 1 register/latch pin with no clock driven by root clock pin: u_operational_uart/u_chain/u_puf64_core/u_macro/u_bench/ro[29].counter/stage[1].ff/Q (HIGH)

 There is 1 register/latch pin with no clock driven by root clock pin: u_operational_uart/u_chain/u_puf64_core/u_macro/u_bench/ro[29].counter/stage[2].ff/Q (HIGH)

 There is 1 register/latch pin with no clock driven by root clock pin: u_operational_uart/u_chain/u_puf64_core/u_macro/u_bench/ro[29].counter/stage[3].ff/Q (HIGH)

 There is 1 register/latch pin with no clock driven by root clock pin: u_operational_uart/u_chain/u_puf64_core/u_macro/u_bench/ro[29].counter/stage[4].ff/Q (HIGH)

 There is 1 register/latch pin with no clock driven by root clock pin: u_operational_uart/u_chain/u_puf64_core/u_macro/u_bench/ro[29].counter/stage[5].ff/Q (HIGH)

 There is 1 register/latch pin with no clock driven by root clock pin: u_operational_uart/u_chain/u_puf64_core/u_macro/u_bench/ro[29].counter/stage[6].ff/Q (HIGH)

 There is 1 register/latch pin with no clock driven by root clock pin: u_operational_uart/u_chain/u_puf64_core/u_macro/u_bench/ro[29].counter/stage[7].ff/Q (HIGH)

 There is 1 register/latch pin with no clock driven by root clock pin: u_operational_uart/u_chain/u_puf64_core/u_macro/u_bench/ro[29].counter/stage[8].ff/Q (HIGH)

 There is 1 register/latch pin with no clock driven by root clock pin: u_operational_uart/u_chain/u_puf64_core/u_macro/u_bench/ro[29].counter/stage[9].ff/Q (HIGH)

 There is 1 register/latch pin with no clock driven by root clock pin: u_operational_uart/u_chain/u_puf64_core/u_macro/u_bench/ro[2].counter/presc_fdce/Q (HIGH)

 There is 1 register/latch pin with no clock driven by root clock pin: u_operational_uart/u_chain/u_puf64_core/u_macro/u_bench/ro[2].counter/stage[0].ff/Q (HIGH)

 There is 1 register/latch pin with no clock driven by root clock pin: u_operational_uart/u_chain/u_puf64_core/u_macro/u_bench/ro[2].counter/stage[10].ff/Q (HIGH)

 There is 1 register/latch pin with no clock driven by root clock pin: u_operational_uart/u_chain/u_puf64_core/u_macro/u_bench/ro[2].counter/stage[11].ff/Q (HIGH)

 There is 1 register/latch pin with no clock driven by root clock pin: u_operational_uart/u_chain/u_puf64_core/u_macro/u_bench/ro[2].counter/stage[12].ff/Q (HIGH)

 There is 1 register/latch pin with no clock driven by root clock pin: u_operational_uart/u_chain/u_puf64_core/u_macro/u_bench/ro[2].counter/stage[13].ff/Q (HIGH)

 There is 1 register/latch pin with no clock driven by root clock pin: u_operational_uart/u_chain/u_puf64_core/u_macro/u_bench/ro[2].counter/stage[14].ff/Q (HIGH)

 There is 1 register/latch pin with no clock driven by root clock pin: u_operational_uart/u_chain/u_puf64_core/u_macro/u_bench/ro[2].counter/stage[15].ff/Q (HIGH)

 There is 1 register/latch pin with no clock driven by root clock pin: u_operational_uart/u_chain/u_puf64_core/u_macro/u_bench/ro[2].counter/stage[1].ff/Q (HIGH)

 There is 1 register/latch pin with no clock driven by root clock pin: u_operational_uart/u_chain/u_puf64_core/u_macro/u_bench/ro[2].counter/stage[2].ff/Q (HIGH)

 There is 1 register/latch pin with no clock driven by root clock pin: u_operational_uart/u_chain/u_puf64_core/u_macro/u_bench/ro[2].counter/stage[3].ff/Q (HIGH)

 There is 1 register/latch pin with no clock driven by root clock pin: u_operational_uart/u_chain/u_puf64_core/u_macro/u_bench/ro[2].counter/stage[4].ff/Q (HIGH)

 There is 1 register/latch pin with no clock driven by root clock pin: u_operational_uart/u_chain/u_puf64_core/u_macro/u_bench/ro[2].counter/stage[5].ff/Q (HIGH)

 There is 1 register/latch pin with no clock driven by root clock pin: u_operational_uart/u_chain/u_puf64_core/u_macro/u_bench/ro[2].counter/stage[6].ff/Q (HIGH)

 There is 1 register/latch pin with no clock driven by root clock pin: u_operational_uart/u_chain/u_puf64_core/u_macro/u_bench/ro[2].counter/stage[7].ff/Q (HIGH)

 There is 1 register/latch pin with no clock driven by root clock pin: u_operational_uart/u_chain/u_puf64_core/u_macro/u_bench/ro[2].counter/stage[8].ff/Q (HIGH)

 There is 1 register/latch pin with no clock driven by root clock pin: u_operational_uart/u_chain/u_puf64_core/u_macro/u_bench/ro[2].counter/stage[9].ff/Q (HIGH)

 There is 1 register/latch pin with no clock driven by root clock pin: u_operational_uart/u_chain/u_puf64_core/u_macro/u_bench/ro[30].counter/presc_fdce/Q (HIGH)

 There is 1 register/latch pin with no clock driven by root clock pin: u_operational_uart/u_chain/u_puf64_core/u_macro/u_bench/ro[30].counter/stage[0].ff/Q (HIGH)

 There is 1 register/latch pin with no clock driven by root clock pin: u_operational_uart/u_chain/u_puf64_core/u_macro/u_bench/ro[30].counter/stage[10].ff/Q (HIGH)

 There is 1 register/latch pin with no clock driven by root clock pin: u_operational_uart/u_chain/u_puf64_core/u_macro/u_bench/ro[30].counter/stage[11].ff/Q (HIGH)

 There is 1 register/latch pin with no clock driven by root clock pin: u_operational_uart/u_chain/u_puf64_core/u_macro/u_bench/ro[30].counter/stage[12].ff/Q (HIGH)

 There is 1 register/latch pin with no clock driven by root clock pin: u_operational_uart/u_chain/u_puf64_core/u_macro/u_bench/ro[30].counter/stage[13].ff/Q (HIGH)

 There is 1 register/latch pin with no clock driven by root clock pin: u_operational_uart/u_chain/u_puf64_core/u_macro/u_bench/ro[30].counter/stage[14].ff/Q (HIGH)

 There is 1 register/latch pin with no clock driven by root clock pin: u_operational_uart/u_chain/u_puf64_core/u_macro/u_bench/ro[30].counter/stage[15].ff/Q (HIGH)

 There is 1 register/latch pin with no clock driven by root clock pin: u_operational_uart/u_chain/u_puf64_core/u_macro/u_bench/ro[30].counter/stage[1].ff/Q (HIGH)

 There is 1 register/latch pin with no clock driven by root clock pin: u_operational_uart/u_chain/u_puf64_core/u_macro/u_bench/ro[30].counter/stage[2].ff/Q (HIGH)

 There is 1 register/latch pin with no clock driven by root clock pin: u_operational_uart/u_chain/u_puf64_core/u_macro/u_bench/ro[30].counter/stage[3].ff/Q (HIGH)

 There is 1 register/latch pin with no clock driven by root clock pin: u_operational_uart/u_chain/u_puf64_core/u_macro/u_bench/ro[30].counter/stage[4].ff/Q (HIGH)

 There is 1 register/latch pin with no clock driven by root clock pin: u_operational_uart/u_chain/u_puf64_core/u_macro/u_bench/ro[30].counter/stage[5].ff/Q (HIGH)

 There is 1 register/latch pin with no clock driven by root clock pin: u_operational_uart/u_chain/u_puf64_core/u_macro/u_bench/ro[30].counter/stage[6].ff/Q (HIGH)

 There is 1 register/latch pin with no clock driven by root clock pin: u_operational_uart/u_chain/u_puf64_core/u_macro/u_bench/ro[30].counter/stage[7].ff/Q (HIGH)

 There is 1 register/latch pin with no clock driven by root clock pin: u_operational_uart/u_chain/u_puf64_core/u_macro/u_bench/ro[30].counter/stage[8].ff/Q (HIGH)

 There is 1 register/latch pin with no clock driven by root clock pin: u_operational_uart/u_chain/u_puf64_core/u_macro/u_bench/ro[30].counter/stage[9].ff/Q (HIGH)

 There is 1 register/latch pin with no clock driven by root clock pin: u_operational_uart/u_chain/u_puf64_core/u_macro/u_bench/ro[31].counter/presc_fdce/Q (HIGH)

 There is 1 register/latch pin with no clock driven by root clock pin: u_operational_uart/u_chain/u_puf64_core/u_macro/u_bench/ro[31].counter/stage[0].ff/Q (HIGH)

 There is 1 register/latch pin with no clock driven by root clock pin: u_operational_uart/u_chain/u_puf64_core/u_macro/u_bench/ro[31].counter/stage[10].ff/Q (HIGH)

 There is 1 register/latch pin with no clock driven by root clock pin: u_operational_uart/u_chain/u_puf64_core/u_macro/u_bench/ro[31].counter/stage[11].ff/Q (HIGH)

 There is 1 register/latch pin with no clock driven by root clock pin: u_operational_uart/u_chain/u_puf64_core/u_macro/u_bench/ro[31].counter/stage[12].ff/Q (HIGH)

 There is 1 register/latch pin with no clock driven by root clock pin: u_operational_uart/u_chain/u_puf64_core/u_macro/u_bench/ro[31].counter/stage[13].ff/Q (HIGH)

 There is 1 register/latch pin with no clock driven by root clock pin: u_operational_uart/u_chain/u_puf64_core/u_macro/u_bench/ro[31].counter/stage[14].ff/Q (HIGH)

 There is 1 register/latch pin with no clock driven by root clock pin: u_operational_uart/u_chain/u_puf64_core/u_macro/u_bench/ro[31].counter/stage[15].ff/Q (HIGH)

 There is 1 register/latch pin with no clock driven by root clock pin: u_operational_uart/u_chain/u_puf64_core/u_macro/u_bench/ro[31].counter/stage[1].ff/Q (HIGH)

 There is 1 register/latch pin with no clock driven by root clock pin: u_operational_uart/u_chain/u_puf64_core/u_macro/u_bench/ro[31].counter/stage[2].ff/Q (HIGH)

 There is 1 register/latch pin with no clock driven by root clock pin: u_operational_uart/u_chain/u_puf64_core/u_macro/u_bench/ro[31].counter/stage[3].ff/Q (HIGH)

 There is 1 register/latch pin with no clock driven by root clock pin: u_operational_uart/u_chain/u_puf64_core/u_macro/u_bench/ro[31].counter/stage[4].ff/Q (HIGH)

 There is 1 register/latch pin with no clock driven by root clock pin: u_operational_uart/u_chain/u_puf64_core/u_macro/u_bench/ro[31].counter/stage[5].ff/Q (HIGH)

 There is 1 register/latch pin with no clock driven by root clock pin: u_operational_uart/u_chain/u_puf64_core/u_macro/u_bench/ro[31].counter/stage[6].ff/Q (HIGH)

 There is 1 register/latch pin with no clock driven by root clock pin: u_operational_uart/u_chain/u_puf64_core/u_macro/u_bench/ro[31].counter/stage[7].ff/Q (HIGH)

 There is 1 register/latch pin with no clock driven by root clock pin: u_operational_uart/u_chain/u_puf64_core/u_macro/u_bench/ro[31].counter/stage[8].ff/Q (HIGH)

 There is 1 register/latch pin with no clock driven by root clock pin: u_operational_uart/u_chain/u_puf64_core/u_macro/u_bench/ro[31].counter/stage[9].ff/Q (HIGH)

 There is 1 register/latch pin with no clock driven by root clock pin: u_operational_uart/u_chain/u_puf64_core/u_macro/u_bench/ro[32].counter/presc_fdce/Q (HIGH)

 There is 1 register/latch pin with no clock driven by root clock pin: u_operational_uart/u_chain/u_puf64_core/u_macro/u_bench/ro[32].counter/stage[0].ff/Q (HIGH)

 There is 1 register/latch pin with no clock driven by root clock pin: u_operational_uart/u_chain/u_puf64_core/u_macro/u_bench/ro[32].counter/stage[10].ff/Q (HIGH)

 There is 1 register/latch pin with no clock driven by root clock pin: u_operational_uart/u_chain/u_puf64_core/u_macro/u_bench/ro[32].counter/stage[11].ff/Q (HIGH)

 There is 1 register/latch pin with no clock driven by root clock pin: u_operational_uart/u_chain/u_puf64_core/u_macro/u_bench/ro[32].counter/stage[12].ff/Q (HIGH)

 There is 1 register/latch pin with no clock driven by root clock pin: u_operational_uart/u_chain/u_puf64_core/u_macro/u_bench/ro[32].counter/stage[13].ff/Q (HIGH)

 There is 1 register/latch pin with no clock driven by root clock pin: u_operational_uart/u_chain/u_puf64_core/u_macro/u_bench/ro[32].counter/stage[14].ff/Q (HIGH)

 There is 1 register/latch pin with no clock driven by root clock pin: u_operational_uart/u_chain/u_puf64_core/u_macro/u_bench/ro[32].counter/stage[15].ff/Q (HIGH)

 There is 1 register/latch pin with no clock driven by root clock pin: u_operational_uart/u_chain/u_puf64_core/u_macro/u_bench/ro[32].counter/stage[1].ff/Q (HIGH)

 There is 1 register/latch pin with no clock driven by root clock pin: u_operational_uart/u_chain/u_puf64_core/u_macro/u_bench/ro[32].counter/stage[2].ff/Q (HIGH)

 There is 1 register/latch pin with no clock driven by root clock pin: u_operational_uart/u_chain/u_puf64_core/u_macro/u_bench/ro[32].counter/stage[3].ff/Q (HIGH)

 There is 1 register/latch pin with no clock driven by root clock pin: u_operational_uart/u_chain/u_puf64_core/u_macro/u_bench/ro[32].counter/stage[4].ff/Q (HIGH)

 There is 1 register/latch pin with no clock driven by root clock pin: u_operational_uart/u_chain/u_puf64_core/u_macro/u_bench/ro[32].counter/stage[5].ff/Q (HIGH)

 There is 1 register/latch pin with no clock driven by root clock pin: u_operational_uart/u_chain/u_puf64_core/u_macro/u_bench/ro[32].counter/stage[6].ff/Q (HIGH)

 There is 1 register/latch pin with no clock driven by root clock pin: u_operational_uart/u_chain/u_puf64_core/u_macro/u_bench/ro[32].counter/stage[7].ff/Q (HIGH)

 There is 1 register/latch pin with no clock driven by root clock pin: u_operational_uart/u_chain/u_puf64_core/u_macro/u_bench/ro[32].counter/stage[8].ff/Q (HIGH)

 There is 1 register/latch pin with no clock driven by root clock pin: u_operational_uart/u_chain/u_puf64_core/u_macro/u_bench/ro[32].counter/stage[9].ff/Q (HIGH)

 There is 1 register/latch pin with no clock driven by root clock pin: u_operational_uart/u_chain/u_puf64_core/u_macro/u_bench/ro[33].counter/presc_fdce/Q (HIGH)

 There is 1 register/latch pin with no clock driven by root clock pin: u_operational_uart/u_chain/u_puf64_core/u_macro/u_bench/ro[33].counter/stage[0].ff/Q (HIGH)

 There is 1 register/latch pin with no clock driven by root clock pin: u_operational_uart/u_chain/u_puf64_core/u_macro/u_bench/ro[33].counter/stage[10].ff/Q (HIGH)

 There is 1 register/latch pin with no clock driven by root clock pin: u_operational_uart/u_chain/u_puf64_core/u_macro/u_bench/ro[33].counter/stage[11].ff/Q (HIGH)

 There is 1 register/latch pin with no clock driven by root clock pin: u_operational_uart/u_chain/u_puf64_core/u_macro/u_bench/ro[33].counter/stage[12].ff/Q (HIGH)

 There is 1 register/latch pin with no clock driven by root clock pin: u_operational_uart/u_chain/u_puf64_core/u_macro/u_bench/ro[33].counter/stage[13].ff/Q (HIGH)

 There is 1 register/latch pin with no clock driven by root clock pin: u_operational_uart/u_chain/u_puf64_core/u_macro/u_bench/ro[33].counter/stage[14].ff/Q (HIGH)

 There is 1 register/latch pin with no clock driven by root clock pin: u_operational_uart/u_chain/u_puf64_core/u_macro/u_bench/ro[33].counter/stage[15].ff/Q (HIGH)

 There is 1 register/latch pin with no clock driven by root clock pin: u_operational_uart/u_chain/u_puf64_core/u_macro/u_bench/ro[33].counter/stage[1].ff/Q (HIGH)

 There is 1 register/latch pin with no clock driven by root clock pin: u_operational_uart/u_chain/u_puf64_core/u_macro/u_bench/ro[33].counter/stage[2].ff/Q (HIGH)

 There is 1 register/latch pin with no clock driven by root clock pin: u_operational_uart/u_chain/u_puf64_core/u_macro/u_bench/ro[33].counter/stage[3].ff/Q (HIGH)

 There is 1 register/latch pin with no clock driven by root clock pin: u_operational_uart/u_chain/u_puf64_core/u_macro/u_bench/ro[33].counter/stage[4].ff/Q (HIGH)

 There is 1 register/latch pin with no clock driven by root clock pin: u_operational_uart/u_chain/u_puf64_core/u_macro/u_bench/ro[33].counter/stage[5].ff/Q (HIGH)

 There is 1 register/latch pin with no clock driven by root clock pin: u_operational_uart/u_chain/u_puf64_core/u_macro/u_bench/ro[33].counter/stage[6].ff/Q (HIGH)

 There is 1 register/latch pin with no clock driven by root clock pin: u_operational_uart/u_chain/u_puf64_core/u_macro/u_bench/ro[33].counter/stage[7].ff/Q (HIGH)

 There is 1 register/latch pin with no clock driven by root clock pin: u_operational_uart/u_chain/u_puf64_core/u_macro/u_bench/ro[33].counter/stage[8].ff/Q (HIGH)

 There is 1 register/latch pin with no clock driven by root clock pin: u_operational_uart/u_chain/u_puf64_core/u_macro/u_bench/ro[33].counter/stage[9].ff/Q (HIGH)

 There is 1 register/latch pin with no clock driven by root clock pin: u_operational_uart/u_chain/u_puf64_core/u_macro/u_bench/ro[34].counter/presc_fdce/Q (HIGH)

 There is 1 register/latch pin with no clock driven by root clock pin: u_operational_uart/u_chain/u_puf64_core/u_macro/u_bench/ro[34].counter/stage[0].ff/Q (HIGH)

 There is 1 register/latch pin with no clock driven by root clock pin: u_operational_uart/u_chain/u_puf64_core/u_macro/u_bench/ro[34].counter/stage[10].ff/Q (HIGH)

 There is 1 register/latch pin with no clock driven by root clock pin: u_operational_uart/u_chain/u_puf64_core/u_macro/u_bench/ro[34].counter/stage[11].ff/Q (HIGH)

 There is 1 register/latch pin with no clock driven by root clock pin: u_operational_uart/u_chain/u_puf64_core/u_macro/u_bench/ro[34].counter/stage[12].ff/Q (HIGH)

 There is 1 register/latch pin with no clock driven by root clock pin: u_operational_uart/u_chain/u_puf64_core/u_macro/u_bench/ro[34].counter/stage[13].ff/Q (HIGH)

 There is 1 register/latch pin with no clock driven by root clock pin: u_operational_uart/u_chain/u_puf64_core/u_macro/u_bench/ro[34].counter/stage[14].ff/Q (HIGH)

 There is 1 register/latch pin with no clock driven by root clock pin: u_operational_uart/u_chain/u_puf64_core/u_macro/u_bench/ro[34].counter/stage[15].ff/Q (HIGH)

 There is 1 register/latch pin with no clock driven by root clock pin: u_operational_uart/u_chain/u_puf64_core/u_macro/u_bench/ro[34].counter/stage[1].ff/Q (HIGH)

 There is 1 register/latch pin with no clock driven by root clock pin: u_operational_uart/u_chain/u_puf64_core/u_macro/u_bench/ro[34].counter/stage[2].ff/Q (HIGH)

 There is 1 register/latch pin with no clock driven by root clock pin: u_operational_uart/u_chain/u_puf64_core/u_macro/u_bench/ro[34].counter/stage[3].ff/Q (HIGH)

 There is 1 register/latch pin with no clock driven by root clock pin: u_operational_uart/u_chain/u_puf64_core/u_macro/u_bench/ro[34].counter/stage[4].ff/Q (HIGH)

 There is 1 register/latch pin with no clock driven by root clock pin: u_operational_uart/u_chain/u_puf64_core/u_macro/u_bench/ro[34].counter/stage[5].ff/Q (HIGH)

 There is 1 register/latch pin with no clock driven by root clock pin: u_operational_uart/u_chain/u_puf64_core/u_macro/u_bench/ro[34].counter/stage[6].ff/Q (HIGH)

 There is 1 register/latch pin with no clock driven by root clock pin: u_operational_uart/u_chain/u_puf64_core/u_macro/u_bench/ro[34].counter/stage[7].ff/Q (HIGH)

 There is 1 register/latch pin with no clock driven by root clock pin: u_operational_uart/u_chain/u_puf64_core/u_macro/u_bench/ro[34].counter/stage[8].ff/Q (HIGH)

 There is 1 register/latch pin with no clock driven by root clock pin: u_operational_uart/u_chain/u_puf64_core/u_macro/u_bench/ro[34].counter/stage[9].ff/Q (HIGH)

 There is 1 register/latch pin with no clock driven by root clock pin: u_operational_uart/u_chain/u_puf64_core/u_macro/u_bench/ro[35].counter/presc_fdce/Q (HIGH)

 There is 1 register/latch pin with no clock driven by root clock pin: u_operational_uart/u_chain/u_puf64_core/u_macro/u_bench/ro[35].counter/stage[0].ff/Q (HIGH)

 There is 1 register/latch pin with no clock driven by root clock pin: u_operational_uart/u_chain/u_puf64_core/u_macro/u_bench/ro[35].counter/stage[10].ff/Q (HIGH)

 There is 1 register/latch pin with no clock driven by root clock pin: u_operational_uart/u_chain/u_puf64_core/u_macro/u_bench/ro[35].counter/stage[11].ff/Q (HIGH)

 There is 1 register/latch pin with no clock driven by root clock pin: u_operational_uart/u_chain/u_puf64_core/u_macro/u_bench/ro[35].counter/stage[12].ff/Q (HIGH)

 There is 1 register/latch pin with no clock driven by root clock pin: u_operational_uart/u_chain/u_puf64_core/u_macro/u_bench/ro[35].counter/stage[13].ff/Q (HIGH)

 There is 1 register/latch pin with no clock driven by root clock pin: u_operational_uart/u_chain/u_puf64_core/u_macro/u_bench/ro[35].counter/stage[14].ff/Q (HIGH)

 There is 1 register/latch pin with no clock driven by root clock pin: u_operational_uart/u_chain/u_puf64_core/u_macro/u_bench/ro[35].counter/stage[15].ff/Q (HIGH)

 There is 1 register/latch pin with no clock driven by root clock pin: u_operational_uart/u_chain/u_puf64_core/u_macro/u_bench/ro[35].counter/stage[1].ff/Q (HIGH)

 There is 1 register/latch pin with no clock driven by root clock pin: u_operational_uart/u_chain/u_puf64_core/u_macro/u_bench/ro[35].counter/stage[2].ff/Q (HIGH)

 There is 1 register/latch pin with no clock driven by root clock pin: u_operational_uart/u_chain/u_puf64_core/u_macro/u_bench/ro[35].counter/stage[3].ff/Q (HIGH)

 There is 1 register/latch pin with no clock driven by root clock pin: u_operational_uart/u_chain/u_puf64_core/u_macro/u_bench/ro[35].counter/stage[4].ff/Q (HIGH)

 There is 1 register/latch pin with no clock driven by root clock pin: u_operational_uart/u_chain/u_puf64_core/u_macro/u_bench/ro[35].counter/stage[5].ff/Q (HIGH)

 There is 1 register/latch pin with no clock driven by root clock pin: u_operational_uart/u_chain/u_puf64_core/u_macro/u_bench/ro[35].counter/stage[6].ff/Q (HIGH)

 There is 1 register/latch pin with no clock driven by root clock pin: u_operational_uart/u_chain/u_puf64_core/u_macro/u_bench/ro[35].counter/stage[7].ff/Q (HIGH)

 There is 1 register/latch pin with no clock driven by root clock pin: u_operational_uart/u_chain/u_puf64_core/u_macro/u_bench/ro[35].counter/stage[8].ff/Q (HIGH)

 There is 1 register/latch pin with no clock driven by root clock pin: u_operational_uart/u_chain/u_puf64_core/u_macro/u_bench/ro[35].counter/stage[9].ff/Q (HIGH)

 There is 1 register/latch pin with no clock driven by root clock pin: u_operational_uart/u_chain/u_puf64_core/u_macro/u_bench/ro[36].counter/presc_fdce/Q (HIGH)

 There is 1 register/latch pin with no clock driven by root clock pin: u_operational_uart/u_chain/u_puf64_core/u_macro/u_bench/ro[36].counter/stage[0].ff/Q (HIGH)

 There is 1 register/latch pin with no clock driven by root clock pin: u_operational_uart/u_chain/u_puf64_core/u_macro/u_bench/ro[36].counter/stage[10].ff/Q (HIGH)

 There is 1 register/latch pin with no clock driven by root clock pin: u_operational_uart/u_chain/u_puf64_core/u_macro/u_bench/ro[36].counter/stage[11].ff/Q (HIGH)

 There is 1 register/latch pin with no clock driven by root clock pin: u_operational_uart/u_chain/u_puf64_core/u_macro/u_bench/ro[36].counter/stage[12].ff/Q (HIGH)

 There is 1 register/latch pin with no clock driven by root clock pin: u_operational_uart/u_chain/u_puf64_core/u_macro/u_bench/ro[36].counter/stage[13].ff/Q (HIGH)

 There is 1 register/latch pin with no clock driven by root clock pin: u_operational_uart/u_chain/u_puf64_core/u_macro/u_bench/ro[36].counter/stage[14].ff/Q (HIGH)

 There is 1 register/latch pin with no clock driven by root clock pin: u_operational_uart/u_chain/u_puf64_core/u_macro/u_bench/ro[36].counter/stage[15].ff/Q (HIGH)

 There is 1 register/latch pin with no clock driven by root clock pin: u_operational_uart/u_chain/u_puf64_core/u_macro/u_bench/ro[36].counter/stage[1].ff/Q (HIGH)

 There is 1 register/latch pin with no clock driven by root clock pin: u_operational_uart/u_chain/u_puf64_core/u_macro/u_bench/ro[36].counter/stage[2].ff/Q (HIGH)

 There is 1 register/latch pin with no clock driven by root clock pin: u_operational_uart/u_chain/u_puf64_core/u_macro/u_bench/ro[36].counter/stage[3].ff/Q (HIGH)

 There is 1 register/latch pin with no clock driven by root clock pin: u_operational_uart/u_chain/u_puf64_core/u_macro/u_bench/ro[36].counter/stage[4].ff/Q (HIGH)

 There is 1 register/latch pin with no clock driven by root clock pin: u_operational_uart/u_chain/u_puf64_core/u_macro/u_bench/ro[36].counter/stage[5].ff/Q (HIGH)

 There is 1 register/latch pin with no clock driven by root clock pin: u_operational_uart/u_chain/u_puf64_core/u_macro/u_bench/ro[36].counter/stage[6].ff/Q (HIGH)

 There is 1 register/latch pin with no clock driven by root clock pin: u_operational_uart/u_chain/u_puf64_core/u_macro/u_bench/ro[36].counter/stage[7].ff/Q (HIGH)

 There is 1 register/latch pin with no clock driven by root clock pin: u_operational_uart/u_chain/u_puf64_core/u_macro/u_bench/ro[36].counter/stage[8].ff/Q (HIGH)

 There is 1 register/latch pin with no clock driven by root clock pin: u_operational_uart/u_chain/u_puf64_core/u_macro/u_bench/ro[36].counter/stage[9].ff/Q (HIGH)

 There is 1 register/latch pin with no clock driven by root clock pin: u_operational_uart/u_chain/u_puf64_core/u_macro/u_bench/ro[37].counter/presc_fdce/Q (HIGH)

 There is 1 register/latch pin with no clock driven by root clock pin: u_operational_uart/u_chain/u_puf64_core/u_macro/u_bench/ro[37].counter/stage[0].ff/Q (HIGH)

 There is 1 register/latch pin with no clock driven by root clock pin: u_operational_uart/u_chain/u_puf64_core/u_macro/u_bench/ro[37].counter/stage[10].ff/Q (HIGH)

 There is 1 register/latch pin with no clock driven by root clock pin: u_operational_uart/u_chain/u_puf64_core/u_macro/u_bench/ro[37].counter/stage[11].ff/Q (HIGH)

 There is 1 register/latch pin with no clock driven by root clock pin: u_operational_uart/u_chain/u_puf64_core/u_macro/u_bench/ro[37].counter/stage[12].ff/Q (HIGH)

 There is 1 register/latch pin with no clock driven by root clock pin: u_operational_uart/u_chain/u_puf64_core/u_macro/u_bench/ro[37].counter/stage[13].ff/Q (HIGH)

 There is 1 register/latch pin with no clock driven by root clock pin: u_operational_uart/u_chain/u_puf64_core/u_macro/u_bench/ro[37].counter/stage[14].ff/Q (HIGH)

 There is 1 register/latch pin with no clock driven by root clock pin: u_operational_uart/u_chain/u_puf64_core/u_macro/u_bench/ro[37].counter/stage[15].ff/Q (HIGH)

 There is 1 register/latch pin with no clock driven by root clock pin: u_operational_uart/u_chain/u_puf64_core/u_macro/u_bench/ro[37].counter/stage[1].ff/Q (HIGH)

 There is 1 register/latch pin with no clock driven by root clock pin: u_operational_uart/u_chain/u_puf64_core/u_macro/u_bench/ro[37].counter/stage[2].ff/Q (HIGH)

 There is 1 register/latch pin with no clock driven by root clock pin: u_operational_uart/u_chain/u_puf64_core/u_macro/u_bench/ro[37].counter/stage[3].ff/Q (HIGH)

 There is 1 register/latch pin with no clock driven by root clock pin: u_operational_uart/u_chain/u_puf64_core/u_macro/u_bench/ro[37].counter/stage[4].ff/Q (HIGH)

 There is 1 register/latch pin with no clock driven by root clock pin: u_operational_uart/u_chain/u_puf64_core/u_macro/u_bench/ro[37].counter/stage[5].ff/Q (HIGH)

 There is 1 register/latch pin with no clock driven by root clock pin: u_operational_uart/u_chain/u_puf64_core/u_macro/u_bench/ro[37].counter/stage[6].ff/Q (HIGH)

 There is 1 register/latch pin with no clock driven by root clock pin: u_operational_uart/u_chain/u_puf64_core/u_macro/u_bench/ro[37].counter/stage[7].ff/Q (HIGH)

 There is 1 register/latch pin with no clock driven by root clock pin: u_operational_uart/u_chain/u_puf64_core/u_macro/u_bench/ro[37].counter/stage[8].ff/Q (HIGH)

 There is 1 register/latch pin with no clock driven by root clock pin: u_operational_uart/u_chain/u_puf64_core/u_macro/u_bench/ro[37].counter/stage[9].ff/Q (HIGH)

 There is 1 register/latch pin with no clock driven by root clock pin: u_operational_uart/u_chain/u_puf64_core/u_macro/u_bench/ro[38].counter/presc_fdce/Q (HIGH)

 There is 1 register/latch pin with no clock driven by root clock pin: u_operational_uart/u_chain/u_puf64_core/u_macro/u_bench/ro[38].counter/stage[0].ff/Q (HIGH)

 There is 1 register/latch pin with no clock driven by root clock pin: u_operational_uart/u_chain/u_puf64_core/u_macro/u_bench/ro[38].counter/stage[10].ff/Q (HIGH)

 There is 1 register/latch pin with no clock driven by root clock pin: u_operational_uart/u_chain/u_puf64_core/u_macro/u_bench/ro[38].counter/stage[11].ff/Q (HIGH)

 There is 1 register/latch pin with no clock driven by root clock pin: u_operational_uart/u_chain/u_puf64_core/u_macro/u_bench/ro[38].counter/stage[12].ff/Q (HIGH)

 There is 1 register/latch pin with no clock driven by root clock pin: u_operational_uart/u_chain/u_puf64_core/u_macro/u_bench/ro[38].counter/stage[13].ff/Q (HIGH)

 There is 1 register/latch pin with no clock driven by root clock pin: u_operational_uart/u_chain/u_puf64_core/u_macro/u_bench/ro[38].counter/stage[14].ff/Q (HIGH)

 There is 1 register/latch pin with no clock driven by root clock pin: u_operational_uart/u_chain/u_puf64_core/u_macro/u_bench/ro[38].counter/stage[15].ff/Q (HIGH)

 There is 1 register/latch pin with no clock driven by root clock pin: u_operational_uart/u_chain/u_puf64_core/u_macro/u_bench/ro[38].counter/stage[1].ff/Q (HIGH)

 There is 1 register/latch pin with no clock driven by root clock pin: u_operational_uart/u_chain/u_puf64_core/u_macro/u_bench/ro[38].counter/stage[2].ff/Q (HIGH)

 There is 1 register/latch pin with no clock driven by root clock pin: u_operational_uart/u_chain/u_puf64_core/u_macro/u_bench/ro[38].counter/stage[3].ff/Q (HIGH)

 There is 1 register/latch pin with no clock driven by root clock pin: u_operational_uart/u_chain/u_puf64_core/u_macro/u_bench/ro[38].counter/stage[4].ff/Q (HIGH)

 There is 1 register/latch pin with no clock driven by root clock pin: u_operational_uart/u_chain/u_puf64_core/u_macro/u_bench/ro[38].counter/stage[5].ff/Q (HIGH)

 There is 1 register/latch pin with no clock driven by root clock pin: u_operational_uart/u_chain/u_puf64_core/u_macro/u_bench/ro[38].counter/stage[6].ff/Q (HIGH)

 There is 1 register/latch pin with no clock driven by root clock pin: u_operational_uart/u_chain/u_puf64_core/u_macro/u_bench/ro[38].counter/stage[7].ff/Q (HIGH)

 There is 1 register/latch pin with no clock driven by root clock pin: u_operational_uart/u_chain/u_puf64_core/u_macro/u_bench/ro[38].counter/stage[8].ff/Q (HIGH)

 There is 1 register/latch pin with no clock driven by root clock pin: u_operational_uart/u_chain/u_puf64_core/u_macro/u_bench/ro[38].counter/stage[9].ff/Q (HIGH)

 There is 1 register/latch pin with no clock driven by root clock pin: u_operational_uart/u_chain/u_puf64_core/u_macro/u_bench/ro[39].counter/presc_fdce/Q (HIGH)

 There is 1 register/latch pin with no clock driven by root clock pin: u_operational_uart/u_chain/u_puf64_core/u_macro/u_bench/ro[39].counter/stage[0].ff/Q (HIGH)

 There is 1 register/latch pin with no clock driven by root clock pin: u_operational_uart/u_chain/u_puf64_core/u_macro/u_bench/ro[39].counter/stage[10].ff/Q (HIGH)

 There is 1 register/latch pin with no clock driven by root clock pin: u_operational_uart/u_chain/u_puf64_core/u_macro/u_bench/ro[39].counter/stage[11].ff/Q (HIGH)

 There is 1 register/latch pin with no clock driven by root clock pin: u_operational_uart/u_chain/u_puf64_core/u_macro/u_bench/ro[39].counter/stage[12].ff/Q (HIGH)

 There is 1 register/latch pin with no clock driven by root clock pin: u_operational_uart/u_chain/u_puf64_core/u_macro/u_bench/ro[39].counter/stage[13].ff/Q (HIGH)

 There is 1 register/latch pin with no clock driven by root clock pin: u_operational_uart/u_chain/u_puf64_core/u_macro/u_bench/ro[39].counter/stage[14].ff/Q (HIGH)

 There is 1 register/latch pin with no clock driven by root clock pin: u_operational_uart/u_chain/u_puf64_core/u_macro/u_bench/ro[39].counter/stage[15].ff/Q (HIGH)

 There is 1 register/latch pin with no clock driven by root clock pin: u_operational_uart/u_chain/u_puf64_core/u_macro/u_bench/ro[39].counter/stage[1].ff/Q (HIGH)

 There is 1 register/latch pin with no clock driven by root clock pin: u_operational_uart/u_chain/u_puf64_core/u_macro/u_bench/ro[39].counter/stage[2].ff/Q (HIGH)

 There is 1 register/latch pin with no clock driven by root clock pin: u_operational_uart/u_chain/u_puf64_core/u_macro/u_bench/ro[39].counter/stage[3].ff/Q (HIGH)

 There is 1 register/latch pin with no clock driven by root clock pin: u_operational_uart/u_chain/u_puf64_core/u_macro/u_bench/ro[39].counter/stage[4].ff/Q (HIGH)

 There is 1 register/latch pin with no clock driven by root clock pin: u_operational_uart/u_chain/u_puf64_core/u_macro/u_bench/ro[39].counter/stage[5].ff/Q (HIGH)

 There is 1 register/latch pin with no clock driven by root clock pin: u_operational_uart/u_chain/u_puf64_core/u_macro/u_bench/ro[39].counter/stage[6].ff/Q (HIGH)

 There is 1 register/latch pin with no clock driven by root clock pin: u_operational_uart/u_chain/u_puf64_core/u_macro/u_bench/ro[39].counter/stage[7].ff/Q (HIGH)

 There is 1 register/latch pin with no clock driven by root clock pin: u_operational_uart/u_chain/u_puf64_core/u_macro/u_bench/ro[39].counter/stage[8].ff/Q (HIGH)

 There is 1 register/latch pin with no clock driven by root clock pin: u_operational_uart/u_chain/u_puf64_core/u_macro/u_bench/ro[39].counter/stage[9].ff/Q (HIGH)

 There is 1 register/latch pin with no clock driven by root clock pin: u_operational_uart/u_chain/u_puf64_core/u_macro/u_bench/ro[3].counter/presc_fdce/Q (HIGH)

 There is 1 register/latch pin with no clock driven by root clock pin: u_operational_uart/u_chain/u_puf64_core/u_macro/u_bench/ro[3].counter/stage[0].ff/Q (HIGH)

 There is 1 register/latch pin with no clock driven by root clock pin: u_operational_uart/u_chain/u_puf64_core/u_macro/u_bench/ro[3].counter/stage[10].ff/Q (HIGH)

 There is 1 register/latch pin with no clock driven by root clock pin: u_operational_uart/u_chain/u_puf64_core/u_macro/u_bench/ro[3].counter/stage[11].ff/Q (HIGH)

 There is 1 register/latch pin with no clock driven by root clock pin: u_operational_uart/u_chain/u_puf64_core/u_macro/u_bench/ro[3].counter/stage[12].ff/Q (HIGH)

 There is 1 register/latch pin with no clock driven by root clock pin: u_operational_uart/u_chain/u_puf64_core/u_macro/u_bench/ro[3].counter/stage[13].ff/Q (HIGH)

 There is 1 register/latch pin with no clock driven by root clock pin: u_operational_uart/u_chain/u_puf64_core/u_macro/u_bench/ro[3].counter/stage[14].ff/Q (HIGH)

 There is 1 register/latch pin with no clock driven by root clock pin: u_operational_uart/u_chain/u_puf64_core/u_macro/u_bench/ro[3].counter/stage[15].ff/Q (HIGH)

 There is 1 register/latch pin with no clock driven by root clock pin: u_operational_uart/u_chain/u_puf64_core/u_macro/u_bench/ro[3].counter/stage[1].ff/Q (HIGH)

 There is 1 register/latch pin with no clock driven by root clock pin: u_operational_uart/u_chain/u_puf64_core/u_macro/u_bench/ro[3].counter/stage[2].ff/Q (HIGH)

 There is 1 register/latch pin with no clock driven by root clock pin: u_operational_uart/u_chain/u_puf64_core/u_macro/u_bench/ro[3].counter/stage[3].ff/Q (HIGH)

 There is 1 register/latch pin with no clock driven by root clock pin: u_operational_uart/u_chain/u_puf64_core/u_macro/u_bench/ro[3].counter/stage[4].ff/Q (HIGH)

 There is 1 register/latch pin with no clock driven by root clock pin: u_operational_uart/u_chain/u_puf64_core/u_macro/u_bench/ro[3].counter/stage[5].ff/Q (HIGH)

 There is 1 register/latch pin with no clock driven by root clock pin: u_operational_uart/u_chain/u_puf64_core/u_macro/u_bench/ro[3].counter/stage[6].ff/Q (HIGH)

 There is 1 register/latch pin with no clock driven by root clock pin: u_operational_uart/u_chain/u_puf64_core/u_macro/u_bench/ro[3].counter/stage[7].ff/Q (HIGH)

 There is 1 register/latch pin with no clock driven by root clock pin: u_operational_uart/u_chain/u_puf64_core/u_macro/u_bench/ro[3].counter/stage[8].ff/Q (HIGH)

 There is 1 register/latch pin with no clock driven by root clock pin: u_operational_uart/u_chain/u_puf64_core/u_macro/u_bench/ro[3].counter/stage[9].ff/Q (HIGH)

 There is 1 register/latch pin with no clock driven by root clock pin: u_operational_uart/u_chain/u_puf64_core/u_macro/u_bench/ro[40].counter/presc_fdce/Q (HIGH)

 There is 1 register/latch pin with no clock driven by root clock pin: u_operational_uart/u_chain/u_puf64_core/u_macro/u_bench/ro[40].counter/stage[0].ff/Q (HIGH)

 There is 1 register/latch pin with no clock driven by root clock pin: u_operational_uart/u_chain/u_puf64_core/u_macro/u_bench/ro[40].counter/stage[10].ff/Q (HIGH)

 There is 1 register/latch pin with no clock driven by root clock pin: u_operational_uart/u_chain/u_puf64_core/u_macro/u_bench/ro[40].counter/stage[11].ff/Q (HIGH)

 There is 1 register/latch pin with no clock driven by root clock pin: u_operational_uart/u_chain/u_puf64_core/u_macro/u_bench/ro[40].counter/stage[12].ff/Q (HIGH)

 There is 1 register/latch pin with no clock driven by root clock pin: u_operational_uart/u_chain/u_puf64_core/u_macro/u_bench/ro[40].counter/stage[13].ff/Q (HIGH)

 There is 1 register/latch pin with no clock driven by root clock pin: u_operational_uart/u_chain/u_puf64_core/u_macro/u_bench/ro[40].counter/stage[14].ff/Q (HIGH)

 There is 1 register/latch pin with no clock driven by root clock pin: u_operational_uart/u_chain/u_puf64_core/u_macro/u_bench/ro[40].counter/stage[15].ff/Q (HIGH)

 There is 1 register/latch pin with no clock driven by root clock pin: u_operational_uart/u_chain/u_puf64_core/u_macro/u_bench/ro[40].counter/stage[1].ff/Q (HIGH)

 There is 1 register/latch pin with no clock driven by root clock pin: u_operational_uart/u_chain/u_puf64_core/u_macro/u_bench/ro[40].counter/stage[2].ff/Q (HIGH)

 There is 1 register/latch pin with no clock driven by root clock pin: u_operational_uart/u_chain/u_puf64_core/u_macro/u_bench/ro[40].counter/stage[3].ff/Q (HIGH)

 There is 1 register/latch pin with no clock driven by root clock pin: u_operational_uart/u_chain/u_puf64_core/u_macro/u_bench/ro[40].counter/stage[4].ff/Q (HIGH)

 There is 1 register/latch pin with no clock driven by root clock pin: u_operational_uart/u_chain/u_puf64_core/u_macro/u_bench/ro[40].counter/stage[5].ff/Q (HIGH)

 There is 1 register/latch pin with no clock driven by root clock pin: u_operational_uart/u_chain/u_puf64_core/u_macro/u_bench/ro[40].counter/stage[6].ff/Q (HIGH)

 There is 1 register/latch pin with no clock driven by root clock pin: u_operational_uart/u_chain/u_puf64_core/u_macro/u_bench/ro[40].counter/stage[7].ff/Q (HIGH)

 There is 1 register/latch pin with no clock driven by root clock pin: u_operational_uart/u_chain/u_puf64_core/u_macro/u_bench/ro[40].counter/stage[8].ff/Q (HIGH)

 There is 1 register/latch pin with no clock driven by root clock pin: u_operational_uart/u_chain/u_puf64_core/u_macro/u_bench/ro[40].counter/stage[9].ff/Q (HIGH)

 There is 1 register/latch pin with no clock driven by root clock pin: u_operational_uart/u_chain/u_puf64_core/u_macro/u_bench/ro[41].counter/presc_fdce/Q (HIGH)

 There is 1 register/latch pin with no clock driven by root clock pin: u_operational_uart/u_chain/u_puf64_core/u_macro/u_bench/ro[41].counter/stage[0].ff/Q (HIGH)

 There is 1 register/latch pin with no clock driven by root clock pin: u_operational_uart/u_chain/u_puf64_core/u_macro/u_bench/ro[41].counter/stage[10].ff/Q (HIGH)

 There is 1 register/latch pin with no clock driven by root clock pin: u_operational_uart/u_chain/u_puf64_core/u_macro/u_bench/ro[41].counter/stage[11].ff/Q (HIGH)

 There is 1 register/latch pin with no clock driven by root clock pin: u_operational_uart/u_chain/u_puf64_core/u_macro/u_bench/ro[41].counter/stage[12].ff/Q (HIGH)

 There is 1 register/latch pin with no clock driven by root clock pin: u_operational_uart/u_chain/u_puf64_core/u_macro/u_bench/ro[41].counter/stage[13].ff/Q (HIGH)

 There is 1 register/latch pin with no clock driven by root clock pin: u_operational_uart/u_chain/u_puf64_core/u_macro/u_bench/ro[41].counter/stage[14].ff/Q (HIGH)

 There is 1 register/latch pin with no clock driven by root clock pin: u_operational_uart/u_chain/u_puf64_core/u_macro/u_bench/ro[41].counter/stage[15].ff/Q (HIGH)

 There is 1 register/latch pin with no clock driven by root clock pin: u_operational_uart/u_chain/u_puf64_core/u_macro/u_bench/ro[41].counter/stage[1].ff/Q (HIGH)

 There is 1 register/latch pin with no clock driven by root clock pin: u_operational_uart/u_chain/u_puf64_core/u_macro/u_bench/ro[41].counter/stage[2].ff/Q (HIGH)

 There is 1 register/latch pin with no clock driven by root clock pin: u_operational_uart/u_chain/u_puf64_core/u_macro/u_bench/ro[41].counter/stage[3].ff/Q (HIGH)

 There is 1 register/latch pin with no clock driven by root clock pin: u_operational_uart/u_chain/u_puf64_core/u_macro/u_bench/ro[41].counter/stage[4].ff/Q (HIGH)

 There is 1 register/latch pin with no clock driven by root clock pin: u_operational_uart/u_chain/u_puf64_core/u_macro/u_bench/ro[41].counter/stage[5].ff/Q (HIGH)

 There is 1 register/latch pin with no clock driven by root clock pin: u_operational_uart/u_chain/u_puf64_core/u_macro/u_bench/ro[41].counter/stage[6].ff/Q (HIGH)

 There is 1 register/latch pin with no clock driven by root clock pin: u_operational_uart/u_chain/u_puf64_core/u_macro/u_bench/ro[41].counter/stage[7].ff/Q (HIGH)

 There is 1 register/latch pin with no clock driven by root clock pin: u_operational_uart/u_chain/u_puf64_core/u_macro/u_bench/ro[41].counter/stage[8].ff/Q (HIGH)

 There is 1 register/latch pin with no clock driven by root clock pin: u_operational_uart/u_chain/u_puf64_core/u_macro/u_bench/ro[41].counter/stage[9].ff/Q (HIGH)

 There is 1 register/latch pin with no clock driven by root clock pin: u_operational_uart/u_chain/u_puf64_core/u_macro/u_bench/ro[42].counter/presc_fdce/Q (HIGH)

 There is 1 register/latch pin with no clock driven by root clock pin: u_operational_uart/u_chain/u_puf64_core/u_macro/u_bench/ro[42].counter/stage[0].ff/Q (HIGH)

 There is 1 register/latch pin with no clock driven by root clock pin: u_operational_uart/u_chain/u_puf64_core/u_macro/u_bench/ro[42].counter/stage[10].ff/Q (HIGH)

 There is 1 register/latch pin with no clock driven by root clock pin: u_operational_uart/u_chain/u_puf64_core/u_macro/u_bench/ro[42].counter/stage[11].ff/Q (HIGH)

 There is 1 register/latch pin with no clock driven by root clock pin: u_operational_uart/u_chain/u_puf64_core/u_macro/u_bench/ro[42].counter/stage[12].ff/Q (HIGH)

 There is 1 register/latch pin with no clock driven by root clock pin: u_operational_uart/u_chain/u_puf64_core/u_macro/u_bench/ro[42].counter/stage[13].ff/Q (HIGH)

 There is 1 register/latch pin with no clock driven by root clock pin: u_operational_uart/u_chain/u_puf64_core/u_macro/u_bench/ro[42].counter/stage[14].ff/Q (HIGH)

 There is 1 register/latch pin with no clock driven by root clock pin: u_operational_uart/u_chain/u_puf64_core/u_macro/u_bench/ro[42].counter/stage[15].ff/Q (HIGH)

 There is 1 register/latch pin with no clock driven by root clock pin: u_operational_uart/u_chain/u_puf64_core/u_macro/u_bench/ro[42].counter/stage[1].ff/Q (HIGH)

 There is 1 register/latch pin with no clock driven by root clock pin: u_operational_uart/u_chain/u_puf64_core/u_macro/u_bench/ro[42].counter/stage[2].ff/Q (HIGH)

 There is 1 register/latch pin with no clock driven by root clock pin: u_operational_uart/u_chain/u_puf64_core/u_macro/u_bench/ro[42].counter/stage[3].ff/Q (HIGH)

 There is 1 register/latch pin with no clock driven by root clock pin: u_operational_uart/u_chain/u_puf64_core/u_macro/u_bench/ro[42].counter/stage[4].ff/Q (HIGH)

 There is 1 register/latch pin with no clock driven by root clock pin: u_operational_uart/u_chain/u_puf64_core/u_macro/u_bench/ro[42].counter/stage[5].ff/Q (HIGH)

 There is 1 register/latch pin with no clock driven by root clock pin: u_operational_uart/u_chain/u_puf64_core/u_macro/u_bench/ro[42].counter/stage[6].ff/Q (HIGH)

 There is 1 register/latch pin with no clock driven by root clock pin: u_operational_uart/u_chain/u_puf64_core/u_macro/u_bench/ro[42].counter/stage[7].ff/Q (HIGH)

 There is 1 register/latch pin with no clock driven by root clock pin: u_operational_uart/u_chain/u_puf64_core/u_macro/u_bench/ro[42].counter/stage[8].ff/Q (HIGH)

 There is 1 register/latch pin with no clock driven by root clock pin: u_operational_uart/u_chain/u_puf64_core/u_macro/u_bench/ro[42].counter/stage[9].ff/Q (HIGH)

 There is 1 register/latch pin with no clock driven by root clock pin: u_operational_uart/u_chain/u_puf64_core/u_macro/u_bench/ro[43].counter/presc_fdce/Q (HIGH)

 There is 1 register/latch pin with no clock driven by root clock pin: u_operational_uart/u_chain/u_puf64_core/u_macro/u_bench/ro[43].counter/stage[0].ff/Q (HIGH)

 There is 1 register/latch pin with no clock driven by root clock pin: u_operational_uart/u_chain/u_puf64_core/u_macro/u_bench/ro[43].counter/stage[10].ff/Q (HIGH)

 There is 1 register/latch pin with no clock driven by root clock pin: u_operational_uart/u_chain/u_puf64_core/u_macro/u_bench/ro[43].counter/stage[11].ff/Q (HIGH)

 There is 1 register/latch pin with no clock driven by root clock pin: u_operational_uart/u_chain/u_puf64_core/u_macro/u_bench/ro[43].counter/stage[12].ff/Q (HIGH)

 There is 1 register/latch pin with no clock driven by root clock pin: u_operational_uart/u_chain/u_puf64_core/u_macro/u_bench/ro[43].counter/stage[13].ff/Q (HIGH)

 There is 1 register/latch pin with no clock driven by root clock pin: u_operational_uart/u_chain/u_puf64_core/u_macro/u_bench/ro[43].counter/stage[14].ff/Q (HIGH)

 There is 1 register/latch pin with no clock driven by root clock pin: u_operational_uart/u_chain/u_puf64_core/u_macro/u_bench/ro[43].counter/stage[15].ff/Q (HIGH)

 There is 1 register/latch pin with no clock driven by root clock pin: u_operational_uart/u_chain/u_puf64_core/u_macro/u_bench/ro[43].counter/stage[1].ff/Q (HIGH)

 There is 1 register/latch pin with no clock driven by root clock pin: u_operational_uart/u_chain/u_puf64_core/u_macro/u_bench/ro[43].counter/stage[2].ff/Q (HIGH)

 There is 1 register/latch pin with no clock driven by root clock pin: u_operational_uart/u_chain/u_puf64_core/u_macro/u_bench/ro[43].counter/stage[3].ff/Q (HIGH)

 There is 1 register/latch pin with no clock driven by root clock pin: u_operational_uart/u_chain/u_puf64_core/u_macro/u_bench/ro[43].counter/stage[4].ff/Q (HIGH)

 There is 1 register/latch pin with no clock driven by root clock pin: u_operational_uart/u_chain/u_puf64_core/u_macro/u_bench/ro[43].counter/stage[5].ff/Q (HIGH)

 There is 1 register/latch pin with no clock driven by root clock pin: u_operational_uart/u_chain/u_puf64_core/u_macro/u_bench/ro[43].counter/stage[6].ff/Q (HIGH)

 There is 1 register/latch pin with no clock driven by root clock pin: u_operational_uart/u_chain/u_puf64_core/u_macro/u_bench/ro[43].counter/stage[7].ff/Q (HIGH)

 There is 1 register/latch pin with no clock driven by root clock pin: u_operational_uart/u_chain/u_puf64_core/u_macro/u_bench/ro[43].counter/stage[8].ff/Q (HIGH)

 There is 1 register/latch pin with no clock driven by root clock pin: u_operational_uart/u_chain/u_puf64_core/u_macro/u_bench/ro[43].counter/stage[9].ff/Q (HIGH)

 There is 1 register/latch pin with no clock driven by root clock pin: u_operational_uart/u_chain/u_puf64_core/u_macro/u_bench/ro[44].counter/presc_fdce/Q (HIGH)

 There is 1 register/latch pin with no clock driven by root clock pin: u_operational_uart/u_chain/u_puf64_core/u_macro/u_bench/ro[44].counter/stage[0].ff/Q (HIGH)

 There is 1 register/latch pin with no clock driven by root clock pin: u_operational_uart/u_chain/u_puf64_core/u_macro/u_bench/ro[44].counter/stage[10].ff/Q (HIGH)

 There is 1 register/latch pin with no clock driven by root clock pin: u_operational_uart/u_chain/u_puf64_core/u_macro/u_bench/ro[44].counter/stage[11].ff/Q (HIGH)

 There is 1 register/latch pin with no clock driven by root clock pin: u_operational_uart/u_chain/u_puf64_core/u_macro/u_bench/ro[44].counter/stage[12].ff/Q (HIGH)

 There is 1 register/latch pin with no clock driven by root clock pin: u_operational_uart/u_chain/u_puf64_core/u_macro/u_bench/ro[44].counter/stage[13].ff/Q (HIGH)

 There is 1 register/latch pin with no clock driven by root clock pin: u_operational_uart/u_chain/u_puf64_core/u_macro/u_bench/ro[44].counter/stage[14].ff/Q (HIGH)

 There is 1 register/latch pin with no clock driven by root clock pin: u_operational_uart/u_chain/u_puf64_core/u_macro/u_bench/ro[44].counter/stage[15].ff/Q (HIGH)

 There is 1 register/latch pin with no clock driven by root clock pin: u_operational_uart/u_chain/u_puf64_core/u_macro/u_bench/ro[44].counter/stage[1].ff/Q (HIGH)

 There is 1 register/latch pin with no clock driven by root clock pin: u_operational_uart/u_chain/u_puf64_core/u_macro/u_bench/ro[44].counter/stage[2].ff/Q (HIGH)

 There is 1 register/latch pin with no clock driven by root clock pin: u_operational_uart/u_chain/u_puf64_core/u_macro/u_bench/ro[44].counter/stage[3].ff/Q (HIGH)

 There is 1 register/latch pin with no clock driven by root clock pin: u_operational_uart/u_chain/u_puf64_core/u_macro/u_bench/ro[44].counter/stage[4].ff/Q (HIGH)

 There is 1 register/latch pin with no clock driven by root clock pin: u_operational_uart/u_chain/u_puf64_core/u_macro/u_bench/ro[44].counter/stage[5].ff/Q (HIGH)

 There is 1 register/latch pin with no clock driven by root clock pin: u_operational_uart/u_chain/u_puf64_core/u_macro/u_bench/ro[44].counter/stage[6].ff/Q (HIGH)

 There is 1 register/latch pin with no clock driven by root clock pin: u_operational_uart/u_chain/u_puf64_core/u_macro/u_bench/ro[44].counter/stage[7].ff/Q (HIGH)

 There is 1 register/latch pin with no clock driven by root clock pin: u_operational_uart/u_chain/u_puf64_core/u_macro/u_bench/ro[44].counter/stage[8].ff/Q (HIGH)

 There is 1 register/latch pin with no clock driven by root clock pin: u_operational_uart/u_chain/u_puf64_core/u_macro/u_bench/ro[44].counter/stage[9].ff/Q (HIGH)

 There is 1 register/latch pin with no clock driven by root clock pin: u_operational_uart/u_chain/u_puf64_core/u_macro/u_bench/ro[45].counter/presc_fdce/Q (HIGH)

 There is 1 register/latch pin with no clock driven by root clock pin: u_operational_uart/u_chain/u_puf64_core/u_macro/u_bench/ro[45].counter/stage[0].ff/Q (HIGH)

 There is 1 register/latch pin with no clock driven by root clock pin: u_operational_uart/u_chain/u_puf64_core/u_macro/u_bench/ro[45].counter/stage[10].ff/Q (HIGH)

 There is 1 register/latch pin with no clock driven by root clock pin: u_operational_uart/u_chain/u_puf64_core/u_macro/u_bench/ro[45].counter/stage[11].ff/Q (HIGH)

 There is 1 register/latch pin with no clock driven by root clock pin: u_operational_uart/u_chain/u_puf64_core/u_macro/u_bench/ro[45].counter/stage[12].ff/Q (HIGH)

 There is 1 register/latch pin with no clock driven by root clock pin: u_operational_uart/u_chain/u_puf64_core/u_macro/u_bench/ro[45].counter/stage[13].ff/Q (HIGH)

 There is 1 register/latch pin with no clock driven by root clock pin: u_operational_uart/u_chain/u_puf64_core/u_macro/u_bench/ro[45].counter/stage[14].ff/Q (HIGH)

 There is 1 register/latch pin with no clock driven by root clock pin: u_operational_uart/u_chain/u_puf64_core/u_macro/u_bench/ro[45].counter/stage[15].ff/Q (HIGH)

 There is 1 register/latch pin with no clock driven by root clock pin: u_operational_uart/u_chain/u_puf64_core/u_macro/u_bench/ro[45].counter/stage[1].ff/Q (HIGH)

 There is 1 register/latch pin with no clock driven by root clock pin: u_operational_uart/u_chain/u_puf64_core/u_macro/u_bench/ro[45].counter/stage[2].ff/Q (HIGH)

 There is 1 register/latch pin with no clock driven by root clock pin: u_operational_uart/u_chain/u_puf64_core/u_macro/u_bench/ro[45].counter/stage[3].ff/Q (HIGH)

 There is 1 register/latch pin with no clock driven by root clock pin: u_operational_uart/u_chain/u_puf64_core/u_macro/u_bench/ro[45].counter/stage[4].ff/Q (HIGH)

 There is 1 register/latch pin with no clock driven by root clock pin: u_operational_uart/u_chain/u_puf64_core/u_macro/u_bench/ro[45].counter/stage[5].ff/Q (HIGH)

 There is 1 register/latch pin with no clock driven by root clock pin: u_operational_uart/u_chain/u_puf64_core/u_macro/u_bench/ro[45].counter/stage[6].ff/Q (HIGH)

 There is 1 register/latch pin with no clock driven by root clock pin: u_operational_uart/u_chain/u_puf64_core/u_macro/u_bench/ro[45].counter/stage[7].ff/Q (HIGH)

 There is 1 register/latch pin with no clock driven by root clock pin: u_operational_uart/u_chain/u_puf64_core/u_macro/u_bench/ro[45].counter/stage[8].ff/Q (HIGH)

 There is 1 register/latch pin with no clock driven by root clock pin: u_operational_uart/u_chain/u_puf64_core/u_macro/u_bench/ro[45].counter/stage[9].ff/Q (HIGH)

 There is 1 register/latch pin with no clock driven by root clock pin: u_operational_uart/u_chain/u_puf64_core/u_macro/u_bench/ro[46].counter/presc_fdce/Q (HIGH)

 There is 1 register/latch pin with no clock driven by root clock pin: u_operational_uart/u_chain/u_puf64_core/u_macro/u_bench/ro[46].counter/stage[0].ff/Q (HIGH)

 There is 1 register/latch pin with no clock driven by root clock pin: u_operational_uart/u_chain/u_puf64_core/u_macro/u_bench/ro[46].counter/stage[10].ff/Q (HIGH)

 There is 1 register/latch pin with no clock driven by root clock pin: u_operational_uart/u_chain/u_puf64_core/u_macro/u_bench/ro[46].counter/stage[11].ff/Q (HIGH)

 There is 1 register/latch pin with no clock driven by root clock pin: u_operational_uart/u_chain/u_puf64_core/u_macro/u_bench/ro[46].counter/stage[12].ff/Q (HIGH)

 There is 1 register/latch pin with no clock driven by root clock pin: u_operational_uart/u_chain/u_puf64_core/u_macro/u_bench/ro[46].counter/stage[13].ff/Q (HIGH)

 There is 1 register/latch pin with no clock driven by root clock pin: u_operational_uart/u_chain/u_puf64_core/u_macro/u_bench/ro[46].counter/stage[14].ff/Q (HIGH)

 There is 1 register/latch pin with no clock driven by root clock pin: u_operational_uart/u_chain/u_puf64_core/u_macro/u_bench/ro[46].counter/stage[15].ff/Q (HIGH)

 There is 1 register/latch pin with no clock driven by root clock pin: u_operational_uart/u_chain/u_puf64_core/u_macro/u_bench/ro[46].counter/stage[1].ff/Q (HIGH)

 There is 1 register/latch pin with no clock driven by root clock pin: u_operational_uart/u_chain/u_puf64_core/u_macro/u_bench/ro[46].counter/stage[2].ff/Q (HIGH)

 There is 1 register/latch pin with no clock driven by root clock pin: u_operational_uart/u_chain/u_puf64_core/u_macro/u_bench/ro[46].counter/stage[3].ff/Q (HIGH)

 There is 1 register/latch pin with no clock driven by root clock pin: u_operational_uart/u_chain/u_puf64_core/u_macro/u_bench/ro[46].counter/stage[4].ff/Q (HIGH)

 There is 1 register/latch pin with no clock driven by root clock pin: u_operational_uart/u_chain/u_puf64_core/u_macro/u_bench/ro[46].counter/stage[5].ff/Q (HIGH)

 There is 1 register/latch pin with no clock driven by root clock pin: u_operational_uart/u_chain/u_puf64_core/u_macro/u_bench/ro[46].counter/stage[6].ff/Q (HIGH)

 There is 1 register/latch pin with no clock driven by root clock pin: u_operational_uart/u_chain/u_puf64_core/u_macro/u_bench/ro[46].counter/stage[7].ff/Q (HIGH)

 There is 1 register/latch pin with no clock driven by root clock pin: u_operational_uart/u_chain/u_puf64_core/u_macro/u_bench/ro[46].counter/stage[8].ff/Q (HIGH)

 There is 1 register/latch pin with no clock driven by root clock pin: u_operational_uart/u_chain/u_puf64_core/u_macro/u_bench/ro[46].counter/stage[9].ff/Q (HIGH)

 There is 1 register/latch pin with no clock driven by root clock pin: u_operational_uart/u_chain/u_puf64_core/u_macro/u_bench/ro[47].counter/presc_fdce/Q (HIGH)

 There is 1 register/latch pin with no clock driven by root clock pin: u_operational_uart/u_chain/u_puf64_core/u_macro/u_bench/ro[47].counter/stage[0].ff/Q (HIGH)

 There is 1 register/latch pin with no clock driven by root clock pin: u_operational_uart/u_chain/u_puf64_core/u_macro/u_bench/ro[47].counter/stage[10].ff/Q (HIGH)

 There is 1 register/latch pin with no clock driven by root clock pin: u_operational_uart/u_chain/u_puf64_core/u_macro/u_bench/ro[47].counter/stage[11].ff/Q (HIGH)

 There is 1 register/latch pin with no clock driven by root clock pin: u_operational_uart/u_chain/u_puf64_core/u_macro/u_bench/ro[47].counter/stage[12].ff/Q (HIGH)

 There is 1 register/latch pin with no clock driven by root clock pin: u_operational_uart/u_chain/u_puf64_core/u_macro/u_bench/ro[47].counter/stage[13].ff/Q (HIGH)

 There is 1 register/latch pin with no clock driven by root clock pin: u_operational_uart/u_chain/u_puf64_core/u_macro/u_bench/ro[47].counter/stage[14].ff/Q (HIGH)

 There is 1 register/latch pin with no clock driven by root clock pin: u_operational_uart/u_chain/u_puf64_core/u_macro/u_bench/ro[47].counter/stage[15].ff/Q (HIGH)

 There is 1 register/latch pin with no clock driven by root clock pin: u_operational_uart/u_chain/u_puf64_core/u_macro/u_bench/ro[47].counter/stage[1].ff/Q (HIGH)

 There is 1 register/latch pin with no clock driven by root clock pin: u_operational_uart/u_chain/u_puf64_core/u_macro/u_bench/ro[47].counter/stage[2].ff/Q (HIGH)

 There is 1 register/latch pin with no clock driven by root clock pin: u_operational_uart/u_chain/u_puf64_core/u_macro/u_bench/ro[47].counter/stage[3].ff/Q (HIGH)

 There is 1 register/latch pin with no clock driven by root clock pin: u_operational_uart/u_chain/u_puf64_core/u_macro/u_bench/ro[47].counter/stage[4].ff/Q (HIGH)

 There is 1 register/latch pin with no clock driven by root clock pin: u_operational_uart/u_chain/u_puf64_core/u_macro/u_bench/ro[47].counter/stage[5].ff/Q (HIGH)

 There is 1 register/latch pin with no clock driven by root clock pin: u_operational_uart/u_chain/u_puf64_core/u_macro/u_bench/ro[47].counter/stage[6].ff/Q (HIGH)

 There is 1 register/latch pin with no clock driven by root clock pin: u_operational_uart/u_chain/u_puf64_core/u_macro/u_bench/ro[47].counter/stage[7].ff/Q (HIGH)

 There is 1 register/latch pin with no clock driven by root clock pin: u_operational_uart/u_chain/u_puf64_core/u_macro/u_bench/ro[47].counter/stage[8].ff/Q (HIGH)

 There is 1 register/latch pin with no clock driven by root clock pin: u_operational_uart/u_chain/u_puf64_core/u_macro/u_bench/ro[47].counter/stage[9].ff/Q (HIGH)

 There is 1 register/latch pin with no clock driven by root clock pin: u_operational_uart/u_chain/u_puf64_core/u_macro/u_bench/ro[48].counter/presc_fdce/Q (HIGH)

 There is 1 register/latch pin with no clock driven by root clock pin: u_operational_uart/u_chain/u_puf64_core/u_macro/u_bench/ro[48].counter/stage[0].ff/Q (HIGH)

 There is 1 register/latch pin with no clock driven by root clock pin: u_operational_uart/u_chain/u_puf64_core/u_macro/u_bench/ro[48].counter/stage[10].ff/Q (HIGH)

 There is 1 register/latch pin with no clock driven by root clock pin: u_operational_uart/u_chain/u_puf64_core/u_macro/u_bench/ro[48].counter/stage[11].ff/Q (HIGH)

 There is 1 register/latch pin with no clock driven by root clock pin: u_operational_uart/u_chain/u_puf64_core/u_macro/u_bench/ro[48].counter/stage[12].ff/Q (HIGH)

 There is 1 register/latch pin with no clock driven by root clock pin: u_operational_uart/u_chain/u_puf64_core/u_macro/u_bench/ro[48].counter/stage[13].ff/Q (HIGH)

 There is 1 register/latch pin with no clock driven by root clock pin: u_operational_uart/u_chain/u_puf64_core/u_macro/u_bench/ro[48].counter/stage[14].ff/Q (HIGH)

 There is 1 register/latch pin with no clock driven by root clock pin: u_operational_uart/u_chain/u_puf64_core/u_macro/u_bench/ro[48].counter/stage[15].ff/Q (HIGH)

 There is 1 register/latch pin with no clock driven by root clock pin: u_operational_uart/u_chain/u_puf64_core/u_macro/u_bench/ro[48].counter/stage[1].ff/Q (HIGH)

 There is 1 register/latch pin with no clock driven by root clock pin: u_operational_uart/u_chain/u_puf64_core/u_macro/u_bench/ro[48].counter/stage[2].ff/Q (HIGH)

 There is 1 register/latch pin with no clock driven by root clock pin: u_operational_uart/u_chain/u_puf64_core/u_macro/u_bench/ro[48].counter/stage[3].ff/Q (HIGH)

 There is 1 register/latch pin with no clock driven by root clock pin: u_operational_uart/u_chain/u_puf64_core/u_macro/u_bench/ro[48].counter/stage[4].ff/Q (HIGH)

 There is 1 register/latch pin with no clock driven by root clock pin: u_operational_uart/u_chain/u_puf64_core/u_macro/u_bench/ro[48].counter/stage[5].ff/Q (HIGH)

 There is 1 register/latch pin with no clock driven by root clock pin: u_operational_uart/u_chain/u_puf64_core/u_macro/u_bench/ro[48].counter/stage[6].ff/Q (HIGH)

 There is 1 register/latch pin with no clock driven by root clock pin: u_operational_uart/u_chain/u_puf64_core/u_macro/u_bench/ro[48].counter/stage[7].ff/Q (HIGH)

 There is 1 register/latch pin with no clock driven by root clock pin: u_operational_uart/u_chain/u_puf64_core/u_macro/u_bench/ro[48].counter/stage[8].ff/Q (HIGH)

 There is 1 register/latch pin with no clock driven by root clock pin: u_operational_uart/u_chain/u_puf64_core/u_macro/u_bench/ro[48].counter/stage[9].ff/Q (HIGH)

 There is 1 register/latch pin with no clock driven by root clock pin: u_operational_uart/u_chain/u_puf64_core/u_macro/u_bench/ro[49].counter/presc_fdce/Q (HIGH)

 There is 1 register/latch pin with no clock driven by root clock pin: u_operational_uart/u_chain/u_puf64_core/u_macro/u_bench/ro[49].counter/stage[0].ff/Q (HIGH)

 There is 1 register/latch pin with no clock driven by root clock pin: u_operational_uart/u_chain/u_puf64_core/u_macro/u_bench/ro[49].counter/stage[10].ff/Q (HIGH)

 There is 1 register/latch pin with no clock driven by root clock pin: u_operational_uart/u_chain/u_puf64_core/u_macro/u_bench/ro[49].counter/stage[11].ff/Q (HIGH)

 There is 1 register/latch pin with no clock driven by root clock pin: u_operational_uart/u_chain/u_puf64_core/u_macro/u_bench/ro[49].counter/stage[12].ff/Q (HIGH)

 There is 1 register/latch pin with no clock driven by root clock pin: u_operational_uart/u_chain/u_puf64_core/u_macro/u_bench/ro[49].counter/stage[13].ff/Q (HIGH)

 There is 1 register/latch pin with no clock driven by root clock pin: u_operational_uart/u_chain/u_puf64_core/u_macro/u_bench/ro[49].counter/stage[14].ff/Q (HIGH)

 There is 1 register/latch pin with no clock driven by root clock pin: u_operational_uart/u_chain/u_puf64_core/u_macro/u_bench/ro[49].counter/stage[15].ff/Q (HIGH)

 There is 1 register/latch pin with no clock driven by root clock pin: u_operational_uart/u_chain/u_puf64_core/u_macro/u_bench/ro[49].counter/stage[1].ff/Q (HIGH)

 There is 1 register/latch pin with no clock driven by root clock pin: u_operational_uart/u_chain/u_puf64_core/u_macro/u_bench/ro[49].counter/stage[2].ff/Q (HIGH)

 There is 1 register/latch pin with no clock driven by root clock pin: u_operational_uart/u_chain/u_puf64_core/u_macro/u_bench/ro[49].counter/stage[3].ff/Q (HIGH)

 There is 1 register/latch pin with no clock driven by root clock pin: u_operational_uart/u_chain/u_puf64_core/u_macro/u_bench/ro[49].counter/stage[4].ff/Q (HIGH)

 There is 1 register/latch pin with no clock driven by root clock pin: u_operational_uart/u_chain/u_puf64_core/u_macro/u_bench/ro[49].counter/stage[5].ff/Q (HIGH)

 There is 1 register/latch pin with no clock driven by root clock pin: u_operational_uart/u_chain/u_puf64_core/u_macro/u_bench/ro[49].counter/stage[6].ff/Q (HIGH)

 There is 1 register/latch pin with no clock driven by root clock pin: u_operational_uart/u_chain/u_puf64_core/u_macro/u_bench/ro[49].counter/stage[7].ff/Q (HIGH)

 There is 1 register/latch pin with no clock driven by root clock pin: u_operational_uart/u_chain/u_puf64_core/u_macro/u_bench/ro[49].counter/stage[8].ff/Q (HIGH)

 There is 1 register/latch pin with no clock driven by root clock pin: u_operational_uart/u_chain/u_puf64_core/u_macro/u_bench/ro[49].counter/stage[9].ff/Q (HIGH)

 There is 1 register/latch pin with no clock driven by root clock pin: u_operational_uart/u_chain/u_puf64_core/u_macro/u_bench/ro[4].counter/presc_fdce/Q (HIGH)

 There is 1 register/latch pin with no clock driven by root clock pin: u_operational_uart/u_chain/u_puf64_core/u_macro/u_bench/ro[4].counter/stage[0].ff/Q (HIGH)

 There is 1 register/latch pin with no clock driven by root clock pin: u_operational_uart/u_chain/u_puf64_core/u_macro/u_bench/ro[4].counter/stage[10].ff/Q (HIGH)

 There is 1 register/latch pin with no clock driven by root clock pin: u_operational_uart/u_chain/u_puf64_core/u_macro/u_bench/ro[4].counter/stage[11].ff/Q (HIGH)

 There is 1 register/latch pin with no clock driven by root clock pin: u_operational_uart/u_chain/u_puf64_core/u_macro/u_bench/ro[4].counter/stage[12].ff/Q (HIGH)

 There is 1 register/latch pin with no clock driven by root clock pin: u_operational_uart/u_chain/u_puf64_core/u_macro/u_bench/ro[4].counter/stage[13].ff/Q (HIGH)

 There is 1 register/latch pin with no clock driven by root clock pin: u_operational_uart/u_chain/u_puf64_core/u_macro/u_bench/ro[4].counter/stage[14].ff/Q (HIGH)

 There is 1 register/latch pin with no clock driven by root clock pin: u_operational_uart/u_chain/u_puf64_core/u_macro/u_bench/ro[4].counter/stage[15].ff/Q (HIGH)

 There is 1 register/latch pin with no clock driven by root clock pin: u_operational_uart/u_chain/u_puf64_core/u_macro/u_bench/ro[4].counter/stage[1].ff/Q (HIGH)

 There is 1 register/latch pin with no clock driven by root clock pin: u_operational_uart/u_chain/u_puf64_core/u_macro/u_bench/ro[4].counter/stage[2].ff/Q (HIGH)

 There is 1 register/latch pin with no clock driven by root clock pin: u_operational_uart/u_chain/u_puf64_core/u_macro/u_bench/ro[4].counter/stage[3].ff/Q (HIGH)

 There is 1 register/latch pin with no clock driven by root clock pin: u_operational_uart/u_chain/u_puf64_core/u_macro/u_bench/ro[4].counter/stage[4].ff/Q (HIGH)

 There is 1 register/latch pin with no clock driven by root clock pin: u_operational_uart/u_chain/u_puf64_core/u_macro/u_bench/ro[4].counter/stage[5].ff/Q (HIGH)

 There is 1 register/latch pin with no clock driven by root clock pin: u_operational_uart/u_chain/u_puf64_core/u_macro/u_bench/ro[4].counter/stage[6].ff/Q (HIGH)

 There is 1 register/latch pin with no clock driven by root clock pin: u_operational_uart/u_chain/u_puf64_core/u_macro/u_bench/ro[4].counter/stage[7].ff/Q (HIGH)

 There is 1 register/latch pin with no clock driven by root clock pin: u_operational_uart/u_chain/u_puf64_core/u_macro/u_bench/ro[4].counter/stage[8].ff/Q (HIGH)

 There is 1 register/latch pin with no clock driven by root clock pin: u_operational_uart/u_chain/u_puf64_core/u_macro/u_bench/ro[4].counter/stage[9].ff/Q (HIGH)

 There is 1 register/latch pin with no clock driven by root clock pin: u_operational_uart/u_chain/u_puf64_core/u_macro/u_bench/ro[50].counter/presc_fdce/Q (HIGH)

 There is 1 register/latch pin with no clock driven by root clock pin: u_operational_uart/u_chain/u_puf64_core/u_macro/u_bench/ro[50].counter/stage[0].ff/Q (HIGH)

 There is 1 register/latch pin with no clock driven by root clock pin: u_operational_uart/u_chain/u_puf64_core/u_macro/u_bench/ro[50].counter/stage[10].ff/Q (HIGH)

 There is 1 register/latch pin with no clock driven by root clock pin: u_operational_uart/u_chain/u_puf64_core/u_macro/u_bench/ro[50].counter/stage[11].ff/Q (HIGH)

 There is 1 register/latch pin with no clock driven by root clock pin: u_operational_uart/u_chain/u_puf64_core/u_macro/u_bench/ro[50].counter/stage[12].ff/Q (HIGH)

 There is 1 register/latch pin with no clock driven by root clock pin: u_operational_uart/u_chain/u_puf64_core/u_macro/u_bench/ro[50].counter/stage[13].ff/Q (HIGH)

 There is 1 register/latch pin with no clock driven by root clock pin: u_operational_uart/u_chain/u_puf64_core/u_macro/u_bench/ro[50].counter/stage[14].ff/Q (HIGH)

 There is 1 register/latch pin with no clock driven by root clock pin: u_operational_uart/u_chain/u_puf64_core/u_macro/u_bench/ro[50].counter/stage[15].ff/Q (HIGH)

 There is 1 register/latch pin with no clock driven by root clock pin: u_operational_uart/u_chain/u_puf64_core/u_macro/u_bench/ro[50].counter/stage[1].ff/Q (HIGH)

 There is 1 register/latch pin with no clock driven by root clock pin: u_operational_uart/u_chain/u_puf64_core/u_macro/u_bench/ro[50].counter/stage[2].ff/Q (HIGH)

 There is 1 register/latch pin with no clock driven by root clock pin: u_operational_uart/u_chain/u_puf64_core/u_macro/u_bench/ro[50].counter/stage[3].ff/Q (HIGH)

 There is 1 register/latch pin with no clock driven by root clock pin: u_operational_uart/u_chain/u_puf64_core/u_macro/u_bench/ro[50].counter/stage[4].ff/Q (HIGH)

 There is 1 register/latch pin with no clock driven by root clock pin: u_operational_uart/u_chain/u_puf64_core/u_macro/u_bench/ro[50].counter/stage[5].ff/Q (HIGH)

 There is 1 register/latch pin with no clock driven by root clock pin: u_operational_uart/u_chain/u_puf64_core/u_macro/u_bench/ro[50].counter/stage[6].ff/Q (HIGH)

 There is 1 register/latch pin with no clock driven by root clock pin: u_operational_uart/u_chain/u_puf64_core/u_macro/u_bench/ro[50].counter/stage[7].ff/Q (HIGH)

 There is 1 register/latch pin with no clock driven by root clock pin: u_operational_uart/u_chain/u_puf64_core/u_macro/u_bench/ro[50].counter/stage[8].ff/Q (HIGH)

 There is 1 register/latch pin with no clock driven by root clock pin: u_operational_uart/u_chain/u_puf64_core/u_macro/u_bench/ro[50].counter/stage[9].ff/Q (HIGH)

 There is 1 register/latch pin with no clock driven by root clock pin: u_operational_uart/u_chain/u_puf64_core/u_macro/u_bench/ro[51].counter/presc_fdce/Q (HIGH)

 There is 1 register/latch pin with no clock driven by root clock pin: u_operational_uart/u_chain/u_puf64_core/u_macro/u_bench/ro[51].counter/stage[0].ff/Q (HIGH)

 There is 1 register/latch pin with no clock driven by root clock pin: u_operational_uart/u_chain/u_puf64_core/u_macro/u_bench/ro[51].counter/stage[10].ff/Q (HIGH)

 There is 1 register/latch pin with no clock driven by root clock pin: u_operational_uart/u_chain/u_puf64_core/u_macro/u_bench/ro[51].counter/stage[11].ff/Q (HIGH)

 There is 1 register/latch pin with no clock driven by root clock pin: u_operational_uart/u_chain/u_puf64_core/u_macro/u_bench/ro[51].counter/stage[12].ff/Q (HIGH)

 There is 1 register/latch pin with no clock driven by root clock pin: u_operational_uart/u_chain/u_puf64_core/u_macro/u_bench/ro[51].counter/stage[13].ff/Q (HIGH)

 There is 1 register/latch pin with no clock driven by root clock pin: u_operational_uart/u_chain/u_puf64_core/u_macro/u_bench/ro[51].counter/stage[14].ff/Q (HIGH)

 There is 1 register/latch pin with no clock driven by root clock pin: u_operational_uart/u_chain/u_puf64_core/u_macro/u_bench/ro[51].counter/stage[15].ff/Q (HIGH)

 There is 1 register/latch pin with no clock driven by root clock pin: u_operational_uart/u_chain/u_puf64_core/u_macro/u_bench/ro[51].counter/stage[1].ff/Q (HIGH)

 There is 1 register/latch pin with no clock driven by root clock pin: u_operational_uart/u_chain/u_puf64_core/u_macro/u_bench/ro[51].counter/stage[2].ff/Q (HIGH)

 There is 1 register/latch pin with no clock driven by root clock pin: u_operational_uart/u_chain/u_puf64_core/u_macro/u_bench/ro[51].counter/stage[3].ff/Q (HIGH)

 There is 1 register/latch pin with no clock driven by root clock pin: u_operational_uart/u_chain/u_puf64_core/u_macro/u_bench/ro[51].counter/stage[4].ff/Q (HIGH)

 There is 1 register/latch pin with no clock driven by root clock pin: u_operational_uart/u_chain/u_puf64_core/u_macro/u_bench/ro[51].counter/stage[5].ff/Q (HIGH)

 There is 1 register/latch pin with no clock driven by root clock pin: u_operational_uart/u_chain/u_puf64_core/u_macro/u_bench/ro[51].counter/stage[6].ff/Q (HIGH)

 There is 1 register/latch pin with no clock driven by root clock pin: u_operational_uart/u_chain/u_puf64_core/u_macro/u_bench/ro[51].counter/stage[7].ff/Q (HIGH)

 There is 1 register/latch pin with no clock driven by root clock pin: u_operational_uart/u_chain/u_puf64_core/u_macro/u_bench/ro[51].counter/stage[8].ff/Q (HIGH)

 There is 1 register/latch pin with no clock driven by root clock pin: u_operational_uart/u_chain/u_puf64_core/u_macro/u_bench/ro[51].counter/stage[9].ff/Q (HIGH)

 There is 1 register/latch pin with no clock driven by root clock pin: u_operational_uart/u_chain/u_puf64_core/u_macro/u_bench/ro[52].counter/presc_fdce/Q (HIGH)

 There is 1 register/latch pin with no clock driven by root clock pin: u_operational_uart/u_chain/u_puf64_core/u_macro/u_bench/ro[52].counter/stage[0].ff/Q (HIGH)

 There is 1 register/latch pin with no clock driven by root clock pin: u_operational_uart/u_chain/u_puf64_core/u_macro/u_bench/ro[52].counter/stage[10].ff/Q (HIGH)

 There is 1 register/latch pin with no clock driven by root clock pin: u_operational_uart/u_chain/u_puf64_core/u_macro/u_bench/ro[52].counter/stage[11].ff/Q (HIGH)

 There is 1 register/latch pin with no clock driven by root clock pin: u_operational_uart/u_chain/u_puf64_core/u_macro/u_bench/ro[52].counter/stage[12].ff/Q (HIGH)

 There is 1 register/latch pin with no clock driven by root clock pin: u_operational_uart/u_chain/u_puf64_core/u_macro/u_bench/ro[52].counter/stage[13].ff/Q (HIGH)

 There is 1 register/latch pin with no clock driven by root clock pin: u_operational_uart/u_chain/u_puf64_core/u_macro/u_bench/ro[52].counter/stage[14].ff/Q (HIGH)

 There is 1 register/latch pin with no clock driven by root clock pin: u_operational_uart/u_chain/u_puf64_core/u_macro/u_bench/ro[52].counter/stage[15].ff/Q (HIGH)

 There is 1 register/latch pin with no clock driven by root clock pin: u_operational_uart/u_chain/u_puf64_core/u_macro/u_bench/ro[52].counter/stage[1].ff/Q (HIGH)

 There is 1 register/latch pin with no clock driven by root clock pin: u_operational_uart/u_chain/u_puf64_core/u_macro/u_bench/ro[52].counter/stage[2].ff/Q (HIGH)

 There is 1 register/latch pin with no clock driven by root clock pin: u_operational_uart/u_chain/u_puf64_core/u_macro/u_bench/ro[52].counter/stage[3].ff/Q (HIGH)

 There is 1 register/latch pin with no clock driven by root clock pin: u_operational_uart/u_chain/u_puf64_core/u_macro/u_bench/ro[52].counter/stage[4].ff/Q (HIGH)

 There is 1 register/latch pin with no clock driven by root clock pin: u_operational_uart/u_chain/u_puf64_core/u_macro/u_bench/ro[52].counter/stage[5].ff/Q (HIGH)

 There is 1 register/latch pin with no clock driven by root clock pin: u_operational_uart/u_chain/u_puf64_core/u_macro/u_bench/ro[52].counter/stage[6].ff/Q (HIGH)

 There is 1 register/latch pin with no clock driven by root clock pin: u_operational_uart/u_chain/u_puf64_core/u_macro/u_bench/ro[52].counter/stage[7].ff/Q (HIGH)

 There is 1 register/latch pin with no clock driven by root clock pin: u_operational_uart/u_chain/u_puf64_core/u_macro/u_bench/ro[52].counter/stage[8].ff/Q (HIGH)

 There is 1 register/latch pin with no clock driven by root clock pin: u_operational_uart/u_chain/u_puf64_core/u_macro/u_bench/ro[52].counter/stage[9].ff/Q (HIGH)

 There is 1 register/latch pin with no clock driven by root clock pin: u_operational_uart/u_chain/u_puf64_core/u_macro/u_bench/ro[53].counter/presc_fdce/Q (HIGH)

 There is 1 register/latch pin with no clock driven by root clock pin: u_operational_uart/u_chain/u_puf64_core/u_macro/u_bench/ro[53].counter/stage[0].ff/Q (HIGH)

 There is 1 register/latch pin with no clock driven by root clock pin: u_operational_uart/u_chain/u_puf64_core/u_macro/u_bench/ro[53].counter/stage[10].ff/Q (HIGH)

 There is 1 register/latch pin with no clock driven by root clock pin: u_operational_uart/u_chain/u_puf64_core/u_macro/u_bench/ro[53].counter/stage[11].ff/Q (HIGH)

 There is 1 register/latch pin with no clock driven by root clock pin: u_operational_uart/u_chain/u_puf64_core/u_macro/u_bench/ro[53].counter/stage[12].ff/Q (HIGH)

 There is 1 register/latch pin with no clock driven by root clock pin: u_operational_uart/u_chain/u_puf64_core/u_macro/u_bench/ro[53].counter/stage[13].ff/Q (HIGH)

 There is 1 register/latch pin with no clock driven by root clock pin: u_operational_uart/u_chain/u_puf64_core/u_macro/u_bench/ro[53].counter/stage[14].ff/Q (HIGH)

 There is 1 register/latch pin with no clock driven by root clock pin: u_operational_uart/u_chain/u_puf64_core/u_macro/u_bench/ro[53].counter/stage[15].ff/Q (HIGH)

 There is 1 register/latch pin with no clock driven by root clock pin: u_operational_uart/u_chain/u_puf64_core/u_macro/u_bench/ro[53].counter/stage[1].ff/Q (HIGH)

 There is 1 register/latch pin with no clock driven by root clock pin: u_operational_uart/u_chain/u_puf64_core/u_macro/u_bench/ro[53].counter/stage[2].ff/Q (HIGH)

 There is 1 register/latch pin with no clock driven by root clock pin: u_operational_uart/u_chain/u_puf64_core/u_macro/u_bench/ro[53].counter/stage[3].ff/Q (HIGH)

 There is 1 register/latch pin with no clock driven by root clock pin: u_operational_uart/u_chain/u_puf64_core/u_macro/u_bench/ro[53].counter/stage[4].ff/Q (HIGH)

 There is 1 register/latch pin with no clock driven by root clock pin: u_operational_uart/u_chain/u_puf64_core/u_macro/u_bench/ro[53].counter/stage[5].ff/Q (HIGH)

 There is 1 register/latch pin with no clock driven by root clock pin: u_operational_uart/u_chain/u_puf64_core/u_macro/u_bench/ro[53].counter/stage[6].ff/Q (HIGH)

 There is 1 register/latch pin with no clock driven by root clock pin: u_operational_uart/u_chain/u_puf64_core/u_macro/u_bench/ro[53].counter/stage[7].ff/Q (HIGH)

 There is 1 register/latch pin with no clock driven by root clock pin: u_operational_uart/u_chain/u_puf64_core/u_macro/u_bench/ro[53].counter/stage[8].ff/Q (HIGH)

 There is 1 register/latch pin with no clock driven by root clock pin: u_operational_uart/u_chain/u_puf64_core/u_macro/u_bench/ro[53].counter/stage[9].ff/Q (HIGH)

 There is 1 register/latch pin with no clock driven by root clock pin: u_operational_uart/u_chain/u_puf64_core/u_macro/u_bench/ro[54].counter/presc_fdce/Q (HIGH)

 There is 1 register/latch pin with no clock driven by root clock pin: u_operational_uart/u_chain/u_puf64_core/u_macro/u_bench/ro[54].counter/stage[0].ff/Q (HIGH)

 There is 1 register/latch pin with no clock driven by root clock pin: u_operational_uart/u_chain/u_puf64_core/u_macro/u_bench/ro[54].counter/stage[10].ff/Q (HIGH)

 There is 1 register/latch pin with no clock driven by root clock pin: u_operational_uart/u_chain/u_puf64_core/u_macro/u_bench/ro[54].counter/stage[11].ff/Q (HIGH)

 There is 1 register/latch pin with no clock driven by root clock pin: u_operational_uart/u_chain/u_puf64_core/u_macro/u_bench/ro[54].counter/stage[12].ff/Q (HIGH)

 There is 1 register/latch pin with no clock driven by root clock pin: u_operational_uart/u_chain/u_puf64_core/u_macro/u_bench/ro[54].counter/stage[13].ff/Q (HIGH)

 There is 1 register/latch pin with no clock driven by root clock pin: u_operational_uart/u_chain/u_puf64_core/u_macro/u_bench/ro[54].counter/stage[14].ff/Q (HIGH)

 There is 1 register/latch pin with no clock driven by root clock pin: u_operational_uart/u_chain/u_puf64_core/u_macro/u_bench/ro[54].counter/stage[15].ff/Q (HIGH)

 There is 1 register/latch pin with no clock driven by root clock pin: u_operational_uart/u_chain/u_puf64_core/u_macro/u_bench/ro[54].counter/stage[1].ff/Q (HIGH)

 There is 1 register/latch pin with no clock driven by root clock pin: u_operational_uart/u_chain/u_puf64_core/u_macro/u_bench/ro[54].counter/stage[2].ff/Q (HIGH)

 There is 1 register/latch pin with no clock driven by root clock pin: u_operational_uart/u_chain/u_puf64_core/u_macro/u_bench/ro[54].counter/stage[3].ff/Q (HIGH)

 There is 1 register/latch pin with no clock driven by root clock pin: u_operational_uart/u_chain/u_puf64_core/u_macro/u_bench/ro[54].counter/stage[4].ff/Q (HIGH)

 There is 1 register/latch pin with no clock driven by root clock pin: u_operational_uart/u_chain/u_puf64_core/u_macro/u_bench/ro[54].counter/stage[5].ff/Q (HIGH)

 There is 1 register/latch pin with no clock driven by root clock pin: u_operational_uart/u_chain/u_puf64_core/u_macro/u_bench/ro[54].counter/stage[6].ff/Q (HIGH)

 There is 1 register/latch pin with no clock driven by root clock pin: u_operational_uart/u_chain/u_puf64_core/u_macro/u_bench/ro[54].counter/stage[7].ff/Q (HIGH)

 There is 1 register/latch pin with no clock driven by root clock pin: u_operational_uart/u_chain/u_puf64_core/u_macro/u_bench/ro[54].counter/stage[8].ff/Q (HIGH)

 There is 1 register/latch pin with no clock driven by root clock pin: u_operational_uart/u_chain/u_puf64_core/u_macro/u_bench/ro[54].counter/stage[9].ff/Q (HIGH)

 There is 1 register/latch pin with no clock driven by root clock pin: u_operational_uart/u_chain/u_puf64_core/u_macro/u_bench/ro[55].counter/presc_fdce/Q (HIGH)

 There is 1 register/latch pin with no clock driven by root clock pin: u_operational_uart/u_chain/u_puf64_core/u_macro/u_bench/ro[55].counter/stage[0].ff/Q (HIGH)

 There is 1 register/latch pin with no clock driven by root clock pin: u_operational_uart/u_chain/u_puf64_core/u_macro/u_bench/ro[55].counter/stage[10].ff/Q (HIGH)

 There is 1 register/latch pin with no clock driven by root clock pin: u_operational_uart/u_chain/u_puf64_core/u_macro/u_bench/ro[55].counter/stage[11].ff/Q (HIGH)

 There is 1 register/latch pin with no clock driven by root clock pin: u_operational_uart/u_chain/u_puf64_core/u_macro/u_bench/ro[55].counter/stage[12].ff/Q (HIGH)

 There is 1 register/latch pin with no clock driven by root clock pin: u_operational_uart/u_chain/u_puf64_core/u_macro/u_bench/ro[55].counter/stage[13].ff/Q (HIGH)

 There is 1 register/latch pin with no clock driven by root clock pin: u_operational_uart/u_chain/u_puf64_core/u_macro/u_bench/ro[55].counter/stage[14].ff/Q (HIGH)

 There is 1 register/latch pin with no clock driven by root clock pin: u_operational_uart/u_chain/u_puf64_core/u_macro/u_bench/ro[55].counter/stage[15].ff/Q (HIGH)

 There is 1 register/latch pin with no clock driven by root clock pin: u_operational_uart/u_chain/u_puf64_core/u_macro/u_bench/ro[55].counter/stage[1].ff/Q (HIGH)

 There is 1 register/latch pin with no clock driven by root clock pin: u_operational_uart/u_chain/u_puf64_core/u_macro/u_bench/ro[55].counter/stage[2].ff/Q (HIGH)

 There is 1 register/latch pin with no clock driven by root clock pin: u_operational_uart/u_chain/u_puf64_core/u_macro/u_bench/ro[55].counter/stage[3].ff/Q (HIGH)

 There is 1 register/latch pin with no clock driven by root clock pin: u_operational_uart/u_chain/u_puf64_core/u_macro/u_bench/ro[55].counter/stage[4].ff/Q (HIGH)

 There is 1 register/latch pin with no clock driven by root clock pin: u_operational_uart/u_chain/u_puf64_core/u_macro/u_bench/ro[55].counter/stage[5].ff/Q (HIGH)

 There is 1 register/latch pin with no clock driven by root clock pin: u_operational_uart/u_chain/u_puf64_core/u_macro/u_bench/ro[55].counter/stage[6].ff/Q (HIGH)

 There is 1 register/latch pin with no clock driven by root clock pin: u_operational_uart/u_chain/u_puf64_core/u_macro/u_bench/ro[55].counter/stage[7].ff/Q (HIGH)

 There is 1 register/latch pin with no clock driven by root clock pin: u_operational_uart/u_chain/u_puf64_core/u_macro/u_bench/ro[55].counter/stage[8].ff/Q (HIGH)

 There is 1 register/latch pin with no clock driven by root clock pin: u_operational_uart/u_chain/u_puf64_core/u_macro/u_bench/ro[55].counter/stage[9].ff/Q (HIGH)

 There is 1 register/latch pin with no clock driven by root clock pin: u_operational_uart/u_chain/u_puf64_core/u_macro/u_bench/ro[56].counter/presc_fdce/Q (HIGH)

 There is 1 register/latch pin with no clock driven by root clock pin: u_operational_uart/u_chain/u_puf64_core/u_macro/u_bench/ro[56].counter/stage[0].ff/Q (HIGH)

 There is 1 register/latch pin with no clock driven by root clock pin: u_operational_uart/u_chain/u_puf64_core/u_macro/u_bench/ro[56].counter/stage[10].ff/Q (HIGH)

 There is 1 register/latch pin with no clock driven by root clock pin: u_operational_uart/u_chain/u_puf64_core/u_macro/u_bench/ro[56].counter/stage[11].ff/Q (HIGH)

 There is 1 register/latch pin with no clock driven by root clock pin: u_operational_uart/u_chain/u_puf64_core/u_macro/u_bench/ro[56].counter/stage[12].ff/Q (HIGH)

 There is 1 register/latch pin with no clock driven by root clock pin: u_operational_uart/u_chain/u_puf64_core/u_macro/u_bench/ro[56].counter/stage[13].ff/Q (HIGH)

 There is 1 register/latch pin with no clock driven by root clock pin: u_operational_uart/u_chain/u_puf64_core/u_macro/u_bench/ro[56].counter/stage[14].ff/Q (HIGH)

 There is 1 register/latch pin with no clock driven by root clock pin: u_operational_uart/u_chain/u_puf64_core/u_macro/u_bench/ro[56].counter/stage[15].ff/Q (HIGH)

 There is 1 register/latch pin with no clock driven by root clock pin: u_operational_uart/u_chain/u_puf64_core/u_macro/u_bench/ro[56].counter/stage[1].ff/Q (HIGH)

 There is 1 register/latch pin with no clock driven by root clock pin: u_operational_uart/u_chain/u_puf64_core/u_macro/u_bench/ro[56].counter/stage[2].ff/Q (HIGH)

 There is 1 register/latch pin with no clock driven by root clock pin: u_operational_uart/u_chain/u_puf64_core/u_macro/u_bench/ro[56].counter/stage[3].ff/Q (HIGH)

 There is 1 register/latch pin with no clock driven by root clock pin: u_operational_uart/u_chain/u_puf64_core/u_macro/u_bench/ro[56].counter/stage[4].ff/Q (HIGH)

 There is 1 register/latch pin with no clock driven by root clock pin: u_operational_uart/u_chain/u_puf64_core/u_macro/u_bench/ro[56].counter/stage[5].ff/Q (HIGH)

 There is 1 register/latch pin with no clock driven by root clock pin: u_operational_uart/u_chain/u_puf64_core/u_macro/u_bench/ro[56].counter/stage[6].ff/Q (HIGH)

 There is 1 register/latch pin with no clock driven by root clock pin: u_operational_uart/u_chain/u_puf64_core/u_macro/u_bench/ro[56].counter/stage[7].ff/Q (HIGH)

 There is 1 register/latch pin with no clock driven by root clock pin: u_operational_uart/u_chain/u_puf64_core/u_macro/u_bench/ro[56].counter/stage[8].ff/Q (HIGH)

 There is 1 register/latch pin with no clock driven by root clock pin: u_operational_uart/u_chain/u_puf64_core/u_macro/u_bench/ro[56].counter/stage[9].ff/Q (HIGH)

 There is 1 register/latch pin with no clock driven by root clock pin: u_operational_uart/u_chain/u_puf64_core/u_macro/u_bench/ro[57].counter/presc_fdce/Q (HIGH)

 There is 1 register/latch pin with no clock driven by root clock pin: u_operational_uart/u_chain/u_puf64_core/u_macro/u_bench/ro[57].counter/stage[0].ff/Q (HIGH)

 There is 1 register/latch pin with no clock driven by root clock pin: u_operational_uart/u_chain/u_puf64_core/u_macro/u_bench/ro[57].counter/stage[10].ff/Q (HIGH)

 There is 1 register/latch pin with no clock driven by root clock pin: u_operational_uart/u_chain/u_puf64_core/u_macro/u_bench/ro[57].counter/stage[11].ff/Q (HIGH)

 There is 1 register/latch pin with no clock driven by root clock pin: u_operational_uart/u_chain/u_puf64_core/u_macro/u_bench/ro[57].counter/stage[12].ff/Q (HIGH)

 There is 1 register/latch pin with no clock driven by root clock pin: u_operational_uart/u_chain/u_puf64_core/u_macro/u_bench/ro[57].counter/stage[13].ff/Q (HIGH)

 There is 1 register/latch pin with no clock driven by root clock pin: u_operational_uart/u_chain/u_puf64_core/u_macro/u_bench/ro[57].counter/stage[14].ff/Q (HIGH)

 There is 1 register/latch pin with no clock driven by root clock pin: u_operational_uart/u_chain/u_puf64_core/u_macro/u_bench/ro[57].counter/stage[15].ff/Q (HIGH)

 There is 1 register/latch pin with no clock driven by root clock pin: u_operational_uart/u_chain/u_puf64_core/u_macro/u_bench/ro[57].counter/stage[1].ff/Q (HIGH)

 There is 1 register/latch pin with no clock driven by root clock pin: u_operational_uart/u_chain/u_puf64_core/u_macro/u_bench/ro[57].counter/stage[2].ff/Q (HIGH)

 There is 1 register/latch pin with no clock driven by root clock pin: u_operational_uart/u_chain/u_puf64_core/u_macro/u_bench/ro[57].counter/stage[3].ff/Q (HIGH)

 There is 1 register/latch pin with no clock driven by root clock pin: u_operational_uart/u_chain/u_puf64_core/u_macro/u_bench/ro[57].counter/stage[4].ff/Q (HIGH)

 There is 1 register/latch pin with no clock driven by root clock pin: u_operational_uart/u_chain/u_puf64_core/u_macro/u_bench/ro[57].counter/stage[5].ff/Q (HIGH)

 There is 1 register/latch pin with no clock driven by root clock pin: u_operational_uart/u_chain/u_puf64_core/u_macro/u_bench/ro[57].counter/stage[6].ff/Q (HIGH)

 There is 1 register/latch pin with no clock driven by root clock pin: u_operational_uart/u_chain/u_puf64_core/u_macro/u_bench/ro[57].counter/stage[7].ff/Q (HIGH)

 There is 1 register/latch pin with no clock driven by root clock pin: u_operational_uart/u_chain/u_puf64_core/u_macro/u_bench/ro[57].counter/stage[8].ff/Q (HIGH)

 There is 1 register/latch pin with no clock driven by root clock pin: u_operational_uart/u_chain/u_puf64_core/u_macro/u_bench/ro[57].counter/stage[9].ff/Q (HIGH)

 There is 1 register/latch pin with no clock driven by root clock pin: u_operational_uart/u_chain/u_puf64_core/u_macro/u_bench/ro[58].counter/presc_fdce/Q (HIGH)

 There is 1 register/latch pin with no clock driven by root clock pin: u_operational_uart/u_chain/u_puf64_core/u_macro/u_bench/ro[58].counter/stage[0].ff/Q (HIGH)

 There is 1 register/latch pin with no clock driven by root clock pin: u_operational_uart/u_chain/u_puf64_core/u_macro/u_bench/ro[58].counter/stage[10].ff/Q (HIGH)

 There is 1 register/latch pin with no clock driven by root clock pin: u_operational_uart/u_chain/u_puf64_core/u_macro/u_bench/ro[58].counter/stage[11].ff/Q (HIGH)

 There is 1 register/latch pin with no clock driven by root clock pin: u_operational_uart/u_chain/u_puf64_core/u_macro/u_bench/ro[58].counter/stage[12].ff/Q (HIGH)

 There is 1 register/latch pin with no clock driven by root clock pin: u_operational_uart/u_chain/u_puf64_core/u_macro/u_bench/ro[58].counter/stage[13].ff/Q (HIGH)

 There is 1 register/latch pin with no clock driven by root clock pin: u_operational_uart/u_chain/u_puf64_core/u_macro/u_bench/ro[58].counter/stage[14].ff/Q (HIGH)

 There is 1 register/latch pin with no clock driven by root clock pin: u_operational_uart/u_chain/u_puf64_core/u_macro/u_bench/ro[58].counter/stage[15].ff/Q (HIGH)

 There is 1 register/latch pin with no clock driven by root clock pin: u_operational_uart/u_chain/u_puf64_core/u_macro/u_bench/ro[58].counter/stage[1].ff/Q (HIGH)

 There is 1 register/latch pin with no clock driven by root clock pin: u_operational_uart/u_chain/u_puf64_core/u_macro/u_bench/ro[58].counter/stage[2].ff/Q (HIGH)

 There is 1 register/latch pin with no clock driven by root clock pin: u_operational_uart/u_chain/u_puf64_core/u_macro/u_bench/ro[58].counter/stage[3].ff/Q (HIGH)

 There is 1 register/latch pin with no clock driven by root clock pin: u_operational_uart/u_chain/u_puf64_core/u_macro/u_bench/ro[58].counter/stage[4].ff/Q (HIGH)

 There is 1 register/latch pin with no clock driven by root clock pin: u_operational_uart/u_chain/u_puf64_core/u_macro/u_bench/ro[58].counter/stage[5].ff/Q (HIGH)

 There is 1 register/latch pin with no clock driven by root clock pin: u_operational_uart/u_chain/u_puf64_core/u_macro/u_bench/ro[58].counter/stage[6].ff/Q (HIGH)

 There is 1 register/latch pin with no clock driven by root clock pin: u_operational_uart/u_chain/u_puf64_core/u_macro/u_bench/ro[58].counter/stage[7].ff/Q (HIGH)

 There is 1 register/latch pin with no clock driven by root clock pin: u_operational_uart/u_chain/u_puf64_core/u_macro/u_bench/ro[58].counter/stage[8].ff/Q (HIGH)

 There is 1 register/latch pin with no clock driven by root clock pin: u_operational_uart/u_chain/u_puf64_core/u_macro/u_bench/ro[58].counter/stage[9].ff/Q (HIGH)

 There is 1 register/latch pin with no clock driven by root clock pin: u_operational_uart/u_chain/u_puf64_core/u_macro/u_bench/ro[59].counter/presc_fdce/Q (HIGH)

 There is 1 register/latch pin with no clock driven by root clock pin: u_operational_uart/u_chain/u_puf64_core/u_macro/u_bench/ro[59].counter/stage[0].ff/Q (HIGH)

 There is 1 register/latch pin with no clock driven by root clock pin: u_operational_uart/u_chain/u_puf64_core/u_macro/u_bench/ro[59].counter/stage[10].ff/Q (HIGH)

 There is 1 register/latch pin with no clock driven by root clock pin: u_operational_uart/u_chain/u_puf64_core/u_macro/u_bench/ro[59].counter/stage[11].ff/Q (HIGH)

 There is 1 register/latch pin with no clock driven by root clock pin: u_operational_uart/u_chain/u_puf64_core/u_macro/u_bench/ro[59].counter/stage[12].ff/Q (HIGH)

 There is 1 register/latch pin with no clock driven by root clock pin: u_operational_uart/u_chain/u_puf64_core/u_macro/u_bench/ro[59].counter/stage[13].ff/Q (HIGH)

 There is 1 register/latch pin with no clock driven by root clock pin: u_operational_uart/u_chain/u_puf64_core/u_macro/u_bench/ro[59].counter/stage[14].ff/Q (HIGH)

 There is 1 register/latch pin with no clock driven by root clock pin: u_operational_uart/u_chain/u_puf64_core/u_macro/u_bench/ro[59].counter/stage[15].ff/Q (HIGH)

 There is 1 register/latch pin with no clock driven by root clock pin: u_operational_uart/u_chain/u_puf64_core/u_macro/u_bench/ro[59].counter/stage[1].ff/Q (HIGH)

 There is 1 register/latch pin with no clock driven by root clock pin: u_operational_uart/u_chain/u_puf64_core/u_macro/u_bench/ro[59].counter/stage[2].ff/Q (HIGH)

 There is 1 register/latch pin with no clock driven by root clock pin: u_operational_uart/u_chain/u_puf64_core/u_macro/u_bench/ro[59].counter/stage[3].ff/Q (HIGH)

 There is 1 register/latch pin with no clock driven by root clock pin: u_operational_uart/u_chain/u_puf64_core/u_macro/u_bench/ro[59].counter/stage[4].ff/Q (HIGH)

 There is 1 register/latch pin with no clock driven by root clock pin: u_operational_uart/u_chain/u_puf64_core/u_macro/u_bench/ro[59].counter/stage[5].ff/Q (HIGH)

 There is 1 register/latch pin with no clock driven by root clock pin: u_operational_uart/u_chain/u_puf64_core/u_macro/u_bench/ro[59].counter/stage[6].ff/Q (HIGH)

 There is 1 register/latch pin with no clock driven by root clock pin: u_operational_uart/u_chain/u_puf64_core/u_macro/u_bench/ro[59].counter/stage[7].ff/Q (HIGH)

 There is 1 register/latch pin with no clock driven by root clock pin: u_operational_uart/u_chain/u_puf64_core/u_macro/u_bench/ro[59].counter/stage[8].ff/Q (HIGH)

 There is 1 register/latch pin with no clock driven by root clock pin: u_operational_uart/u_chain/u_puf64_core/u_macro/u_bench/ro[59].counter/stage[9].ff/Q (HIGH)

 There is 1 register/latch pin with no clock driven by root clock pin: u_operational_uart/u_chain/u_puf64_core/u_macro/u_bench/ro[5].counter/presc_fdce/Q (HIGH)

 There is 1 register/latch pin with no clock driven by root clock pin: u_operational_uart/u_chain/u_puf64_core/u_macro/u_bench/ro[5].counter/stage[0].ff/Q (HIGH)

 There is 1 register/latch pin with no clock driven by root clock pin: u_operational_uart/u_chain/u_puf64_core/u_macro/u_bench/ro[5].counter/stage[10].ff/Q (HIGH)

 There is 1 register/latch pin with no clock driven by root clock pin: u_operational_uart/u_chain/u_puf64_core/u_macro/u_bench/ro[5].counter/stage[11].ff/Q (HIGH)

 There is 1 register/latch pin with no clock driven by root clock pin: u_operational_uart/u_chain/u_puf64_core/u_macro/u_bench/ro[5].counter/stage[12].ff/Q (HIGH)

 There is 1 register/latch pin with no clock driven by root clock pin: u_operational_uart/u_chain/u_puf64_core/u_macro/u_bench/ro[5].counter/stage[13].ff/Q (HIGH)

 There is 1 register/latch pin with no clock driven by root clock pin: u_operational_uart/u_chain/u_puf64_core/u_macro/u_bench/ro[5].counter/stage[14].ff/Q (HIGH)

 There is 1 register/latch pin with no clock driven by root clock pin: u_operational_uart/u_chain/u_puf64_core/u_macro/u_bench/ro[5].counter/stage[15].ff/Q (HIGH)

 There is 1 register/latch pin with no clock driven by root clock pin: u_operational_uart/u_chain/u_puf64_core/u_macro/u_bench/ro[5].counter/stage[1].ff/Q (HIGH)

 There is 1 register/latch pin with no clock driven by root clock pin: u_operational_uart/u_chain/u_puf64_core/u_macro/u_bench/ro[5].counter/stage[2].ff/Q (HIGH)

 There is 1 register/latch pin with no clock driven by root clock pin: u_operational_uart/u_chain/u_puf64_core/u_macro/u_bench/ro[5].counter/stage[3].ff/Q (HIGH)

 There is 1 register/latch pin with no clock driven by root clock pin: u_operational_uart/u_chain/u_puf64_core/u_macro/u_bench/ro[5].counter/stage[4].ff/Q (HIGH)

 There is 1 register/latch pin with no clock driven by root clock pin: u_operational_uart/u_chain/u_puf64_core/u_macro/u_bench/ro[5].counter/stage[5].ff/Q (HIGH)

 There is 1 register/latch pin with no clock driven by root clock pin: u_operational_uart/u_chain/u_puf64_core/u_macro/u_bench/ro[5].counter/stage[6].ff/Q (HIGH)

 There is 1 register/latch pin with no clock driven by root clock pin: u_operational_uart/u_chain/u_puf64_core/u_macro/u_bench/ro[5].counter/stage[7].ff/Q (HIGH)

 There is 1 register/latch pin with no clock driven by root clock pin: u_operational_uart/u_chain/u_puf64_core/u_macro/u_bench/ro[5].counter/stage[8].ff/Q (HIGH)

 There is 1 register/latch pin with no clock driven by root clock pin: u_operational_uart/u_chain/u_puf64_core/u_macro/u_bench/ro[5].counter/stage[9].ff/Q (HIGH)

 There is 1 register/latch pin with no clock driven by root clock pin: u_operational_uart/u_chain/u_puf64_core/u_macro/u_bench/ro[60].counter/presc_fdce/Q (HIGH)

 There is 1 register/latch pin with no clock driven by root clock pin: u_operational_uart/u_chain/u_puf64_core/u_macro/u_bench/ro[60].counter/stage[0].ff/Q (HIGH)

 There is 1 register/latch pin with no clock driven by root clock pin: u_operational_uart/u_chain/u_puf64_core/u_macro/u_bench/ro[60].counter/stage[10].ff/Q (HIGH)

 There is 1 register/latch pin with no clock driven by root clock pin: u_operational_uart/u_chain/u_puf64_core/u_macro/u_bench/ro[60].counter/stage[11].ff/Q (HIGH)

 There is 1 register/latch pin with no clock driven by root clock pin: u_operational_uart/u_chain/u_puf64_core/u_macro/u_bench/ro[60].counter/stage[12].ff/Q (HIGH)

 There is 1 register/latch pin with no clock driven by root clock pin: u_operational_uart/u_chain/u_puf64_core/u_macro/u_bench/ro[60].counter/stage[13].ff/Q (HIGH)

 There is 1 register/latch pin with no clock driven by root clock pin: u_operational_uart/u_chain/u_puf64_core/u_macro/u_bench/ro[60].counter/stage[14].ff/Q (HIGH)

 There is 1 register/latch pin with no clock driven by root clock pin: u_operational_uart/u_chain/u_puf64_core/u_macro/u_bench/ro[60].counter/stage[15].ff/Q (HIGH)

 There is 1 register/latch pin with no clock driven by root clock pin: u_operational_uart/u_chain/u_puf64_core/u_macro/u_bench/ro[60].counter/stage[1].ff/Q (HIGH)

 There is 1 register/latch pin with no clock driven by root clock pin: u_operational_uart/u_chain/u_puf64_core/u_macro/u_bench/ro[60].counter/stage[2].ff/Q (HIGH)

 There is 1 register/latch pin with no clock driven by root clock pin: u_operational_uart/u_chain/u_puf64_core/u_macro/u_bench/ro[60].counter/stage[3].ff/Q (HIGH)

 There is 1 register/latch pin with no clock driven by root clock pin: u_operational_uart/u_chain/u_puf64_core/u_macro/u_bench/ro[60].counter/stage[4].ff/Q (HIGH)

 There is 1 register/latch pin with no clock driven by root clock pin: u_operational_uart/u_chain/u_puf64_core/u_macro/u_bench/ro[60].counter/stage[5].ff/Q (HIGH)

 There is 1 register/latch pin with no clock driven by root clock pin: u_operational_uart/u_chain/u_puf64_core/u_macro/u_bench/ro[60].counter/stage[6].ff/Q (HIGH)

 There is 1 register/latch pin with no clock driven by root clock pin: u_operational_uart/u_chain/u_puf64_core/u_macro/u_bench/ro[60].counter/stage[7].ff/Q (HIGH)

 There is 1 register/latch pin with no clock driven by root clock pin: u_operational_uart/u_chain/u_puf64_core/u_macro/u_bench/ro[60].counter/stage[8].ff/Q (HIGH)

 There is 1 register/latch pin with no clock driven by root clock pin: u_operational_uart/u_chain/u_puf64_core/u_macro/u_bench/ro[60].counter/stage[9].ff/Q (HIGH)

 There is 1 register/latch pin with no clock driven by root clock pin: u_operational_uart/u_chain/u_puf64_core/u_macro/u_bench/ro[61].counter/presc_fdce/Q (HIGH)

 There is 1 register/latch pin with no clock driven by root clock pin: u_operational_uart/u_chain/u_puf64_core/u_macro/u_bench/ro[61].counter/stage[0].ff/Q (HIGH)

 There is 1 register/latch pin with no clock driven by root clock pin: u_operational_uart/u_chain/u_puf64_core/u_macro/u_bench/ro[61].counter/stage[10].ff/Q (HIGH)

 There is 1 register/latch pin with no clock driven by root clock pin: u_operational_uart/u_chain/u_puf64_core/u_macro/u_bench/ro[61].counter/stage[11].ff/Q (HIGH)

 There is 1 register/latch pin with no clock driven by root clock pin: u_operational_uart/u_chain/u_puf64_core/u_macro/u_bench/ro[61].counter/stage[12].ff/Q (HIGH)

 There is 1 register/latch pin with no clock driven by root clock pin: u_operational_uart/u_chain/u_puf64_core/u_macro/u_bench/ro[61].counter/stage[13].ff/Q (HIGH)

 There is 1 register/latch pin with no clock driven by root clock pin: u_operational_uart/u_chain/u_puf64_core/u_macro/u_bench/ro[61].counter/stage[14].ff/Q (HIGH)

 There is 1 register/latch pin with no clock driven by root clock pin: u_operational_uart/u_chain/u_puf64_core/u_macro/u_bench/ro[61].counter/stage[15].ff/Q (HIGH)

 There is 1 register/latch pin with no clock driven by root clock pin: u_operational_uart/u_chain/u_puf64_core/u_macro/u_bench/ro[61].counter/stage[1].ff/Q (HIGH)

 There is 1 register/latch pin with no clock driven by root clock pin: u_operational_uart/u_chain/u_puf64_core/u_macro/u_bench/ro[61].counter/stage[2].ff/Q (HIGH)

 There is 1 register/latch pin with no clock driven by root clock pin: u_operational_uart/u_chain/u_puf64_core/u_macro/u_bench/ro[61].counter/stage[3].ff/Q (HIGH)

 There is 1 register/latch pin with no clock driven by root clock pin: u_operational_uart/u_chain/u_puf64_core/u_macro/u_bench/ro[61].counter/stage[4].ff/Q (HIGH)

 There is 1 register/latch pin with no clock driven by root clock pin: u_operational_uart/u_chain/u_puf64_core/u_macro/u_bench/ro[61].counter/stage[5].ff/Q (HIGH)

 There is 1 register/latch pin with no clock driven by root clock pin: u_operational_uart/u_chain/u_puf64_core/u_macro/u_bench/ro[61].counter/stage[6].ff/Q (HIGH)

 There is 1 register/latch pin with no clock driven by root clock pin: u_operational_uart/u_chain/u_puf64_core/u_macro/u_bench/ro[61].counter/stage[7].ff/Q (HIGH)

 There is 1 register/latch pin with no clock driven by root clock pin: u_operational_uart/u_chain/u_puf64_core/u_macro/u_bench/ro[61].counter/stage[8].ff/Q (HIGH)

 There is 1 register/latch pin with no clock driven by root clock pin: u_operational_uart/u_chain/u_puf64_core/u_macro/u_bench/ro[61].counter/stage[9].ff/Q (HIGH)

 There is 1 register/latch pin with no clock driven by root clock pin: u_operational_uart/u_chain/u_puf64_core/u_macro/u_bench/ro[62].counter/presc_fdce/Q (HIGH)

 There is 1 register/latch pin with no clock driven by root clock pin: u_operational_uart/u_chain/u_puf64_core/u_macro/u_bench/ro[62].counter/stage[0].ff/Q (HIGH)

 There is 1 register/latch pin with no clock driven by root clock pin: u_operational_uart/u_chain/u_puf64_core/u_macro/u_bench/ro[62].counter/stage[10].ff/Q (HIGH)

 There is 1 register/latch pin with no clock driven by root clock pin: u_operational_uart/u_chain/u_puf64_core/u_macro/u_bench/ro[62].counter/stage[11].ff/Q (HIGH)

 There is 1 register/latch pin with no clock driven by root clock pin: u_operational_uart/u_chain/u_puf64_core/u_macro/u_bench/ro[62].counter/stage[12].ff/Q (HIGH)

 There is 1 register/latch pin with no clock driven by root clock pin: u_operational_uart/u_chain/u_puf64_core/u_macro/u_bench/ro[62].counter/stage[13].ff/Q (HIGH)

 There is 1 register/latch pin with no clock driven by root clock pin: u_operational_uart/u_chain/u_puf64_core/u_macro/u_bench/ro[62].counter/stage[14].ff/Q (HIGH)

 There is 1 register/latch pin with no clock driven by root clock pin: u_operational_uart/u_chain/u_puf64_core/u_macro/u_bench/ro[62].counter/stage[15].ff/Q (HIGH)

 There is 1 register/latch pin with no clock driven by root clock pin: u_operational_uart/u_chain/u_puf64_core/u_macro/u_bench/ro[62].counter/stage[1].ff/Q (HIGH)

 There is 1 register/latch pin with no clock driven by root clock pin: u_operational_uart/u_chain/u_puf64_core/u_macro/u_bench/ro[62].counter/stage[2].ff/Q (HIGH)

 There is 1 register/latch pin with no clock driven by root clock pin: u_operational_uart/u_chain/u_puf64_core/u_macro/u_bench/ro[62].counter/stage[3].ff/Q (HIGH)

 There is 1 register/latch pin with no clock driven by root clock pin: u_operational_uart/u_chain/u_puf64_core/u_macro/u_bench/ro[62].counter/stage[4].ff/Q (HIGH)

 There is 1 register/latch pin with no clock driven by root clock pin: u_operational_uart/u_chain/u_puf64_core/u_macro/u_bench/ro[62].counter/stage[5].ff/Q (HIGH)

 There is 1 register/latch pin with no clock driven by root clock pin: u_operational_uart/u_chain/u_puf64_core/u_macro/u_bench/ro[62].counter/stage[6].ff/Q (HIGH)

 There is 1 register/latch pin with no clock driven by root clock pin: u_operational_uart/u_chain/u_puf64_core/u_macro/u_bench/ro[62].counter/stage[7].ff/Q (HIGH)

 There is 1 register/latch pin with no clock driven by root clock pin: u_operational_uart/u_chain/u_puf64_core/u_macro/u_bench/ro[62].counter/stage[8].ff/Q (HIGH)

 There is 1 register/latch pin with no clock driven by root clock pin: u_operational_uart/u_chain/u_puf64_core/u_macro/u_bench/ro[62].counter/stage[9].ff/Q (HIGH)

 There is 1 register/latch pin with no clock driven by root clock pin: u_operational_uart/u_chain/u_puf64_core/u_macro/u_bench/ro[63].counter/presc_fdce/Q (HIGH)

 There is 1 register/latch pin with no clock driven by root clock pin: u_operational_uart/u_chain/u_puf64_core/u_macro/u_bench/ro[63].counter/stage[0].ff/Q (HIGH)

 There is 1 register/latch pin with no clock driven by root clock pin: u_operational_uart/u_chain/u_puf64_core/u_macro/u_bench/ro[63].counter/stage[10].ff/Q (HIGH)

 There is 1 register/latch pin with no clock driven by root clock pin: u_operational_uart/u_chain/u_puf64_core/u_macro/u_bench/ro[63].counter/stage[11].ff/Q (HIGH)

 There is 1 register/latch pin with no clock driven by root clock pin: u_operational_uart/u_chain/u_puf64_core/u_macro/u_bench/ro[63].counter/stage[12].ff/Q (HIGH)

 There is 1 register/latch pin with no clock driven by root clock pin: u_operational_uart/u_chain/u_puf64_core/u_macro/u_bench/ro[63].counter/stage[13].ff/Q (HIGH)

 There is 1 register/latch pin with no clock driven by root clock pin: u_operational_uart/u_chain/u_puf64_core/u_macro/u_bench/ro[63].counter/stage[14].ff/Q (HIGH)

 There is 1 register/latch pin with no clock driven by root clock pin: u_operational_uart/u_chain/u_puf64_core/u_macro/u_bench/ro[63].counter/stage[15].ff/Q (HIGH)

 There is 1 register/latch pin with no clock driven by root clock pin: u_operational_uart/u_chain/u_puf64_core/u_macro/u_bench/ro[63].counter/stage[1].ff/Q (HIGH)

 There is 1 register/latch pin with no clock driven by root clock pin: u_operational_uart/u_chain/u_puf64_core/u_macro/u_bench/ro[63].counter/stage[2].ff/Q (HIGH)

 There is 1 register/latch pin with no clock driven by root clock pin: u_operational_uart/u_chain/u_puf64_core/u_macro/u_bench/ro[63].counter/stage[3].ff/Q (HIGH)

 There is 1 register/latch pin with no clock driven by root clock pin: u_operational_uart/u_chain/u_puf64_core/u_macro/u_bench/ro[63].counter/stage[4].ff/Q (HIGH)

 There is 1 register/latch pin with no clock driven by root clock pin: u_operational_uart/u_chain/u_puf64_core/u_macro/u_bench/ro[63].counter/stage[5].ff/Q (HIGH)

 There is 1 register/latch pin with no clock driven by root clock pin: u_operational_uart/u_chain/u_puf64_core/u_macro/u_bench/ro[63].counter/stage[6].ff/Q (HIGH)

 There is 1 register/latch pin with no clock driven by root clock pin: u_operational_uart/u_chain/u_puf64_core/u_macro/u_bench/ro[63].counter/stage[7].ff/Q (HIGH)

 There is 1 register/latch pin with no clock driven by root clock pin: u_operational_uart/u_chain/u_puf64_core/u_macro/u_bench/ro[63].counter/stage[8].ff/Q (HIGH)

 There is 1 register/latch pin with no clock driven by root clock pin: u_operational_uart/u_chain/u_puf64_core/u_macro/u_bench/ro[63].counter/stage[9].ff/Q (HIGH)

 There is 1 register/latch pin with no clock driven by root clock pin: u_operational_uart/u_chain/u_puf64_core/u_macro/u_bench/ro[6].counter/presc_fdce/Q (HIGH)

 There is 1 register/latch pin with no clock driven by root clock pin: u_operational_uart/u_chain/u_puf64_core/u_macro/u_bench/ro[6].counter/stage[0].ff/Q (HIGH)

 There is 1 register/latch pin with no clock driven by root clock pin: u_operational_uart/u_chain/u_puf64_core/u_macro/u_bench/ro[6].counter/stage[10].ff/Q (HIGH)

 There is 1 register/latch pin with no clock driven by root clock pin: u_operational_uart/u_chain/u_puf64_core/u_macro/u_bench/ro[6].counter/stage[11].ff/Q (HIGH)

 There is 1 register/latch pin with no clock driven by root clock pin: u_operational_uart/u_chain/u_puf64_core/u_macro/u_bench/ro[6].counter/stage[12].ff/Q (HIGH)

 There is 1 register/latch pin with no clock driven by root clock pin: u_operational_uart/u_chain/u_puf64_core/u_macro/u_bench/ro[6].counter/stage[13].ff/Q (HIGH)

 There is 1 register/latch pin with no clock driven by root clock pin: u_operational_uart/u_chain/u_puf64_core/u_macro/u_bench/ro[6].counter/stage[14].ff/Q (HIGH)

 There is 1 register/latch pin with no clock driven by root clock pin: u_operational_uart/u_chain/u_puf64_core/u_macro/u_bench/ro[6].counter/stage[15].ff/Q (HIGH)

 There is 1 register/latch pin with no clock driven by root clock pin: u_operational_uart/u_chain/u_puf64_core/u_macro/u_bench/ro[6].counter/stage[1].ff/Q (HIGH)

 There is 1 register/latch pin with no clock driven by root clock pin: u_operational_uart/u_chain/u_puf64_core/u_macro/u_bench/ro[6].counter/stage[2].ff/Q (HIGH)

 There is 1 register/latch pin with no clock driven by root clock pin: u_operational_uart/u_chain/u_puf64_core/u_macro/u_bench/ro[6].counter/stage[3].ff/Q (HIGH)

 There is 1 register/latch pin with no clock driven by root clock pin: u_operational_uart/u_chain/u_puf64_core/u_macro/u_bench/ro[6].counter/stage[4].ff/Q (HIGH)

 There is 1 register/latch pin with no clock driven by root clock pin: u_operational_uart/u_chain/u_puf64_core/u_macro/u_bench/ro[6].counter/stage[5].ff/Q (HIGH)

 There is 1 register/latch pin with no clock driven by root clock pin: u_operational_uart/u_chain/u_puf64_core/u_macro/u_bench/ro[6].counter/stage[6].ff/Q (HIGH)

 There is 1 register/latch pin with no clock driven by root clock pin: u_operational_uart/u_chain/u_puf64_core/u_macro/u_bench/ro[6].counter/stage[7].ff/Q (HIGH)

 There is 1 register/latch pin with no clock driven by root clock pin: u_operational_uart/u_chain/u_puf64_core/u_macro/u_bench/ro[6].counter/stage[8].ff/Q (HIGH)

 There is 1 register/latch pin with no clock driven by root clock pin: u_operational_uart/u_chain/u_puf64_core/u_macro/u_bench/ro[6].counter/stage[9].ff/Q (HIGH)

 There is 1 register/latch pin with no clock driven by root clock pin: u_operational_uart/u_chain/u_puf64_core/u_macro/u_bench/ro[7].counter/presc_fdce/Q (HIGH)

 There is 1 register/latch pin with no clock driven by root clock pin: u_operational_uart/u_chain/u_puf64_core/u_macro/u_bench/ro[7].counter/stage[0].ff/Q (HIGH)

 There is 1 register/latch pin with no clock driven by root clock pin: u_operational_uart/u_chain/u_puf64_core/u_macro/u_bench/ro[7].counter/stage[10].ff/Q (HIGH)

 There is 1 register/latch pin with no clock driven by root clock pin: u_operational_uart/u_chain/u_puf64_core/u_macro/u_bench/ro[7].counter/stage[11].ff/Q (HIGH)

 There is 1 register/latch pin with no clock driven by root clock pin: u_operational_uart/u_chain/u_puf64_core/u_macro/u_bench/ro[7].counter/stage[12].ff/Q (HIGH)

 There is 1 register/latch pin with no clock driven by root clock pin: u_operational_uart/u_chain/u_puf64_core/u_macro/u_bench/ro[7].counter/stage[13].ff/Q (HIGH)

 There is 1 register/latch pin with no clock driven by root clock pin: u_operational_uart/u_chain/u_puf64_core/u_macro/u_bench/ro[7].counter/stage[14].ff/Q (HIGH)

 There is 1 register/latch pin with no clock driven by root clock pin: u_operational_uart/u_chain/u_puf64_core/u_macro/u_bench/ro[7].counter/stage[15].ff/Q (HIGH)

 There is 1 register/latch pin with no clock driven by root clock pin: u_operational_uart/u_chain/u_puf64_core/u_macro/u_bench/ro[7].counter/stage[1].ff/Q (HIGH)

 There is 1 register/latch pin with no clock driven by root clock pin: u_operational_uart/u_chain/u_puf64_core/u_macro/u_bench/ro[7].counter/stage[2].ff/Q (HIGH)

 There is 1 register/latch pin with no clock driven by root clock pin: u_operational_uart/u_chain/u_puf64_core/u_macro/u_bench/ro[7].counter/stage[3].ff/Q (HIGH)

 There is 1 register/latch pin with no clock driven by root clock pin: u_operational_uart/u_chain/u_puf64_core/u_macro/u_bench/ro[7].counter/stage[4].ff/Q (HIGH)

 There is 1 register/latch pin with no clock driven by root clock pin: u_operational_uart/u_chain/u_puf64_core/u_macro/u_bench/ro[7].counter/stage[5].ff/Q (HIGH)

 There is 1 register/latch pin with no clock driven by root clock pin: u_operational_uart/u_chain/u_puf64_core/u_macro/u_bench/ro[7].counter/stage[6].ff/Q (HIGH)

 There is 1 register/latch pin with no clock driven by root clock pin: u_operational_uart/u_chain/u_puf64_core/u_macro/u_bench/ro[7].counter/stage[7].ff/Q (HIGH)

 There is 1 register/latch pin with no clock driven by root clock pin: u_operational_uart/u_chain/u_puf64_core/u_macro/u_bench/ro[7].counter/stage[8].ff/Q (HIGH)

 There is 1 register/latch pin with no clock driven by root clock pin: u_operational_uart/u_chain/u_puf64_core/u_macro/u_bench/ro[7].counter/stage[9].ff/Q (HIGH)

 There is 1 register/latch pin with no clock driven by root clock pin: u_operational_uart/u_chain/u_puf64_core/u_macro/u_bench/ro[8].counter/presc_fdce/Q (HIGH)

 There is 1 register/latch pin with no clock driven by root clock pin: u_operational_uart/u_chain/u_puf64_core/u_macro/u_bench/ro[8].counter/stage[0].ff/Q (HIGH)

 There is 1 register/latch pin with no clock driven by root clock pin: u_operational_uart/u_chain/u_puf64_core/u_macro/u_bench/ro[8].counter/stage[10].ff/Q (HIGH)

 There is 1 register/latch pin with no clock driven by root clock pin: u_operational_uart/u_chain/u_puf64_core/u_macro/u_bench/ro[8].counter/stage[11].ff/Q (HIGH)

 There is 1 register/latch pin with no clock driven by root clock pin: u_operational_uart/u_chain/u_puf64_core/u_macro/u_bench/ro[8].counter/stage[12].ff/Q (HIGH)

 There is 1 register/latch pin with no clock driven by root clock pin: u_operational_uart/u_chain/u_puf64_core/u_macro/u_bench/ro[8].counter/stage[13].ff/Q (HIGH)

 There is 1 register/latch pin with no clock driven by root clock pin: u_operational_uart/u_chain/u_puf64_core/u_macro/u_bench/ro[8].counter/stage[14].ff/Q (HIGH)

 There is 1 register/latch pin with no clock driven by root clock pin: u_operational_uart/u_chain/u_puf64_core/u_macro/u_bench/ro[8].counter/stage[15].ff/Q (HIGH)

 There is 1 register/latch pin with no clock driven by root clock pin: u_operational_uart/u_chain/u_puf64_core/u_macro/u_bench/ro[8].counter/stage[1].ff/Q (HIGH)

 There is 1 register/latch pin with no clock driven by root clock pin: u_operational_uart/u_chain/u_puf64_core/u_macro/u_bench/ro[8].counter/stage[2].ff/Q (HIGH)

 There is 1 register/latch pin with no clock driven by root clock pin: u_operational_uart/u_chain/u_puf64_core/u_macro/u_bench/ro[8].counter/stage[3].ff/Q (HIGH)

 There is 1 register/latch pin with no clock driven by root clock pin: u_operational_uart/u_chain/u_puf64_core/u_macro/u_bench/ro[8].counter/stage[4].ff/Q (HIGH)

 There is 1 register/latch pin with no clock driven by root clock pin: u_operational_uart/u_chain/u_puf64_core/u_macro/u_bench/ro[8].counter/stage[5].ff/Q (HIGH)

 There is 1 register/latch pin with no clock driven by root clock pin: u_operational_uart/u_chain/u_puf64_core/u_macro/u_bench/ro[8].counter/stage[6].ff/Q (HIGH)

 There is 1 register/latch pin with no clock driven by root clock pin: u_operational_uart/u_chain/u_puf64_core/u_macro/u_bench/ro[8].counter/stage[7].ff/Q (HIGH)

 There is 1 register/latch pin with no clock driven by root clock pin: u_operational_uart/u_chain/u_puf64_core/u_macro/u_bench/ro[8].counter/stage[8].ff/Q (HIGH)

 There is 1 register/latch pin with no clock driven by root clock pin: u_operational_uart/u_chain/u_puf64_core/u_macro/u_bench/ro[8].counter/stage[9].ff/Q (HIGH)

 There is 1 register/latch pin with no clock driven by root clock pin: u_operational_uart/u_chain/u_puf64_core/u_macro/u_bench/ro[9].counter/presc_fdce/Q (HIGH)

 There is 1 register/latch pin with no clock driven by root clock pin: u_operational_uart/u_chain/u_puf64_core/u_macro/u_bench/ro[9].counter/stage[0].ff/Q (HIGH)

 There is 1 register/latch pin with no clock driven by root clock pin: u_operational_uart/u_chain/u_puf64_core/u_macro/u_bench/ro[9].counter/stage[10].ff/Q (HIGH)

 There is 1 register/latch pin with no clock driven by root clock pin: u_operational_uart/u_chain/u_puf64_core/u_macro/u_bench/ro[9].counter/stage[11].ff/Q (HIGH)

 There is 1 register/latch pin with no clock driven by root clock pin: u_operational_uart/u_chain/u_puf64_core/u_macro/u_bench/ro[9].counter/stage[12].ff/Q (HIGH)

 There is 1 register/latch pin with no clock driven by root clock pin: u_operational_uart/u_chain/u_puf64_core/u_macro/u_bench/ro[9].counter/stage[13].ff/Q (HIGH)

 There is 1 register/latch pin with no clock driven by root clock pin: u_operational_uart/u_chain/u_puf64_core/u_macro/u_bench/ro[9].counter/stage[14].ff/Q (HIGH)

 There is 1 register/latch pin with no clock driven by root clock pin: u_operational_uart/u_chain/u_puf64_core/u_macro/u_bench/ro[9].counter/stage[15].ff/Q (HIGH)

 There is 1 register/latch pin with no clock driven by root clock pin: u_operational_uart/u_chain/u_puf64_core/u_macro/u_bench/ro[9].counter/stage[1].ff/Q (HIGH)

 There is 1 register/latch pin with no clock driven by root clock pin: u_operational_uart/u_chain/u_puf64_core/u_macro/u_bench/ro[9].counter/stage[2].ff/Q (HIGH)

 There is 1 register/latch pin with no clock driven by root clock pin: u_operational_uart/u_chain/u_puf64_core/u_macro/u_bench/ro[9].counter/stage[3].ff/Q (HIGH)

 There is 1 register/latch pin with no clock driven by root clock pin: u_operational_uart/u_chain/u_puf64_core/u_macro/u_bench/ro[9].counter/stage[4].ff/Q (HIGH)

 There is 1 register/latch pin with no clock driven by root clock pin: u_operational_uart/u_chain/u_puf64_core/u_macro/u_bench/ro[9].counter/stage[5].ff/Q (HIGH)

 There is 1 register/latch pin with no clock driven by root clock pin: u_operational_uart/u_chain/u_puf64_core/u_macro/u_bench/ro[9].counter/stage[6].ff/Q (HIGH)

 There is 1 register/latch pin with no clock driven by root clock pin: u_operational_uart/u_chain/u_puf64_core/u_macro/u_bench/ro[9].counter/stage[7].ff/Q (HIGH)

 There is 1 register/latch pin with no clock driven by root clock pin: u_operational_uart/u_chain/u_puf64_core/u_macro/u_bench/ro[9].counter/stage[8].ff/Q (HIGH)

 There is 1 register/latch pin with no clock driven by root clock pin: u_operational_uart/u_chain/u_puf64_core/u_macro/u_bench/ro[9].counter/stage[9].ff/Q (HIGH)

 There are 64 register/latch pins with no clock driven by root clock pin: u_operational_uart/u_chain/u_puf64_core/u_macro/u_bench/ro_en_r_reg/Q (HIGH)


2. checking constant_clock (0)
------------------------------
 There are 0 register/latch pins with constant_clock.


3. checking pulse_width_clock (0)
---------------------------------
 There are 0 register/latch pins which need pulse_width check


4. checking unconstrained_internal_endpoints (2304)
---------------------------------------------------
 There are 2304 pins that are not constrained for maximum delay. (HIGH)

 There are 0 pins that are not constrained for maximum delay due to constant clock.


5. checking no_input_delay (1)
------------------------------
 There is 1 input port with no input delay specified. (HIGH)

 There are 0 input ports with no input delay but user has a false path constraint.


6. checking no_output_delay (3)
-------------------------------
 There are 3 ports with no output delay specified. (HIGH)

 There are 0 ports with no output delay but user has a false path constraint

 There are 0 ports with no output delay but with a timing clock defined on it or propagating through it


7. checking multiple_clock (0)
------------------------------
 There are 0 register/latch pins with multiple clocks.


8. checking generated_clocks (0)
--------------------------------
 There are 0 generated clocks that are not connected to a clock source.


9. checking loops (64)
----------------------
 There are 64 combinational loops in the design. (HIGH)


10. checking partial_input_delay (0)
------------------------------------
 There are 0 input ports with partial input delay specified.


11. checking partial_output_delay (0)
-------------------------------------
 There are 0 ports with partial output delay specified.


12. checking latch_loops (0)
----------------------------
 There are 0 combinational latch loops in the design through latch input



------------------------------------------------------------------------------------------------
| Design Timing Summary
| ---------------------
------------------------------------------------------------------------------------------------

    WNS(ns)      TNS(ns)  TNS Failing Endpoints  TNS Total Endpoints      WHS(ns)      THS(ns)  THS Failing Endpoints  THS Total Endpoints     WPWS(ns)     TPWS(ns)  TPWS Failing Endpoints  TPWS Total Endpoints  
    -------      -------  ---------------------  -------------------      -------      -------  ---------------------  -------------------     --------     --------  ----------------------  --------------------  
      0.432        0.000                      0                89544        0.028        0.000                      0                89544        3.870        0.000                       0                 30811  


All user specified timing constraints are met.


------------------------------------------------------------------------------------------------
| Clock Summary
| -------------
------------------------------------------------------------------------------------------------

Clock               Waveform(ns)       Period(ns)      Frequency(MHz)
-----               ------------       ----------      --------------
clk_in_50mhz        {0.000 10.000}     20.000          50.000          
  clk_100_raw       {0.000 5.000}      10.000          100.000         
  clk_feedback_raw  {0.000 10.000}     20.000          50.000          
  clk_sys_100mhz    {0.000 5.000}      10.000          100.000         


------------------------------------------------------------------------------------------------
| Intra Clock Table
| -----------------
------------------------------------------------------------------------------------------------

Clock                   WNS(ns)      TNS(ns)  TNS Failing Endpoints  TNS Total Endpoints      WHS(ns)      THS(ns)  THS Failing Endpoints  THS Total Endpoints     WPWS(ns)     TPWS(ns)  TPWS Failing Endpoints  TPWS Total Endpoints  
-----                   -------      -------  ---------------------  -------------------      -------      -------  ---------------------  -------------------     --------     --------  ----------------------  --------------------  
clk_in_50mhz                                                                                                                                                          7.000        0.000                       0                     1  
  clk_100_raw                                                                                                                                                         8.408        0.000                       0                     2  
  clk_feedback_raw                                                                                                                                                   18.408        0.000                       0                     3  
  clk_sys_100mhz          0.432        0.000                      0                77151        0.028        0.000                      0                77151        3.870        0.000                       0                 30805  


------------------------------------------------------------------------------------------------
| Inter Clock Table
| -----------------
------------------------------------------------------------------------------------------------

From Clock    To Clock          WNS(ns)      TNS(ns)  TNS Failing Endpoints  TNS Total Endpoints      WHS(ns)      THS(ns)  THS Failing Endpoints  THS Total Endpoints  
----------    --------          -------      -------  ---------------------  -------------------      -------      -------  ---------------------  -------------------  


------------------------------------------------------------------------------------------------
| Other Path Groups Table
| -----------------------
------------------------------------------------------------------------------------------------

Path Group         From Clock         To Clock               WNS(ns)      TNS(ns)  TNS Failing Endpoints  TNS Total Endpoints      WHS(ns)      THS(ns)  THS Failing Endpoints  THS Total Endpoints  
----------         ----------         --------               -------      -------  ---------------------  -------------------      -------      -------  ---------------------  -------------------  
**async_default**  clk_sys_100mhz     clk_sys_100mhz           0.742        0.000                      0                12393        0.603        0.000                      0                12393  


------------------------------------------------------------------------------------------------
| Timing Details
| --------------
------------------------------------------------------------------------------------------------


---------------------------------------------------------------------------------------------------
From Clock:  clk_in_50mhz
  To Clock:  clk_in_50mhz

Setup :           NA  Failing Endpoints,  Worst Slack           NA  ,  Total Violation           NA
Hold  :           NA  Failing Endpoints,  Worst Slack           NA  ,  Total Violation           NA
PW    :            0  Failing Endpoints,  Worst Slack        7.000ns,  Total Violation        0.000ns
---------------------------------------------------------------------------------------------------


Pulse Width Checks
--------------------------------------------------------------------------------------
Clock Name:         clk_in_50mhz
Waveform(ns):       { 0.000 10.000 }
Period(ns):         20.000
Sources:            { CLK50MHZ }

Check Type        Corner  Lib Pin            Reference Pin  Required(ns)  Actual(ns)  Slack(ns)  Location         Pin
Min Period        n/a     MMCME2_ADV/CLKIN1  n/a            1.249         20.000      18.751     MMCME2_ADV_X1Y1  mmcm_i/CLKIN1
Max Period        n/a     MMCME2_ADV/CLKIN1  n/a            100.000       20.000      80.000     MMCME2_ADV_X1Y1  mmcm_i/CLKIN1
Low Pulse Width   Fast    MMCME2_ADV/CLKIN1  n/a            3.000         10.000      7.000      MMCME2_ADV_X1Y1  mmcm_i/CLKIN1
Low Pulse Width   Slow    MMCME2_ADV/CLKIN1  n/a            3.000         10.000      7.000      MMCME2_ADV_X1Y1  mmcm_i/CLKIN1
High Pulse Width  Slow    MMCME2_ADV/CLKIN1  n/a            3.000         10.000      7.000      MMCME2_ADV_X1Y1  mmcm_i/CLKIN1
High Pulse Width  Fast    MMCME2_ADV/CLKIN1  n/a            3.000         10.000      7.000      MMCME2_ADV_X1Y1  mmcm_i/CLKIN1



---------------------------------------------------------------------------------------------------
From Clock:  clk_100_raw
  To Clock:  clk_100_raw

Setup :           NA  Failing Endpoints,  Worst Slack           NA  ,  Total Violation           NA
Hold  :           NA  Failing Endpoints,  Worst Slack           NA  ,  Total Violation           NA
PW    :            0  Failing Endpoints,  Worst Slack        8.408ns,  Total Violation        0.000ns
---------------------------------------------------------------------------------------------------


Pulse Width Checks
--------------------------------------------------------------------------------------
Clock Name:         clk_100_raw
Waveform(ns):       { 0.000 5.000 }
Period(ns):         10.000
Sources:            { mmcm_i/CLKOUT0 }

Check Type  Corner  Lib Pin             Reference Pin  Required(ns)  Actual(ns)  Slack(ns)  Location         Pin
Min Period  n/a     BUFG/I              n/a            1.592         10.000      8.408      BUFGCTRL_X0Y16   bufg_sys/I
Min Period  n/a     MMCME2_ADV/CLKOUT0  n/a            1.249         10.000      8.751      MMCME2_ADV_X1Y1  mmcm_i/CLKOUT0
Max Period  n/a     MMCME2_ADV/CLKOUT0  n/a            213.360       10.000      203.360    MMCME2_ADV_X1Y1  mmcm_i/CLKOUT0



---------------------------------------------------------------------------------------------------
From Clock:  clk_feedback_raw
  To Clock:  clk_feedback_raw

Setup :           NA  Failing Endpoints,  Worst Slack           NA  ,  Total Violation           NA
Hold  :           NA  Failing Endpoints,  Worst Slack           NA  ,  Total Violation           NA
PW    :            0  Failing Endpoints,  Worst Slack       18.408ns,  Total Violation        0.000ns
---------------------------------------------------------------------------------------------------


Pulse Width Checks
--------------------------------------------------------------------------------------
Clock Name:         clk_feedback_raw
Waveform(ns):       { 0.000 10.000 }
Period(ns):         20.000
Sources:            { mmcm_i/CLKFBOUT }

Check Type  Corner  Lib Pin              Reference Pin  Required(ns)  Actual(ns)  Slack(ns)  Location         Pin
Min Period  n/a     BUFG/I               n/a            1.592         20.000      18.408     BUFGCTRL_X0Y17   bufg_feedback/I
Min Period  n/a     MMCME2_ADV/CLKFBOUT  n/a            1.249         20.000      18.751     MMCME2_ADV_X1Y1  mmcm_i/CLKFBOUT
Min Period  n/a     MMCME2_ADV/CLKFBIN   n/a            1.249         20.000      18.751     MMCME2_ADV_X1Y1  mmcm_i/CLKFBIN
Max Period  n/a     MMCME2_ADV/CLKFBIN   n/a            100.000       20.000      80.000     MMCME2_ADV_X1Y1  mmcm_i/CLKFBIN
Max Period  n/a     MMCME2_ADV/CLKFBOUT  n/a            213.360       20.000      193.360    MMCME2_ADV_X1Y1  mmcm_i/CLKFBOUT



---------------------------------------------------------------------------------------------------
From Clock:  clk_sys_100mhz
  To Clock:  clk_sys_100mhz

Setup :            0  Failing Endpoints,  Worst Slack        0.432ns,  Total Violation        0.000ns
Hold  :            0  Failing Endpoints,  Worst Slack        0.028ns,  Total Violation        0.000ns
PW    :            0  Failing Endpoints,  Worst Slack        3.870ns,  Total Violation        0.000ns
---------------------------------------------------------------------------------------------------


Max Delay Paths
--------------------------------------------------------------------------------------
Slack (MET) :             0.432ns  (required time - arrival time)
  Source:                 u_operational_uart/u_chain/u_puf64_core/u_kcv/u_sponge/wr_idx_reg[0]_rep__8/C
                            (rising edge-triggered cell FDRE clocked by clk_sys_100mhz  {rise@0.000ns fall@5.000ns period=10.000ns})
  Destination:            u_operational_uart/u_chain/u_puf64_core/u_kcv/u_sponge/block_reg_reg[117]/D
                            (rising edge-triggered cell FDRE clocked by clk_sys_100mhz  {rise@0.000ns fall@5.000ns period=10.000ns})
  Path Group:             clk_sys_100mhz
  Path Type:              Setup (Max at Slow Process Corner)
  Requirement:            10.000ns  (clk_sys_100mhz rise@10.000ns - clk_sys_100mhz rise@0.000ns)
  Data Path Delay:        9.401ns  (logic 0.484ns (5.148%)  route 8.917ns (94.852%))
  Logic Levels:           1  (LUT6=1)
  Clock Path Skew:        -0.193ns (DCD - SCD + CPR)
    Destination Clock Delay (DCD):    -1.060ns = ( 8.940 - 10.000 ) 
    Source Clock Delay      (SCD):    -0.538ns
    Clock Pessimism Removal (CPR):    0.329ns
  Clock Uncertainty:      0.047ns  ((TSJ^2 + DJ^2)^1/2) / 2 + PE
    Total System Jitter     (TSJ):    0.071ns
    Discrete Jitter          (DJ):    0.063ns
    Phase Error              (PE):    0.000ns

    Location             Delay type                Incr(ns)  Path(ns)    Netlist Resource(s)
  -------------------------------------------------------------------    -------------------
                         (clock clk_sys_100mhz rise edge)
                                                      0.000     0.000 r  
    N18                                               0.000     0.000 r  CLK50MHZ (IN)
                         net (fo=0)                   0.000     0.000    CLK50MHZ
    N18                  IBUF (Prop_ibuf_I_O)         1.392     1.392 r  CLK50MHZ_IBUF_inst/O
                         net (fo=1, routed)           1.110     2.502    CLK50MHZ_IBUF
    MMCME2_ADV_X1Y1      MMCME2_ADV (Prop_mmcme2_adv_CLKIN1_CLKOUT0)
                                                     -6.247    -3.745 r  mmcm_i/CLKOUT0
                         net (fo=1, routed)           1.597    -2.148    clk_100_raw
    BUFGCTRL_X0Y16       BUFG (Prop_bufg_I_O)         0.085    -2.063 r  bufg_sys/O
                         net (fo=30806, routed)       1.525    -0.538    u_operational_uart/u_chain/u_puf64_core/u_kcv/u_sponge/clk
    SLICE_X99Y3          FDRE                                         r  u_operational_uart/u_chain/u_puf64_core/u_kcv/u_sponge/wr_idx_reg[0]_rep__8/C
  -------------------------------------------------------------------    -------------------
    SLICE_X99Y3          FDRE (Prop_fdre_C_Q)         0.379    -0.159 r  u_operational_uart/u_chain/u_puf64_core/u_kcv/u_sponge/wr_idx_reg[0]_rep__8/Q
                         net (fo=127, routed)         8.917     8.758    u_operational_uart/u_chain/u_puf64_core/u_kcv/u_sponge/wr_idx_reg[0]_rep__8_n_0
    SLICE_X8Y31          LUT6 (Prop_lut6_I1_O)        0.105     8.863 r  u_operational_uart/u_chain/u_puf64_core/u_kcv/u_sponge/block_reg[117]_i_1/O
                         net (fo=1, routed)           0.000     8.863    u_operational_uart/u_chain/u_puf64_core/u_kcv/u_sponge/block_reg[117]_i_1_n_0
    SLICE_X8Y31          FDRE                                         r  u_operational_uart/u_chain/u_puf64_core/u_kcv/u_sponge/block_reg_reg[117]/D
  -------------------------------------------------------------------    -------------------

                         (clock clk_sys_100mhz rise edge)
                                                     10.000    10.000 r  
    N18                                               0.000    10.000 r  CLK50MHZ (IN)
                         net (fo=0)                   0.000    10.000    CLK50MHZ
    N18                  IBUF (Prop_ibuf_I_O)         1.327    11.327 r  CLK50MHZ_IBUF_inst/O
                         net (fo=1, routed)           1.004    12.330    CLK50MHZ_IBUF
    MMCME2_ADV_X1Y1      MMCME2_ADV (Prop_mmcme2_adv_CLKIN1_CLKOUT0)
                                                     -6.242     6.089 r  mmcm_i/CLKOUT0
                         net (fo=1, routed)           1.454     7.543    clk_100_raw
    BUFGCTRL_X0Y16       BUFG (Prop_bufg_I_O)         0.077     7.620 r  bufg_sys/O
                         net (fo=30806, routed)       1.320     8.940    u_operational_uart/u_chain/u_puf64_core/u_kcv/u_sponge/clk
    SLICE_X8Y31          FDRE                                         r  u_operational_uart/u_chain/u_puf64_core/u_kcv/u_sponge/block_reg_reg[117]/C
                         clock pessimism              0.329     9.269    
                         clock uncertainty           -0.047     9.222    
    SLICE_X8Y31          FDRE (Setup_fdre_C_D)        0.074     9.296    u_operational_uart/u_chain/u_puf64_core/u_kcv/u_sponge/block_reg_reg[117]
  -------------------------------------------------------------------
                         required time                          9.296    
                         arrival time                          -8.863    
  -------------------------------------------------------------------
                         slack                                  0.432    

Slack (MET) :             0.437ns  (required time - arrival time)
  Source:                 u_operational_uart/u_chain/u_puf64_core/u_kcv/u_sponge/wr_idx_reg[0]_rep__11/C
                            (rising edge-triggered cell FDRE clocked by clk_sys_100mhz  {rise@0.000ns fall@5.000ns period=10.000ns})
  Destination:            u_operational_uart/u_chain/u_puf64_core/u_kcv/u_sponge/block_reg_reg[1267]/D
                            (rising edge-triggered cell FDRE clocked by clk_sys_100mhz  {rise@0.000ns fall@5.000ns period=10.000ns})
  Path Group:             clk_sys_100mhz
  Path Type:              Setup (Max at Slow Process Corner)
  Requirement:            10.000ns  (clk_sys_100mhz rise@10.000ns - clk_sys_100mhz rise@0.000ns)
  Data Path Delay:        9.348ns  (logic 0.484ns (5.178%)  route 8.864ns (94.822%))
  Logic Levels:           1  (LUT6=1)
  Clock Path Skew:        -0.200ns (DCD - SCD + CPR)
    Destination Clock Delay (DCD):    -1.067ns = ( 8.933 - 10.000 ) 
    Source Clock Delay      (SCD):    -0.538ns
    Clock Pessimism Removal (CPR):    0.329ns
  Clock Uncertainty:      0.047ns  ((TSJ^2 + DJ^2)^1/2) / 2 + PE
    Total System Jitter     (TSJ):    0.071ns
    Discrete Jitter          (DJ):    0.063ns
    Phase Error              (PE):    0.000ns

    Location             Delay type                Incr(ns)  Path(ns)    Netlist Resource(s)
  -------------------------------------------------------------------    -------------------
                         (clock clk_sys_100mhz rise edge)
                                                      0.000     0.000 r  
    N18                                               0.000     0.000 r  CLK50MHZ (IN)
                         net (fo=0)                   0.000     0.000    CLK50MHZ
    N18                  IBUF (Prop_ibuf_I_O)         1.392     1.392 r  CLK50MHZ_IBUF_inst/O
                         net (fo=1, routed)           1.110     2.502    CLK50MHZ_IBUF
    MMCME2_ADV_X1Y1      MMCME2_ADV (Prop_mmcme2_adv_CLKIN1_CLKOUT0)
                                                     -6.247    -3.745 r  mmcm_i/CLKOUT0
                         net (fo=1, routed)           1.597    -2.148    clk_100_raw
    BUFGCTRL_X0Y16       BUFG (Prop_bufg_I_O)         0.085    -2.063 r  bufg_sys/O
                         net (fo=30806, routed)       1.525    -0.538    u_operational_uart/u_chain/u_puf64_core/u_kcv/u_sponge/clk
    SLICE_X99Y3          FDRE                                         r  u_operational_uart/u_chain/u_puf64_core/u_kcv/u_sponge/wr_idx_reg[0]_rep__11/C
  -------------------------------------------------------------------    -------------------
    SLICE_X99Y3          FDRE (Prop_fdre_C_Q)         0.379    -0.159 r  u_operational_uart/u_chain/u_puf64_core/u_kcv/u_sponge/wr_idx_reg[0]_rep__11/Q
                         net (fo=127, routed)         8.864     8.705    u_operational_uart/u_chain/u_puf64_core/u_kcv/u_sponge/wr_idx_reg[0]_rep__11_n_0
    SLICE_X13Y25         LUT6 (Prop_lut6_I1_O)        0.105     8.810 r  u_operational_uart/u_chain/u_puf64_core/u_kcv/u_sponge/block_reg[1267]_i_1/O
                         net (fo=1, routed)           0.000     8.810    u_operational_uart/u_chain/u_puf64_core/u_kcv/u_sponge/block_reg[1267]_i_1_n_0
    SLICE_X13Y25         FDRE                                         r  u_operational_uart/u_chain/u_puf64_core/u_kcv/u_sponge/block_reg_reg[1267]/D
  -------------------------------------------------------------------    -------------------

                         (clock clk_sys_100mhz rise edge)
                                                     10.000    10.000 r  
    N18                                               0.000    10.000 r  CLK50MHZ (IN)
                         net (fo=0)                   0.000    10.000    CLK50MHZ
    N18                  IBUF (Prop_ibuf_I_O)         1.327    11.327 r  CLK50MHZ_IBUF_inst/O
                         net (fo=1, routed)           1.004    12.330    CLK50MHZ_IBUF
    MMCME2_ADV_X1Y1      MMCME2_ADV (Prop_mmcme2_adv_CLKIN1_CLKOUT0)
                                                     -6.242     6.089 r  mmcm_i/CLKOUT0
                         net (fo=1, routed)           1.454     7.543    clk_100_raw
    BUFGCTRL_X0Y16       BUFG (Prop_bufg_I_O)         0.077     7.620 r  bufg_sys/O
                         net (fo=30806, routed)       1.313     8.933    u_operational_uart/u_chain/u_puf64_core/u_kcv/u_sponge/clk
    SLICE_X13Y25         FDRE                                         r  u_operational_uart/u_chain/u_puf64_core/u_kcv/u_sponge/block_reg_reg[1267]/C
                         clock pessimism              0.329     9.262    
                         clock uncertainty           -0.047     9.215    
    SLICE_X13Y25         FDRE (Setup_fdre_C_D)        0.032     9.247    u_operational_uart/u_chain/u_puf64_core/u_kcv/u_sponge/block_reg_reg[1267]
  -------------------------------------------------------------------
                         required time                          9.247    
                         arrival time                          -8.810    
  -------------------------------------------------------------------
                         slack                                  0.437    

Slack (MET) :             0.457ns  (required time - arrival time)
  Source:                 u_operational_uart/u_chain/u_puf64_core/u_kcv/u_sponge/wr_idx_reg[0]_rep__8/C
                            (rising edge-triggered cell FDRE clocked by clk_sys_100mhz  {rise@0.000ns fall@5.000ns period=10.000ns})
  Destination:            u_operational_uart/u_chain/u_puf64_core/u_kcv/u_sponge/block_reg_reg[1461]/D
                            (rising edge-triggered cell FDRE clocked by clk_sys_100mhz  {rise@0.000ns fall@5.000ns period=10.000ns})
  Path Group:             clk_sys_100mhz
  Path Type:              Setup (Max at Slow Process Corner)
  Requirement:            10.000ns  (clk_sys_100mhz rise@10.000ns - clk_sys_100mhz rise@0.000ns)
  Data Path Delay:        9.336ns  (logic 0.484ns (5.184%)  route 8.852ns (94.816%))
  Logic Levels:           1  (LUT6=1)
  Clock Path Skew:        -0.189ns (DCD - SCD + CPR)
    Destination Clock Delay (DCD):    -1.056ns = ( 8.944 - 10.000 ) 
    Source Clock Delay      (SCD):    -0.538ns
    Clock Pessimism Removal (CPR):    0.329ns
  Clock Uncertainty:      0.047ns  ((TSJ^2 + DJ^2)^1/2) / 2 + PE
    Total System Jitter     (TSJ):    0.071ns
    Discrete Jitter          (DJ):    0.063ns
    Phase Error              (PE):    0.000ns

    Location             Delay type                Incr(ns)  Path(ns)    Netlist Resource(s)
  -------------------------------------------------------------------    -------------------
                         (clock clk_sys_100mhz rise edge)
                                                      0.000     0.000 r  
    N18                                               0.000     0.000 r  CLK50MHZ (IN)
                         net (fo=0)                   0.000     0.000    CLK50MHZ
    N18                  IBUF (Prop_ibuf_I_O)         1.392     1.392 r  CLK50MHZ_IBUF_inst/O
                         net (fo=1, routed)           1.110     2.502    CLK50MHZ_IBUF
    MMCME2_ADV_X1Y1      MMCME2_ADV (Prop_mmcme2_adv_CLKIN1_CLKOUT0)
                                                     -6.247    -3.745 r  mmcm_i/CLKOUT0
                         net (fo=1, routed)           1.597    -2.148    clk_100_raw
    BUFGCTRL_X0Y16       BUFG (Prop_bufg_I_O)         0.085    -2.063 r  bufg_sys/O
                         net (fo=30806, routed)       1.525    -0.538    u_operational_uart/u_chain/u_puf64_core/u_kcv/u_sponge/clk
    SLICE_X99Y3          FDRE                                         r  u_operational_uart/u_chain/u_puf64_core/u_kcv/u_sponge/wr_idx_reg[0]_rep__8/C
  -------------------------------------------------------------------    -------------------
    SLICE_X99Y3          FDRE (Prop_fdre_C_Q)         0.379    -0.159 r  u_operational_uart/u_chain/u_puf64_core/u_kcv/u_sponge/wr_idx_reg[0]_rep__8/Q
                         net (fo=127, routed)         8.852     8.693    u_operational_uart/u_chain/u_puf64_core/u_kcv/u_sponge/wr_idx_reg[0]_rep__8_n_0
    SLICE_X9Y36          LUT6 (Prop_lut6_I1_O)        0.105     8.798 r  u_operational_uart/u_chain/u_puf64_core/u_kcv/u_sponge/block_reg[1461]_i_1/O
                         net (fo=1, routed)           0.000     8.798    u_operational_uart/u_chain/u_puf64_core/u_kcv/u_sponge/block_reg[1461]_i_1_n_0
    SLICE_X9Y36          FDRE                                         r  u_operational_uart/u_chain/u_puf64_core/u_kcv/u_sponge/block_reg_reg[1461]/D
  -------------------------------------------------------------------    -------------------

                         (clock clk_sys_100mhz rise edge)
                                                     10.000    10.000 r  
    N18                                               0.000    10.000 r  CLK50MHZ (IN)
                         net (fo=0)                   0.000    10.000    CLK50MHZ
    N18                  IBUF (Prop_ibuf_I_O)         1.327    11.327 r  CLK50MHZ_IBUF_inst/O
                         net (fo=1, routed)           1.004    12.330    CLK50MHZ_IBUF
    MMCME2_ADV_X1Y1      MMCME2_ADV (Prop_mmcme2_adv_CLKIN1_CLKOUT0)
                                                     -6.242     6.089 r  mmcm_i/CLKOUT0
                         net (fo=1, routed)           1.454     7.543    clk_100_raw
    BUFGCTRL_X0Y16       BUFG (Prop_bufg_I_O)         0.077     7.620 r  bufg_sys/O
                         net (fo=30806, routed)       1.324     8.944    u_operational_uart/u_chain/u_puf64_core/u_kcv/u_sponge/clk
    SLICE_X9Y36          FDRE                                         r  u_operational_uart/u_chain/u_puf64_core/u_kcv/u_sponge/block_reg_reg[1461]/C
                         clock pessimism              0.329     9.273    
                         clock uncertainty           -0.047     9.226    
    SLICE_X9Y36          FDRE (Setup_fdre_C_D)        0.030     9.256    u_operational_uart/u_chain/u_puf64_core/u_kcv/u_sponge/block_reg_reg[1461]
  -------------------------------------------------------------------
                         required time                          9.256    
                         arrival time                          -8.798    
  -------------------------------------------------------------------
                         slack                                  0.457    

Slack (MET) :             0.597ns  (required time - arrival time)
  Source:                 u_operational_uart/u_chain/u_puf64_core/u_kcv/u_sponge/wr_idx_reg[0]_rep__8/C
                            (rising edge-triggered cell FDRE clocked by clk_sys_100mhz  {rise@0.000ns fall@5.000ns period=10.000ns})
  Destination:            u_operational_uart/u_chain/u_puf64_core/u_kcv/u_sponge/block_reg_reg[119]/D
                            (rising edge-triggered cell FDRE clocked by clk_sys_100mhz  {rise@0.000ns fall@5.000ns period=10.000ns})
  Path Group:             clk_sys_100mhz
  Path Type:              Setup (Max at Slow Process Corner)
  Requirement:            10.000ns  (clk_sys_100mhz rise@10.000ns - clk_sys_100mhz rise@0.000ns)
  Data Path Delay:        9.200ns  (logic 0.484ns (5.261%)  route 8.716ns (94.739%))
  Logic Levels:           1  (LUT6=1)
  Clock Path Skew:        -0.186ns (DCD - SCD + CPR)
    Destination Clock Delay (DCD):    -1.053ns = ( 8.947 - 10.000 ) 
    Source Clock Delay      (SCD):    -0.538ns
    Clock Pessimism Removal (CPR):    0.329ns
  Clock Uncertainty:      0.047ns  ((TSJ^2 + DJ^2)^1/2) / 2 + PE
    Total System Jitter     (TSJ):    0.071ns
    Discrete Jitter          (DJ):    0.063ns
    Phase Error              (PE):    0.000ns

    Location             Delay type                Incr(ns)  Path(ns)    Netlist Resource(s)
  -------------------------------------------------------------------    -------------------
                         (clock clk_sys_100mhz rise edge)
                                                      0.000     0.000 r  
    N18                                               0.000     0.000 r  CLK50MHZ (IN)
                         net (fo=0)                   0.000     0.000    CLK50MHZ
    N18                  IBUF (Prop_ibuf_I_O)         1.392     1.392 r  CLK50MHZ_IBUF_inst/O
                         net (fo=1, routed)           1.110     2.502    CLK50MHZ_IBUF
    MMCME2_ADV_X1Y1      MMCME2_ADV (Prop_mmcme2_adv_CLKIN1_CLKOUT0)
                                                     -6.247    -3.745 r  mmcm_i/CLKOUT0
                         net (fo=1, routed)           1.597    -2.148    clk_100_raw
    BUFGCTRL_X0Y16       BUFG (Prop_bufg_I_O)         0.085    -2.063 r  bufg_sys/O
                         net (fo=30806, routed)       1.525    -0.538    u_operational_uart/u_chain/u_puf64_core/u_kcv/u_sponge/clk
    SLICE_X99Y3          FDRE                                         r  u_operational_uart/u_chain/u_puf64_core/u_kcv/u_sponge/wr_idx_reg[0]_rep__8/C
  -------------------------------------------------------------------    -------------------
    SLICE_X99Y3          FDRE (Prop_fdre_C_Q)         0.379    -0.159 r  u_operational_uart/u_chain/u_puf64_core/u_kcv/u_sponge/wr_idx_reg[0]_rep__8/Q
                         net (fo=127, routed)         8.716     8.557    u_operational_uart/u_chain/u_puf64_core/u_kcv/u_sponge/wr_idx_reg[0]_rep__8_n_0
    SLICE_X13Y41         LUT6 (Prop_lut6_I1_O)        0.105     8.662 r  u_operational_uart/u_chain/u_puf64_core/u_kcv/u_sponge/block_reg[119]_i_1/O
                         net (fo=1, routed)           0.000     8.662    u_operational_uart/u_chain/u_puf64_core/u_kcv/u_sponge/block_reg[119]_i_1_n_0
    SLICE_X13Y41         FDRE                                         r  u_operational_uart/u_chain/u_puf64_core/u_kcv/u_sponge/block_reg_reg[119]/D
  -------------------------------------------------------------------    -------------------

                         (clock clk_sys_100mhz rise edge)
                                                     10.000    10.000 r  
    N18                                               0.000    10.000 r  CLK50MHZ (IN)
                         net (fo=0)                   0.000    10.000    CLK50MHZ
    N18                  IBUF (Prop_ibuf_I_O)         1.327    11.327 r  CLK50MHZ_IBUF_inst/O
                         net (fo=1, routed)           1.004    12.330    CLK50MHZ_IBUF
    MMCME2_ADV_X1Y1      MMCME2_ADV (Prop_mmcme2_adv_CLKIN1_CLKOUT0)
                                                     -6.242     6.089 r  mmcm_i/CLKOUT0
                         net (fo=1, routed)           1.454     7.543    clk_100_raw
    BUFGCTRL_X0Y16       BUFG (Prop_bufg_I_O)         0.077     7.620 r  bufg_sys/O
                         net (fo=30806, routed)       1.327     8.947    u_operational_uart/u_chain/u_puf64_core/u_kcv/u_sponge/clk
    SLICE_X13Y41         FDRE                                         r  u_operational_uart/u_chain/u_puf64_core/u_kcv/u_sponge/block_reg_reg[119]/C
                         clock pessimism              0.329     9.276    
                         clock uncertainty           -0.047     9.229    
    SLICE_X13Y41         FDRE (Setup_fdre_C_D)        0.030     9.259    u_operational_uart/u_chain/u_puf64_core/u_kcv/u_sponge/block_reg_reg[119]
  -------------------------------------------------------------------
                         required time                          9.259    
                         arrival time                          -8.662    
  -------------------------------------------------------------------
                         slack                                  0.597    

Slack (MET) :             0.683ns  (required time - arrival time)
  Source:                 u_operational_uart/u_chain/u_puf64_core/u_kcv/u_sponge/wr_idx_reg[0]_rep__8/C
                            (rising edge-triggered cell FDRE clocked by clk_sys_100mhz  {rise@0.000ns fall@5.000ns period=10.000ns})
  Destination:            u_operational_uart/u_chain/u_puf64_core/u_kcv/u_sponge/block_reg_reg[1462]/D
                            (rising edge-triggered cell FDRE clocked by clk_sys_100mhz  {rise@0.000ns fall@5.000ns period=10.000ns})
  Path Group:             clk_sys_100mhz
  Path Type:              Setup (Max at Slow Process Corner)
  Requirement:            10.000ns  (clk_sys_100mhz rise@10.000ns - clk_sys_100mhz rise@0.000ns)
  Data Path Delay:        9.113ns  (logic 0.484ns (5.311%)  route 8.629ns (94.689%))
  Logic Levels:           1  (LUT6=1)
  Clock Path Skew:        -0.187ns (DCD - SCD + CPR)
    Destination Clock Delay (DCD):    -1.054ns = ( 8.946 - 10.000 ) 
    Source Clock Delay      (SCD):    -0.538ns
    Clock Pessimism Removal (CPR):    0.329ns
  Clock Uncertainty:      0.047ns  ((TSJ^2 + DJ^2)^1/2) / 2 + PE
    Total System Jitter     (TSJ):    0.071ns
    Discrete Jitter          (DJ):    0.063ns
    Phase Error              (PE):    0.000ns

    Location             Delay type                Incr(ns)  Path(ns)    Netlist Resource(s)
  -------------------------------------------------------------------    -------------------
                         (clock clk_sys_100mhz rise edge)
                                                      0.000     0.000 r  
    N18                                               0.000     0.000 r  CLK50MHZ (IN)
                         net (fo=0)                   0.000     0.000    CLK50MHZ
    N18                  IBUF (Prop_ibuf_I_O)         1.392     1.392 r  CLK50MHZ_IBUF_inst/O
                         net (fo=1, routed)           1.110     2.502    CLK50MHZ_IBUF
    MMCME2_ADV_X1Y1      MMCME2_ADV (Prop_mmcme2_adv_CLKIN1_CLKOUT0)
                                                     -6.247    -3.745 r  mmcm_i/CLKOUT0
                         net (fo=1, routed)           1.597    -2.148    clk_100_raw
    BUFGCTRL_X0Y16       BUFG (Prop_bufg_I_O)         0.085    -2.063 r  bufg_sys/O
                         net (fo=30806, routed)       1.525    -0.538    u_operational_uart/u_chain/u_puf64_core/u_kcv/u_sponge/clk
    SLICE_X99Y3          FDRE                                         r  u_operational_uart/u_chain/u_puf64_core/u_kcv/u_sponge/wr_idx_reg[0]_rep__8/C
  -------------------------------------------------------------------    -------------------
    SLICE_X99Y3          FDRE (Prop_fdre_C_Q)         0.379    -0.159 r  u_operational_uart/u_chain/u_puf64_core/u_kcv/u_sponge/wr_idx_reg[0]_rep__8/Q
                         net (fo=127, routed)         8.629     8.470    u_operational_uart/u_chain/u_puf64_core/u_kcv/u_sponge/wr_idx_reg[0]_rep__8_n_0
    SLICE_X13Y39         LUT6 (Prop_lut6_I1_O)        0.105     8.575 r  u_operational_uart/u_chain/u_puf64_core/u_kcv/u_sponge/block_reg[1462]_i_1/O
                         net (fo=1, routed)           0.000     8.575    u_operational_uart/u_chain/u_puf64_core/u_kcv/u_sponge/block_reg[1462]_i_1_n_0
    SLICE_X13Y39         FDRE                                         r  u_operational_uart/u_chain/u_puf64_core/u_kcv/u_sponge/block_reg_reg[1462]/D
  -------------------------------------------------------------------    -------------------

                         (clock clk_sys_100mhz rise edge)
                                                     10.000    10.000 r  
    N18                                               0.000    10.000 r  CLK50MHZ (IN)
                         net (fo=0)                   0.000    10.000    CLK50MHZ
    N18                  IBUF (Prop_ibuf_I_O)         1.327    11.327 r  CLK50MHZ_IBUF_inst/O
                         net (fo=1, routed)           1.004    12.330    CLK50MHZ_IBUF
    MMCME2_ADV_X1Y1      MMCME2_ADV (Prop_mmcme2_adv_CLKIN1_CLKOUT0)
                                                     -6.242     6.089 r  mmcm_i/CLKOUT0
                         net (fo=1, routed)           1.454     7.543    clk_100_raw
    BUFGCTRL_X0Y16       BUFG (Prop_bufg_I_O)         0.077     7.620 r  bufg_sys/O
                         net (fo=30806, routed)       1.326     8.946    u_operational_uart/u_chain/u_puf64_core/u_kcv/u_sponge/clk
    SLICE_X13Y39         FDRE                                         r  u_operational_uart/u_chain/u_puf64_core/u_kcv/u_sponge/block_reg_reg[1462]/C
                         clock pessimism              0.329     9.275    
                         clock uncertainty           -0.047     9.228    
    SLICE_X13Y39         FDRE (Setup_fdre_C_D)        0.030     9.258    u_operational_uart/u_chain/u_puf64_core/u_kcv/u_sponge/block_reg_reg[1462]
  -------------------------------------------------------------------
                         required time                          9.258    
                         arrival time                          -8.575    
  -------------------------------------------------------------------
                         slack                                  0.683    

Slack (MET) :             0.685ns  (required time - arrival time)
  Source:                 u_operational_uart/u_chain/u_puf64_core/u_kcv/u_sponge/wr_idx_reg[0]_rep__8/C
                            (rising edge-triggered cell FDRE clocked by clk_sys_100mhz  {rise@0.000ns fall@5.000ns period=10.000ns})
  Destination:            u_operational_uart/u_chain/u_puf64_core/u_kcv/u_sponge/block_reg_reg[1463]/D
                            (rising edge-triggered cell FDRE clocked by clk_sys_100mhz  {rise@0.000ns fall@5.000ns period=10.000ns})
  Path Group:             clk_sys_100mhz
  Path Type:              Setup (Max at Slow Process Corner)
  Requirement:            10.000ns  (clk_sys_100mhz rise@10.000ns - clk_sys_100mhz rise@0.000ns)
  Data Path Delay:        9.113ns  (logic 0.484ns (5.311%)  route 8.629ns (94.689%))
  Logic Levels:           1  (LUT6=1)
  Clock Path Skew:        -0.187ns (DCD - SCD + CPR)
    Destination Clock Delay (DCD):    -1.054ns = ( 8.946 - 10.000 ) 
    Source Clock Delay      (SCD):    -0.538ns
    Clock Pessimism Removal (CPR):    0.329ns
  Clock Uncertainty:      0.047ns  ((TSJ^2 + DJ^2)^1/2) / 2 + PE
    Total System Jitter     (TSJ):    0.071ns
    Discrete Jitter          (DJ):    0.063ns
    Phase Error              (PE):    0.000ns

    Location             Delay type                Incr(ns)  Path(ns)    Netlist Resource(s)
  -------------------------------------------------------------------    -------------------
                         (clock clk_sys_100mhz rise edge)
                                                      0.000     0.000 r  
    N18                                               0.000     0.000 r  CLK50MHZ (IN)
                         net (fo=0)                   0.000     0.000    CLK50MHZ
    N18                  IBUF (Prop_ibuf_I_O)         1.392     1.392 r  CLK50MHZ_IBUF_inst/O
                         net (fo=1, routed)           1.110     2.502    CLK50MHZ_IBUF
    MMCME2_ADV_X1Y1      MMCME2_ADV (Prop_mmcme2_adv_CLKIN1_CLKOUT0)
                                                     -6.247    -3.745 r  mmcm_i/CLKOUT0
                         net (fo=1, routed)           1.597    -2.148    clk_100_raw
    BUFGCTRL_X0Y16       BUFG (Prop_bufg_I_O)         0.085    -2.063 r  bufg_sys/O
                         net (fo=30806, routed)       1.525    -0.538    u_operational_uart/u_chain/u_puf64_core/u_kcv/u_sponge/clk
    SLICE_X99Y3          FDRE                                         r  u_operational_uart/u_chain/u_puf64_core/u_kcv/u_sponge/wr_idx_reg[0]_rep__8/C
  -------------------------------------------------------------------    -------------------
    SLICE_X99Y3          FDRE (Prop_fdre_C_Q)         0.379    -0.159 r  u_operational_uart/u_chain/u_puf64_core/u_kcv/u_sponge/wr_idx_reg[0]_rep__8/Q
                         net (fo=127, routed)         8.629     8.470    u_operational_uart/u_chain/u_puf64_core/u_kcv/u_sponge/wr_idx_reg[0]_rep__8_n_0
    SLICE_X13Y39         LUT6 (Prop_lut6_I1_O)        0.105     8.575 r  u_operational_uart/u_chain/u_puf64_core/u_kcv/u_sponge/block_reg[1463]_i_1/O
                         net (fo=1, routed)           0.000     8.575    u_operational_uart/u_chain/u_puf64_core/u_kcv/u_sponge/block_reg[1463]_i_1_n_0
    SLICE_X13Y39         FDRE                                         r  u_operational_uart/u_chain/u_puf64_core/u_kcv/u_sponge/block_reg_reg[1463]/D
  -------------------------------------------------------------------    -------------------

                         (clock clk_sys_100mhz rise edge)
                                                     10.000    10.000 r  
    N18                                               0.000    10.000 r  CLK50MHZ (IN)
                         net (fo=0)                   0.000    10.000    CLK50MHZ
    N18                  IBUF (Prop_ibuf_I_O)         1.327    11.327 r  CLK50MHZ_IBUF_inst/O
                         net (fo=1, routed)           1.004    12.330    CLK50MHZ_IBUF
    MMCME2_ADV_X1Y1      MMCME2_ADV (Prop_mmcme2_adv_CLKIN1_CLKOUT0)
                                                     -6.242     6.089 r  mmcm_i/CLKOUT0
                         net (fo=1, routed)           1.454     7.543    clk_100_raw
    BUFGCTRL_X0Y16       BUFG (Prop_bufg_I_O)         0.077     7.620 r  bufg_sys/O
                         net (fo=30806, routed)       1.326     8.946    u_operational_uart/u_chain/u_puf64_core/u_kcv/u_sponge/clk
    SLICE_X13Y39         FDRE                                         r  u_operational_uart/u_chain/u_puf64_core/u_kcv/u_sponge/block_reg_reg[1463]/C
                         clock pessimism              0.329     9.275    
                         clock uncertainty           -0.047     9.228    
    SLICE_X13Y39         FDRE (Setup_fdre_C_D)        0.032     9.260    u_operational_uart/u_chain/u_puf64_core/u_kcv/u_sponge/block_reg_reg[1463]
  -------------------------------------------------------------------
                         required time                          9.260    
                         arrival time                          -8.575    
  -------------------------------------------------------------------
                         slack                                  0.685    

Slack (MET) :             0.689ns  (required time - arrival time)
  Source:                 u_operational_uart/u_chain/u_puf64_core/u_kcv/u_sponge/wr_idx_reg[0]_rep__8/C
                            (rising edge-triggered cell FDRE clocked by clk_sys_100mhz  {rise@0.000ns fall@5.000ns period=10.000ns})
  Destination:            u_operational_uart/u_chain/u_puf64_core/u_kcv/u_sponge/block_reg_reg[1465]/D
                            (rising edge-triggered cell FDRE clocked by clk_sys_100mhz  {rise@0.000ns fall@5.000ns period=10.000ns})
  Path Group:             clk_sys_100mhz
  Path Type:              Setup (Max at Slow Process Corner)
  Requirement:            10.000ns  (clk_sys_100mhz rise@10.000ns - clk_sys_100mhz rise@0.000ns)
  Data Path Delay:        9.110ns  (logic 0.484ns (5.313%)  route 8.626ns (94.687%))
  Logic Levels:           1  (LUT6=1)
  Clock Path Skew:        -0.187ns (DCD - SCD + CPR)
    Destination Clock Delay (DCD):    -1.054ns = ( 8.946 - 10.000 ) 
    Source Clock Delay      (SCD):    -0.538ns
    Clock Pessimism Removal (CPR):    0.329ns
  Clock Uncertainty:      0.047ns  ((TSJ^2 + DJ^2)^1/2) / 2 + PE
    Total System Jitter     (TSJ):    0.071ns
    Discrete Jitter          (DJ):    0.063ns
    Phase Error              (PE):    0.000ns

    Location             Delay type                Incr(ns)  Path(ns)    Netlist Resource(s)
  -------------------------------------------------------------------    -------------------
                         (clock clk_sys_100mhz rise edge)
                                                      0.000     0.000 r  
    N18                                               0.000     0.000 r  CLK50MHZ (IN)
                         net (fo=0)                   0.000     0.000    CLK50MHZ
    N18                  IBUF (Prop_ibuf_I_O)         1.392     1.392 r  CLK50MHZ_IBUF_inst/O
                         net (fo=1, routed)           1.110     2.502    CLK50MHZ_IBUF
    MMCME2_ADV_X1Y1      MMCME2_ADV (Prop_mmcme2_adv_CLKIN1_CLKOUT0)
                                                     -6.247    -3.745 r  mmcm_i/CLKOUT0
                         net (fo=1, routed)           1.597    -2.148    clk_100_raw
    BUFGCTRL_X0Y16       BUFG (Prop_bufg_I_O)         0.085    -2.063 r  bufg_sys/O
                         net (fo=30806, routed)       1.525    -0.538    u_operational_uart/u_chain/u_puf64_core/u_kcv/u_sponge/clk
    SLICE_X99Y3          FDRE                                         r  u_operational_uart/u_chain/u_puf64_core/u_kcv/u_sponge/wr_idx_reg[0]_rep__8/C
  -------------------------------------------------------------------    -------------------
    SLICE_X99Y3          FDRE (Prop_fdre_C_Q)         0.379    -0.159 r  u_operational_uart/u_chain/u_puf64_core/u_kcv/u_sponge/wr_idx_reg[0]_rep__8/Q
                         net (fo=127, routed)         8.626     8.467    u_operational_uart/u_chain/u_puf64_core/u_kcv/u_sponge/wr_idx_reg[0]_rep__8_n_0
    SLICE_X13Y39         LUT6 (Prop_lut6_I1_O)        0.105     8.572 r  u_operational_uart/u_chain/u_puf64_core/u_kcv/u_sponge/block_reg[1465]_i_1/O
                         net (fo=1, routed)           0.000     8.572    u_operational_uart/u_chain/u_puf64_core/u_kcv/u_sponge/block_reg[1465]_i_1_n_0
    SLICE_X13Y39         FDRE                                         r  u_operational_uart/u_chain/u_puf64_core/u_kcv/u_sponge/block_reg_reg[1465]/D
  -------------------------------------------------------------------    -------------------

                         (clock clk_sys_100mhz rise edge)
                                                     10.000    10.000 r  
    N18                                               0.000    10.000 r  CLK50MHZ (IN)
                         net (fo=0)                   0.000    10.000    CLK50MHZ
    N18                  IBUF (Prop_ibuf_I_O)         1.327    11.327 r  CLK50MHZ_IBUF_inst/O
                         net (fo=1, routed)           1.004    12.330    CLK50MHZ_IBUF
    MMCME2_ADV_X1Y1      MMCME2_ADV (Prop_mmcme2_adv_CLKIN1_CLKOUT0)
                                                     -6.242     6.089 r  mmcm_i/CLKOUT0
                         net (fo=1, routed)           1.454     7.543    clk_100_raw
    BUFGCTRL_X0Y16       BUFG (Prop_bufg_I_O)         0.077     7.620 r  bufg_sys/O
                         net (fo=30806, routed)       1.326     8.946    u_operational_uart/u_chain/u_puf64_core/u_kcv/u_sponge/clk
    SLICE_X13Y39         FDRE                                         r  u_operational_uart/u_chain/u_puf64_core/u_kcv/u_sponge/block_reg_reg[1465]/C
                         clock pessimism              0.329     9.275    
                         clock uncertainty           -0.047     9.228    
    SLICE_X13Y39         FDRE (Setup_fdre_C_D)        0.033     9.261    u_operational_uart/u_chain/u_puf64_core/u_kcv/u_sponge/block_reg_reg[1465]
  -------------------------------------------------------------------
                         required time                          9.261    
                         arrival time                          -8.572    
  -------------------------------------------------------------------
                         slack                                  0.689    

Slack (MET) :             0.738ns  (required time - arrival time)
  Source:                 u_operational_uart/u_chain/u_puf64_core/u_kcv/u_sponge/wr_idx_reg[2]_rep__3/C
                            (rising edge-triggered cell FDRE clocked by clk_sys_100mhz  {rise@0.000ns fall@5.000ns period=10.000ns})
  Destination:            u_operational_uart/u_chain/u_puf64_core/u_kcv/u_sponge/block_reg_reg[1429]/D
                            (rising edge-triggered cell FDRE clocked by clk_sys_100mhz  {rise@0.000ns fall@5.000ns period=10.000ns})
  Path Group:             clk_sys_100mhz
  Path Type:              Setup (Max at Slow Process Corner)
  Requirement:            10.000ns  (clk_sys_100mhz rise@10.000ns - clk_sys_100mhz rise@0.000ns)
  Data Path Delay:        9.162ns  (logic 0.484ns (5.283%)  route 8.678ns (94.717%))
  Logic Levels:           1  (LUT6=1)
  Clock Path Skew:        -0.129ns (DCD - SCD + CPR)
    Destination Clock Delay (DCD):    -1.060ns = ( 8.940 - 10.000 ) 
    Source Clock Delay      (SCD):    -0.602ns
    Clock Pessimism Removal (CPR):    0.329ns
  Clock Uncertainty:      0.047ns  ((TSJ^2 + DJ^2)^1/2) / 2 + PE
    Total System Jitter     (TSJ):    0.071ns
    Discrete Jitter          (DJ):    0.063ns
    Phase Error              (PE):    0.000ns

    Location             Delay type                Incr(ns)  Path(ns)    Netlist Resource(s)
  -------------------------------------------------------------------    -------------------
                         (clock clk_sys_100mhz rise edge)
                                                      0.000     0.000 r  
    N18                                               0.000     0.000 r  CLK50MHZ (IN)
                         net (fo=0)                   0.000     0.000    CLK50MHZ
    N18                  IBUF (Prop_ibuf_I_O)         1.392     1.392 r  CLK50MHZ_IBUF_inst/O
                         net (fo=1, routed)           1.110     2.502    CLK50MHZ_IBUF
    MMCME2_ADV_X1Y1      MMCME2_ADV (Prop_mmcme2_adv_CLKIN1_CLKOUT0)
                                                     -6.247    -3.745 r  mmcm_i/CLKOUT0
                         net (fo=1, routed)           1.597    -2.148    clk_100_raw
    BUFGCTRL_X0Y16       BUFG (Prop_bufg_I_O)         0.085    -2.063 r  bufg_sys/O
                         net (fo=30806, routed)       1.461    -0.602    u_operational_uart/u_chain/u_puf64_core/u_kcv/u_sponge/clk
    SLICE_X56Y3          FDRE                                         r  u_operational_uart/u_chain/u_puf64_core/u_kcv/u_sponge/wr_idx_reg[2]_rep__3/C
  -------------------------------------------------------------------    -------------------
    SLICE_X56Y3          FDRE (Prop_fdre_C_Q)         0.379    -0.223 r  u_operational_uart/u_chain/u_puf64_core/u_kcv/u_sponge/wr_idx_reg[2]_rep__3/Q
                         net (fo=104, routed)         8.678     8.455    u_operational_uart/u_chain/u_puf64_core/u_kcv/u_sponge/wr_idx_reg[2]_rep__3_n_0
    SLICE_X10Y30         LUT6 (Prop_lut6_I1_O)        0.105     8.560 r  u_operational_uart/u_chain/u_puf64_core/u_kcv/u_sponge/block_reg[1429]_i_1/O
                         net (fo=1, routed)           0.000     8.560    u_operational_uart/u_chain/u_puf64_core/u_kcv/u_sponge/block_reg[1429]_i_1_n_0
    SLICE_X10Y30         FDRE                                         r  u_operational_uart/u_chain/u_puf64_core/u_kcv/u_sponge/block_reg_reg[1429]/D
  -------------------------------------------------------------------    -------------------

                         (clock clk_sys_100mhz rise edge)
                                                     10.000    10.000 r  
    N18                                               0.000    10.000 r  CLK50MHZ (IN)
                         net (fo=0)                   0.000    10.000    CLK50MHZ
    N18                  IBUF (Prop_ibuf_I_O)         1.327    11.327 r  CLK50MHZ_IBUF_inst/O
                         net (fo=1, routed)           1.004    12.330    CLK50MHZ_IBUF
    MMCME2_ADV_X1Y1      MMCME2_ADV (Prop_mmcme2_adv_CLKIN1_CLKOUT0)
                                                     -6.242     6.089 r  mmcm_i/CLKOUT0
                         net (fo=1, routed)           1.454     7.543    clk_100_raw
    BUFGCTRL_X0Y16       BUFG (Prop_bufg_I_O)         0.077     7.620 r  bufg_sys/O
                         net (fo=30806, routed)       1.320     8.940    u_operational_uart/u_chain/u_puf64_core/u_kcv/u_sponge/clk
    SLICE_X10Y30         FDRE                                         r  u_operational_uart/u_chain/u_puf64_core/u_kcv/u_sponge/block_reg_reg[1429]/C
                         clock pessimism              0.329     9.269    
                         clock uncertainty           -0.047     9.222    
    SLICE_X10Y30         FDRE (Setup_fdre_C_D)        0.076     9.298    u_operational_uart/u_chain/u_puf64_core/u_kcv/u_sponge/block_reg_reg[1429]
  -------------------------------------------------------------------
                         required time                          9.298    
                         arrival time                          -8.560    
  -------------------------------------------------------------------
                         slack                                  0.738    

Slack (MET) :             0.776ns  (required time - arrival time)
  Source:                 u_operational_uart/u_chain/u_puf64_core/u_puf64_scheduler/sel_ptr_reg[1]/C
                            (rising edge-triggered cell FDCE clocked by clk_sys_100mhz  {rise@0.000ns fall@5.000ns period=10.000ns})
  Destination:            u_operational_uart/u_chain/u_puf64_core/u_puf64_scheduler/lookup_full_r_reg[2]/D
                            (rising edge-triggered cell FDCE clocked by clk_sys_100mhz  {rise@0.000ns fall@5.000ns period=10.000ns})
  Path Group:             clk_sys_100mhz
  Path Type:              Setup (Max at Slow Process Corner)
  Requirement:            10.000ns  (clk_sys_100mhz rise@10.000ns - clk_sys_100mhz rise@0.000ns)
  Data Path Delay:        9.077ns  (logic 4.534ns (49.951%)  route 4.543ns (50.049%))
  Logic Levels:           15  (CARRY4=6 LUT1=3 LUT2=1 LUT5=2 LUT6=2 MUXF7=1)
  Clock Path Skew:        -0.130ns (DCD - SCD + CPR)
    Destination Clock Delay (DCD):    -1.144ns = ( 8.856 - 10.000 ) 
    Source Clock Delay      (SCD):    -0.685ns
    Clock Pessimism Removal (CPR):    0.329ns
  Clock Uncertainty:      0.047ns  ((TSJ^2 + DJ^2)^1/2) / 2 + PE
    Total System Jitter     (TSJ):    0.071ns
    Discrete Jitter          (DJ):    0.063ns
    Phase Error              (PE):    0.000ns

    Location             Delay type                Incr(ns)  Path(ns)    Netlist Resource(s)
  -------------------------------------------------------------------    -------------------
                         (clock clk_sys_100mhz rise edge)
                                                      0.000     0.000 r  
    N18                                               0.000     0.000 r  CLK50MHZ (IN)
                         net (fo=0)                   0.000     0.000    CLK50MHZ
    N18                  IBUF (Prop_ibuf_I_O)         1.392     1.392 r  CLK50MHZ_IBUF_inst/O
                         net (fo=1, routed)           1.110     2.502    CLK50MHZ_IBUF
    MMCME2_ADV_X1Y1      MMCME2_ADV (Prop_mmcme2_adv_CLKIN1_CLKOUT0)
                                                     -6.247    -3.745 r  mmcm_i/CLKOUT0
                         net (fo=1, routed)           1.597    -2.148    clk_100_raw
    BUFGCTRL_X0Y16       BUFG (Prop_bufg_I_O)         0.085    -2.063 r  bufg_sys/O
                         net (fo=30806, routed)       1.378    -0.685    u_operational_uart/u_chain/u_puf64_core/u_puf64_scheduler/clk
    SLICE_X53Y53         FDCE                                         r  u_operational_uart/u_chain/u_puf64_core/u_puf64_scheduler/sel_ptr_reg[1]/C
  -------------------------------------------------------------------    -------------------
    SLICE_X53Y53         FDCE (Prop_fdce_C_Q)         0.379    -0.306 f  u_operational_uart/u_chain/u_puf64_core/u_puf64_scheduler/sel_ptr_reg[1]/Q
                         net (fo=15, routed)          0.452     0.146    u_operational_uart/u_chain/u_puf64_core/u_puf64_scheduler/sel_ptr_reg_n_0_[1]
    SLICE_X49Y52         LUT1 (Prop_lut1_I0_O)        0.105     0.251 r  u_operational_uart/u_chain/u_puf64_core/u_puf64_scheduler/lookup_full_r[10]_i_19/O
                         net (fo=1, routed)           0.000     0.251    u_operational_uart/u_chain/u_puf64_core/u_puf64_scheduler/lookup_full_r[10]_i_19_n_0
    SLICE_X49Y52         CARRY4 (Prop_carry4_S[1]_O[3])
                                                      0.530     0.781 r  u_operational_uart/u_chain/u_puf64_core/u_puf64_scheduler/lookup_full_r_reg[10]_i_6/O[3]
                         net (fo=1, routed)           0.365     1.146    u_operational_uart/u_chain/u_puf64_core/u_puf64_scheduler/lookup_full_r_reg[10]_i_6_n_4
    SLICE_X48Y52         LUT2 (Prop_lut2_I1_O)        0.257     1.403 r  u_operational_uart/u_chain/u_puf64_core/u_puf64_scheduler/lookup_full_r[10]_i_125/O
                         net (fo=1, routed)           0.000     1.403    u_operational_uart/u_chain/u_puf64_core/u_puf64_scheduler/lookup_full_r[10]_i_125_n_0
    SLICE_X48Y52         CARRY4 (Prop_carry4_S[1]_O[2])
                                                      0.481     1.884 f  u_operational_uart/u_chain/u_puf64_core/u_puf64_scheduler/lookup_full_r_reg[10]_i_76/O[2]
                         net (fo=1, routed)           0.355     2.240    u_operational_uart/u_chain/u_puf64_core/u_puf64_scheduler_n_3
    SLICE_X46Y51         LUT1 (Prop_lut1_I0_O)        0.253     2.493 r  u_operational_uart/u_chain/u_puf64_core/lookup_full_r[10]_i_37/O
                         net (fo=1, routed)           0.000     2.493    u_operational_uart/u_chain/u_puf64_core/lookup_full_r[10]_i_37_n_0
    SLICE_X46Y51         CARRY4 (Prop_carry4_S[3]_CO[3])
                                                      0.314     2.807 r  u_operational_uart/u_chain/u_puf64_core/lookup_full_r_reg[10]_i_11/CO[3]
                         net (fo=1, routed)           0.000     2.807    u_operational_uart/u_chain/u_puf64_core/lookup_full_r_reg[10]_i_11_n_0
    SLICE_X46Y52         CARRY4 (Prop_carry4_CI_O[1])
                                                      0.257     3.064 f  u_operational_uart/u_chain/u_puf64_core/lookup_full_r_reg[10]_i_66/O[1]
                         net (fo=2, routed)           0.390     3.454    u_operational_uart/u_chain/u_puf64_core/lookup_full_r_reg[10]_i_66_n_6
    SLICE_X44Y52         LUT1 (Prop_lut1_I0_O)        0.245     3.699 r  u_operational_uart/u_chain/u_puf64_core/lookup_full_r[10]_i_68/O
                         net (fo=1, routed)           0.000     3.699    u_operational_uart/u_chain/u_puf64_core/lookup_full_r[10]_i_68_n_0
    SLICE_X44Y52         CARRY4 (Prop_carry4_S[1]_CO[3])
                                                      0.457     4.156 r  u_operational_uart/u_chain/u_puf64_core/lookup_full_r_reg[10]_i_25/CO[3]
                         net (fo=1, routed)           0.000     4.156    u_operational_uart/u_chain/u_puf64_core/lookup_full_r_reg[10]_i_25_n_0
    SLICE_X44Y53         CARRY4 (Prop_carry4_CI_O[0])
                                                      0.180     4.336 r  u_operational_uart/u_chain/u_puf64_core/lookup_full_r_reg[10]_i_65/O[0]
                         net (fo=86, routed)          1.140     5.475    u_operational_uart/u_chain/u_puf64_core/u_puf64_scheduler/puf64_map_sorted_full_return0[8]
    SLICE_X37Y55         LUT6 (Prop_lut6_I0_O)        0.249     5.724 f  u_operational_uart/u_chain/u_puf64_core/u_puf64_scheduler/lookup_full_r[10]_i_73/O
                         net (fo=1, routed)           0.000     5.724    u_operational_uart/u_chain/u_puf64_core/u_puf64_scheduler/lookup_full_r[10]_i_73_n_0
    SLICE_X37Y55         MUXF7 (Prop_muxf7_I1_O)      0.182     5.906 f  u_operational_uart/u_chain/u_puf64_core/u_puf64_scheduler/lookup_full_r_reg[10]_i_33/O
                         net (fo=3, routed)           0.690     6.597    u_operational_uart/u_chain/u_puf64_core/u_puf64_scheduler/lookup_full_r_reg[10]_i_33_n_0
    SLICE_X37Y54         LUT5 (Prop_lut5_I0_O)        0.273     6.870 f  u_operational_uart/u_chain/u_puf64_core/u_puf64_scheduler/lookup_full_r[3]_i_5/O
                         net (fo=1, routed)           0.577     7.447    u_operational_uart/u_chain/u_puf64_core/u_puf64_scheduler/lookup_full_r[3]_i_5_n_0
    SLICE_X37Y51         LUT5 (Prop_lut5_I4_O)        0.267     7.714 f  u_operational_uart/u_chain/u_puf64_core/u_puf64_scheduler/lookup_full_r[3]_i_2/O
                         net (fo=2, routed)           0.573     8.287    u_operational_uart/u_chain/u_puf64_core/u_puf64_scheduler/lookup_full_r[3]_i_2_n_0
    SLICE_X37Y50         LUT6 (Prop_lut6_I1_O)        0.105     8.392 r  u_operational_uart/u_chain/u_puf64_core/u_puf64_scheduler/lookup_full_r[2]_i_1/O
                         net (fo=1, routed)           0.000     8.392    u_operational_uart/u_chain/u_puf64_core/u_puf64_scheduler/lookup_full_r[2]_i_1_n_0
    SLICE_X37Y50         FDCE                                         r  u_operational_uart/u_chain/u_puf64_core/u_puf64_scheduler/lookup_full_r_reg[2]/D
  -------------------------------------------------------------------    -------------------

                         (clock clk_sys_100mhz rise edge)
                                                     10.000    10.000 r  
    N18                                               0.000    10.000 r  CLK50MHZ (IN)
                         net (fo=0)                   0.000    10.000    CLK50MHZ
    N18                  IBUF (Prop_ibuf_I_O)         1.327    11.327 r  CLK50MHZ_IBUF_inst/O
                         net (fo=1, routed)           1.004    12.330    CLK50MHZ_IBUF
    MMCME2_ADV_X1Y1      MMCME2_ADV (Prop_mmcme2_adv_CLKIN1_CLKOUT0)
                                                     -6.242     6.089 r  mmcm_i/CLKOUT0
                         net (fo=1, routed)           1.454     7.543    clk_100_raw
    BUFGCTRL_X0Y16       BUFG (Prop_bufg_I_O)         0.077     7.620 r  bufg_sys/O
                         net (fo=30806, routed)       1.236     8.856    u_operational_uart/u_chain/u_puf64_core/u_puf64_scheduler/clk
    SLICE_X37Y50         FDCE                                         r  u_operational_uart/u_chain/u_puf64_core/u_puf64_scheduler/lookup_full_r_reg[2]/C
                         clock pessimism              0.329     9.185    
                         clock uncertainty           -0.047     9.138    
    SLICE_X37Y50         FDCE (Setup_fdce_C_D)        0.030     9.168    u_operational_uart/u_chain/u_puf64_core/u_puf64_scheduler/lookup_full_r_reg[2]
  -------------------------------------------------------------------
                         required time                          9.168    
                         arrival time                          -8.392    
  -------------------------------------------------------------------
                         slack                                  0.776    

Slack (MET) :             0.779ns  (required time - arrival time)
  Source:                 u_operational_uart/u_chain/u_puf64_core/u_puf64_scheduler/sel_ptr_reg[1]/C
                            (rising edge-triggered cell FDCE clocked by clk_sys_100mhz  {rise@0.000ns fall@5.000ns period=10.000ns})
  Destination:            u_operational_uart/u_chain/u_puf64_core/u_puf64_scheduler/lookup_full_r_reg[0]/D
                            (rising edge-triggered cell FDCE clocked by clk_sys_100mhz  {rise@0.000ns fall@5.000ns period=10.000ns})
  Path Group:             clk_sys_100mhz
  Path Type:              Setup (Max at Slow Process Corner)
  Requirement:            10.000ns  (clk_sys_100mhz rise@10.000ns - clk_sys_100mhz rise@0.000ns)
  Data Path Delay:        9.073ns  (logic 4.496ns (49.552%)  route 4.577ns (50.448%))
  Logic Levels:           15  (CARRY4=7 LUT1=2 LUT2=1 LUT3=1 LUT5=1 LUT6=3)
  Clock Path Skew:        -0.130ns (DCD - SCD + CPR)
    Destination Clock Delay (DCD):    -1.144ns = ( 8.856 - 10.000 ) 
    Source Clock Delay      (SCD):    -0.685ns
    Clock Pessimism Removal (CPR):    0.329ns
  Clock Uncertainty:      0.047ns  ((TSJ^2 + DJ^2)^1/2) / 2 + PE
    Total System Jitter     (TSJ):    0.071ns
    Discrete Jitter          (DJ):    0.063ns
    Phase Error              (PE):    0.000ns

    Location             Delay type                Incr(ns)  Path(ns)    Netlist Resource(s)
  -------------------------------------------------------------------    -------------------
                         (clock clk_sys_100mhz rise edge)
                                                      0.000     0.000 r  
    N18                                               0.000     0.000 r  CLK50MHZ (IN)
                         net (fo=0)                   0.000     0.000    CLK50MHZ
    N18                  IBUF (Prop_ibuf_I_O)         1.392     1.392 r  CLK50MHZ_IBUF_inst/O
                         net (fo=1, routed)           1.110     2.502    CLK50MHZ_IBUF
    MMCME2_ADV_X1Y1      MMCME2_ADV (Prop_mmcme2_adv_CLKIN1_CLKOUT0)
                                                     -6.247    -3.745 r  mmcm_i/CLKOUT0
                         net (fo=1, routed)           1.597    -2.148    clk_100_raw
    BUFGCTRL_X0Y16       BUFG (Prop_bufg_I_O)         0.085    -2.063 r  bufg_sys/O
                         net (fo=30806, routed)       1.378    -0.685    u_operational_uart/u_chain/u_puf64_core/u_puf64_scheduler/clk
    SLICE_X53Y53         FDCE                                         r  u_operational_uart/u_chain/u_puf64_core/u_puf64_scheduler/sel_ptr_reg[1]/C
  -------------------------------------------------------------------    -------------------
    SLICE_X53Y53         FDCE (Prop_fdce_C_Q)         0.379    -0.306 f  u_operational_uart/u_chain/u_puf64_core/u_puf64_scheduler/sel_ptr_reg[1]/Q
                         net (fo=15, routed)          0.452     0.146    u_operational_uart/u_chain/u_puf64_core/u_puf64_scheduler/sel_ptr_reg_n_0_[1]
    SLICE_X49Y52         LUT1 (Prop_lut1_I0_O)        0.105     0.251 r  u_operational_uart/u_chain/u_puf64_core/u_puf64_scheduler/lookup_full_r[10]_i_19/O
                         net (fo=1, routed)           0.000     0.251    u_operational_uart/u_chain/u_puf64_core/u_puf64_scheduler/lookup_full_r[10]_i_19_n_0
    SLICE_X49Y52         CARRY4 (Prop_carry4_S[1]_CO[3])
                                                      0.457     0.708 r  u_operational_uart/u_chain/u_puf64_core/u_puf64_scheduler/lookup_full_r_reg[10]_i_6/CO[3]
                         net (fo=1, routed)           0.000     0.708    u_operational_uart/u_chain/u_puf64_core/u_puf64_scheduler/lookup_full_r_reg[10]_i_6_n_0
    SLICE_X49Y53         CARRY4 (Prop_carry4_CI_O[1])
                                                      0.265     0.973 r  u_operational_uart/u_chain/u_puf64_core/u_puf64_scheduler/lookup_full_r_reg[10]_i_130/O[1]
                         net (fo=1, routed)           0.326     1.299    u_operational_uart/u_chain/u_puf64_core/u_puf64_scheduler/lookup_full_r_reg[10]_i_130_n_6
    SLICE_X48Y52         LUT2 (Prop_lut2_I1_O)        0.250     1.549 r  u_operational_uart/u_chain/u_puf64_core/u_puf64_scheduler/lookup_full_r[10]_i_123/O
                         net (fo=1, routed)           0.000     1.549    u_operational_uart/u_chain/u_puf64_core/u_puf64_scheduler/lookup_full_r[10]_i_123_n_0
    SLICE_X48Y52         CARRY4 (Prop_carry4_S[3]_CO[3])
                                                      0.332     1.881 r  u_operational_uart/u_chain/u_puf64_core/u_puf64_scheduler/lookup_full_r_reg[10]_i_76/CO[3]
                         net (fo=1, routed)           0.000     1.881    u_operational_uart/u_chain/u_puf64_core/u_puf64_scheduler/lookup_full_r_reg[10]_i_76_n_0
    SLICE_X48Y53         CARRY4 (Prop_carry4_CI_O[0])
                                                      0.180     2.061 f  u_operational_uart/u_chain/u_puf64_core/u_puf64_scheduler/lookup_full_r_reg[10]_i_129/O[0]
                         net (fo=1, routed)           0.362     2.424    u_operational_uart/u_chain/u_puf64_core/u_puf64_scheduler_n_9
    SLICE_X46Y52         LUT1 (Prop_lut1_I0_O)        0.249     2.673 r  u_operational_uart/u_chain/u_puf64_core/lookup_full_r[10]_i_121/O
                         net (fo=1, routed)           0.000     2.673    u_operational_uart/u_chain/u_puf64_core/lookup_full_r[10]_i_121_n_0
    SLICE_X46Y52         CARRY4 (Prop_carry4_S[1]_CO[3])
                                                      0.444     3.117 r  u_operational_uart/u_chain/u_puf64_core/lookup_full_r_reg[10]_i_66/CO[3]
                         net (fo=1, routed)           0.000     3.117    u_operational_uart/u_chain/u_puf64_core/lookup_full_r_reg[10]_i_66_n_0
    SLICE_X46Y53         CARRY4 (Prop_carry4_CI_O[1])
                                                      0.257     3.374 r  u_operational_uart/u_chain/u_puf64_core/lookup_full_r_reg[10]_i_116/O[1]
                         net (fo=1, routed)           0.376     3.750    u_operational_uart/u_chain/u_puf64_core/lookup_full_r_reg[10]_i_116_n_6
    SLICE_X44Y53         CARRY4 (Prop_carry4_S[1]_O[2])
                                                      0.726     4.476 f  u_operational_uart/u_chain/u_puf64_core/lookup_full_r_reg[10]_i_65/O[2]
                         net (fo=85, routed)          1.022     5.498    u_operational_uart/u_chain/u_puf64_core/u_puf64_scheduler/puf64_map_sorted_full_return0[10]
    SLICE_X43Y50         LUT6 (Prop_lut6_I5_O)        0.253     5.751 f  u_operational_uart/u_chain/u_puf64_core/u_puf64_scheduler/lookup_full_r[7]_i_5/O
                         net (fo=1, routed)           0.557     6.308    u_operational_uart/u_chain/u_puf64_core/u_puf64_scheduler/lookup_full_r[7]_i_5_n_0
    SLICE_X42Y50         LUT3 (Prop_lut3_I2_O)        0.125     6.433 f  u_operational_uart/u_chain/u_puf64_core/u_puf64_scheduler/lookup_full_r[7]_i_4/O
                         net (fo=1, routed)           0.359     6.793    u_operational_uart/u_chain/u_puf64_core/u_puf64_scheduler/lookup_full_r[7]_i_4_n_0
    SLICE_X42Y50         LUT5 (Prop_lut5_I4_O)        0.264     7.057 f  u_operational_uart/u_chain/u_puf64_core/u_puf64_scheduler/lookup_full_r[7]_i_3/O
                         net (fo=4, routed)           0.658     7.714    u_operational_uart/u_chain/u_puf64_core/u_puf64_scheduler/lookup_full_r[7]_i_3_n_0
    SLICE_X37Y51         LUT6 (Prop_lut6_I0_O)        0.105     7.819 f  u_operational_uart/u_chain/u_puf64_core/u_puf64_scheduler/lookup_full_r[1]_i_2/O
                         net (fo=2, routed)           0.464     8.284    u_operational_uart/u_chain/u_puf64_core/u_puf64_scheduler/lookup_full_r[1]_i_2_n_0
    SLICE_X37Y52         LUT6 (Prop_lut6_I1_O)        0.105     8.389 r  u_operational_uart/u_chain/u_puf64_core/u_puf64_scheduler/lookup_full_r[0]_i_1/O
                         net (fo=1, routed)           0.000     8.389    u_operational_uart/u_chain/u_puf64_core/u_puf64_scheduler/lookup_full_r[0]_i_1_n_0
    SLICE_X37Y52         FDCE                                         r  u_operational_uart/u_chain/u_puf64_core/u_puf64_scheduler/lookup_full_r_reg[0]/D
  -------------------------------------------------------------------    -------------------

                         (clock clk_sys_100mhz rise edge)
                                                     10.000    10.000 r  
    N18                                               0.000    10.000 r  CLK50MHZ (IN)
                         net (fo=0)                   0.000    10.000    CLK50MHZ
    N18                  IBUF (Prop_ibuf_I_O)         1.327    11.327 r  CLK50MHZ_IBUF_inst/O
                         net (fo=1, routed)           1.004    12.330    CLK50MHZ_IBUF
    MMCME2_ADV_X1Y1      MMCME2_ADV (Prop_mmcme2_adv_CLKIN1_CLKOUT0)
                                                     -6.242     6.089 r  mmcm_i/CLKOUT0
                         net (fo=1, routed)           1.454     7.543    clk_100_raw
    BUFGCTRL_X0Y16       BUFG (Prop_bufg_I_O)         0.077     7.620 r  bufg_sys/O
                         net (fo=30806, routed)       1.236     8.856    u_operational_uart/u_chain/u_puf64_core/u_puf64_scheduler/clk
    SLICE_X37Y52         FDCE                                         r  u_operational_uart/u_chain/u_puf64_core/u_puf64_scheduler/lookup_full_r_reg[0]/C
                         clock pessimism              0.329     9.185    
                         clock uncertainty           -0.047     9.138    
    SLICE_X37Y52         FDCE (Setup_fdce_C_D)        0.030     9.168    u_operational_uart/u_chain/u_puf64_core/u_puf64_scheduler/lookup_full_r_reg[0]
  -------------------------------------------------------------------
                         required time                          9.168    
                         arrival time                          -8.389    
  -------------------------------------------------------------------
                         slack                                  0.779    





Min Delay Paths
--------------------------------------------------------------------------------------
Slack (MET) :             0.028ns  (arrival time - required time)
  Source:                 u_operational_uart/u_chain/u_puf64_core/u_fe/u_decode/u_bma/sigma_last_reg[54]/C
                            (rising edge-triggered cell FDRE clocked by clk_sys_100mhz  {rise@0.000ns fall@5.000ns period=10.000ns})
  Destination:            u_operational_uart/u_chain/u_puf64_core/u_fe/u_decode/u_bma/beta_reg[72]/D
                            (rising edge-triggered cell FDRE clocked by clk_sys_100mhz  {rise@0.000ns fall@5.000ns period=10.000ns})
  Path Group:             clk_sys_100mhz
  Path Type:              Hold (Min at Fast Process Corner)
  Requirement:            0.000ns  (clk_sys_100mhz rise@0.000ns - clk_sys_100mhz rise@0.000ns)
  Data Path Delay:        0.408ns  (logic 0.190ns (46.586%)  route 0.218ns (53.414%))
  Logic Levels:           1  (LUT3=1)
  Clock Path Skew:        0.273ns (DCD - SCD - CPR)
    Destination Clock Delay (DCD):    -0.899ns
    Source Clock Delay      (SCD):    -0.663ns
    Clock Pessimism Removal (CPR):    -0.510ns

    Location             Delay type                Incr(ns)  Path(ns)    Netlist Resource(s)
  -------------------------------------------------------------------    -------------------
                         (clock clk_sys_100mhz rise edge)
                                                      0.000     0.000 r  
    N18                                               0.000     0.000 r  CLK50MHZ (IN)
                         net (fo=0)                   0.000     0.000    CLK50MHZ
    N18                  IBUF (Prop_ibuf_I_O)         0.229     0.229 r  CLK50MHZ_IBUF_inst/O
                         net (fo=1, routed)           0.440     0.669    CLK50MHZ_IBUF
    MMCME2_ADV_X1Y1      MMCME2_ADV (Prop_mmcme2_adv_CLKIN1_CLKOUT0)
                                                     -2.444    -1.774 r  mmcm_i/CLKOUT0
                         net (fo=1, routed)           0.529    -1.245    clk_100_raw
    BUFGCTRL_X0Y16       BUFG (Prop_bufg_I_O)         0.026    -1.219 r  bufg_sys/O
                         net (fo=30806, routed)       0.557    -0.663    u_operational_uart/u_chain/u_puf64_core/u_fe/u_decode/u_bma/clk
    SLICE_X40Y50         FDRE                                         r  u_operational_uart/u_chain/u_puf64_core/u_fe/u_decode/u_bma/sigma_last_reg[54]/C
  -------------------------------------------------------------------    -------------------
    SLICE_X40Y50         FDRE (Prop_fdre_C_Q)         0.141    -0.522 r  u_operational_uart/u_chain/u_puf64_core/u_fe/u_decode/u_bma/sigma_last_reg[54]/Q
                         net (fo=1, routed)           0.218    -0.304    u_operational_uart/u_chain/u_puf64_core/u_fe/u_decode/u_bma/sigma_last_reg_n_0_[54]
    SLICE_X40Y49         LUT3 (Prop_lut3_I0_O)        0.049    -0.255 r  u_operational_uart/u_chain/u_puf64_core/u_fe/u_decode/u_bma/beta[72]_i_1/O
                         net (fo=1, routed)           0.000    -0.255    u_operational_uart/u_chain/u_puf64_core/u_fe/u_decode/u_bma/beta[72]_i_1_n_0
    SLICE_X40Y49         FDRE                                         r  u_operational_uart/u_chain/u_puf64_core/u_fe/u_decode/u_bma/beta_reg[72]/D
  -------------------------------------------------------------------    -------------------

                         (clock clk_sys_100mhz rise edge)
                                                      0.000     0.000 r  
    N18                                               0.000     0.000 r  CLK50MHZ (IN)
                         net (fo=0)                   0.000     0.000    CLK50MHZ
    N18                  IBUF (Prop_ibuf_I_O)         0.417     0.417 r  CLK50MHZ_IBUF_inst/O
                         net (fo=1, routed)           0.480     0.897    CLK50MHZ_IBUF
    MMCME2_ADV_X1Y1      MMCME2_ADV (Prop_mmcme2_adv_CLKIN1_CLKOUT0)
                                                     -3.231    -2.334 r  mmcm_i/CLKOUT0
                         net (fo=1, routed)           0.576    -1.758    clk_100_raw
    BUFGCTRL_X0Y16       BUFG (Prop_bufg_I_O)         0.029    -1.729 r  bufg_sys/O
                         net (fo=30806, routed)       0.830    -0.899    u_operational_uart/u_chain/u_puf64_core/u_fe/u_decode/u_bma/clk
    SLICE_X40Y49         FDRE                                         r  u_operational_uart/u_chain/u_puf64_core/u_fe/u_decode/u_bma/beta_reg[72]/C
                         clock pessimism              0.510    -0.389    
    SLICE_X40Y49         FDRE (Hold_fdre_C_D)         0.107    -0.282    u_operational_uart/u_chain/u_puf64_core/u_fe/u_decode/u_bma/beta_reg[72]
  -------------------------------------------------------------------
                         required time                          0.282    
                         arrival time                          -0.255    
  -------------------------------------------------------------------
                         slack                                  0.028    

Slack (MET) :             0.048ns  (arrival time - required time)
  Source:                 u_operational_uart/u_chain/u_mlkem/u_server/ntt/BU/R0/q_reg[1]/C
                            (rising edge-triggered cell FDRE clocked by clk_sys_100mhz  {rise@0.000ns fall@5.000ns period=10.000ns})
  Destination:            u_operational_uart/u_chain/u_mlkem/u_server/ntt/BU/quo0_reg[1]/D
                            (rising edge-triggered cell FDRE clocked by clk_sys_100mhz  {rise@0.000ns fall@5.000ns period=10.000ns})
  Path Group:             clk_sys_100mhz
  Path Type:              Hold (Min at Fast Process Corner)
  Requirement:            0.000ns  (clk_sys_100mhz rise@0.000ns - clk_sys_100mhz rise@0.000ns)
  Data Path Delay:        0.298ns  (logic 0.141ns (47.251%)  route 0.157ns (52.749%))
  Logic Levels:           0  
  Clock Path Skew:        0.181ns (DCD - SCD - CPR)
    Destination Clock Delay (DCD):    -0.904ns
    Source Clock Delay      (SCD):    -0.580ns
    Clock Pessimism Removal (CPR):    -0.505ns

    Location             Delay type                Incr(ns)  Path(ns)    Netlist Resource(s)
  -------------------------------------------------------------------    -------------------
                         (clock clk_sys_100mhz rise edge)
                                                      0.000     0.000 r  
    N18                                               0.000     0.000 r  CLK50MHZ (IN)
                         net (fo=0)                   0.000     0.000    CLK50MHZ
    N18                  IBUF (Prop_ibuf_I_O)         0.229     0.229 r  CLK50MHZ_IBUF_inst/O
                         net (fo=1, routed)           0.440     0.669    CLK50MHZ_IBUF
    MMCME2_ADV_X1Y1      MMCME2_ADV (Prop_mmcme2_adv_CLKIN1_CLKOUT0)
                                                     -2.444    -1.774 r  mmcm_i/CLKOUT0
                         net (fo=1, routed)           0.529    -1.245    clk_100_raw
    BUFGCTRL_X0Y16       BUFG (Prop_bufg_I_O)         0.026    -1.219 r  bufg_sys/O
                         net (fo=30806, routed)       0.639    -0.580    u_operational_uart/u_chain/u_mlkem/u_server/ntt/BU/R0/clk
    SLICE_X43Y100        FDRE                                         r  u_operational_uart/u_chain/u_mlkem/u_server/ntt/BU/R0/q_reg[1]/C
  -------------------------------------------------------------------    -------------------
    SLICE_X43Y100        FDRE (Prop_fdre_C_Q)         0.141    -0.439 r  u_operational_uart/u_chain/u_mlkem/u_server/ntt/BU/R0/q_reg[1]/Q
                         net (fo=1, routed)           0.157    -0.282    u_operational_uart/u_chain/u_mlkem/u_server/ntt/BU/q[1]
    SLICE_X47Y99         FDRE                                         r  u_operational_uart/u_chain/u_mlkem/u_server/ntt/BU/quo0_reg[1]/D
  -------------------------------------------------------------------    -------------------

                         (clock clk_sys_100mhz rise edge)
                                                      0.000     0.000 r  
    N18                                               0.000     0.000 r  CLK50MHZ (IN)
                         net (fo=0)                   0.000     0.000    CLK50MHZ
    N18                  IBUF (Prop_ibuf_I_O)         0.417     0.417 r  CLK50MHZ_IBUF_inst/O
                         net (fo=1, routed)           0.480     0.897    CLK50MHZ_IBUF
    MMCME2_ADV_X1Y1      MMCME2_ADV (Prop_mmcme2_adv_CLKIN1_CLKOUT0)
                                                     -3.231    -2.334 r  mmcm_i/CLKOUT0
                         net (fo=1, routed)           0.576    -1.758    clk_100_raw
    BUFGCTRL_X0Y16       BUFG (Prop_bufg_I_O)         0.029    -1.729 r  bufg_sys/O
                         net (fo=30806, routed)       0.825    -0.904    u_operational_uart/u_chain/u_mlkem/u_server/ntt/BU/clk
    SLICE_X47Y99         FDRE                                         r  u_operational_uart/u_chain/u_mlkem/u_server/ntt/BU/quo0_reg[1]/C
                         clock pessimism              0.505    -0.399    
    SLICE_X47Y99         FDRE (Hold_fdre_C_D)         0.070    -0.329    u_operational_uart/u_chain/u_mlkem/u_server/ntt/BU/quo0_reg[1]
  -------------------------------------------------------------------
                         required time                          0.329    
                         arrival time                          -0.282    
  -------------------------------------------------------------------
                         slack                                  0.048    

Slack (MET) :             0.048ns  (arrival time - required time)
  Source:                 u_operational_uart/u_chain/u_mlkem/u_server/ntt/BU/R0/q_reg[2]/C
                            (rising edge-triggered cell FDRE clocked by clk_sys_100mhz  {rise@0.000ns fall@5.000ns period=10.000ns})
  Destination:            u_operational_uart/u_chain/u_mlkem/u_server/ntt/BU/quo0_reg[2]/D
                            (rising edge-triggered cell FDRE clocked by clk_sys_100mhz  {rise@0.000ns fall@5.000ns period=10.000ns})
  Path Group:             clk_sys_100mhz
  Path Type:              Hold (Min at Fast Process Corner)
  Requirement:            0.000ns  (clk_sys_100mhz rise@0.000ns - clk_sys_100mhz rise@0.000ns)
  Data Path Delay:        0.304ns  (logic 0.141ns (46.443%)  route 0.163ns (53.557%))
  Logic Levels:           0  
  Clock Path Skew:        0.181ns (DCD - SCD - CPR)
    Destination Clock Delay (DCD):    -0.904ns
    Source Clock Delay      (SCD):    -0.580ns
    Clock Pessimism Removal (CPR):    -0.505ns

    Location             Delay type                Incr(ns)  Path(ns)    Netlist Resource(s)
  -------------------------------------------------------------------    -------------------
                         (clock clk_sys_100mhz rise edge)
                                                      0.000     0.000 r  
    N18                                               0.000     0.000 r  CLK50MHZ (IN)
                         net (fo=0)                   0.000     0.000    CLK50MHZ
    N18                  IBUF (Prop_ibuf_I_O)         0.229     0.229 r  CLK50MHZ_IBUF_inst/O
                         net (fo=1, routed)           0.440     0.669    CLK50MHZ_IBUF
    MMCME2_ADV_X1Y1      MMCME2_ADV (Prop_mmcme2_adv_CLKIN1_CLKOUT0)
                                                     -2.444    -1.774 r  mmcm_i/CLKOUT0
                         net (fo=1, routed)           0.529    -1.245    clk_100_raw
    BUFGCTRL_X0Y16       BUFG (Prop_bufg_I_O)         0.026    -1.219 r  bufg_sys/O
                         net (fo=30806, routed)       0.639    -0.580    u_operational_uart/u_chain/u_mlkem/u_server/ntt/BU/R0/clk
    SLICE_X43Y100        FDRE                                         r  u_operational_uart/u_chain/u_mlkem/u_server/ntt/BU/R0/q_reg[2]/C
  -------------------------------------------------------------------    -------------------
    SLICE_X43Y100        FDRE (Prop_fdre_C_Q)         0.141    -0.439 r  u_operational_uart/u_chain/u_mlkem/u_server/ntt/BU/R0/q_reg[2]/Q
                         net (fo=1, routed)           0.163    -0.277    u_operational_uart/u_chain/u_mlkem/u_server/ntt/BU/q[2]
    SLICE_X40Y99         FDRE                                         r  u_operational_uart/u_chain/u_mlkem/u_server/ntt/BU/quo0_reg[2]/D
  -------------------------------------------------------------------    -------------------

                         (clock clk_sys_100mhz rise edge)
                                                      0.000     0.000 r  
    N18                                               0.000     0.000 r  CLK50MHZ (IN)
                         net (fo=0)                   0.000     0.000    CLK50MHZ
    N18                  IBUF (Prop_ibuf_I_O)         0.417     0.417 r  CLK50MHZ_IBUF_inst/O
                         net (fo=1, routed)           0.480     0.897    CLK50MHZ_IBUF
    MMCME2_ADV_X1Y1      MMCME2_ADV (Prop_mmcme2_adv_CLKIN1_CLKOUT0)
                                                     -3.231    -2.334 r  mmcm_i/CLKOUT0
                         net (fo=1, routed)           0.576    -1.758    clk_100_raw
    BUFGCTRL_X0Y16       BUFG (Prop_bufg_I_O)         0.029    -1.729 r  bufg_sys/O
                         net (fo=30806, routed)       0.825    -0.904    u_operational_uart/u_chain/u_mlkem/u_server/ntt/BU/clk
    SLICE_X40Y99         FDRE                                         r  u_operational_uart/u_chain/u_mlkem/u_server/ntt/BU/quo0_reg[2]/C
                         clock pessimism              0.505    -0.399    
    SLICE_X40Y99         FDRE (Hold_fdre_C_D)         0.075    -0.324    u_operational_uart/u_chain/u_mlkem/u_server/ntt/BU/quo0_reg[2]
  -------------------------------------------------------------------
                         required time                          0.324    
                         arrival time                          -0.277    
  -------------------------------------------------------------------
                         slack                                  0.048    

Slack (MET) :             0.063ns  (arrival time - required time)
  Source:                 u_operational_uart/u_chain/u_mlkem/u_server/K_reg[216]/C
                            (rising edge-triggered cell FDRE clocked by clk_sys_100mhz  {rise@0.000ns fall@5.000ns period=10.000ns})
  Destination:            u_operational_uart/u_chain/u_mlkem/u_server/K_reg[184]/D
                            (rising edge-triggered cell FDRE clocked by clk_sys_100mhz  {rise@0.000ns fall@5.000ns period=10.000ns})
  Path Group:             clk_sys_100mhz
  Path Type:              Hold (Min at Fast Process Corner)
  Requirement:            0.000ns  (clk_sys_100mhz rise@0.000ns - clk_sys_100mhz rise@0.000ns)
  Data Path Delay:        0.308ns  (logic 0.164ns (53.293%)  route 0.144ns (46.707%))
  Logic Levels:           0  
  Clock Path Skew:        0.182ns (DCD - SCD - CPR)
    Destination Clock Delay (DCD):    -0.880ns
    Source Clock Delay      (SCD):    -0.557ns
    Clock Pessimism Removal (CPR):    -0.505ns

    Location             Delay type                Incr(ns)  Path(ns)    Netlist Resource(s)
  -------------------------------------------------------------------    -------------------
                         (clock clk_sys_100mhz rise edge)
                                                      0.000     0.000 r  
    N18                                               0.000     0.000 r  CLK50MHZ (IN)
                         net (fo=0)                   0.000     0.000    CLK50MHZ
    N18                  IBUF (Prop_ibuf_I_O)         0.229     0.229 r  CLK50MHZ_IBUF_inst/O
                         net (fo=1, routed)           0.440     0.669    CLK50MHZ_IBUF
    MMCME2_ADV_X1Y1      MMCME2_ADV (Prop_mmcme2_adv_CLKIN1_CLKOUT0)
                                                     -2.444    -1.774 r  mmcm_i/CLKOUT0
                         net (fo=1, routed)           0.529    -1.245    clk_100_raw
    BUFGCTRL_X0Y16       BUFG (Prop_bufg_I_O)         0.026    -1.219 r  bufg_sys/O
                         net (fo=30806, routed)       0.662    -0.557    u_operational_uart/u_chain/u_mlkem/u_server/clk
    SLICE_X66Y100        FDRE                                         r  u_operational_uart/u_chain/u_mlkem/u_server/K_reg[216]/C
  -------------------------------------------------------------------    -------------------
    SLICE_X66Y100        FDRE (Prop_fdre_C_Q)         0.164    -0.393 r  u_operational_uart/u_chain/u_mlkem/u_server/K_reg[216]/Q
                         net (fo=2, routed)           0.144    -0.249    u_operational_uart/u_chain/u_mlkem/u_server/shared_secret_internal[216]
    SLICE_X66Y99         FDRE                                         r  u_operational_uart/u_chain/u_mlkem/u_server/K_reg[184]/D
  -------------------------------------------------------------------    -------------------

                         (clock clk_sys_100mhz rise edge)
                                                      0.000     0.000 r  
    N18                                               0.000     0.000 r  CLK50MHZ (IN)
                         net (fo=0)                   0.000     0.000    CLK50MHZ
    N18                  IBUF (Prop_ibuf_I_O)         0.417     0.417 r  CLK50MHZ_IBUF_inst/O
                         net (fo=1, routed)           0.480     0.897    CLK50MHZ_IBUF
    MMCME2_ADV_X1Y1      MMCME2_ADV (Prop_mmcme2_adv_CLKIN1_CLKOUT0)
                                                     -3.231    -2.334 r  mmcm_i/CLKOUT0
                         net (fo=1, routed)           0.576    -1.758    clk_100_raw
    BUFGCTRL_X0Y16       BUFG (Prop_bufg_I_O)         0.029    -1.729 r  bufg_sys/O
                         net (fo=30806, routed)       0.849    -0.880    u_operational_uart/u_chain/u_mlkem/u_server/clk
    SLICE_X66Y99         FDRE                                         r  u_operational_uart/u_chain/u_mlkem/u_server/K_reg[184]/C
                         clock pessimism              0.505    -0.375    
    SLICE_X66Y99         FDRE (Hold_fdre_C_D)         0.063    -0.312    u_operational_uart/u_chain/u_mlkem/u_server/K_reg[184]
  -------------------------------------------------------------------
                         required time                          0.312    
                         arrival time                          -0.249    
  -------------------------------------------------------------------
                         slack                                  0.063    

Slack (MET) :             0.067ns  (arrival time - required time)
  Source:                 u_operational_uart/u_chain/u_puf64_core/u_fe/u_decode/u_error_tmec/u_chien/BIT[2].REG[4].ORIG.u_chien_reg/out_reg[6]/C
                            (rising edge-triggered cell FDRE clocked by clk_sys_100mhz  {rise@0.000ns fall@5.000ns period=10.000ns})
  Destination:            u_operational_uart/u_chain/u_puf64_core/u_fe/u_decode/u_error_tmec/u_chien/BIT[2].REG[4].ORIG.u_chien_reg/out_reg[7]/D
                            (rising edge-triggered cell FDRE clocked by clk_sys_100mhz  {rise@0.000ns fall@5.000ns period=10.000ns})
  Path Group:             clk_sys_100mhz
  Path Type:              Hold (Min at Fast Process Corner)
  Requirement:            0.000ns  (clk_sys_100mhz rise@0.000ns - clk_sys_100mhz rise@0.000ns)
  Data Path Delay:        0.445ns  (logic 0.271ns (60.833%)  route 0.174ns (39.167%))
  Logic Levels:           2  (LUT6=1 MUXF7=1)
  Clock Path Skew:        0.273ns (DCD - SCD - CPR)
    Destination Clock Delay (DCD):    -0.903ns
    Source Clock Delay      (SCD):    -0.667ns
    Clock Pessimism Removal (CPR):    -0.510ns

    Location             Delay type                Incr(ns)  Path(ns)    Netlist Resource(s)
  -------------------------------------------------------------------    -------------------
                         (clock clk_sys_100mhz rise edge)
                                                      0.000     0.000 r  
    N18                                               0.000     0.000 r  CLK50MHZ (IN)
                         net (fo=0)                   0.000     0.000    CLK50MHZ
    N18                  IBUF (Prop_ibuf_I_O)         0.229     0.229 r  CLK50MHZ_IBUF_inst/O
                         net (fo=1, routed)           0.440     0.669    CLK50MHZ_IBUF
    MMCME2_ADV_X1Y1      MMCME2_ADV (Prop_mmcme2_adv_CLKIN1_CLKOUT0)
                                                     -2.444    -1.774 r  mmcm_i/CLKOUT0
                         net (fo=1, routed)           0.529    -1.245    clk_100_raw
    BUFGCTRL_X0Y16       BUFG (Prop_bufg_I_O)         0.026    -1.219 r  bufg_sys/O
                         net (fo=30806, routed)       0.553    -0.667    u_operational_uart/u_chain/u_puf64_core/u_fe/u_decode/u_error_tmec/u_chien/BIT[2].REG[4].ORIG.u_chien_reg/clk
    SLICE_X50Y50         FDRE                                         r  u_operational_uart/u_chain/u_puf64_core/u_fe/u_decode/u_error_tmec/u_chien/BIT[2].REG[4].ORIG.u_chien_reg/out_reg[6]/C
  -------------------------------------------------------------------    -------------------
    SLICE_X50Y50         FDRE (Prop_fdre_C_Q)         0.164    -0.503 r  u_operational_uart/u_chain/u_puf64_core/u_fe/u_decode/u_error_tmec/u_chien/BIT[2].REG[4].ORIG.u_chien_reg/out_reg[6]/Q
                         net (fo=7, routed)           0.174    -0.328    u_operational_uart/u_chain/u_puf64_core/u_fe/u_decode/u_error_tmec/u_chien/BIT[2].REG[4].ORIG.u_chien_reg/Q[6]
    SLICE_X51Y49         LUT6 (Prop_lut6_I4_O)        0.045    -0.283 r  u_operational_uart/u_chain/u_puf64_core/u_fe/u_decode/u_error_tmec/u_chien/BIT[2].REG[4].ORIG.u_chien_reg/out[7]_i_2__28/O
                         net (fo=1, routed)           0.000    -0.283    u_operational_uart/u_chain/u_puf64_core/u_fe/u_decode/u_bma/out_reg[7]_14
    SLICE_X51Y49         MUXF7 (Prop_muxf7_I0_O)      0.062    -0.221 r  u_operational_uart/u_chain/u_puf64_core/u_fe/u_decode/u_bma/out_reg[7]_i_1__8/O
                         net (fo=1, routed)           0.000    -0.221    u_operational_uart/u_chain/u_puf64_core/u_fe/u_decode/u_error_tmec/u_chien/BIT[2].REG[4].ORIG.u_chien_reg/out_reg[8]_2[3]
    SLICE_X51Y49         FDRE                                         r  u_operational_uart/u_chain/u_puf64_core/u_fe/u_decode/u_error_tmec/u_chien/BIT[2].REG[4].ORIG.u_chien_reg/out_reg[7]/D
  -------------------------------------------------------------------    -------------------

                         (clock clk_sys_100mhz rise edge)
                                                      0.000     0.000 r  
    N18                                               0.000     0.000 r  CLK50MHZ (IN)
                         net (fo=0)                   0.000     0.000    CLK50MHZ
    N18                  IBUF (Prop_ibuf_I_O)         0.417     0.417 r  CLK50MHZ_IBUF_inst/O
                         net (fo=1, routed)           0.480     0.897    CLK50MHZ_IBUF
    MMCME2_ADV_X1Y1      MMCME2_ADV (Prop_mmcme2_adv_CLKIN1_CLKOUT0)
                                                     -3.231    -2.334 r  mmcm_i/CLKOUT0
                         net (fo=1, routed)           0.576    -1.758    clk_100_raw
    BUFGCTRL_X0Y16       BUFG (Prop_bufg_I_O)         0.029    -1.729 r  bufg_sys/O
                         net (fo=30806, routed)       0.826    -0.903    u_operational_uart/u_chain/u_puf64_core/u_fe/u_decode/u_error_tmec/u_chien/BIT[2].REG[4].ORIG.u_chien_reg/clk
    SLICE_X51Y49         FDRE                                         r  u_operational_uart/u_chain/u_puf64_core/u_fe/u_decode/u_error_tmec/u_chien/BIT[2].REG[4].ORIG.u_chien_reg/out_reg[7]/C
                         clock pessimism              0.510    -0.393    
    SLICE_X51Y49         FDRE (Hold_fdre_C_D)         0.105    -0.288    u_operational_uart/u_chain/u_puf64_core/u_fe/u_decode/u_error_tmec/u_chien/BIT[2].REG[4].ORIG.u_chien_reg/out_reg[7]
  -------------------------------------------------------------------
                         required time                          0.288    
                         arrival time                          -0.221    
  -------------------------------------------------------------------
                         slack                                  0.067    

Slack (MET) :             0.071ns  (arrival time - required time)
  Source:                 u_operational_uart/u_chain/u_mlkem/u_server/dout_reg[24]/C
                            (rising edge-triggered cell FDRE clocked by clk_sys_100mhz  {rise@0.000ns fall@5.000ns period=10.000ns})
  Destination:            u_operational_uart/u_transport/word_shift_reg[24]/D
                            (rising edge-triggered cell FDRE clocked by clk_sys_100mhz  {rise@0.000ns fall@5.000ns period=10.000ns})
  Path Group:             clk_sys_100mhz
  Path Type:              Hold (Min at Fast Process Corner)
  Requirement:            0.000ns  (clk_sys_100mhz rise@0.000ns - clk_sys_100mhz rise@0.000ns)
  Data Path Delay:        0.517ns  (logic 0.186ns (35.998%)  route 0.331ns (64.002%))
  Logic Levels:           1  (LUT6=1)
  Clock Path Skew:        0.353ns (DCD - SCD - CPR)
    Destination Clock Delay (DCD):    -0.791ns
    Source Clock Delay      (SCD):    -0.640ns
    Clock Pessimism Removal (CPR):    -0.505ns

    Location             Delay type                Incr(ns)  Path(ns)    Netlist Resource(s)
  -------------------------------------------------------------------    -------------------
                         (clock clk_sys_100mhz rise edge)
                                                      0.000     0.000 r  
    N18                                               0.000     0.000 r  CLK50MHZ (IN)
                         net (fo=0)                   0.000     0.000    CLK50MHZ
    N18                  IBUF (Prop_ibuf_I_O)         0.229     0.229 r  CLK50MHZ_IBUF_inst/O
                         net (fo=1, routed)           0.440     0.669    CLK50MHZ_IBUF
    MMCME2_ADV_X1Y1      MMCME2_ADV (Prop_mmcme2_adv_CLKIN1_CLKOUT0)
                                                     -2.444    -1.774 r  mmcm_i/CLKOUT0
                         net (fo=1, routed)           0.529    -1.245    clk_100_raw
    BUFGCTRL_X0Y16       BUFG (Prop_bufg_I_O)         0.026    -1.219 r  bufg_sys/O
                         net (fo=30806, routed)       0.580    -0.640    u_operational_uart/u_chain/u_mlkem/u_server/clk
    SLICE_X65Y99         FDRE                                         r  u_operational_uart/u_chain/u_mlkem/u_server/dout_reg[24]/C
  -------------------------------------------------------------------    -------------------
    SLICE_X65Y99         FDRE (Prop_fdre_C_Q)         0.141    -0.499 r  u_operational_uart/u_chain/u_mlkem/u_server/dout_reg[24]/Q
                         net (fo=1, routed)           0.331    -0.168    u_operational_uart/u_transport/u_rx/stream_out_data[24]
    SLICE_X85Y103        LUT6 (Prop_lut6_I5_O)        0.045    -0.123 r  u_operational_uart/u_transport/u_rx/word_shift[24]_i_1/O
                         net (fo=1, routed)           0.000    -0.123    u_operational_uart/u_transport/u_rx_n_1043
    SLICE_X85Y103        FDRE                                         r  u_operational_uart/u_transport/word_shift_reg[24]/D
  -------------------------------------------------------------------    -------------------

                         (clock clk_sys_100mhz rise edge)
                                                      0.000     0.000 r  
    N18                                               0.000     0.000 r  CLK50MHZ (IN)
                         net (fo=0)                   0.000     0.000    CLK50MHZ
    N18                  IBUF (Prop_ibuf_I_O)         0.417     0.417 r  CLK50MHZ_IBUF_inst/O
                         net (fo=1, routed)           0.480     0.897    CLK50MHZ_IBUF
    MMCME2_ADV_X1Y1      MMCME2_ADV (Prop_mmcme2_adv_CLKIN1_CLKOUT0)
                                                     -3.231    -2.334 r  mmcm_i/CLKOUT0
                         net (fo=1, routed)           0.576    -1.758    clk_100_raw
    BUFGCTRL_X0Y16       BUFG (Prop_bufg_I_O)         0.029    -1.729 r  bufg_sys/O
                         net (fo=30806, routed)       0.938    -0.791    u_operational_uart/u_transport/clk
    SLICE_X85Y103        FDRE                                         r  u_operational_uart/u_transport/word_shift_reg[24]/C
                         clock pessimism              0.505    -0.286    
    SLICE_X85Y103        FDRE (Hold_fdre_C_D)         0.092    -0.194    u_operational_uart/u_transport/word_shift_reg[24]
  -------------------------------------------------------------------
                         required time                          0.194    
                         arrival time                          -0.123    
  -------------------------------------------------------------------
                         slack                                  0.071    

Slack (MET) :             0.072ns  (arrival time - required time)
  Source:                 u_operational_uart/u_chain/u_mlkem/u_server/hash/sponge/algo_inst/STEP_MAPPING_5/Str_out_reg[115]/C
                            (rising edge-triggered cell FDCE clocked by clk_sys_100mhz  {rise@0.000ns fall@5.000ns period=10.000ns})
  Destination:            u_operational_uart/u_chain/u_mlkem/u_server/hash/sponge/base_state_reg[115]/D
                            (rising edge-triggered cell FDRE clocked by clk_sys_100mhz  {rise@0.000ns fall@5.000ns period=10.000ns})
  Path Group:             clk_sys_100mhz
  Path Type:              Hold (Min at Fast Process Corner)
  Requirement:            0.000ns  (clk_sys_100mhz rise@0.000ns - clk_sys_100mhz rise@0.000ns)
  Data Path Delay:        0.397ns  (logic 0.164ns (41.313%)  route 0.233ns (58.687%))
  Logic Levels:           0  
  Clock Path Skew:        0.266ns (DCD - SCD - CPR)
    Destination Clock Delay (DCD):    -0.829ns
    Source Clock Delay      (SCD):    -0.594ns
    Clock Pessimism Removal (CPR):    -0.501ns

    Location             Delay type                Incr(ns)  Path(ns)    Netlist Resource(s)
  -------------------------------------------------------------------    -------------------
                         (clock clk_sys_100mhz rise edge)
                                                      0.000     0.000 r  
    N18                                               0.000     0.000 r  CLK50MHZ (IN)
                         net (fo=0)                   0.000     0.000    CLK50MHZ
    N18                  IBUF (Prop_ibuf_I_O)         0.229     0.229 r  CLK50MHZ_IBUF_inst/O
                         net (fo=1, routed)           0.440     0.669    CLK50MHZ_IBUF
    MMCME2_ADV_X1Y1      MMCME2_ADV (Prop_mmcme2_adv_CLKIN1_CLKOUT0)
                                                     -2.444    -1.774 r  mmcm_i/CLKOUT0
                         net (fo=1, routed)           0.529    -1.245    clk_100_raw
    BUFGCTRL_X0Y16       BUFG (Prop_bufg_I_O)         0.026    -1.219 r  bufg_sys/O
                         net (fo=30806, routed)       0.625    -0.594    u_operational_uart/u_chain/u_mlkem/u_server/hash/sponge/algo_inst/STEP_MAPPING_5/clk
    SLICE_X50Y120        FDCE                                         r  u_operational_uart/u_chain/u_mlkem/u_server/hash/sponge/algo_inst/STEP_MAPPING_5/Str_out_reg[115]/C
  -------------------------------------------------------------------    -------------------
    SLICE_X50Y120        FDCE (Prop_fdce_C_Q)         0.164    -0.430 r  u_operational_uart/u_chain/u_mlkem/u_server/hash/sponge/algo_inst/STEP_MAPPING_5/Str_out_reg[115]/Q
                         net (fo=5, routed)           0.233    -0.197    u_operational_uart/u_chain/u_mlkem/u_server/hash/sponge/algo_out[115]
    SLICE_X46Y119        FDRE                                         r  u_operational_uart/u_chain/u_mlkem/u_server/hash/sponge/base_state_reg[115]/D
  -------------------------------------------------------------------    -------------------

                         (clock clk_sys_100mhz rise edge)
                                                      0.000     0.000 r  
    N18                                               0.000     0.000 r  CLK50MHZ (IN)
                         net (fo=0)                   0.000     0.000    CLK50MHZ
    N18                  IBUF (Prop_ibuf_I_O)         0.417     0.417 r  CLK50MHZ_IBUF_inst/O
                         net (fo=1, routed)           0.480     0.897    CLK50MHZ_IBUF
    MMCME2_ADV_X1Y1      MMCME2_ADV (Prop_mmcme2_adv_CLKIN1_CLKOUT0)
                                                     -3.231    -2.334 r  mmcm_i/CLKOUT0
                         net (fo=1, routed)           0.576    -1.758    clk_100_raw
    BUFGCTRL_X0Y16       BUFG (Prop_bufg_I_O)         0.029    -1.729 r  bufg_sys/O
                         net (fo=30806, routed)       0.900    -0.829    u_operational_uart/u_chain/u_mlkem/u_server/hash/sponge/clk
    SLICE_X46Y119        FDRE                                         r  u_operational_uart/u_chain/u_mlkem/u_server/hash/sponge/base_state_reg[115]/C
                         clock pessimism              0.501    -0.328    
    SLICE_X46Y119        FDRE (Hold_fdre_C_D)         0.059    -0.269    u_operational_uart/u_chain/u_mlkem/u_server/hash/sponge/base_state_reg[115]
  -------------------------------------------------------------------
                         required time                          0.269    
                         arrival time                          -0.197    
  -------------------------------------------------------------------
                         slack                                  0.072    

Slack (MET) :             0.074ns  (arrival time - required time)
  Source:                 u_operational_uart/u_chain/u_mlkem/u_server/ntt/BU/R0/diff_reg[0]/C
                            (rising edge-triggered cell FDRE clocked by clk_sys_100mhz  {rise@0.000ns fall@5.000ns period=10.000ns})
  Destination:            u_operational_uart/u_chain/u_mlkem/u_server/ntt/BU/R0/diff2_reg[4]/D
                            (rising edge-triggered cell FDRE clocked by clk_sys_100mhz  {rise@0.000ns fall@5.000ns period=10.000ns})
  Path Group:             clk_sys_100mhz
  Path Type:              Hold (Min at Fast Process Corner)
  Requirement:            0.000ns  (clk_sys_100mhz rise@0.000ns - clk_sys_100mhz rise@0.000ns)
  Data Path Delay:        0.529ns  (logic 0.375ns (70.918%)  route 0.154ns (29.082%))
  Logic Levels:           2  (CARRY4=2)
  Clock Path Skew:        0.349ns (DCD - SCD - CPR)
    Destination Clock Delay (DCD):    -0.818ns
    Source Clock Delay      (SCD):    -0.663ns
    Clock Pessimism Removal (CPR):    -0.505ns

    Location             Delay type                Incr(ns)  Path(ns)    Netlist Resource(s)
  -------------------------------------------------------------------    -------------------
                         (clock clk_sys_100mhz rise edge)
                                                      0.000     0.000 r  
    N18                                               0.000     0.000 r  CLK50MHZ (IN)
                         net (fo=0)                   0.000     0.000    CLK50MHZ
    N18                  IBUF (Prop_ibuf_I_O)         0.229     0.229 r  CLK50MHZ_IBUF_inst/O
                         net (fo=1, routed)           0.440     0.669    CLK50MHZ_IBUF
    MMCME2_ADV_X1Y1      MMCME2_ADV (Prop_mmcme2_adv_CLKIN1_CLKOUT0)
                                                     -2.444    -1.774 r  mmcm_i/CLKOUT0
                         net (fo=1, routed)           0.529    -1.245    clk_100_raw
    BUFGCTRL_X0Y16       BUFG (Prop_bufg_I_O)         0.026    -1.219 r  bufg_sys/O
                         net (fo=30806, routed)       0.557    -0.663    u_operational_uart/u_chain/u_mlkem/u_server/ntt/BU/R0/clk
    SLICE_X39Y98         FDRE                                         r  u_operational_uart/u_chain/u_mlkem/u_server/ntt/BU/R0/diff_reg[0]/C
  -------------------------------------------------------------------    -------------------
    SLICE_X39Y98         FDRE (Prop_fdre_C_Q)         0.141    -0.522 r  u_operational_uart/u_chain/u_mlkem/u_server/ntt/BU/R0/diff_reg[0]/Q
                         net (fo=2, routed)           0.153    -0.368    u_operational_uart/u_chain/u_mlkem/u_server/ntt/BU/R0/diff_reg_n_0_[0]
    SLICE_X40Y99         CARRY4 (Prop_carry4_DI[0]_CO[3])
                                                      0.180    -0.188 r  u_operational_uart/u_chain/u_mlkem/u_server/ntt/BU/R0/diff20_carry/CO[3]
                         net (fo=1, routed)           0.001    -0.188    u_operational_uart/u_chain/u_mlkem/u_server/ntt/BU/R0/diff20_carry_n_0
    SLICE_X40Y100        CARRY4 (Prop_carry4_CI_O[0])
                                                      0.054    -0.134 r  u_operational_uart/u_chain/u_mlkem/u_server/ntt/BU/R0/diff20_carry__0/O[0]
                         net (fo=1, routed)           0.000    -0.134    u_operational_uart/u_chain/u_mlkem/u_server/ntt/BU/R0/diff20_carry__0_n_7
    SLICE_X40Y100        FDRE                                         r  u_operational_uart/u_chain/u_mlkem/u_server/ntt/BU/R0/diff2_reg[4]/D
  -------------------------------------------------------------------    -------------------

                         (clock clk_sys_100mhz rise edge)
                                                      0.000     0.000 r  
    N18                                               0.000     0.000 r  CLK50MHZ (IN)
                         net (fo=0)                   0.000     0.000    CLK50MHZ
    N18                  IBUF (Prop_ibuf_I_O)         0.417     0.417 r  CLK50MHZ_IBUF_inst/O
                         net (fo=1, routed)           0.480     0.897    CLK50MHZ_IBUF
    MMCME2_ADV_X1Y1      MMCME2_ADV (Prop_mmcme2_adv_CLKIN1_CLKOUT0)
                                                     -3.231    -2.334 r  mmcm_i/CLKOUT0
                         net (fo=1, routed)           0.576    -1.758    clk_100_raw
    BUFGCTRL_X0Y16       BUFG (Prop_bufg_I_O)         0.029    -1.729 r  bufg_sys/O
                         net (fo=30806, routed)       0.911    -0.818    u_operational_uart/u_chain/u_mlkem/u_server/ntt/BU/R0/clk
    SLICE_X40Y100        FDRE                                         r  u_operational_uart/u_chain/u_mlkem/u_server/ntt/BU/R0/diff2_reg[4]/C
                         clock pessimism              0.505    -0.313    
    SLICE_X40Y100        FDRE (Hold_fdre_C_D)         0.105    -0.208    u_operational_uart/u_chain/u_mlkem/u_server/ntt/BU/R0/diff2_reg[4]
  -------------------------------------------------------------------
                         required time                          0.208    
                         arrival time                          -0.134    
  -------------------------------------------------------------------
                         slack                                  0.074    

Slack (MET) :             0.079ns  (arrival time - required time)
  Source:                 u_operational_uart/u_chain/u_puf64_core/u_fe/u_decode/u_error_tmec/u_chien/BIT[6].REG[8].ORIG.u_chien_reg/out_reg[0]/C
                            (rising edge-triggered cell FDRE clocked by clk_sys_100mhz  {rise@0.000ns fall@5.000ns period=10.000ns})
  Destination:            u_operational_uart/u_chain/u_puf64_core/u_fe/u_decode/u_error_tmec/u_chien/BIT[6].REG[8].ORIG.u_chien_reg/out_reg[7]/D
                            (rising edge-triggered cell FDRE clocked by clk_sys_100mhz  {rise@0.000ns fall@5.000ns period=10.000ns})
  Path Group:             clk_sys_100mhz
  Path Type:              Hold (Min at Fast Process Corner)
  Requirement:            0.000ns  (clk_sys_100mhz rise@0.000ns - clk_sys_100mhz rise@0.000ns)
  Data Path Delay:        0.458ns  (logic 0.248ns (54.093%)  route 0.210ns (45.907%))
  Logic Levels:           2  (LUT5=1 MUXF7=1)
  Clock Path Skew:        0.274ns (DCD - SCD - CPR)
    Destination Clock Delay (DCD):    -0.875ns
    Source Clock Delay      (SCD):    -0.640ns
    Clock Pessimism Removal (CPR):    -0.510ns

    Location             Delay type                Incr(ns)  Path(ns)    Netlist Resource(s)
  -------------------------------------------------------------------    -------------------
                         (clock clk_sys_100mhz rise edge)
                                                      0.000     0.000 r  
    N18                                               0.000     0.000 r  CLK50MHZ (IN)
                         net (fo=0)                   0.000     0.000    CLK50MHZ
    N18                  IBUF (Prop_ibuf_I_O)         0.229     0.229 r  CLK50MHZ_IBUF_inst/O
                         net (fo=1, routed)           0.440     0.669    CLK50MHZ_IBUF
    MMCME2_ADV_X1Y1      MMCME2_ADV (Prop_mmcme2_adv_CLKIN1_CLKOUT0)
                                                     -2.444    -1.774 r  mmcm_i/CLKOUT0
                         net (fo=1, routed)           0.529    -1.245    clk_100_raw
    BUFGCTRL_X0Y16       BUFG (Prop_bufg_I_O)         0.026    -1.219 r  bufg_sys/O
                         net (fo=30806, routed)       0.580    -0.640    u_operational_uart/u_chain/u_puf64_core/u_fe/u_decode/u_error_tmec/u_chien/BIT[6].REG[8].ORIG.u_chien_reg/clk
    SLICE_X61Y50         FDRE                                         r  u_operational_uart/u_chain/u_puf64_core/u_fe/u_decode/u_error_tmec/u_chien/BIT[6].REG[8].ORIG.u_chien_reg/out_reg[0]/C
  -------------------------------------------------------------------    -------------------
    SLICE_X61Y50         FDRE (Prop_fdre_C_Q)         0.141    -0.499 r  u_operational_uart/u_chain/u_puf64_core/u_fe/u_decode/u_error_tmec/u_chien/BIT[6].REG[8].ORIG.u_chien_reg/out_reg[0]/Q
                         net (fo=4, routed)           0.210    -0.288    u_operational_uart/u_chain/u_puf64_core/u_fe/u_decode/u_error_tmec/u_chien/BIT[6].REG[8].ORIG.u_chien_reg/chien[153]
    SLICE_X60Y49         LUT5 (Prop_lut5_I2_O)        0.045    -0.243 r  u_operational_uart/u_chain/u_puf64_core/u_fe/u_decode/u_error_tmec/u_chien/BIT[6].REG[8].ORIG.u_chien_reg/out[7]_i_2__38/O
                         net (fo=1, routed)           0.000    -0.243    u_operational_uart/u_chain/u_puf64_core/u_fe/u_decode/u_bma/out_reg[7]_24
    SLICE_X60Y49         MUXF7 (Prop_muxf7_I0_O)      0.062    -0.181 r  u_operational_uart/u_chain/u_puf64_core/u_fe/u_decode/u_bma/out_reg[7]_i_1__13/O
                         net (fo=1, routed)           0.000    -0.181    u_operational_uart/u_chain/u_puf64_core/u_fe/u_decode/u_error_tmec/u_chien/BIT[6].REG[8].ORIG.u_chien_reg/out_reg[8]_3[4]
    SLICE_X60Y49         FDRE                                         r  u_operational_uart/u_chain/u_puf64_core/u_fe/u_decode/u_error_tmec/u_chien/BIT[6].REG[8].ORIG.u_chien_reg/out_reg[7]/D
  -------------------------------------------------------------------    -------------------

                         (clock clk_sys_100mhz rise edge)
                                                      0.000     0.000 r  
    N18                                               0.000     0.000 r  CLK50MHZ (IN)
                         net (fo=0)                   0.000     0.000    CLK50MHZ
    N18                  IBUF (Prop_ibuf_I_O)         0.417     0.417 r  CLK50MHZ_IBUF_inst/O
                         net (fo=1, routed)           0.480     0.897    CLK50MHZ_IBUF
    MMCME2_ADV_X1Y1      MMCME2_ADV (Prop_mmcme2_adv_CLKIN1_CLKOUT0)
                                                     -3.231    -2.334 r  mmcm_i/CLKOUT0
                         net (fo=1, routed)           0.576    -1.758    clk_100_raw
    BUFGCTRL_X0Y16       BUFG (Prop_bufg_I_O)         0.029    -1.729 r  bufg_sys/O
                         net (fo=30806, routed)       0.854    -0.875    u_operational_uart/u_chain/u_puf64_core/u_fe/u_decode/u_error_tmec/u_chien/BIT[6].REG[8].ORIG.u_chien_reg/clk
    SLICE_X60Y49         FDRE                                         r  u_operational_uart/u_chain/u_puf64_core/u_fe/u_decode/u_error_tmec/u_chien/BIT[6].REG[8].ORIG.u_chien_reg/out_reg[7]/C
                         clock pessimism              0.510    -0.365    
    SLICE_X60Y49         FDRE (Hold_fdre_C_D)         0.105    -0.260    u_operational_uart/u_chain/u_puf64_core/u_fe/u_decode/u_error_tmec/u_chien/BIT[6].REG[8].ORIG.u_chien_reg/out_reg[7]
  -------------------------------------------------------------------
                         required time                          0.260    
                         arrival time                          -0.181    
  -------------------------------------------------------------------
                         slack                                  0.079    

Slack (MET) :             0.080ns  (arrival time - required time)
  Source:                 u_operational_uart/u_chain/u_mlkem/u_server/ntt/BU/R1/sum_reg[7]/C
                            (rising edge-triggered cell FDRE clocked by clk_sys_100mhz  {rise@0.000ns fall@5.000ns period=10.000ns})
  Destination:            u_operational_uart/u_chain/u_mlkem/u_server/ntt/BU/R1/sum_r2_reg[7]_srl2/D
                            (rising edge-triggered cell SRL16E clocked by clk_sys_100mhz  {rise@0.000ns fall@5.000ns period=10.000ns})
  Path Group:             clk_sys_100mhz
  Path Type:              Hold (Min at Fast Process Corner)
  Requirement:            0.000ns  (clk_sys_100mhz rise@0.000ns - clk_sys_100mhz rise@0.000ns)
  Data Path Delay:        0.278ns  (logic 0.141ns (50.707%)  route 0.137ns (49.293%))
  Logic Levels:           0  
  Clock Path Skew:        0.015ns (DCD - SCD - CPR)
    Destination Clock Delay (DCD):    -0.906ns
    Source Clock Delay      (SCD):    -0.664ns
    Clock Pessimism Removal (CPR):    -0.258ns

    Location             Delay type                Incr(ns)  Path(ns)    Netlist Resource(s)
  -------------------------------------------------------------------    -------------------
                         (clock clk_sys_100mhz rise edge)
                                                      0.000     0.000 r  
    N18                                               0.000     0.000 r  CLK50MHZ (IN)
                         net (fo=0)                   0.000     0.000    CLK50MHZ
    N18                  IBUF (Prop_ibuf_I_O)         0.229     0.229 r  CLK50MHZ_IBUF_inst/O
                         net (fo=1, routed)           0.440     0.669    CLK50MHZ_IBUF
    MMCME2_ADV_X1Y1      MMCME2_ADV (Prop_mmcme2_adv_CLKIN1_CLKOUT0)
                                                     -2.444    -1.774 r  mmcm_i/CLKOUT0
                         net (fo=1, routed)           0.529    -1.245    clk_100_raw
    BUFGCTRL_X0Y16       BUFG (Prop_bufg_I_O)         0.026    -1.219 r  bufg_sys/O
                         net (fo=30806, routed)       0.556    -0.664    u_operational_uart/u_chain/u_mlkem/u_server/ntt/BU/R1/clk
    SLICE_X39Y93         FDRE                                         r  u_operational_uart/u_chain/u_mlkem/u_server/ntt/BU/R1/sum_reg[7]/C
  -------------------------------------------------------------------    -------------------
    SLICE_X39Y93         FDRE (Prop_fdre_C_Q)         0.141    -0.523 r  u_operational_uart/u_chain/u_mlkem/u_server/ntt/BU/R1/sum_reg[7]/Q
                         net (fo=5, routed)           0.137    -0.385    u_operational_uart/u_chain/u_mlkem/u_server/ntt/BU/R1/sum_reg_n_0_[7]
    SLICE_X38Y91         SRL16E                                       r  u_operational_uart/u_chain/u_mlkem/u_server/ntt/BU/R1/sum_r2_reg[7]_srl2/D
  -------------------------------------------------------------------    -------------------

                         (clock clk_sys_100mhz rise edge)
                                                      0.000     0.000 r  
    N18                                               0.000     0.000 r  CLK50MHZ (IN)
                         net (fo=0)                   0.000     0.000    CLK50MHZ
    N18                  IBUF (Prop_ibuf_I_O)         0.417     0.417 r  CLK50MHZ_IBUF_inst/O
                         net (fo=1, routed)           0.480     0.897    CLK50MHZ_IBUF
    MMCME2_ADV_X1Y1      MMCME2_ADV (Prop_mmcme2_adv_CLKIN1_CLKOUT0)
                                                     -3.231    -2.334 r  mmcm_i/CLKOUT0
                         net (fo=1, routed)           0.576    -1.758    clk_100_raw
    BUFGCTRL_X0Y16       BUFG (Prop_bufg_I_O)         0.029    -1.729 r  bufg_sys/O
                         net (fo=30806, routed)       0.823    -0.906    u_operational_uart/u_chain/u_mlkem/u_server/ntt/BU/R1/clk
    SLICE_X38Y91         SRL16E                                       r  u_operational_uart/u_chain/u_mlkem/u_server/ntt/BU/R1/sum_r2_reg[7]_srl2/CLK
                         clock pessimism              0.258    -0.649    
    SLICE_X38Y91         SRL16E (Hold_srl16e_CLK_D)
                                                      0.183    -0.466    u_operational_uart/u_chain/u_mlkem/u_server/ntt/BU/R1/sum_r2_reg[7]_srl2
  -------------------------------------------------------------------
                         required time                          0.466    
                         arrival time                          -0.385    
  -------------------------------------------------------------------
                         slack                                  0.080    





Pulse Width Checks
--------------------------------------------------------------------------------------
Clock Name:         clk_sys_100mhz
Waveform(ns):       { 0.000 5.000 }
Period(ns):         10.000
Sources:            { bufg_sys/O }

Check Type        Corner  Lib Pin             Reference Pin  Required(ns)  Actual(ns)  Slack(ns)  Location       Pin
Min Period        n/a     DSP48E1/CLK         n/a            3.272         10.000      6.728      DSP48_X2Y37    u_operational_uart/u_chain/u_mlkem/u_server/ntt/BU/M1/u_mult/product_reg_reg/CLK
Min Period        n/a     DSP48E1/CLK         n/a            3.272         10.000      6.728      DSP48_X2Y36    u_operational_uart/u_chain/u_mlkem/u_server/ntt/BU/M0/u_mult/product_reg_reg/CLK
Min Period        n/a     RAMB18E1/CLKARDCLK  n/a            2.472         10.000      7.528      RAMB18_X3Y39   u_operational_uart/u_chain/u_mlkem/u_server/hash/ofifo0_inst/inst/mem_reg_1/CLKARDCLK
Min Period        n/a     RAMB18E1/CLKARDCLK  n/a            2.472         10.000      7.528      RAMB18_X2Y41   u_operational_uart/u_chain/u_mlkem/u_server/hash/ofifo1_inst/inst/mem_reg/CLKARDCLK
Min Period        n/a     RAMB18E1/CLKBWRCLK  n/a            2.472         10.000      7.528      RAMB18_X2Y41   u_operational_uart/u_chain/u_mlkem/u_server/hash/ofifo1_inst/inst/mem_reg/CLKBWRCLK
Min Period        n/a     RAMB36E1/CLKARDCLK  n/a            2.472         10.000      7.528      RAMB36_X2Y22   u_operational_uart/u_chain/u_mlkem/u_server/hash/ofifo_inst/inst/mem_reg_0/CLKARDCLK
Min Period        n/a     RAMB18E1/CLKARDCLK  n/a            2.472         10.000      7.528      RAMB18_X2Y43   u_operational_uart/u_chain/u_mlkem/u_server/hash/ofifo_inst/inst/mem_reg_1/CLKARDCLK
Min Period        n/a     RAMB36E1/CLKARDCLK  n/a            2.472         10.000      7.528      RAMB36_X2Y17   u_operational_uart/u_chain/u_mlkem/u_server/ntt/RAM0/inst/mem_reg/CLKARDCLK
Min Period        n/a     RAMB36E1/CLKBWRCLK  n/a            2.472         10.000      7.528      RAMB36_X2Y17   u_operational_uart/u_chain/u_mlkem/u_server/ntt/RAM0/inst/mem_reg/CLKBWRCLK
Min Period        n/a     RAMB36E1/CLKARDCLK  n/a            2.472         10.000      7.528      RAMB36_X2Y18   u_operational_uart/u_chain/u_mlkem/u_server/ntt/RAM1/inst/mem_reg/CLKARDCLK
Low Pulse Width   Fast    RAMS64E/CLK         n/a            1.130         5.000       3.870      SLICE_X66Y101  u_operational_uart/u_transport/ct_buffer_reg_0_127_0_0/HIGH/CLK
Low Pulse Width   Fast    RAMS64E/CLK         n/a            1.130         5.000       3.870      SLICE_X66Y101  u_operational_uart/u_transport/ct_buffer_reg_0_127_0_0/LOW/CLK
Low Pulse Width   Fast    RAMS64E/CLK         n/a            1.130         5.000       3.870      SLICE_X66Y101  u_operational_uart/u_transport/ct_buffer_reg_0_127_0_0__0/HIGH/CLK
Low Pulse Width   Fast    RAMS64E/CLK         n/a            1.130         5.000       3.870      SLICE_X66Y101  u_operational_uart/u_transport/ct_buffer_reg_0_127_0_0__0/LOW/CLK
Low Pulse Width   Slow    RAMS64E/CLK         n/a            1.130         5.000       3.870      SLICE_X92Y101  u_operational_uart/u_transport/ct_buffer_reg_0_127_0_0__1/HIGH/CLK
Low Pulse Width   Slow    RAMS64E/CLK         n/a            1.130         5.000       3.870      SLICE_X92Y101  u_operational_uart/u_transport/ct_buffer_reg_0_127_0_0__1/LOW/CLK
Low Pulse Width   Slow    RAMS64E/CLK         n/a            1.130         5.000       3.870      SLICE_X82Y104  u_operational_uart/u_transport/ct_buffer_reg_0_127_0_0__10/HIGH/CLK
Low Pulse Width   Fast    RAMS64E/CLK         n/a            1.130         5.000       3.870      SLICE_X82Y104  u_operational_uart/u_transport/ct_buffer_reg_0_127_0_0__10/HIGH/CLK
Low Pulse Width   Slow    RAMS64E/CLK         n/a            1.130         5.000       3.870      SLICE_X82Y104  u_operational_uart/u_transport/ct_buffer_reg_0_127_0_0__10/LOW/CLK
Low Pulse Width   Fast    RAMS64E/CLK         n/a            1.130         5.000       3.870      SLICE_X82Y104  u_operational_uart/u_transport/ct_buffer_reg_0_127_0_0__10/LOW/CLK
High Pulse Width  Slow    RAMS64E/CLK         n/a            1.130         5.000       3.870      SLICE_X66Y101  u_operational_uart/u_transport/ct_buffer_reg_0_127_0_0/HIGH/CLK
High Pulse Width  Fast    RAMS64E/CLK         n/a            1.130         5.000       3.870      SLICE_X66Y101  u_operational_uart/u_transport/ct_buffer_reg_0_127_0_0/HIGH/CLK
High Pulse Width  Slow    RAMS64E/CLK         n/a            1.130         5.000       3.870      SLICE_X66Y101  u_operational_uart/u_transport/ct_buffer_reg_0_127_0_0/LOW/CLK
High Pulse Width  Fast    RAMS64E/CLK         n/a            1.130         5.000       3.870      SLICE_X66Y101  u_operational_uart/u_transport/ct_buffer_reg_0_127_0_0/LOW/CLK
High Pulse Width  Slow    RAMS64E/CLK         n/a            1.130         5.000       3.870      SLICE_X66Y101  u_operational_uart/u_transport/ct_buffer_reg_0_127_0_0__0/HIGH/CLK
High Pulse Width  Fast    RAMS64E/CLK         n/a            1.130         5.000       3.870      SLICE_X66Y101  u_operational_uart/u_transport/ct_buffer_reg_0_127_0_0__0/HIGH/CLK
High Pulse Width  Slow    RAMS64E/CLK         n/a            1.130         5.000       3.870      SLICE_X66Y101  u_operational_uart/u_transport/ct_buffer_reg_0_127_0_0__0/LOW/CLK
High Pulse Width  Fast    RAMS64E/CLK         n/a            1.130         5.000       3.870      SLICE_X66Y101  u_operational_uart/u_transport/ct_buffer_reg_0_127_0_0__0/LOW/CLK
High Pulse Width  Slow    RAMS64E/CLK         n/a            1.130         5.000       3.870      SLICE_X92Y101  u_operational_uart/u_transport/ct_buffer_reg_0_127_0_0__1/HIGH/CLK
High Pulse Width  Fast    RAMS64E/CLK         n/a            1.130         5.000       3.870      SLICE_X92Y101  u_operational_uart/u_transport/ct_buffer_reg_0_127_0_0__1/HIGH/CLK



---------------------------------------------------------------------------------------------------
Path Group:  **async_default**
From Clock:  clk_sys_100mhz
  To Clock:  clk_sys_100mhz

Setup :            0  Failing Endpoints,  Worst Slack        0.742ns,  Total Violation        0.000ns
Hold  :            0  Failing Endpoints,  Worst Slack        0.603ns,  Total Violation        0.000ns
---------------------------------------------------------------------------------------------------


Max Delay Paths
--------------------------------------------------------------------------------------
Slack (MET) :             0.742ns  (required time - arrival time)
  Source:                 u_operational_uart/u_chain/u_puf64_core/FSM_sequential_state_reg[2]_rep__1/C
                            (rising edge-triggered cell FDPE clocked by clk_sys_100mhz  {rise@0.000ns fall@5.000ns period=10.000ns})
  Destination:            u_operational_uart/u_chain/u_puf64_core/u_macro/u_bench/a_s1_reg[1]/CLR
                            (recovery check against rising-edge clock clk_sys_100mhz  {rise@0.000ns fall@5.000ns period=10.000ns})
  Path Group:             **async_default**
  Path Type:              Recovery (Max at Slow Process Corner)
  Requirement:            10.000ns  (clk_sys_100mhz rise@10.000ns - clk_sys_100mhz rise@0.000ns)
  Data Path Delay:        8.804ns  (logic 0.694ns (7.883%)  route 8.110ns (92.117%))
  Logic Levels:           3  (LUT2=1 LUT5=2)
  Clock Path Skew:        -0.076ns (DCD - SCD + CPR)
    Destination Clock Delay (DCD):    -1.078ns = ( 8.922 - 10.000 ) 
    Source Clock Delay      (SCD):    -0.685ns
    Clock Pessimism Removal (CPR):    0.317ns
  Clock Uncertainty:      0.047ns  ((TSJ^2 + DJ^2)^1/2) / 2 + PE
    Total System Jitter     (TSJ):    0.071ns
    Discrete Jitter          (DJ):    0.063ns
    Phase Error              (PE):    0.000ns

    Location             Delay type                Incr(ns)  Path(ns)    Netlist Resource(s)
  -------------------------------------------------------------------    -------------------
                         (clock clk_sys_100mhz rise edge)
                                                      0.000     0.000 r  
    N18                                               0.000     0.000 r  CLK50MHZ (IN)
                         net (fo=0)                   0.000     0.000    CLK50MHZ
    N18                  IBUF (Prop_ibuf_I_O)         1.392     1.392 r  CLK50MHZ_IBUF_inst/O
                         net (fo=1, routed)           1.110     2.502    CLK50MHZ_IBUF
    MMCME2_ADV_X1Y1      MMCME2_ADV (Prop_mmcme2_adv_CLKIN1_CLKOUT0)
                                                     -6.247    -3.745 r  mmcm_i/CLKOUT0
                         net (fo=1, routed)           1.597    -2.148    clk_100_raw
    BUFGCTRL_X0Y16       BUFG (Prop_bufg_I_O)         0.085    -2.063 r  bufg_sys/O
                         net (fo=30806, routed)       1.378    -0.685    u_operational_uart/u_chain/u_puf64_core/clk
    SLICE_X53Y55         FDPE                                         r  u_operational_uart/u_chain/u_puf64_core/FSM_sequential_state_reg[2]_rep__1/C
  -------------------------------------------------------------------    -------------------
    SLICE_X53Y55         FDPE (Prop_fdpe_C_Q)         0.379    -0.306 f  u_operational_uart/u_chain/u_puf64_core/FSM_sequential_state_reg[2]_rep__1/Q
                         net (fo=121, routed)         1.151     0.845    u_operational_uart/u_chain/u_puf64_core/u_kcv/u_sponge/algo_inst/STEP_MAPPING_5/block_reg_reg[0]_0
    SLICE_X67Y55         LUT5 (Prop_lut5_I2_O)        0.105     0.950 f  u_operational_uart/u_chain/u_puf64_core/u_kcv/u_sponge/algo_inst/STEP_MAPPING_5/block_reg[1599]_i_1/O
                         net (fo=2671, routed)        0.982     1.932    u_operational_uart/u_chain/u_puf64_core/fe_zeroize
    SLICE_X93Y58         LUT5 (Prop_lut5_I0_O)        0.105     2.037 f  u_operational_uart/u_chain/u_puf64_core/u_macro_i_1/O
                         net (fo=1, routed)           0.876     2.913    u_operational_uart/u_chain/u_puf64_core/u_macro/u_bench/zeroize
    SLICE_X94Y76         LUT2 (Prop_lut2_I0_O)        0.105     3.018 f  u_operational_uart/u_chain/u_puf64_core/u_macro/u_bench/done_r_i_2/O
                         net (fo=2266, routed)        5.101     8.119    u_operational_uart/u_chain/u_puf64_core/u_macro/u_bench/done_r_i_2_n_0
    SLICE_X78Y30         FDCE                                         f  u_operational_uart/u_chain/u_puf64_core/u_macro/u_bench/a_s1_reg[1]/CLR
  -------------------------------------------------------------------    -------------------

                         (clock clk_sys_100mhz rise edge)
                                                     10.000    10.000 r  
    N18                                               0.000    10.000 r  CLK50MHZ (IN)
                         net (fo=0)                   0.000    10.000    CLK50MHZ
    N18                  IBUF (Prop_ibuf_I_O)         1.327    11.327 r  CLK50MHZ_IBUF_inst/O
                         net (fo=1, routed)           1.004    12.330    CLK50MHZ_IBUF
    MMCME2_ADV_X1Y1      MMCME2_ADV (Prop_mmcme2_adv_CLKIN1_CLKOUT0)
                                                     -6.242     6.089 r  mmcm_i/CLKOUT0
                         net (fo=1, routed)           1.454     7.543    clk_100_raw
    BUFGCTRL_X0Y16       BUFG (Prop_bufg_I_O)         0.077     7.620 r  bufg_sys/O
                         net (fo=30806, routed)       1.302     8.922    u_operational_uart/u_chain/u_puf64_core/u_macro/u_bench/clk
    SLICE_X78Y30         FDCE                                         r  u_operational_uart/u_chain/u_puf64_core/u_macro/u_bench/a_s1_reg[1]/C
                         clock pessimism              0.317     9.239    
                         clock uncertainty           -0.047     9.192    
    SLICE_X78Y30         FDCE (Recov_fdce_C_CLR)     -0.331     8.861    u_operational_uart/u_chain/u_puf64_core/u_macro/u_bench/a_s1_reg[1]
  -------------------------------------------------------------------
                         required time                          8.861    
                         arrival time                          -8.119    
  -------------------------------------------------------------------
                         slack                                  0.742    

Slack (MET) :             0.742ns  (required time - arrival time)
  Source:                 u_operational_uart/u_chain/u_puf64_core/FSM_sequential_state_reg[2]_rep__1/C
                            (rising edge-triggered cell FDPE clocked by clk_sys_100mhz  {rise@0.000ns fall@5.000ns period=10.000ns})
  Destination:            u_operational_uart/u_chain/u_puf64_core/u_macro/u_bench/a_s1_reg[2]/CLR
                            (recovery check against rising-edge clock clk_sys_100mhz  {rise@0.000ns fall@5.000ns period=10.000ns})
  Path Group:             **async_default**
  Path Type:              Recovery (Max at Slow Process Corner)
  Requirement:            10.000ns  (clk_sys_100mhz rise@10.000ns - clk_sys_100mhz rise@0.000ns)
  Data Path Delay:        8.804ns  (logic 0.694ns (7.883%)  route 8.110ns (92.117%))
  Logic Levels:           3  (LUT2=1 LUT5=2)
  Clock Path Skew:        -0.076ns (DCD - SCD + CPR)
    Destination Clock Delay (DCD):    -1.078ns = ( 8.922 - 10.000 ) 
    Source Clock Delay      (SCD):    -0.685ns
    Clock Pessimism Removal (CPR):    0.317ns
  Clock Uncertainty:      0.047ns  ((TSJ^2 + DJ^2)^1/2) / 2 + PE
    Total System Jitter     (TSJ):    0.071ns
    Discrete Jitter          (DJ):    0.063ns
    Phase Error              (PE):    0.000ns

    Location             Delay type                Incr(ns)  Path(ns)    Netlist Resource(s)
  -------------------------------------------------------------------    -------------------
                         (clock clk_sys_100mhz rise edge)
                                                      0.000     0.000 r  
    N18                                               0.000     0.000 r  CLK50MHZ (IN)
                         net (fo=0)                   0.000     0.000    CLK50MHZ
    N18                  IBUF (Prop_ibuf_I_O)         1.392     1.392 r  CLK50MHZ_IBUF_inst/O
                         net (fo=1, routed)           1.110     2.502    CLK50MHZ_IBUF
    MMCME2_ADV_X1Y1      MMCME2_ADV (Prop_mmcme2_adv_CLKIN1_CLKOUT0)
                                                     -6.247    -3.745 r  mmcm_i/CLKOUT0
                         net (fo=1, routed)           1.597    -2.148    clk_100_raw
    BUFGCTRL_X0Y16       BUFG (Prop_bufg_I_O)         0.085    -2.063 r  bufg_sys/O
                         net (fo=30806, routed)       1.378    -0.685    u_operational_uart/u_chain/u_puf64_core/clk
    SLICE_X53Y55         FDPE                                         r  u_operational_uart/u_chain/u_puf64_core/FSM_sequential_state_reg[2]_rep__1/C
  -------------------------------------------------------------------    -------------------
    SLICE_X53Y55         FDPE (Prop_fdpe_C_Q)         0.379    -0.306 f  u_operational_uart/u_chain/u_puf64_core/FSM_sequential_state_reg[2]_rep__1/Q
                         net (fo=121, routed)         1.151     0.845    u_operational_uart/u_chain/u_puf64_core/u_kcv/u_sponge/algo_inst/STEP_MAPPING_5/block_reg_reg[0]_0
    SLICE_X67Y55         LUT5 (Prop_lut5_I2_O)        0.105     0.950 f  u_operational_uart/u_chain/u_puf64_core/u_kcv/u_sponge/algo_inst/STEP_MAPPING_5/block_reg[1599]_i_1/O
                         net (fo=2671, routed)        0.982     1.932    u_operational_uart/u_chain/u_puf64_core/fe_zeroize
    SLICE_X93Y58         LUT5 (Prop_lut5_I0_O)        0.105     2.037 f  u_operational_uart/u_chain/u_puf64_core/u_macro_i_1/O
                         net (fo=1, routed)           0.876     2.913    u_operational_uart/u_chain/u_puf64_core/u_macro/u_bench/zeroize
    SLICE_X94Y76         LUT2 (Prop_lut2_I0_O)        0.105     3.018 f  u_operational_uart/u_chain/u_puf64_core/u_macro/u_bench/done_r_i_2/O
                         net (fo=2266, routed)        5.101     8.119    u_operational_uart/u_chain/u_puf64_core/u_macro/u_bench/done_r_i_2_n_0
    SLICE_X78Y30         FDCE                                         f  u_operational_uart/u_chain/u_puf64_core/u_macro/u_bench/a_s1_reg[2]/CLR
  -------------------------------------------------------------------    -------------------

                         (clock clk_sys_100mhz rise edge)
                                                     10.000    10.000 r  
    N18                                               0.000    10.000 r  CLK50MHZ (IN)
                         net (fo=0)                   0.000    10.000    CLK50MHZ
    N18                  IBUF (Prop_ibuf_I_O)         1.327    11.327 r  CLK50MHZ_IBUF_inst/O
                         net (fo=1, routed)           1.004    12.330    CLK50MHZ_IBUF
    MMCME2_ADV_X1Y1      MMCME2_ADV (Prop_mmcme2_adv_CLKIN1_CLKOUT0)
                                                     -6.242     6.089 r  mmcm_i/CLKOUT0
                         net (fo=1, routed)           1.454     7.543    clk_100_raw
    BUFGCTRL_X0Y16       BUFG (Prop_bufg_I_O)         0.077     7.620 r  bufg_sys/O
                         net (fo=30806, routed)       1.302     8.922    u_operational_uart/u_chain/u_puf64_core/u_macro/u_bench/clk
    SLICE_X78Y30         FDCE                                         r  u_operational_uart/u_chain/u_puf64_core/u_macro/u_bench/a_s1_reg[2]/C
                         clock pessimism              0.317     9.239    
                         clock uncertainty           -0.047     9.192    
    SLICE_X78Y30         FDCE (Recov_fdce_C_CLR)     -0.331     8.861    u_operational_uart/u_chain/u_puf64_core/u_macro/u_bench/a_s1_reg[2]
  -------------------------------------------------------------------
                         required time                          8.861    
                         arrival time                          -8.119    
  -------------------------------------------------------------------
                         slack                                  0.742    

Slack (MET) :             0.742ns  (required time - arrival time)
  Source:                 u_operational_uart/u_chain/u_puf64_core/FSM_sequential_state_reg[2]_rep__1/C
                            (rising edge-triggered cell FDPE clocked by clk_sys_100mhz  {rise@0.000ns fall@5.000ns period=10.000ns})
  Destination:            u_operational_uart/u_chain/u_puf64_core/u_macro/u_bench/a_s1_reg[3]/CLR
                            (recovery check against rising-edge clock clk_sys_100mhz  {rise@0.000ns fall@5.000ns period=10.000ns})
  Path Group:             **async_default**
  Path Type:              Recovery (Max at Slow Process Corner)
  Requirement:            10.000ns  (clk_sys_100mhz rise@10.000ns - clk_sys_100mhz rise@0.000ns)
  Data Path Delay:        8.804ns  (logic 0.694ns (7.883%)  route 8.110ns (92.117%))
  Logic Levels:           3  (LUT2=1 LUT5=2)
  Clock Path Skew:        -0.076ns (DCD - SCD + CPR)
    Destination Clock Delay (DCD):    -1.078ns = ( 8.922 - 10.000 ) 
    Source Clock Delay      (SCD):    -0.685ns
    Clock Pessimism Removal (CPR):    0.317ns
  Clock Uncertainty:      0.047ns  ((TSJ^2 + DJ^2)^1/2) / 2 + PE
    Total System Jitter     (TSJ):    0.071ns
    Discrete Jitter          (DJ):    0.063ns
    Phase Error              (PE):    0.000ns

    Location             Delay type                Incr(ns)  Path(ns)    Netlist Resource(s)
  -------------------------------------------------------------------    -------------------
                         (clock clk_sys_100mhz rise edge)
                                                      0.000     0.000 r  
    N18                                               0.000     0.000 r  CLK50MHZ (IN)
                         net (fo=0)                   0.000     0.000    CLK50MHZ
    N18                  IBUF (Prop_ibuf_I_O)         1.392     1.392 r  CLK50MHZ_IBUF_inst/O
                         net (fo=1, routed)           1.110     2.502    CLK50MHZ_IBUF
    MMCME2_ADV_X1Y1      MMCME2_ADV (Prop_mmcme2_adv_CLKIN1_CLKOUT0)
                                                     -6.247    -3.745 r  mmcm_i/CLKOUT0
                         net (fo=1, routed)           1.597    -2.148    clk_100_raw
    BUFGCTRL_X0Y16       BUFG (Prop_bufg_I_O)         0.085    -2.063 r  bufg_sys/O
                         net (fo=30806, routed)       1.378    -0.685    u_operational_uart/u_chain/u_puf64_core/clk
    SLICE_X53Y55         FDPE                                         r  u_operational_uart/u_chain/u_puf64_core/FSM_sequential_state_reg[2]_rep__1/C
  -------------------------------------------------------------------    -------------------
    SLICE_X53Y55         FDPE (Prop_fdpe_C_Q)         0.379    -0.306 f  u_operational_uart/u_chain/u_puf64_core/FSM_sequential_state_reg[2]_rep__1/Q
                         net (fo=121, routed)         1.151     0.845    u_operational_uart/u_chain/u_puf64_core/u_kcv/u_sponge/algo_inst/STEP_MAPPING_5/block_reg_reg[0]_0
    SLICE_X67Y55         LUT5 (Prop_lut5_I2_O)        0.105     0.950 f  u_operational_uart/u_chain/u_puf64_core/u_kcv/u_sponge/algo_inst/STEP_MAPPING_5/block_reg[1599]_i_1/O
                         net (fo=2671, routed)        0.982     1.932    u_operational_uart/u_chain/u_puf64_core/fe_zeroize
    SLICE_X93Y58         LUT5 (Prop_lut5_I0_O)        0.105     2.037 f  u_operational_uart/u_chain/u_puf64_core/u_macro_i_1/O
                         net (fo=1, routed)           0.876     2.913    u_operational_uart/u_chain/u_puf64_core/u_macro/u_bench/zeroize
    SLICE_X94Y76         LUT2 (Prop_lut2_I0_O)        0.105     3.018 f  u_operational_uart/u_chain/u_puf64_core/u_macro/u_bench/done_r_i_2/O
                         net (fo=2266, routed)        5.101     8.119    u_operational_uart/u_chain/u_puf64_core/u_macro/u_bench/done_r_i_2_n_0
    SLICE_X78Y30         FDCE                                         f  u_operational_uart/u_chain/u_puf64_core/u_macro/u_bench/a_s1_reg[3]/CLR
  -------------------------------------------------------------------    -------------------

                         (clock clk_sys_100mhz rise edge)
                                                     10.000    10.000 r  
    N18                                               0.000    10.000 r  CLK50MHZ (IN)
                         net (fo=0)                   0.000    10.000    CLK50MHZ
    N18                  IBUF (Prop_ibuf_I_O)         1.327    11.327 r  CLK50MHZ_IBUF_inst/O
                         net (fo=1, routed)           1.004    12.330    CLK50MHZ_IBUF
    MMCME2_ADV_X1Y1      MMCME2_ADV (Prop_mmcme2_adv_CLKIN1_CLKOUT0)
                                                     -6.242     6.089 r  mmcm_i/CLKOUT0
                         net (fo=1, routed)           1.454     7.543    clk_100_raw
    BUFGCTRL_X0Y16       BUFG (Prop_bufg_I_O)         0.077     7.620 r  bufg_sys/O
                         net (fo=30806, routed)       1.302     8.922    u_operational_uart/u_chain/u_puf64_core/u_macro/u_bench/clk
    SLICE_X78Y30         FDCE                                         r  u_operational_uart/u_chain/u_puf64_core/u_macro/u_bench/a_s1_reg[3]/C
                         clock pessimism              0.317     9.239    
                         clock uncertainty           -0.047     9.192    
    SLICE_X78Y30         FDCE (Recov_fdce_C_CLR)     -0.331     8.861    u_operational_uart/u_chain/u_puf64_core/u_macro/u_bench/a_s1_reg[3]
  -------------------------------------------------------------------
                         required time                          8.861    
                         arrival time                          -8.119    
  -------------------------------------------------------------------
                         slack                                  0.742    

Slack (MET) :             0.854ns  (required time - arrival time)
  Source:                 u_operational_uart/u_chain/u_puf64_core/FSM_sequential_state_reg[2]_rep__1/C
                            (rising edge-triggered cell FDPE clocked by clk_sys_100mhz  {rise@0.000ns fall@5.000ns period=10.000ns})
  Destination:            u_operational_uart/u_chain/u_puf64_core/u_macro/u_bench/a_s1_reg[0]/CLR
                            (recovery check against rising-edge clock clk_sys_100mhz  {rise@0.000ns fall@5.000ns period=10.000ns})
  Path Group:             **async_default**
  Path Type:              Recovery (Max at Slow Process Corner)
  Requirement:            10.000ns  (clk_sys_100mhz rise@10.000ns - clk_sys_100mhz rise@0.000ns)
  Data Path Delay:        8.691ns  (logic 0.694ns (7.985%)  route 7.997ns (92.015%))
  Logic Levels:           3  (LUT2=1 LUT5=2)
  Clock Path Skew:        -0.076ns (DCD - SCD + CPR)
    Destination Clock Delay (DCD):    -1.078ns = ( 8.922 - 10.000 ) 
    Source Clock Delay      (SCD):    -0.685ns
    Clock Pessimism Removal (CPR):    0.317ns
  Clock Uncertainty:      0.047ns  ((TSJ^2 + DJ^2)^1/2) / 2 + PE
    Total System Jitter     (TSJ):    0.071ns
    Discrete Jitter          (DJ):    0.063ns
    Phase Error              (PE):    0.000ns

    Location             Delay type                Incr(ns)  Path(ns)    Netlist Resource(s)
  -------------------------------------------------------------------    -------------------
                         (clock clk_sys_100mhz rise edge)
                                                      0.000     0.000 r  
    N18                                               0.000     0.000 r  CLK50MHZ (IN)
                         net (fo=0)                   0.000     0.000    CLK50MHZ
    N18                  IBUF (Prop_ibuf_I_O)         1.392     1.392 r  CLK50MHZ_IBUF_inst/O
                         net (fo=1, routed)           1.110     2.502    CLK50MHZ_IBUF
    MMCME2_ADV_X1Y1      MMCME2_ADV (Prop_mmcme2_adv_CLKIN1_CLKOUT0)
                                                     -6.247    -3.745 r  mmcm_i/CLKOUT0
                         net (fo=1, routed)           1.597    -2.148    clk_100_raw
    BUFGCTRL_X0Y16       BUFG (Prop_bufg_I_O)         0.085    -2.063 r  bufg_sys/O
                         net (fo=30806, routed)       1.378    -0.685    u_operational_uart/u_chain/u_puf64_core/clk
    SLICE_X53Y55         FDPE                                         r  u_operational_uart/u_chain/u_puf64_core/FSM_sequential_state_reg[2]_rep__1/C
  -------------------------------------------------------------------    -------------------
    SLICE_X53Y55         FDPE (Prop_fdpe_C_Q)         0.379    -0.306 f  u_operational_uart/u_chain/u_puf64_core/FSM_sequential_state_reg[2]_rep__1/Q
                         net (fo=121, routed)         1.151     0.845    u_operational_uart/u_chain/u_puf64_core/u_kcv/u_sponge/algo_inst/STEP_MAPPING_5/block_reg_reg[0]_0
    SLICE_X67Y55         LUT5 (Prop_lut5_I2_O)        0.105     0.950 f  u_operational_uart/u_chain/u_puf64_core/u_kcv/u_sponge/algo_inst/STEP_MAPPING_5/block_reg[1599]_i_1/O
                         net (fo=2671, routed)        0.982     1.932    u_operational_uart/u_chain/u_puf64_core/fe_zeroize
    SLICE_X93Y58         LUT5 (Prop_lut5_I0_O)        0.105     2.037 f  u_operational_uart/u_chain/u_puf64_core/u_macro_i_1/O
                         net (fo=1, routed)           0.876     2.913    u_operational_uart/u_chain/u_puf64_core/u_macro/u_bench/zeroize
    SLICE_X94Y76         LUT2 (Prop_lut2_I0_O)        0.105     3.018 f  u_operational_uart/u_chain/u_puf64_core/u_macro/u_bench/done_r_i_2/O
                         net (fo=2266, routed)        4.988     8.006    u_operational_uart/u_chain/u_puf64_core/u_macro/u_bench/done_r_i_2_n_0
    SLICE_X72Y32         FDCE                                         f  u_operational_uart/u_chain/u_puf64_core/u_macro/u_bench/a_s1_reg[0]/CLR
  -------------------------------------------------------------------    -------------------

                         (clock clk_sys_100mhz rise edge)
                                                     10.000    10.000 r  
    N18                                               0.000    10.000 r  CLK50MHZ (IN)
                         net (fo=0)                   0.000    10.000    CLK50MHZ
    N18                  IBUF (Prop_ibuf_I_O)         1.327    11.327 r  CLK50MHZ_IBUF_inst/O
                         net (fo=1, routed)           1.004    12.330    CLK50MHZ_IBUF
    MMCME2_ADV_X1Y1      MMCME2_ADV (Prop_mmcme2_adv_CLKIN1_CLKOUT0)
                                                     -6.242     6.089 r  mmcm_i/CLKOUT0
                         net (fo=1, routed)           1.454     7.543    clk_100_raw
    BUFGCTRL_X0Y16       BUFG (Prop_bufg_I_O)         0.077     7.620 r  bufg_sys/O
                         net (fo=30806, routed)       1.302     8.922    u_operational_uart/u_chain/u_puf64_core/u_macro/u_bench/clk
    SLICE_X72Y32         FDCE                                         r  u_operational_uart/u_chain/u_puf64_core/u_macro/u_bench/a_s1_reg[0]/C
                         clock pessimism              0.317     9.239    
                         clock uncertainty           -0.047     9.192    
    SLICE_X72Y32         FDCE (Recov_fdce_C_CLR)     -0.331     8.861    u_operational_uart/u_chain/u_puf64_core/u_macro/u_bench/a_s1_reg[0]
  -------------------------------------------------------------------
                         required time                          8.861    
                         arrival time                          -8.006    
  -------------------------------------------------------------------
                         slack                                  0.854    

Slack (MET) :             0.854ns  (required time - arrival time)
  Source:                 u_operational_uart/u_chain/u_puf64_core/FSM_sequential_state_reg[2]_rep__1/C
                            (rising edge-triggered cell FDPE clocked by clk_sys_100mhz  {rise@0.000ns fall@5.000ns period=10.000ns})
  Destination:            u_operational_uart/u_chain/u_puf64_core/u_macro/u_bench/b_s1_reg[0]/CLR
                            (recovery check against rising-edge clock clk_sys_100mhz  {rise@0.000ns fall@5.000ns period=10.000ns})
  Path Group:             **async_default**
  Path Type:              Recovery (Max at Slow Process Corner)
  Requirement:            10.000ns  (clk_sys_100mhz rise@10.000ns - clk_sys_100mhz rise@0.000ns)
  Data Path Delay:        8.691ns  (logic 0.694ns (7.985%)  route 7.997ns (92.015%))
  Logic Levels:           3  (LUT2=1 LUT5=2)
  Clock Path Skew:        -0.076ns (DCD - SCD + CPR)
    Destination Clock Delay (DCD):    -1.078ns = ( 8.922 - 10.000 ) 
    Source Clock Delay      (SCD):    -0.685ns
    Clock Pessimism Removal (CPR):    0.317ns
  Clock Uncertainty:      0.047ns  ((TSJ^2 + DJ^2)^1/2) / 2 + PE
    Total System Jitter     (TSJ):    0.071ns
    Discrete Jitter          (DJ):    0.063ns
    Phase Error              (PE):    0.000ns

    Location             Delay type                Incr(ns)  Path(ns)    Netlist Resource(s)
  -------------------------------------------------------------------    -------------------
                         (clock clk_sys_100mhz rise edge)
                                                      0.000     0.000 r  
    N18                                               0.000     0.000 r  CLK50MHZ (IN)
                         net (fo=0)                   0.000     0.000    CLK50MHZ
    N18                  IBUF (Prop_ibuf_I_O)         1.392     1.392 r  CLK50MHZ_IBUF_inst/O
                         net (fo=1, routed)           1.110     2.502    CLK50MHZ_IBUF
    MMCME2_ADV_X1Y1      MMCME2_ADV (Prop_mmcme2_adv_CLKIN1_CLKOUT0)
                                                     -6.247    -3.745 r  mmcm_i/CLKOUT0
                         net (fo=1, routed)           1.597    -2.148    clk_100_raw
    BUFGCTRL_X0Y16       BUFG (Prop_bufg_I_O)         0.085    -2.063 r  bufg_sys/O
                         net (fo=30806, routed)       1.378    -0.685    u_operational_uart/u_chain/u_puf64_core/clk
    SLICE_X53Y55         FDPE                                         r  u_operational_uart/u_chain/u_puf64_core/FSM_sequential_state_reg[2]_rep__1/C
  -------------------------------------------------------------------    -------------------
    SLICE_X53Y55         FDPE (Prop_fdpe_C_Q)         0.379    -0.306 f  u_operational_uart/u_chain/u_puf64_core/FSM_sequential_state_reg[2]_rep__1/Q
                         net (fo=121, routed)         1.151     0.845    u_operational_uart/u_chain/u_puf64_core/u_kcv/u_sponge/algo_inst/STEP_MAPPING_5/block_reg_reg[0]_0
    SLICE_X67Y55         LUT5 (Prop_lut5_I2_O)        0.105     0.950 f  u_operational_uart/u_chain/u_puf64_core/u_kcv/u_sponge/algo_inst/STEP_MAPPING_5/block_reg[1599]_i_1/O
                         net (fo=2671, routed)        0.982     1.932    u_operational_uart/u_chain/u_puf64_core/fe_zeroize
    SLICE_X93Y58         LUT5 (Prop_lut5_I0_O)        0.105     2.037 f  u_operational_uart/u_chain/u_puf64_core/u_macro_i_1/O
                         net (fo=1, routed)           0.876     2.913    u_operational_uart/u_chain/u_puf64_core/u_macro/u_bench/zeroize
    SLICE_X94Y76         LUT2 (Prop_lut2_I0_O)        0.105     3.018 f  u_operational_uart/u_chain/u_puf64_core/u_macro/u_bench/done_r_i_2/O
                         net (fo=2266, routed)        4.988     8.006    u_operational_uart/u_chain/u_puf64_core/u_macro/u_bench/done_r_i_2_n_0
    SLICE_X72Y32         FDCE                                         f  u_operational_uart/u_chain/u_puf64_core/u_macro/u_bench/b_s1_reg[0]/CLR
  -------------------------------------------------------------------    -------------------

                         (clock clk_sys_100mhz rise edge)
                                                     10.000    10.000 r  
    N18                                               0.000    10.000 r  CLK50MHZ (IN)
                         net (fo=0)                   0.000    10.000    CLK50MHZ
    N18                  IBUF (Prop_ibuf_I_O)         1.327    11.327 r  CLK50MHZ_IBUF_inst/O
                         net (fo=1, routed)           1.004    12.330    CLK50MHZ_IBUF
    MMCME2_ADV_X1Y1      MMCME2_ADV (Prop_mmcme2_adv_CLKIN1_CLKOUT0)
                                                     -6.242     6.089 r  mmcm_i/CLKOUT0
                         net (fo=1, routed)           1.454     7.543    clk_100_raw
    BUFGCTRL_X0Y16       BUFG (Prop_bufg_I_O)         0.077     7.620 r  bufg_sys/O
                         net (fo=30806, routed)       1.302     8.922    u_operational_uart/u_chain/u_puf64_core/u_macro/u_bench/clk
    SLICE_X72Y32         FDCE                                         r  u_operational_uart/u_chain/u_puf64_core/u_macro/u_bench/b_s1_reg[0]/C
                         clock pessimism              0.317     9.239    
                         clock uncertainty           -0.047     9.192    
    SLICE_X72Y32         FDCE (Recov_fdce_C_CLR)     -0.331     8.861    u_operational_uart/u_chain/u_puf64_core/u_macro/u_bench/b_s1_reg[0]
  -------------------------------------------------------------------
                         required time                          8.861    
                         arrival time                          -8.006    
  -------------------------------------------------------------------
                         slack                                  0.854    

Slack (MET) :             0.854ns  (required time - arrival time)
  Source:                 u_operational_uart/u_chain/u_puf64_core/FSM_sequential_state_reg[2]_rep__1/C
                            (rising edge-triggered cell FDPE clocked by clk_sys_100mhz  {rise@0.000ns fall@5.000ns period=10.000ns})
  Destination:            u_operational_uart/u_chain/u_puf64_core/u_macro/u_bench/b_s1_reg[1]/CLR
                            (recovery check against rising-edge clock clk_sys_100mhz  {rise@0.000ns fall@5.000ns period=10.000ns})
  Path Group:             **async_default**
  Path Type:              Recovery (Max at Slow Process Corner)
  Requirement:            10.000ns  (clk_sys_100mhz rise@10.000ns - clk_sys_100mhz rise@0.000ns)
  Data Path Delay:        8.691ns  (logic 0.694ns (7.985%)  route 7.997ns (92.015%))
  Logic Levels:           3  (LUT2=1 LUT5=2)
  Clock Path Skew:        -0.076ns (DCD - SCD + CPR)
    Destination Clock Delay (DCD):    -1.078ns = ( 8.922 - 10.000 ) 
    Source Clock Delay      (SCD):    -0.685ns
    Clock Pessimism Removal (CPR):    0.317ns
  Clock Uncertainty:      0.047ns  ((TSJ^2 + DJ^2)^1/2) / 2 + PE
    Total System Jitter     (TSJ):    0.071ns
    Discrete Jitter          (DJ):    0.063ns
    Phase Error              (PE):    0.000ns

    Location             Delay type                Incr(ns)  Path(ns)    Netlist Resource(s)
  -------------------------------------------------------------------    -------------------
                         (clock clk_sys_100mhz rise edge)
                                                      0.000     0.000 r  
    N18                                               0.000     0.000 r  CLK50MHZ (IN)
                         net (fo=0)                   0.000     0.000    CLK50MHZ
    N18                  IBUF (Prop_ibuf_I_O)         1.392     1.392 r  CLK50MHZ_IBUF_inst/O
                         net (fo=1, routed)           1.110     2.502    CLK50MHZ_IBUF
    MMCME2_ADV_X1Y1      MMCME2_ADV (Prop_mmcme2_adv_CLKIN1_CLKOUT0)
                                                     -6.247    -3.745 r  mmcm_i/CLKOUT0
                         net (fo=1, routed)           1.597    -2.148    clk_100_raw
    BUFGCTRL_X0Y16       BUFG (Prop_bufg_I_O)         0.085    -2.063 r  bufg_sys/O
                         net (fo=30806, routed)       1.378    -0.685    u_operational_uart/u_chain/u_puf64_core/clk
    SLICE_X53Y55         FDPE                                         r  u_operational_uart/u_chain/u_puf64_core/FSM_sequential_state_reg[2]_rep__1/C
  -------------------------------------------------------------------    -------------------
    SLICE_X53Y55         FDPE (Prop_fdpe_C_Q)         0.379    -0.306 f  u_operational_uart/u_chain/u_puf64_core/FSM_sequential_state_reg[2]_rep__1/Q
                         net (fo=121, routed)         1.151     0.845    u_operational_uart/u_chain/u_puf64_core/u_kcv/u_sponge/algo_inst/STEP_MAPPING_5/block_reg_reg[0]_0
    SLICE_X67Y55         LUT5 (Prop_lut5_I2_O)        0.105     0.950 f  u_operational_uart/u_chain/u_puf64_core/u_kcv/u_sponge/algo_inst/STEP_MAPPING_5/block_reg[1599]_i_1/O
                         net (fo=2671, routed)        0.982     1.932    u_operational_uart/u_chain/u_puf64_core/fe_zeroize
    SLICE_X93Y58         LUT5 (Prop_lut5_I0_O)        0.105     2.037 f  u_operational_uart/u_chain/u_puf64_core/u_macro_i_1/O
                         net (fo=1, routed)           0.876     2.913    u_operational_uart/u_chain/u_puf64_core/u_macro/u_bench/zeroize
    SLICE_X94Y76         LUT2 (Prop_lut2_I0_O)        0.105     3.018 f  u_operational_uart/u_chain/u_puf64_core/u_macro/u_bench/done_r_i_2/O
                         net (fo=2266, routed)        4.988     8.006    u_operational_uart/u_chain/u_puf64_core/u_macro/u_bench/done_r_i_2_n_0
    SLICE_X72Y32         FDCE                                         f  u_operational_uart/u_chain/u_puf64_core/u_macro/u_bench/b_s1_reg[1]/CLR
  -------------------------------------------------------------------    -------------------

                         (clock clk_sys_100mhz rise edge)
                                                     10.000    10.000 r  
    N18                                               0.000    10.000 r  CLK50MHZ (IN)
                         net (fo=0)                   0.000    10.000    CLK50MHZ
    N18                  IBUF (Prop_ibuf_I_O)         1.327    11.327 r  CLK50MHZ_IBUF_inst/O
                         net (fo=1, routed)           1.004    12.330    CLK50MHZ_IBUF
    MMCME2_ADV_X1Y1      MMCME2_ADV (Prop_mmcme2_adv_CLKIN1_CLKOUT0)
                                                     -6.242     6.089 r  mmcm_i/CLKOUT0
                         net (fo=1, routed)           1.454     7.543    clk_100_raw
    BUFGCTRL_X0Y16       BUFG (Prop_bufg_I_O)         0.077     7.620 r  bufg_sys/O
                         net (fo=30806, routed)       1.302     8.922    u_operational_uart/u_chain/u_puf64_core/u_macro/u_bench/clk
    SLICE_X72Y32         FDCE                                         r  u_operational_uart/u_chain/u_puf64_core/u_macro/u_bench/b_s1_reg[1]/C
                         clock pessimism              0.317     9.239    
                         clock uncertainty           -0.047     9.192    
    SLICE_X72Y32         FDCE (Recov_fdce_C_CLR)     -0.331     8.861    u_operational_uart/u_chain/u_puf64_core/u_macro/u_bench/b_s1_reg[1]
  -------------------------------------------------------------------
                         required time                          8.861    
                         arrival time                          -8.006    
  -------------------------------------------------------------------
                         slack                                  0.854    

Slack (MET) :             0.854ns  (required time - arrival time)
  Source:                 u_operational_uart/u_chain/u_puf64_core/FSM_sequential_state_reg[2]_rep__1/C
                            (rising edge-triggered cell FDPE clocked by clk_sys_100mhz  {rise@0.000ns fall@5.000ns period=10.000ns})
  Destination:            u_operational_uart/u_chain/u_puf64_core/u_macro/u_bench/b_s2_reg[1]/CLR
                            (recovery check against rising-edge clock clk_sys_100mhz  {rise@0.000ns fall@5.000ns period=10.000ns})
  Path Group:             **async_default**
  Path Type:              Recovery (Max at Slow Process Corner)
  Requirement:            10.000ns  (clk_sys_100mhz rise@10.000ns - clk_sys_100mhz rise@0.000ns)
  Data Path Delay:        8.691ns  (logic 0.694ns (7.985%)  route 7.997ns (92.015%))
  Logic Levels:           3  (LUT2=1 LUT5=2)
  Clock Path Skew:        -0.076ns (DCD - SCD + CPR)
    Destination Clock Delay (DCD):    -1.078ns = ( 8.922 - 10.000 ) 
    Source Clock Delay      (SCD):    -0.685ns
    Clock Pessimism Removal (CPR):    0.317ns
  Clock Uncertainty:      0.047ns  ((TSJ^2 + DJ^2)^1/2) / 2 + PE
    Total System Jitter     (TSJ):    0.071ns
    Discrete Jitter          (DJ):    0.063ns
    Phase Error              (PE):    0.000ns

    Location             Delay type                Incr(ns)  Path(ns)    Netlist Resource(s)
  -------------------------------------------------------------------    -------------------
                         (clock clk_sys_100mhz rise edge)
                                                      0.000     0.000 r  
    N18                                               0.000     0.000 r  CLK50MHZ (IN)
                         net (fo=0)                   0.000     0.000    CLK50MHZ
    N18                  IBUF (Prop_ibuf_I_O)         1.392     1.392 r  CLK50MHZ_IBUF_inst/O
                         net (fo=1, routed)           1.110     2.502    CLK50MHZ_IBUF
    MMCME2_ADV_X1Y1      MMCME2_ADV (Prop_mmcme2_adv_CLKIN1_CLKOUT0)
                                                     -6.247    -3.745 r  mmcm_i/CLKOUT0
                         net (fo=1, routed)           1.597    -2.148    clk_100_raw
    BUFGCTRL_X0Y16       BUFG (Prop_bufg_I_O)         0.085    -2.063 r  bufg_sys/O
                         net (fo=30806, routed)       1.378    -0.685    u_operational_uart/u_chain/u_puf64_core/clk
    SLICE_X53Y55         FDPE                                         r  u_operational_uart/u_chain/u_puf64_core/FSM_sequential_state_reg[2]_rep__1/C
  -------------------------------------------------------------------    -------------------
    SLICE_X53Y55         FDPE (Prop_fdpe_C_Q)         0.379    -0.306 f  u_operational_uart/u_chain/u_puf64_core/FSM_sequential_state_reg[2]_rep__1/Q
                         net (fo=121, routed)         1.151     0.845    u_operational_uart/u_chain/u_puf64_core/u_kcv/u_sponge/algo_inst/STEP_MAPPING_5/block_reg_reg[0]_0
    SLICE_X67Y55         LUT5 (Prop_lut5_I2_O)        0.105     0.950 f  u_operational_uart/u_chain/u_puf64_core/u_kcv/u_sponge/algo_inst/STEP_MAPPING_5/block_reg[1599]_i_1/O
                         net (fo=2671, routed)        0.982     1.932    u_operational_uart/u_chain/u_puf64_core/fe_zeroize
    SLICE_X93Y58         LUT5 (Prop_lut5_I0_O)        0.105     2.037 f  u_operational_uart/u_chain/u_puf64_core/u_macro_i_1/O
                         net (fo=1, routed)           0.876     2.913    u_operational_uart/u_chain/u_puf64_core/u_macro/u_bench/zeroize
    SLICE_X94Y76         LUT2 (Prop_lut2_I0_O)        0.105     3.018 f  u_operational_uart/u_chain/u_puf64_core/u_macro/u_bench/done_r_i_2/O
                         net (fo=2266, routed)        4.988     8.006    u_operational_uart/u_chain/u_puf64_core/u_macro/u_bench/done_r_i_2_n_0
    SLICE_X72Y32         FDCE                                         f  u_operational_uart/u_chain/u_puf64_core/u_macro/u_bench/b_s2_reg[1]/CLR
  -------------------------------------------------------------------    -------------------

                         (clock clk_sys_100mhz rise edge)
                                                     10.000    10.000 r  
    N18                                               0.000    10.000 r  CLK50MHZ (IN)
                         net (fo=0)                   0.000    10.000    CLK50MHZ
    N18                  IBUF (Prop_ibuf_I_O)         1.327    11.327 r  CLK50MHZ_IBUF_inst/O
                         net (fo=1, routed)           1.004    12.330    CLK50MHZ_IBUF
    MMCME2_ADV_X1Y1      MMCME2_ADV (Prop_mmcme2_adv_CLKIN1_CLKOUT0)
                                                     -6.242     6.089 r  mmcm_i/CLKOUT0
                         net (fo=1, routed)           1.454     7.543    clk_100_raw
    BUFGCTRL_X0Y16       BUFG (Prop_bufg_I_O)         0.077     7.620 r  bufg_sys/O
                         net (fo=30806, routed)       1.302     8.922    u_operational_uart/u_chain/u_puf64_core/u_macro/u_bench/clk
    SLICE_X72Y32         FDCE                                         r  u_operational_uart/u_chain/u_puf64_core/u_macro/u_bench/b_s2_reg[1]/C
                         clock pessimism              0.317     9.239    
                         clock uncertainty           -0.047     9.192    
    SLICE_X72Y32         FDCE (Recov_fdce_C_CLR)     -0.331     8.861    u_operational_uart/u_chain/u_puf64_core/u_macro/u_bench/b_s2_reg[1]
  -------------------------------------------------------------------
                         required time                          8.861    
                         arrival time                          -8.006    
  -------------------------------------------------------------------
                         slack                                  0.854    

Slack (MET) :             0.965ns  (required time - arrival time)
  Source:                 u_operational_uart/u_chain/u_puf64_core/FSM_sequential_state_reg[2]_rep__1/C
                            (rising edge-triggered cell FDPE clocked by clk_sys_100mhz  {rise@0.000ns fall@5.000ns period=10.000ns})
  Destination:            u_operational_uart/u_chain/u_puf64_core/u_macro/u_bench/b_s3_reg[0]/CLR
                            (recovery check against rising-edge clock clk_sys_100mhz  {rise@0.000ns fall@5.000ns period=10.000ns})
  Path Group:             **async_default**
  Path Type:              Recovery (Max at Slow Process Corner)
  Requirement:            10.000ns  (clk_sys_100mhz rise@10.000ns - clk_sys_100mhz rise@0.000ns)
  Data Path Delay:        8.587ns  (logic 0.694ns (8.082%)  route 7.893ns (91.918%))
  Logic Levels:           3  (LUT2=1 LUT5=2)
  Clock Path Skew:        -0.070ns (DCD - SCD + CPR)
    Destination Clock Delay (DCD):    -1.072ns = ( 8.928 - 10.000 ) 
    Source Clock Delay      (SCD):    -0.685ns
    Clock Pessimism Removal (CPR):    0.317ns
  Clock Uncertainty:      0.047ns  ((TSJ^2 + DJ^2)^1/2) / 2 + PE
    Total System Jitter     (TSJ):    0.071ns
    Discrete Jitter          (DJ):    0.063ns
    Phase Error              (PE):    0.000ns

    Location             Delay type                Incr(ns)  Path(ns)    Netlist Resource(s)
  -------------------------------------------------------------------    -------------------
                         (clock clk_sys_100mhz rise edge)
                                                      0.000     0.000 r  
    N18                                               0.000     0.000 r  CLK50MHZ (IN)
                         net (fo=0)                   0.000     0.000    CLK50MHZ
    N18                  IBUF (Prop_ibuf_I_O)         1.392     1.392 r  CLK50MHZ_IBUF_inst/O
                         net (fo=1, routed)           1.110     2.502    CLK50MHZ_IBUF
    MMCME2_ADV_X1Y1      MMCME2_ADV (Prop_mmcme2_adv_CLKIN1_CLKOUT0)
                                                     -6.247    -3.745 r  mmcm_i/CLKOUT0
                         net (fo=1, routed)           1.597    -2.148    clk_100_raw
    BUFGCTRL_X0Y16       BUFG (Prop_bufg_I_O)         0.085    -2.063 r  bufg_sys/O
                         net (fo=30806, routed)       1.378    -0.685    u_operational_uart/u_chain/u_puf64_core/clk
    SLICE_X53Y55         FDPE                                         r  u_operational_uart/u_chain/u_puf64_core/FSM_sequential_state_reg[2]_rep__1/C
  -------------------------------------------------------------------    -------------------
    SLICE_X53Y55         FDPE (Prop_fdpe_C_Q)         0.379    -0.306 f  u_operational_uart/u_chain/u_puf64_core/FSM_sequential_state_reg[2]_rep__1/Q
                         net (fo=121, routed)         1.151     0.845    u_operational_uart/u_chain/u_puf64_core/u_kcv/u_sponge/algo_inst/STEP_MAPPING_5/block_reg_reg[0]_0
    SLICE_X67Y55         LUT5 (Prop_lut5_I2_O)        0.105     0.950 f  u_operational_uart/u_chain/u_puf64_core/u_kcv/u_sponge/algo_inst/STEP_MAPPING_5/block_reg[1599]_i_1/O
                         net (fo=2671, routed)        0.982     1.932    u_operational_uart/u_chain/u_puf64_core/fe_zeroize
    SLICE_X93Y58         LUT5 (Prop_lut5_I0_O)        0.105     2.037 f  u_operational_uart/u_chain/u_puf64_core/u_macro_i_1/O
                         net (fo=1, routed)           0.876     2.913    u_operational_uart/u_chain/u_puf64_core/u_macro/u_bench/zeroize
    SLICE_X94Y76         LUT2 (Prop_lut2_I0_O)        0.105     3.018 f  u_operational_uart/u_chain/u_puf64_core/u_macro/u_bench/done_r_i_2/O
                         net (fo=2266, routed)        4.883     7.902    u_operational_uart/u_chain/u_puf64_core/u_macro/u_bench/done_r_i_2_n_0
    SLICE_X81Y36         FDCE                                         f  u_operational_uart/u_chain/u_puf64_core/u_macro/u_bench/b_s3_reg[0]/CLR
  -------------------------------------------------------------------    -------------------

                         (clock clk_sys_100mhz rise edge)
                                                     10.000    10.000 r  
    N18                                               0.000    10.000 r  CLK50MHZ (IN)
                         net (fo=0)                   0.000    10.000    CLK50MHZ
    N18                  IBUF (Prop_ibuf_I_O)         1.327    11.327 r  CLK50MHZ_IBUF_inst/O
                         net (fo=1, routed)           1.004    12.330    CLK50MHZ_IBUF
    MMCME2_ADV_X1Y1      MMCME2_ADV (Prop_mmcme2_adv_CLKIN1_CLKOUT0)
                                                     -6.242     6.089 r  mmcm_i/CLKOUT0
                         net (fo=1, routed)           1.454     7.543    clk_100_raw
    BUFGCTRL_X0Y16       BUFG (Prop_bufg_I_O)         0.077     7.620 r  bufg_sys/O
                         net (fo=30806, routed)       1.308     8.928    u_operational_uart/u_chain/u_puf64_core/u_macro/u_bench/clk
    SLICE_X81Y36         FDCE                                         r  u_operational_uart/u_chain/u_puf64_core/u_macro/u_bench/b_s3_reg[0]/C
                         clock pessimism              0.317     9.245    
                         clock uncertainty           -0.047     9.198    
    SLICE_X81Y36         FDCE (Recov_fdce_C_CLR)     -0.331     8.867    u_operational_uart/u_chain/u_puf64_core/u_macro/u_bench/b_s3_reg[0]
  -------------------------------------------------------------------
                         required time                          8.867    
                         arrival time                          -7.902    
  -------------------------------------------------------------------
                         slack                                  0.965    

Slack (MET) :             0.965ns  (required time - arrival time)
  Source:                 u_operational_uart/u_chain/u_puf64_core/FSM_sequential_state_reg[2]_rep__1/C
                            (rising edge-triggered cell FDPE clocked by clk_sys_100mhz  {rise@0.000ns fall@5.000ns period=10.000ns})
  Destination:            u_operational_uart/u_chain/u_puf64_core/u_macro/u_bench/b_s3_reg[10]/CLR
                            (recovery check against rising-edge clock clk_sys_100mhz  {rise@0.000ns fall@5.000ns period=10.000ns})
  Path Group:             **async_default**
  Path Type:              Recovery (Max at Slow Process Corner)
  Requirement:            10.000ns  (clk_sys_100mhz rise@10.000ns - clk_sys_100mhz rise@0.000ns)
  Data Path Delay:        8.587ns  (logic 0.694ns (8.082%)  route 7.893ns (91.918%))
  Logic Levels:           3  (LUT2=1 LUT5=2)
  Clock Path Skew:        -0.070ns (DCD - SCD + CPR)
    Destination Clock Delay (DCD):    -1.072ns = ( 8.928 - 10.000 ) 
    Source Clock Delay      (SCD):    -0.685ns
    Clock Pessimism Removal (CPR):    0.317ns
  Clock Uncertainty:      0.047ns  ((TSJ^2 + DJ^2)^1/2) / 2 + PE
    Total System Jitter     (TSJ):    0.071ns
    Discrete Jitter          (DJ):    0.063ns
    Phase Error              (PE):    0.000ns

    Location             Delay type                Incr(ns)  Path(ns)    Netlist Resource(s)
  -------------------------------------------------------------------    -------------------
                         (clock clk_sys_100mhz rise edge)
                                                      0.000     0.000 r  
    N18                                               0.000     0.000 r  CLK50MHZ (IN)
                         net (fo=0)                   0.000     0.000    CLK50MHZ
    N18                  IBUF (Prop_ibuf_I_O)         1.392     1.392 r  CLK50MHZ_IBUF_inst/O
                         net (fo=1, routed)           1.110     2.502    CLK50MHZ_IBUF
    MMCME2_ADV_X1Y1      MMCME2_ADV (Prop_mmcme2_adv_CLKIN1_CLKOUT0)
                                                     -6.247    -3.745 r  mmcm_i/CLKOUT0
                         net (fo=1, routed)           1.597    -2.148    clk_100_raw
    BUFGCTRL_X0Y16       BUFG (Prop_bufg_I_O)         0.085    -2.063 r  bufg_sys/O
                         net (fo=30806, routed)       1.378    -0.685    u_operational_uart/u_chain/u_puf64_core/clk
    SLICE_X53Y55         FDPE                                         r  u_operational_uart/u_chain/u_puf64_core/FSM_sequential_state_reg[2]_rep__1/C
  -------------------------------------------------------------------    -------------------
    SLICE_X53Y55         FDPE (Prop_fdpe_C_Q)         0.379    -0.306 f  u_operational_uart/u_chain/u_puf64_core/FSM_sequential_state_reg[2]_rep__1/Q
                         net (fo=121, routed)         1.151     0.845    u_operational_uart/u_chain/u_puf64_core/u_kcv/u_sponge/algo_inst/STEP_MAPPING_5/block_reg_reg[0]_0
    SLICE_X67Y55         LUT5 (Prop_lut5_I2_O)        0.105     0.950 f  u_operational_uart/u_chain/u_puf64_core/u_kcv/u_sponge/algo_inst/STEP_MAPPING_5/block_reg[1599]_i_1/O
                         net (fo=2671, routed)        0.982     1.932    u_operational_uart/u_chain/u_puf64_core/fe_zeroize
    SLICE_X93Y58         LUT5 (Prop_lut5_I0_O)        0.105     2.037 f  u_operational_uart/u_chain/u_puf64_core/u_macro_i_1/O
                         net (fo=1, routed)           0.876     2.913    u_operational_uart/u_chain/u_puf64_core/u_macro/u_bench/zeroize
    SLICE_X94Y76         LUT2 (Prop_lut2_I0_O)        0.105     3.018 f  u_operational_uart/u_chain/u_puf64_core/u_macro/u_bench/done_r_i_2/O
                         net (fo=2266, routed)        4.883     7.902    u_operational_uart/u_chain/u_puf64_core/u_macro/u_bench/done_r_i_2_n_0
    SLICE_X81Y36         FDCE                                         f  u_operational_uart/u_chain/u_puf64_core/u_macro/u_bench/b_s3_reg[10]/CLR
  -------------------------------------------------------------------    -------------------

                         (clock clk_sys_100mhz rise edge)
                                                     10.000    10.000 r  
    N18                                               0.000    10.000 r  CLK50MHZ (IN)
                         net (fo=0)                   0.000    10.000    CLK50MHZ
    N18                  IBUF (Prop_ibuf_I_O)         1.327    11.327 r  CLK50MHZ_IBUF_inst/O
                         net (fo=1, routed)           1.004    12.330    CLK50MHZ_IBUF
    MMCME2_ADV_X1Y1      MMCME2_ADV (Prop_mmcme2_adv_CLKIN1_CLKOUT0)
                                                     -6.242     6.089 r  mmcm_i/CLKOUT0
                         net (fo=1, routed)           1.454     7.543    clk_100_raw
    BUFGCTRL_X0Y16       BUFG (Prop_bufg_I_O)         0.077     7.620 r  bufg_sys/O
                         net (fo=30806, routed)       1.308     8.928    u_operational_uart/u_chain/u_puf64_core/u_macro/u_bench/clk
    SLICE_X81Y36         FDCE                                         r  u_operational_uart/u_chain/u_puf64_core/u_macro/u_bench/b_s3_reg[10]/C
                         clock pessimism              0.317     9.245    
                         clock uncertainty           -0.047     9.198    
    SLICE_X81Y36         FDCE (Recov_fdce_C_CLR)     -0.331     8.867    u_operational_uart/u_chain/u_puf64_core/u_macro/u_bench/b_s3_reg[10]
  -------------------------------------------------------------------
                         required time                          8.867    
                         arrival time                          -7.902    
  -------------------------------------------------------------------
                         slack                                  0.965    

Slack (MET) :             0.965ns  (required time - arrival time)
  Source:                 u_operational_uart/u_chain/u_puf64_core/FSM_sequential_state_reg[2]_rep__1/C
                            (rising edge-triggered cell FDPE clocked by clk_sys_100mhz  {rise@0.000ns fall@5.000ns period=10.000ns})
  Destination:            u_operational_uart/u_chain/u_puf64_core/u_macro/u_bench/b_s3_reg[2]/CLR
                            (recovery check against rising-edge clock clk_sys_100mhz  {rise@0.000ns fall@5.000ns period=10.000ns})
  Path Group:             **async_default**
  Path Type:              Recovery (Max at Slow Process Corner)
  Requirement:            10.000ns  (clk_sys_100mhz rise@10.000ns - clk_sys_100mhz rise@0.000ns)
  Data Path Delay:        8.587ns  (logic 0.694ns (8.082%)  route 7.893ns (91.918%))
  Logic Levels:           3  (LUT2=1 LUT5=2)
  Clock Path Skew:        -0.070ns (DCD - SCD + CPR)
    Destination Clock Delay (DCD):    -1.072ns = ( 8.928 - 10.000 ) 
    Source Clock Delay      (SCD):    -0.685ns
    Clock Pessimism Removal (CPR):    0.317ns
  Clock Uncertainty:      0.047ns  ((TSJ^2 + DJ^2)^1/2) / 2 + PE
    Total System Jitter     (TSJ):    0.071ns
    Discrete Jitter          (DJ):    0.063ns
    Phase Error              (PE):    0.000ns

    Location             Delay type                Incr(ns)  Path(ns)    Netlist Resource(s)
  -------------------------------------------------------------------    -------------------
                         (clock clk_sys_100mhz rise edge)
                                                      0.000     0.000 r  
    N18                                               0.000     0.000 r  CLK50MHZ (IN)
                         net (fo=0)                   0.000     0.000    CLK50MHZ
    N18                  IBUF (Prop_ibuf_I_O)         1.392     1.392 r  CLK50MHZ_IBUF_inst/O
                         net (fo=1, routed)           1.110     2.502    CLK50MHZ_IBUF
    MMCME2_ADV_X1Y1      MMCME2_ADV (Prop_mmcme2_adv_CLKIN1_CLKOUT0)
                                                     -6.247    -3.745 r  mmcm_i/CLKOUT0
                         net (fo=1, routed)           1.597    -2.148    clk_100_raw
    BUFGCTRL_X0Y16       BUFG (Prop_bufg_I_O)         0.085    -2.063 r  bufg_sys/O
                         net (fo=30806, routed)       1.378    -0.685    u_operational_uart/u_chain/u_puf64_core/clk
    SLICE_X53Y55         FDPE                                         r  u_operational_uart/u_chain/u_puf64_core/FSM_sequential_state_reg[2]_rep__1/C
  -------------------------------------------------------------------    -------------------
    SLICE_X53Y55         FDPE (Prop_fdpe_C_Q)         0.379    -0.306 f  u_operational_uart/u_chain/u_puf64_core/FSM_sequential_state_reg[2]_rep__1/Q
                         net (fo=121, routed)         1.151     0.845    u_operational_uart/u_chain/u_puf64_core/u_kcv/u_sponge/algo_inst/STEP_MAPPING_5/block_reg_reg[0]_0
    SLICE_X67Y55         LUT5 (Prop_lut5_I2_O)        0.105     0.950 f  u_operational_uart/u_chain/u_puf64_core/u_kcv/u_sponge/algo_inst/STEP_MAPPING_5/block_reg[1599]_i_1/O
                         net (fo=2671, routed)        0.982     1.932    u_operational_uart/u_chain/u_puf64_core/fe_zeroize
    SLICE_X93Y58         LUT5 (Prop_lut5_I0_O)        0.105     2.037 f  u_operational_uart/u_chain/u_puf64_core/u_macro_i_1/O
                         net (fo=1, routed)           0.876     2.913    u_operational_uart/u_chain/u_puf64_core/u_macro/u_bench/zeroize
    SLICE_X94Y76         LUT2 (Prop_lut2_I0_O)        0.105     3.018 f  u_operational_uart/u_chain/u_puf64_core/u_macro/u_bench/done_r_i_2/O
                         net (fo=2266, routed)        4.883     7.902    u_operational_uart/u_chain/u_puf64_core/u_macro/u_bench/done_r_i_2_n_0
    SLICE_X81Y36         FDCE                                         f  u_operational_uart/u_chain/u_puf64_core/u_macro/u_bench/b_s3_reg[2]/CLR
  -------------------------------------------------------------------    -------------------

                         (clock clk_sys_100mhz rise edge)
                                                     10.000    10.000 r  
    N18                                               0.000    10.000 r  CLK50MHZ (IN)
                         net (fo=0)                   0.000    10.000    CLK50MHZ
    N18                  IBUF (Prop_ibuf_I_O)         1.327    11.327 r  CLK50MHZ_IBUF_inst/O
                         net (fo=1, routed)           1.004    12.330    CLK50MHZ_IBUF
    MMCME2_ADV_X1Y1      MMCME2_ADV (Prop_mmcme2_adv_CLKIN1_CLKOUT0)
                                                     -6.242     6.089 r  mmcm_i/CLKOUT0
                         net (fo=1, routed)           1.454     7.543    clk_100_raw
    BUFGCTRL_X0Y16       BUFG (Prop_bufg_I_O)         0.077     7.620 r  bufg_sys/O
                         net (fo=30806, routed)       1.308     8.928    u_operational_uart/u_chain/u_puf64_core/u_macro/u_bench/clk
    SLICE_X81Y36         FDCE                                         r  u_operational_uart/u_chain/u_puf64_core/u_macro/u_bench/b_s3_reg[2]/C
                         clock pessimism              0.317     9.245    
                         clock uncertainty           -0.047     9.198    
    SLICE_X81Y36         FDCE (Recov_fdce_C_CLR)     -0.331     8.867    u_operational_uart/u_chain/u_puf64_core/u_macro/u_bench/b_s3_reg[2]
  -------------------------------------------------------------------
                         required time                          8.867    
                         arrival time                          -7.902    
  -------------------------------------------------------------------
                         slack                                  0.965    





Min Delay Paths
--------------------------------------------------------------------------------------
Slack (MET) :             0.603ns  (arrival time - required time)
  Source:                 u_operational_uart/u_chain/u_mlkem/u_control/u_scrub/state_reg[2]/C
                            (rising edge-triggered cell FDRE clocked by clk_sys_100mhz  {rise@0.000ns fall@5.000ns period=10.000ns})
  Destination:            u_operational_uart/u_chain/u_mlkem/u_server/hash/sponge/algo_inst/STEP_MAPPING_5/Str_out_reg[1406]/CLR
                            (removal check against rising-edge clock clk_sys_100mhz  {rise@0.000ns fall@5.000ns period=10.000ns})
  Path Group:             **async_default**
  Path Type:              Removal (Min at Fast Process Corner)
  Requirement:            0.000ns  (clk_sys_100mhz rise@0.000ns - clk_sys_100mhz rise@0.000ns)
  Data Path Delay:        0.858ns  (logic 0.186ns (21.673%)  route 0.672ns (78.327%))
  Logic Levels:           1  (LUT5=1)
  Clock Path Skew:        0.347ns (DCD - SCD - CPR)
    Destination Clock Delay (DCD):    -0.793ns
    Source Clock Delay      (SCD):    -0.636ns
    Clock Pessimism Removal (CPR):    -0.505ns

    Location             Delay type                Incr(ns)  Path(ns)    Netlist Resource(s)
  -------------------------------------------------------------------    -------------------
                         (clock clk_sys_100mhz rise edge)
                                                      0.000     0.000 r  
    N18                                               0.000     0.000 r  CLK50MHZ (IN)
                         net (fo=0)                   0.000     0.000    CLK50MHZ
    N18                  IBUF (Prop_ibuf_I_O)         0.229     0.229 r  CLK50MHZ_IBUF_inst/O
                         net (fo=1, routed)           0.440     0.669    CLK50MHZ_IBUF
    MMCME2_ADV_X1Y1      MMCME2_ADV (Prop_mmcme2_adv_CLKIN1_CLKOUT0)
                                                     -2.444    -1.774 r  mmcm_i/CLKOUT0
                         net (fo=1, routed)           0.529    -1.245    clk_100_raw
    BUFGCTRL_X0Y16       BUFG (Prop_bufg_I_O)         0.026    -1.219 r  bufg_sys/O
                         net (fo=30806, routed)       0.584    -0.636    u_operational_uart/u_chain/u_mlkem/u_control/u_scrub/clk
    SLICE_X81Y98         FDRE                                         r  u_operational_uart/u_chain/u_mlkem/u_control/u_scrub/state_reg[2]/C
  -------------------------------------------------------------------    -------------------
    SLICE_X81Y98         FDRE (Prop_fdre_C_Q)         0.141    -0.495 r  u_operational_uart/u_chain/u_mlkem/u_control/u_scrub/state_reg[2]/Q
                         net (fo=24, routed)          0.263    -0.232    u_operational_uart/u_chain/u_mlkem/u_control/u_scrub_n_173
    SLICE_X81Y98         LUT5 (Prop_lut5_I2_O)        0.045    -0.187 f  u_operational_uart/u_chain/u_mlkem/u_control/valid_out_reg_i_1/O
                         net (fo=2553, routed)        0.410     0.223    u_operational_uart/u_chain/u_mlkem/u_server/hash/sponge/algo_inst/STEP_MAPPING_5/core_reset
    SLICE_X81Y110        FDCE                                         f  u_operational_uart/u_chain/u_mlkem/u_server/hash/sponge/algo_inst/STEP_MAPPING_5/Str_out_reg[1406]/CLR
  -------------------------------------------------------------------    -------------------

                         (clock clk_sys_100mhz rise edge)
                                                      0.000     0.000 r  
    N18                                               0.000     0.000 r  CLK50MHZ (IN)
                         net (fo=0)                   0.000     0.000    CLK50MHZ
    N18                  IBUF (Prop_ibuf_I_O)         0.417     0.417 r  CLK50MHZ_IBUF_inst/O
                         net (fo=1, routed)           0.480     0.897    CLK50MHZ_IBUF
    MMCME2_ADV_X1Y1      MMCME2_ADV (Prop_mmcme2_adv_CLKIN1_CLKOUT0)
                                                     -3.231    -2.334 r  mmcm_i/CLKOUT0
                         net (fo=1, routed)           0.576    -1.758    clk_100_raw
    BUFGCTRL_X0Y16       BUFG (Prop_bufg_I_O)         0.029    -1.729 r  bufg_sys/O
                         net (fo=30806, routed)       0.936    -0.793    u_operational_uart/u_chain/u_mlkem/u_server/hash/sponge/algo_inst/STEP_MAPPING_5/clk
    SLICE_X81Y110        FDCE                                         r  u_operational_uart/u_chain/u_mlkem/u_server/hash/sponge/algo_inst/STEP_MAPPING_5/Str_out_reg[1406]/C
                         clock pessimism              0.505    -0.288    
    SLICE_X81Y110        FDCE (Remov_fdce_C_CLR)     -0.092    -0.380    u_operational_uart/u_chain/u_mlkem/u_server/hash/sponge/algo_inst/STEP_MAPPING_5/Str_out_reg[1406]
  -------------------------------------------------------------------
                         required time                          0.380    
                         arrival time                           0.223    
  -------------------------------------------------------------------
                         slack                                  0.603    

Slack (MET) :             0.663ns  (arrival time - required time)
  Source:                 u_operational_uart/u_chain/u_mlkem/u_control/u_scrub/state_reg[2]/C
                            (rising edge-triggered cell FDRE clocked by clk_sys_100mhz  {rise@0.000ns fall@5.000ns period=10.000ns})
  Destination:            u_operational_uart/u_chain/u_mlkem/u_server/hash/sponge/algo_inst/STEP_MAPPING_5/Str_out_reg[1301]/CLR
                            (removal check against rising-edge clock clk_sys_100mhz  {rise@0.000ns fall@5.000ns period=10.000ns})
  Path Group:             **async_default**
  Path Type:              Removal (Min at Fast Process Corner)
  Requirement:            0.000ns  (clk_sys_100mhz rise@0.000ns - clk_sys_100mhz rise@0.000ns)
  Data Path Delay:        0.916ns  (logic 0.186ns (20.308%)  route 0.730ns (79.692%))
  Logic Levels:           1  (LUT5=1)
  Clock Path Skew:        0.345ns (DCD - SCD - CPR)
    Destination Clock Delay (DCD):    -0.795ns
    Source Clock Delay      (SCD):    -0.636ns
    Clock Pessimism Removal (CPR):    -0.505ns

    Location             Delay type                Incr(ns)  Path(ns)    Netlist Resource(s)
  -------------------------------------------------------------------    -------------------
                         (clock clk_sys_100mhz rise edge)
                                                      0.000     0.000 r  
    N18                                               0.000     0.000 r  CLK50MHZ (IN)
                         net (fo=0)                   0.000     0.000    CLK50MHZ
    N18                  IBUF (Prop_ibuf_I_O)         0.229     0.229 r  CLK50MHZ_IBUF_inst/O
                         net (fo=1, routed)           0.440     0.669    CLK50MHZ_IBUF
    MMCME2_ADV_X1Y1      MMCME2_ADV (Prop_mmcme2_adv_CLKIN1_CLKOUT0)
                                                     -2.444    -1.774 r  mmcm_i/CLKOUT0
                         net (fo=1, routed)           0.529    -1.245    clk_100_raw
    BUFGCTRL_X0Y16       BUFG (Prop_bufg_I_O)         0.026    -1.219 r  bufg_sys/O
                         net (fo=30806, routed)       0.584    -0.636    u_operational_uart/u_chain/u_mlkem/u_control/u_scrub/clk
    SLICE_X81Y98         FDRE                                         r  u_operational_uart/u_chain/u_mlkem/u_control/u_scrub/state_reg[2]/C
  -------------------------------------------------------------------    -------------------
    SLICE_X81Y98         FDRE (Prop_fdre_C_Q)         0.141    -0.495 r  u_operational_uart/u_chain/u_mlkem/u_control/u_scrub/state_reg[2]/Q
                         net (fo=24, routed)          0.263    -0.232    u_operational_uart/u_chain/u_mlkem/u_control/u_scrub_n_173
    SLICE_X81Y98         LUT5 (Prop_lut5_I2_O)        0.045    -0.187 f  u_operational_uart/u_chain/u_mlkem/u_control/valid_out_reg_i_1/O
                         net (fo=2553, routed)        0.467     0.280    u_operational_uart/u_chain/u_mlkem/u_server/hash/sponge/algo_inst/STEP_MAPPING_5/core_reset
    SLICE_X85Y112        FDCE                                         f  u_operational_uart/u_chain/u_mlkem/u_server/hash/sponge/algo_inst/STEP_MAPPING_5/Str_out_reg[1301]/CLR
  -------------------------------------------------------------------    -------------------

                         (clock clk_sys_100mhz rise edge)
                                                      0.000     0.000 r  
    N18                                               0.000     0.000 r  CLK50MHZ (IN)
                         net (fo=0)                   0.000     0.000    CLK50MHZ
    N18                  IBUF (Prop_ibuf_I_O)         0.417     0.417 r  CLK50MHZ_IBUF_inst/O
                         net (fo=1, routed)           0.480     0.897    CLK50MHZ_IBUF
    MMCME2_ADV_X1Y1      MMCME2_ADV (Prop_mmcme2_adv_CLKIN1_CLKOUT0)
                                                     -3.231    -2.334 r  mmcm_i/CLKOUT0
                         net (fo=1, routed)           0.576    -1.758    clk_100_raw
    BUFGCTRL_X0Y16       BUFG (Prop_bufg_I_O)         0.029    -1.729 r  bufg_sys/O
                         net (fo=30806, routed)       0.934    -0.795    u_operational_uart/u_chain/u_mlkem/u_server/hash/sponge/algo_inst/STEP_MAPPING_5/clk
    SLICE_X85Y112        FDCE                                         r  u_operational_uart/u_chain/u_mlkem/u_server/hash/sponge/algo_inst/STEP_MAPPING_5/Str_out_reg[1301]/C
                         clock pessimism              0.505    -0.290    
    SLICE_X85Y112        FDCE (Remov_fdce_C_CLR)     -0.092    -0.382    u_operational_uart/u_chain/u_mlkem/u_server/hash/sponge/algo_inst/STEP_MAPPING_5/Str_out_reg[1301]
  -------------------------------------------------------------------
                         required time                          0.382    
                         arrival time                           0.280    
  -------------------------------------------------------------------
                         slack                                  0.663    

Slack (MET) :             0.663ns  (arrival time - required time)
  Source:                 u_operational_uart/u_chain/u_mlkem/u_control/u_scrub/state_reg[2]/C
                            (rising edge-triggered cell FDRE clocked by clk_sys_100mhz  {rise@0.000ns fall@5.000ns period=10.000ns})
  Destination:            u_operational_uart/u_chain/u_mlkem/u_server/hash/sponge/algo_inst/STEP_MAPPING_5/Str_out_reg[1365]/CLR
                            (removal check against rising-edge clock clk_sys_100mhz  {rise@0.000ns fall@5.000ns period=10.000ns})
  Path Group:             **async_default**
  Path Type:              Removal (Min at Fast Process Corner)
  Requirement:            0.000ns  (clk_sys_100mhz rise@0.000ns - clk_sys_100mhz rise@0.000ns)
  Data Path Delay:        0.916ns  (logic 0.186ns (20.308%)  route 0.730ns (79.692%))
  Logic Levels:           1  (LUT5=1)
  Clock Path Skew:        0.345ns (DCD - SCD - CPR)
    Destination Clock Delay (DCD):    -0.795ns
    Source Clock Delay      (SCD):    -0.636ns
    Clock Pessimism Removal (CPR):    -0.505ns

    Location             Delay type                Incr(ns)  Path(ns)    Netlist Resource(s)
  -------------------------------------------------------------------    -------------------
                         (clock clk_sys_100mhz rise edge)
                                                      0.000     0.000 r  
    N18                                               0.000     0.000 r  CLK50MHZ (IN)
                         net (fo=0)                   0.000     0.000    CLK50MHZ
    N18                  IBUF (Prop_ibuf_I_O)         0.229     0.229 r  CLK50MHZ_IBUF_inst/O
                         net (fo=1, routed)           0.440     0.669    CLK50MHZ_IBUF
    MMCME2_ADV_X1Y1      MMCME2_ADV (Prop_mmcme2_adv_CLKIN1_CLKOUT0)
                                                     -2.444    -1.774 r  mmcm_i/CLKOUT0
                         net (fo=1, routed)           0.529    -1.245    clk_100_raw
    BUFGCTRL_X0Y16       BUFG (Prop_bufg_I_O)         0.026    -1.219 r  bufg_sys/O
                         net (fo=30806, routed)       0.584    -0.636    u_operational_uart/u_chain/u_mlkem/u_control/u_scrub/clk
    SLICE_X81Y98         FDRE                                         r  u_operational_uart/u_chain/u_mlkem/u_control/u_scrub/state_reg[2]/C
  -------------------------------------------------------------------    -------------------
    SLICE_X81Y98         FDRE (Prop_fdre_C_Q)         0.141    -0.495 r  u_operational_uart/u_chain/u_mlkem/u_control/u_scrub/state_reg[2]/Q
                         net (fo=24, routed)          0.263    -0.232    u_operational_uart/u_chain/u_mlkem/u_control/u_scrub_n_173
    SLICE_X81Y98         LUT5 (Prop_lut5_I2_O)        0.045    -0.187 f  u_operational_uart/u_chain/u_mlkem/u_control/valid_out_reg_i_1/O
                         net (fo=2553, routed)        0.467     0.280    u_operational_uart/u_chain/u_mlkem/u_server/hash/sponge/algo_inst/STEP_MAPPING_5/core_reset
    SLICE_X85Y112        FDCE                                         f  u_operational_uart/u_chain/u_mlkem/u_server/hash/sponge/algo_inst/STEP_MAPPING_5/Str_out_reg[1365]/CLR
  -------------------------------------------------------------------    -------------------

                         (clock clk_sys_100mhz rise edge)
                                                      0.000     0.000 r  
    N18                                               0.000     0.000 r  CLK50MHZ (IN)
                         net (fo=0)                   0.000     0.000    CLK50MHZ
    N18                  IBUF (Prop_ibuf_I_O)         0.417     0.417 r  CLK50MHZ_IBUF_inst/O
                         net (fo=1, routed)           0.480     0.897    CLK50MHZ_IBUF
    MMCME2_ADV_X1Y1      MMCME2_ADV (Prop_mmcme2_adv_CLKIN1_CLKOUT0)
                                                     -3.231    -2.334 r  mmcm_i/CLKOUT0
                         net (fo=1, routed)           0.576    -1.758    clk_100_raw
    BUFGCTRL_X0Y16       BUFG (Prop_bufg_I_O)         0.029    -1.729 r  bufg_sys/O
                         net (fo=30806, routed)       0.934    -0.795    u_operational_uart/u_chain/u_mlkem/u_server/hash/sponge/algo_inst/STEP_MAPPING_5/clk
    SLICE_X85Y112        FDCE                                         r  u_operational_uart/u_chain/u_mlkem/u_server/hash/sponge/algo_inst/STEP_MAPPING_5/Str_out_reg[1365]/C
                         clock pessimism              0.505    -0.290    
    SLICE_X85Y112        FDCE (Remov_fdce_C_CLR)     -0.092    -0.382    u_operational_uart/u_chain/u_mlkem/u_server/hash/sponge/algo_inst/STEP_MAPPING_5/Str_out_reg[1365]
  -------------------------------------------------------------------
                         required time                          0.382    
                         arrival time                           0.280    
  -------------------------------------------------------------------
                         slack                                  0.663    

Slack (MET) :             0.663ns  (arrival time - required time)
  Source:                 u_operational_uart/u_chain/u_mlkem/u_control/u_scrub/state_reg[2]/C
                            (rising edge-triggered cell FDRE clocked by clk_sys_100mhz  {rise@0.000ns fall@5.000ns period=10.000ns})
  Destination:            u_operational_uart/u_chain/u_mlkem/u_server/hash/sponge/algo_inst/STEP_MAPPING_5/Str_out_reg[1493]/CLR
                            (removal check against rising-edge clock clk_sys_100mhz  {rise@0.000ns fall@5.000ns period=10.000ns})
  Path Group:             **async_default**
  Path Type:              Removal (Min at Fast Process Corner)
  Requirement:            0.000ns  (clk_sys_100mhz rise@0.000ns - clk_sys_100mhz rise@0.000ns)
  Data Path Delay:        0.916ns  (logic 0.186ns (20.308%)  route 0.730ns (79.692%))
  Logic Levels:           1  (LUT5=1)
  Clock Path Skew:        0.345ns (DCD - SCD - CPR)
    Destination Clock Delay (DCD):    -0.795ns
    Source Clock Delay      (SCD):    -0.636ns
    Clock Pessimism Removal (CPR):    -0.505ns

    Location             Delay type                Incr(ns)  Path(ns)    Netlist Resource(s)
  -------------------------------------------------------------------    -------------------
                         (clock clk_sys_100mhz rise edge)
                                                      0.000     0.000 r  
    N18                                               0.000     0.000 r  CLK50MHZ (IN)
                         net (fo=0)                   0.000     0.000    CLK50MHZ
    N18                  IBUF (Prop_ibuf_I_O)         0.229     0.229 r  CLK50MHZ_IBUF_inst/O
                         net (fo=1, routed)           0.440     0.669    CLK50MHZ_IBUF
    MMCME2_ADV_X1Y1      MMCME2_ADV (Prop_mmcme2_adv_CLKIN1_CLKOUT0)
                                                     -2.444    -1.774 r  mmcm_i/CLKOUT0
                         net (fo=1, routed)           0.529    -1.245    clk_100_raw
    BUFGCTRL_X0Y16       BUFG (Prop_bufg_I_O)         0.026    -1.219 r  bufg_sys/O
                         net (fo=30806, routed)       0.584    -0.636    u_operational_uart/u_chain/u_mlkem/u_control/u_scrub/clk
    SLICE_X81Y98         FDRE                                         r  u_operational_uart/u_chain/u_mlkem/u_control/u_scrub/state_reg[2]/C
  -------------------------------------------------------------------    -------------------
    SLICE_X81Y98         FDRE (Prop_fdre_C_Q)         0.141    -0.495 r  u_operational_uart/u_chain/u_mlkem/u_control/u_scrub/state_reg[2]/Q
                         net (fo=24, routed)          0.263    -0.232    u_operational_uart/u_chain/u_mlkem/u_control/u_scrub_n_173
    SLICE_X81Y98         LUT5 (Prop_lut5_I2_O)        0.045    -0.187 f  u_operational_uart/u_chain/u_mlkem/u_control/valid_out_reg_i_1/O
                         net (fo=2553, routed)        0.467     0.280    u_operational_uart/u_chain/u_mlkem/u_server/hash/sponge/algo_inst/STEP_MAPPING_5/core_reset
    SLICE_X85Y112        FDCE                                         f  u_operational_uart/u_chain/u_mlkem/u_server/hash/sponge/algo_inst/STEP_MAPPING_5/Str_out_reg[1493]/CLR
  -------------------------------------------------------------------    -------------------

                         (clock clk_sys_100mhz rise edge)
                                                      0.000     0.000 r  
    N18                                               0.000     0.000 r  CLK50MHZ (IN)
                         net (fo=0)                   0.000     0.000    CLK50MHZ
    N18                  IBUF (Prop_ibuf_I_O)         0.417     0.417 r  CLK50MHZ_IBUF_inst/O
                         net (fo=1, routed)           0.480     0.897    CLK50MHZ_IBUF
    MMCME2_ADV_X1Y1      MMCME2_ADV (Prop_mmcme2_adv_CLKIN1_CLKOUT0)
                                                     -3.231    -2.334 r  mmcm_i/CLKOUT0
                         net (fo=1, routed)           0.576    -1.758    clk_100_raw
    BUFGCTRL_X0Y16       BUFG (Prop_bufg_I_O)         0.029    -1.729 r  bufg_sys/O
                         net (fo=30806, routed)       0.934    -0.795    u_operational_uart/u_chain/u_mlkem/u_server/hash/sponge/algo_inst/STEP_MAPPING_5/clk
    SLICE_X85Y112        FDCE                                         r  u_operational_uart/u_chain/u_mlkem/u_server/hash/sponge/algo_inst/STEP_MAPPING_5/Str_out_reg[1493]/C
                         clock pessimism              0.505    -0.290    
    SLICE_X85Y112        FDCE (Remov_fdce_C_CLR)     -0.092    -0.382    u_operational_uart/u_chain/u_mlkem/u_server/hash/sponge/algo_inst/STEP_MAPPING_5/Str_out_reg[1493]
  -------------------------------------------------------------------
                         required time                          0.382    
                         arrival time                           0.280    
  -------------------------------------------------------------------
                         slack                                  0.663    

Slack (MET) :             0.663ns  (arrival time - required time)
  Source:                 u_operational_uart/u_chain/u_mlkem/u_control/u_scrub/state_reg[2]/C
                            (rising edge-triggered cell FDRE clocked by clk_sys_100mhz  {rise@0.000ns fall@5.000ns period=10.000ns})
  Destination:            u_operational_uart/u_chain/u_mlkem/u_server/hash/sponge/algo_inst/STEP_MAPPING_5/Str_out_reg[1565]/CLR
                            (removal check against rising-edge clock clk_sys_100mhz  {rise@0.000ns fall@5.000ns period=10.000ns})
  Path Group:             **async_default**
  Path Type:              Removal (Min at Fast Process Corner)
  Requirement:            0.000ns  (clk_sys_100mhz rise@0.000ns - clk_sys_100mhz rise@0.000ns)
  Data Path Delay:        0.916ns  (logic 0.186ns (20.308%)  route 0.730ns (79.692%))
  Logic Levels:           1  (LUT5=1)
  Clock Path Skew:        0.345ns (DCD - SCD - CPR)
    Destination Clock Delay (DCD):    -0.795ns
    Source Clock Delay      (SCD):    -0.636ns
    Clock Pessimism Removal (CPR):    -0.505ns

    Location             Delay type                Incr(ns)  Path(ns)    Netlist Resource(s)
  -------------------------------------------------------------------    -------------------
                         (clock clk_sys_100mhz rise edge)
                                                      0.000     0.000 r  
    N18                                               0.000     0.000 r  CLK50MHZ (IN)
                         net (fo=0)                   0.000     0.000    CLK50MHZ
    N18                  IBUF (Prop_ibuf_I_O)         0.229     0.229 r  CLK50MHZ_IBUF_inst/O
                         net (fo=1, routed)           0.440     0.669    CLK50MHZ_IBUF
    MMCME2_ADV_X1Y1      MMCME2_ADV (Prop_mmcme2_adv_CLKIN1_CLKOUT0)
                                                     -2.444    -1.774 r  mmcm_i/CLKOUT0
                         net (fo=1, routed)           0.529    -1.245    clk_100_raw
    BUFGCTRL_X0Y16       BUFG (Prop_bufg_I_O)         0.026    -1.219 r  bufg_sys/O
                         net (fo=30806, routed)       0.584    -0.636    u_operational_uart/u_chain/u_mlkem/u_control/u_scrub/clk
    SLICE_X81Y98         FDRE                                         r  u_operational_uart/u_chain/u_mlkem/u_control/u_scrub/state_reg[2]/C
  -------------------------------------------------------------------    -------------------
    SLICE_X81Y98         FDRE (Prop_fdre_C_Q)         0.141    -0.495 r  u_operational_uart/u_chain/u_mlkem/u_control/u_scrub/state_reg[2]/Q
                         net (fo=24, routed)          0.263    -0.232    u_operational_uart/u_chain/u_mlkem/u_control/u_scrub_n_173
    SLICE_X81Y98         LUT5 (Prop_lut5_I2_O)        0.045    -0.187 f  u_operational_uart/u_chain/u_mlkem/u_control/valid_out_reg_i_1/O
                         net (fo=2553, routed)        0.467     0.280    u_operational_uart/u_chain/u_mlkem/u_server/hash/sponge/algo_inst/STEP_MAPPING_5/core_reset
    SLICE_X85Y112        FDCE                                         f  u_operational_uart/u_chain/u_mlkem/u_server/hash/sponge/algo_inst/STEP_MAPPING_5/Str_out_reg[1565]/CLR
  -------------------------------------------------------------------    -------------------

                         (clock clk_sys_100mhz rise edge)
                                                      0.000     0.000 r  
    N18                                               0.000     0.000 r  CLK50MHZ (IN)
                         net (fo=0)                   0.000     0.000    CLK50MHZ
    N18                  IBUF (Prop_ibuf_I_O)         0.417     0.417 r  CLK50MHZ_IBUF_inst/O
                         net (fo=1, routed)           0.480     0.897    CLK50MHZ_IBUF
    MMCME2_ADV_X1Y1      MMCME2_ADV (Prop_mmcme2_adv_CLKIN1_CLKOUT0)
                                                     -3.231    -2.334 r  mmcm_i/CLKOUT0
                         net (fo=1, routed)           0.576    -1.758    clk_100_raw
    BUFGCTRL_X0Y16       BUFG (Prop_bufg_I_O)         0.029    -1.729 r  bufg_sys/O
                         net (fo=30806, routed)       0.934    -0.795    u_operational_uart/u_chain/u_mlkem/u_server/hash/sponge/algo_inst/STEP_MAPPING_5/clk
    SLICE_X85Y112        FDCE                                         r  u_operational_uart/u_chain/u_mlkem/u_server/hash/sponge/algo_inst/STEP_MAPPING_5/Str_out_reg[1565]/C
                         clock pessimism              0.505    -0.290    
    SLICE_X85Y112        FDCE (Remov_fdce_C_CLR)     -0.092    -0.382    u_operational_uart/u_chain/u_mlkem/u_server/hash/sponge/algo_inst/STEP_MAPPING_5/Str_out_reg[1565]
  -------------------------------------------------------------------
                         required time                          0.382    
                         arrival time                           0.280    
  -------------------------------------------------------------------
                         slack                                  0.663    

Slack (MET) :             0.682ns  (arrival time - required time)
  Source:                 u_operational_uart/u_chain/u_mlkem/u_control/u_scrub/state_reg[2]/C
                            (rising edge-triggered cell FDRE clocked by clk_sys_100mhz  {rise@0.000ns fall@5.000ns period=10.000ns})
  Destination:            u_operational_uart/u_chain/u_mlkem/u_server/hash/sponge/algo_inst/STEP_MAPPING_5/Str_out_reg[1343]/CLR
                            (removal check against rising-edge clock clk_sys_100mhz  {rise@0.000ns fall@5.000ns period=10.000ns})
  Path Group:             **async_default**
  Path Type:              Removal (Min at Fast Process Corner)
  Requirement:            0.000ns  (clk_sys_100mhz rise@0.000ns - clk_sys_100mhz rise@0.000ns)
  Data Path Delay:        0.938ns  (logic 0.186ns (19.829%)  route 0.752ns (80.171%))
  Logic Levels:           1  (LUT5=1)
  Clock Path Skew:        0.348ns (DCD - SCD - CPR)
    Destination Clock Delay (DCD):    -0.792ns
    Source Clock Delay      (SCD):    -0.636ns
    Clock Pessimism Removal (CPR):    -0.505ns

    Location             Delay type                Incr(ns)  Path(ns)    Netlist Resource(s)
  -------------------------------------------------------------------    -------------------
                         (clock clk_sys_100mhz rise edge)
                                                      0.000     0.000 r  
    N18                                               0.000     0.000 r  CLK50MHZ (IN)
                         net (fo=0)                   0.000     0.000    CLK50MHZ
    N18                  IBUF (Prop_ibuf_I_O)         0.229     0.229 r  CLK50MHZ_IBUF_inst/O
                         net (fo=1, routed)           0.440     0.669    CLK50MHZ_IBUF
    MMCME2_ADV_X1Y1      MMCME2_ADV (Prop_mmcme2_adv_CLKIN1_CLKOUT0)
                                                     -2.444    -1.774 r  mmcm_i/CLKOUT0
                         net (fo=1, routed)           0.529    -1.245    clk_100_raw
    BUFGCTRL_X0Y16       BUFG (Prop_bufg_I_O)         0.026    -1.219 r  bufg_sys/O
                         net (fo=30806, routed)       0.584    -0.636    u_operational_uart/u_chain/u_mlkem/u_control/u_scrub/clk
    SLICE_X81Y98         FDRE                                         r  u_operational_uart/u_chain/u_mlkem/u_control/u_scrub/state_reg[2]/C
  -------------------------------------------------------------------    -------------------
    SLICE_X81Y98         FDRE (Prop_fdre_C_Q)         0.141    -0.495 r  u_operational_uart/u_chain/u_mlkem/u_control/u_scrub/state_reg[2]/Q
                         net (fo=24, routed)          0.263    -0.232    u_operational_uart/u_chain/u_mlkem/u_control/u_scrub_n_173
    SLICE_X81Y98         LUT5 (Prop_lut5_I2_O)        0.045    -0.187 f  u_operational_uart/u_chain/u_mlkem/u_control/valid_out_reg_i_1/O
                         net (fo=2553, routed)        0.489     0.303    u_operational_uart/u_chain/u_mlkem/u_server/hash/sponge/algo_inst/STEP_MAPPING_5/core_reset
    SLICE_X84Y109        FDCE                                         f  u_operational_uart/u_chain/u_mlkem/u_server/hash/sponge/algo_inst/STEP_MAPPING_5/Str_out_reg[1343]/CLR
  -------------------------------------------------------------------    -------------------

                         (clock clk_sys_100mhz rise edge)
                                                      0.000     0.000 r  
    N18                                               0.000     0.000 r  CLK50MHZ (IN)
                         net (fo=0)                   0.000     0.000    CLK50MHZ
    N18                  IBUF (Prop_ibuf_I_O)         0.417     0.417 r  CLK50MHZ_IBUF_inst/O
                         net (fo=1, routed)           0.480     0.897    CLK50MHZ_IBUF
    MMCME2_ADV_X1Y1      MMCME2_ADV (Prop_mmcme2_adv_CLKIN1_CLKOUT0)
                                                     -3.231    -2.334 r  mmcm_i/CLKOUT0
                         net (fo=1, routed)           0.576    -1.758    clk_100_raw
    BUFGCTRL_X0Y16       BUFG (Prop_bufg_I_O)         0.029    -1.729 r  bufg_sys/O
                         net (fo=30806, routed)       0.937    -0.792    u_operational_uart/u_chain/u_mlkem/u_server/hash/sponge/algo_inst/STEP_MAPPING_5/clk
    SLICE_X84Y109        FDCE                                         r  u_operational_uart/u_chain/u_mlkem/u_server/hash/sponge/algo_inst/STEP_MAPPING_5/Str_out_reg[1343]/C
                         clock pessimism              0.505    -0.287    
    SLICE_X84Y109        FDCE (Remov_fdce_C_CLR)     -0.092    -0.379    u_operational_uart/u_chain/u_mlkem/u_server/hash/sponge/algo_inst/STEP_MAPPING_5/Str_out_reg[1343]
  -------------------------------------------------------------------
                         required time                          0.379    
                         arrival time                           0.303    
  -------------------------------------------------------------------
                         slack                                  0.682    

Slack (MET) :             0.682ns  (arrival time - required time)
  Source:                 u_operational_uart/u_chain/u_mlkem/u_control/u_scrub/state_reg[2]/C
                            (rising edge-triggered cell FDRE clocked by clk_sys_100mhz  {rise@0.000ns fall@5.000ns period=10.000ns})
  Destination:            u_operational_uart/u_chain/u_mlkem/u_server/hash/sponge/algo_inst/STEP_MAPPING_5/Str_out_reg[1407]/CLR
                            (removal check against rising-edge clock clk_sys_100mhz  {rise@0.000ns fall@5.000ns period=10.000ns})
  Path Group:             **async_default**
  Path Type:              Removal (Min at Fast Process Corner)
  Requirement:            0.000ns  (clk_sys_100mhz rise@0.000ns - clk_sys_100mhz rise@0.000ns)
  Data Path Delay:        0.938ns  (logic 0.186ns (19.829%)  route 0.752ns (80.171%))
  Logic Levels:           1  (LUT5=1)
  Clock Path Skew:        0.348ns (DCD - SCD - CPR)
    Destination Clock Delay (DCD):    -0.792ns
    Source Clock Delay      (SCD):    -0.636ns
    Clock Pessimism Removal (CPR):    -0.505ns

    Location             Delay type                Incr(ns)  Path(ns)    Netlist Resource(s)
  -------------------------------------------------------------------    -------------------
                         (clock clk_sys_100mhz rise edge)
                                                      0.000     0.000 r  
    N18                                               0.000     0.000 r  CLK50MHZ (IN)
                         net (fo=0)                   0.000     0.000    CLK50MHZ
    N18                  IBUF (Prop_ibuf_I_O)         0.229     0.229 r  CLK50MHZ_IBUF_inst/O
                         net (fo=1, routed)           0.440     0.669    CLK50MHZ_IBUF
    MMCME2_ADV_X1Y1      MMCME2_ADV (Prop_mmcme2_adv_CLKIN1_CLKOUT0)
                                                     -2.444    -1.774 r  mmcm_i/CLKOUT0
                         net (fo=1, routed)           0.529    -1.245    clk_100_raw
    BUFGCTRL_X0Y16       BUFG (Prop_bufg_I_O)         0.026    -1.219 r  bufg_sys/O
                         net (fo=30806, routed)       0.584    -0.636    u_operational_uart/u_chain/u_mlkem/u_control/u_scrub/clk
    SLICE_X81Y98         FDRE                                         r  u_operational_uart/u_chain/u_mlkem/u_control/u_scrub/state_reg[2]/C
  -------------------------------------------------------------------    -------------------
    SLICE_X81Y98         FDRE (Prop_fdre_C_Q)         0.141    -0.495 r  u_operational_uart/u_chain/u_mlkem/u_control/u_scrub/state_reg[2]/Q
                         net (fo=24, routed)          0.263    -0.232    u_operational_uart/u_chain/u_mlkem/u_control/u_scrub_n_173
    SLICE_X81Y98         LUT5 (Prop_lut5_I2_O)        0.045    -0.187 f  u_operational_uart/u_chain/u_mlkem/u_control/valid_out_reg_i_1/O
                         net (fo=2553, routed)        0.489     0.303    u_operational_uart/u_chain/u_mlkem/u_server/hash/sponge/algo_inst/STEP_MAPPING_5/core_reset
    SLICE_X84Y109        FDCE                                         f  u_operational_uart/u_chain/u_mlkem/u_server/hash/sponge/algo_inst/STEP_MAPPING_5/Str_out_reg[1407]/CLR
  -------------------------------------------------------------------    -------------------

                         (clock clk_sys_100mhz rise edge)
                                                      0.000     0.000 r  
    N18                                               0.000     0.000 r  CLK50MHZ (IN)
                         net (fo=0)                   0.000     0.000    CLK50MHZ
    N18                  IBUF (Prop_ibuf_I_O)         0.417     0.417 r  CLK50MHZ_IBUF_inst/O
                         net (fo=1, routed)           0.480     0.897    CLK50MHZ_IBUF
    MMCME2_ADV_X1Y1      MMCME2_ADV (Prop_mmcme2_adv_CLKIN1_CLKOUT0)
                                                     -3.231    -2.334 r  mmcm_i/CLKOUT0
                         net (fo=1, routed)           0.576    -1.758    clk_100_raw
    BUFGCTRL_X0Y16       BUFG (Prop_bufg_I_O)         0.029    -1.729 r  bufg_sys/O
                         net (fo=30806, routed)       0.937    -0.792    u_operational_uart/u_chain/u_mlkem/u_server/hash/sponge/algo_inst/STEP_MAPPING_5/clk
    SLICE_X84Y109        FDCE                                         r  u_operational_uart/u_chain/u_mlkem/u_server/hash/sponge/algo_inst/STEP_MAPPING_5/Str_out_reg[1407]/C
                         clock pessimism              0.505    -0.287    
    SLICE_X84Y109        FDCE (Remov_fdce_C_CLR)     -0.092    -0.379    u_operational_uart/u_chain/u_mlkem/u_server/hash/sponge/algo_inst/STEP_MAPPING_5/Str_out_reg[1407]
  -------------------------------------------------------------------
                         required time                          0.379    
                         arrival time                           0.303    
  -------------------------------------------------------------------
                         slack                                  0.682    

Slack (MET) :             0.682ns  (arrival time - required time)
  Source:                 u_operational_uart/u_chain/u_mlkem/u_control/u_scrub/state_reg[2]/C
                            (rising edge-triggered cell FDRE clocked by clk_sys_100mhz  {rise@0.000ns fall@5.000ns period=10.000ns})
  Destination:            u_operational_uart/u_chain/u_mlkem/u_server/hash/sponge/algo_inst/STEP_MAPPING_5/Str_out_reg[1535]/CLR
                            (removal check against rising-edge clock clk_sys_100mhz  {rise@0.000ns fall@5.000ns period=10.000ns})
  Path Group:             **async_default**
  Path Type:              Removal (Min at Fast Process Corner)
  Requirement:            0.000ns  (clk_sys_100mhz rise@0.000ns - clk_sys_100mhz rise@0.000ns)
  Data Path Delay:        0.938ns  (logic 0.186ns (19.829%)  route 0.752ns (80.171%))
  Logic Levels:           1  (LUT5=1)
  Clock Path Skew:        0.348ns (DCD - SCD - CPR)
    Destination Clock Delay (DCD):    -0.792ns
    Source Clock Delay      (SCD):    -0.636ns
    Clock Pessimism Removal (CPR):    -0.505ns

    Location             Delay type                Incr(ns)  Path(ns)    Netlist Resource(s)
  -------------------------------------------------------------------    -------------------
                         (clock clk_sys_100mhz rise edge)
                                                      0.000     0.000 r  
    N18                                               0.000     0.000 r  CLK50MHZ (IN)
                         net (fo=0)                   0.000     0.000    CLK50MHZ
    N18                  IBUF (Prop_ibuf_I_O)         0.229     0.229 r  CLK50MHZ_IBUF_inst/O
                         net (fo=1, routed)           0.440     0.669    CLK50MHZ_IBUF
    MMCME2_ADV_X1Y1      MMCME2_ADV (Prop_mmcme2_adv_CLKIN1_CLKOUT0)
                                                     -2.444    -1.774 r  mmcm_i/CLKOUT0
                         net (fo=1, routed)           0.529    -1.245    clk_100_raw
    BUFGCTRL_X0Y16       BUFG (Prop_bufg_I_O)         0.026    -1.219 r  bufg_sys/O
                         net (fo=30806, routed)       0.584    -0.636    u_operational_uart/u_chain/u_mlkem/u_control/u_scrub/clk
    SLICE_X81Y98         FDRE                                         r  u_operational_uart/u_chain/u_mlkem/u_control/u_scrub/state_reg[2]/C
  -------------------------------------------------------------------    -------------------
    SLICE_X81Y98         FDRE (Prop_fdre_C_Q)         0.141    -0.495 r  u_operational_uart/u_chain/u_mlkem/u_control/u_scrub/state_reg[2]/Q
                         net (fo=24, routed)          0.263    -0.232    u_operational_uart/u_chain/u_mlkem/u_control/u_scrub_n_173
    SLICE_X81Y98         LUT5 (Prop_lut5_I2_O)        0.045    -0.187 f  u_operational_uart/u_chain/u_mlkem/u_control/valid_out_reg_i_1/O
                         net (fo=2553, routed)        0.489     0.303    u_operational_uart/u_chain/u_mlkem/u_server/hash/sponge/algo_inst/STEP_MAPPING_5/core_reset
    SLICE_X84Y109        FDCE                                         f  u_operational_uart/u_chain/u_mlkem/u_server/hash/sponge/algo_inst/STEP_MAPPING_5/Str_out_reg[1535]/CLR
  -------------------------------------------------------------------    -------------------

                         (clock clk_sys_100mhz rise edge)
                                                      0.000     0.000 r  
    N18                                               0.000     0.000 r  CLK50MHZ (IN)
                         net (fo=0)                   0.000     0.000    CLK50MHZ
    N18                  IBUF (Prop_ibuf_I_O)         0.417     0.417 r  CLK50MHZ_IBUF_inst/O
                         net (fo=1, routed)           0.480     0.897    CLK50MHZ_IBUF
    MMCME2_ADV_X1Y1      MMCME2_ADV (Prop_mmcme2_adv_CLKIN1_CLKOUT0)
                                                     -3.231    -2.334 r  mmcm_i/CLKOUT0
                         net (fo=1, routed)           0.576    -1.758    clk_100_raw
    BUFGCTRL_X0Y16       BUFG (Prop_bufg_I_O)         0.029    -1.729 r  bufg_sys/O
                         net (fo=30806, routed)       0.937    -0.792    u_operational_uart/u_chain/u_mlkem/u_server/hash/sponge/algo_inst/STEP_MAPPING_5/clk
    SLICE_X84Y109        FDCE                                         r  u_operational_uart/u_chain/u_mlkem/u_server/hash/sponge/algo_inst/STEP_MAPPING_5/Str_out_reg[1535]/C
                         clock pessimism              0.505    -0.287    
    SLICE_X84Y109        FDCE (Remov_fdce_C_CLR)     -0.092    -0.379    u_operational_uart/u_chain/u_mlkem/u_server/hash/sponge/algo_inst/STEP_MAPPING_5/Str_out_reg[1535]
  -------------------------------------------------------------------
                         required time                          0.379    
                         arrival time                           0.303    
  -------------------------------------------------------------------
                         slack                                  0.682    

Slack (MET) :             0.682ns  (arrival time - required time)
  Source:                 u_operational_uart/u_chain/u_mlkem/u_control/u_scrub/state_reg[2]/C
                            (rising edge-triggered cell FDRE clocked by clk_sys_100mhz  {rise@0.000ns fall@5.000ns period=10.000ns})
  Destination:            u_operational_uart/u_chain/u_mlkem/u_server/hash/sponge/algo_inst/STEP_MAPPING_5/Str_out_reg[1599]/CLR
                            (removal check against rising-edge clock clk_sys_100mhz  {rise@0.000ns fall@5.000ns period=10.000ns})
  Path Group:             **async_default**
  Path Type:              Removal (Min at Fast Process Corner)
  Requirement:            0.000ns  (clk_sys_100mhz rise@0.000ns - clk_sys_100mhz rise@0.000ns)
  Data Path Delay:        0.938ns  (logic 0.186ns (19.829%)  route 0.752ns (80.171%))
  Logic Levels:           1  (LUT5=1)
  Clock Path Skew:        0.348ns (DCD - SCD - CPR)
    Destination Clock Delay (DCD):    -0.792ns
    Source Clock Delay      (SCD):    -0.636ns
    Clock Pessimism Removal (CPR):    -0.505ns

    Location             Delay type                Incr(ns)  Path(ns)    Netlist Resource(s)
  -------------------------------------------------------------------    -------------------
                         (clock clk_sys_100mhz rise edge)
                                                      0.000     0.000 r  
    N18                                               0.000     0.000 r  CLK50MHZ (IN)
                         net (fo=0)                   0.000     0.000    CLK50MHZ
    N18                  IBUF (Prop_ibuf_I_O)         0.229     0.229 r  CLK50MHZ_IBUF_inst/O
                         net (fo=1, routed)           0.440     0.669    CLK50MHZ_IBUF
    MMCME2_ADV_X1Y1      MMCME2_ADV (Prop_mmcme2_adv_CLKIN1_CLKOUT0)
                                                     -2.444    -1.774 r  mmcm_i/CLKOUT0
                         net (fo=1, routed)           0.529    -1.245    clk_100_raw
    BUFGCTRL_X0Y16       BUFG (Prop_bufg_I_O)         0.026    -1.219 r  bufg_sys/O
                         net (fo=30806, routed)       0.584    -0.636    u_operational_uart/u_chain/u_mlkem/u_control/u_scrub/clk
    SLICE_X81Y98         FDRE                                         r  u_operational_uart/u_chain/u_mlkem/u_control/u_scrub/state_reg[2]/C
  -------------------------------------------------------------------    -------------------
    SLICE_X81Y98         FDRE (Prop_fdre_C_Q)         0.141    -0.495 r  u_operational_uart/u_chain/u_mlkem/u_control/u_scrub/state_reg[2]/Q
                         net (fo=24, routed)          0.263    -0.232    u_operational_uart/u_chain/u_mlkem/u_control/u_scrub_n_173
    SLICE_X81Y98         LUT5 (Prop_lut5_I2_O)        0.045    -0.187 f  u_operational_uart/u_chain/u_mlkem/u_control/valid_out_reg_i_1/O
                         net (fo=2553, routed)        0.489     0.303    u_operational_uart/u_chain/u_mlkem/u_server/hash/sponge/algo_inst/STEP_MAPPING_5/core_reset
    SLICE_X84Y109        FDCE                                         f  u_operational_uart/u_chain/u_mlkem/u_server/hash/sponge/algo_inst/STEP_MAPPING_5/Str_out_reg[1599]/CLR
  -------------------------------------------------------------------    -------------------

                         (clock clk_sys_100mhz rise edge)
                                                      0.000     0.000 r  
    N18                                               0.000     0.000 r  CLK50MHZ (IN)
                         net (fo=0)                   0.000     0.000    CLK50MHZ
    N18                  IBUF (Prop_ibuf_I_O)         0.417     0.417 r  CLK50MHZ_IBUF_inst/O
                         net (fo=1, routed)           0.480     0.897    CLK50MHZ_IBUF
    MMCME2_ADV_X1Y1      MMCME2_ADV (Prop_mmcme2_adv_CLKIN1_CLKOUT0)
                                                     -3.231    -2.334 r  mmcm_i/CLKOUT0
                         net (fo=1, routed)           0.576    -1.758    clk_100_raw
    BUFGCTRL_X0Y16       BUFG (Prop_bufg_I_O)         0.029    -1.729 r  bufg_sys/O
                         net (fo=30806, routed)       0.937    -0.792    u_operational_uart/u_chain/u_mlkem/u_server/hash/sponge/algo_inst/STEP_MAPPING_5/clk
    SLICE_X84Y109        FDCE                                         r  u_operational_uart/u_chain/u_mlkem/u_server/hash/sponge/algo_inst/STEP_MAPPING_5/Str_out_reg[1599]/C
                         clock pessimism              0.505    -0.287    
    SLICE_X84Y109        FDCE (Remov_fdce_C_CLR)     -0.092    -0.379    u_operational_uart/u_chain/u_mlkem/u_server/hash/sponge/algo_inst/STEP_MAPPING_5/Str_out_reg[1599]
  -------------------------------------------------------------------
                         required time                          0.379    
                         arrival time                           0.303    
  -------------------------------------------------------------------
                         slack                                  0.682    

Slack (MET) :             0.697ns  (arrival time - required time)
  Source:                 u_operational_uart/u_chain/u_mlkem/u_control/u_seed/FSM_sequential_state_reg[1]/C
                            (rising edge-triggered cell FDCE clocked by clk_sys_100mhz  {rise@0.000ns fall@5.000ns period=10.000ns})
  Destination:            u_operational_uart/u_chain/u_mlkem/u_control/u_seed/u_kdf/seed_out_reg[208]/CLR
                            (removal check against rising-edge clock clk_sys_100mhz  {rise@0.000ns fall@5.000ns period=10.000ns})
  Path Group:             **async_default**
  Path Type:              Removal (Min at Fast Process Corner)
  Requirement:            0.000ns  (clk_sys_100mhz rise@0.000ns - clk_sys_100mhz rise@0.000ns)
  Data Path Delay:        0.633ns  (logic 0.186ns (29.379%)  route 0.447ns (70.621%))
  Logic Levels:           1  (LUT5=1)
  Clock Path Skew:        0.028ns (DCD - SCD - CPR)
    Destination Clock Delay (DCD):    -0.889ns
    Source Clock Delay      (SCD):    -0.642ns
    Clock Pessimism Removal (CPR):    -0.276ns

    Location             Delay type                Incr(ns)  Path(ns)    Netlist Resource(s)
  -------------------------------------------------------------------    -------------------
                         (clock clk_sys_100mhz rise edge)
                                                      0.000     0.000 r  
    N18                                               0.000     0.000 r  CLK50MHZ (IN)
                         net (fo=0)                   0.000     0.000    CLK50MHZ
    N18                  IBUF (Prop_ibuf_I_O)         0.229     0.229 r  CLK50MHZ_IBUF_inst/O
                         net (fo=1, routed)           0.440     0.669    CLK50MHZ_IBUF
    MMCME2_ADV_X1Y1      MMCME2_ADV (Prop_mmcme2_adv_CLKIN1_CLKOUT0)
                                                     -2.444    -1.774 r  mmcm_i/CLKOUT0
                         net (fo=1, routed)           0.529    -1.245    clk_100_raw
    BUFGCTRL_X0Y16       BUFG (Prop_bufg_I_O)         0.026    -1.219 r  bufg_sys/O
                         net (fo=30806, routed)       0.578    -0.642    u_operational_uart/u_chain/u_mlkem/u_control/u_seed/clk
    SLICE_X63Y90         FDCE                                         r  u_operational_uart/u_chain/u_mlkem/u_control/u_seed/FSM_sequential_state_reg[1]/C
  -------------------------------------------------------------------    -------------------
    SLICE_X63Y90         FDCE (Prop_fdce_C_Q)         0.141    -0.501 f  u_operational_uart/u_chain/u_mlkem/u_control/u_seed/FSM_sequential_state_reg[1]/Q
                         net (fo=13, routed)          0.217    -0.283    u_operational_uart/u_chain/u_mlkem/u_control/u_seed/state__0[1]
    SLICE_X65Y88         LUT5 (Prop_lut5_I3_O)        0.045    -0.238 f  u_operational_uart/u_chain/u_mlkem/u_control/u_seed/FSM_sequential_state[2]_i_2/O
                         net (fo=4072, routed)        0.230    -0.008    u_operational_uart/u_chain/u_mlkem/u_control/u_seed/u_kdf/done_reg_0
    SLICE_X65Y82         FDCE                                         f  u_operational_uart/u_chain/u_mlkem/u_control/u_seed/u_kdf/seed_out_reg[208]/CLR
  -------------------------------------------------------------------    -------------------

                         (clock clk_sys_100mhz rise edge)
                                                      0.000     0.000 r  
    N18                                               0.000     0.000 r  CLK50MHZ (IN)
                         net (fo=0)                   0.000     0.000    CLK50MHZ
    N18                  IBUF (Prop_ibuf_I_O)         0.417     0.417 r  CLK50MHZ_IBUF_inst/O
                         net (fo=1, routed)           0.480     0.897    CLK50MHZ_IBUF
    MMCME2_ADV_X1Y1      MMCME2_ADV (Prop_mmcme2_adv_CLKIN1_CLKOUT0)
                                                     -3.231    -2.334 r  mmcm_i/CLKOUT0
                         net (fo=1, routed)           0.576    -1.758    clk_100_raw
    BUFGCTRL_X0Y16       BUFG (Prop_bufg_I_O)         0.029    -1.729 r  bufg_sys/O
                         net (fo=30806, routed)       0.840    -0.889    u_operational_uart/u_chain/u_mlkem/u_control/u_seed/u_kdf/clk
    SLICE_X65Y82         FDCE                                         r  u_operational_uart/u_chain/u_mlkem/u_control/u_seed/u_kdf/seed_out_reg[208]/C
                         clock pessimism              0.276    -0.614    
    SLICE_X65Y82         FDCE (Remov_fdce_C_CLR)     -0.092    -0.706    u_operational_uart/u_chain/u_mlkem/u_control/u_seed/u_kdf/seed_out_reg[208]
  -------------------------------------------------------------------
                         required time                          0.706    
                         arrival time                          -0.008    
  -------------------------------------------------------------------
                         slack                                  0.697    





