Copyright 1986-2020 Xilinx, Inc. All Rights Reserved.
-------------------------------------------------------------------------------------------------------------------------------------------------------------------------------------------------------------------------------------------------------------------------------
| Tool Version : Vivado v.2020.1 (lin64) Build 2902540 Wed May 27 19:54:35 MDT 2020
| Date         : Sun Sep 13 17:34:00 2026
| Host         : donglong-P7xxTM-1 running 64-bit Ubuntu 22.04.5 LTS
| Command      : report_timing_summary -delay_type min_max -report_unconstrained -max_paths 20 -file /home/donglong/Documents/Duy_prj/KECCAK_OPTIMIZE_POWER/OPTIMIZE_POWER/kyber_puf_fpga_delivery/build/fpga_100mhz/edgefull_10ns_kdfwidece_puflock_v08/post_route_timing.rpt
| Design       : edge_puf_mlkem_core
| Device       : 7a35ti-csg324
| Speed File   : -1L  PRODUCTION 1.23 2018-06-13
-------------------------------------------------------------------------------------------------------------------------------------------------------------------------------------------------------------------------------------------------------------------------------

Timing Summary Report

------------------------------------------------------------------------------------------------
| Timer Settings
| --------------
------------------------------------------------------------------------------------------------

  Enable Multi Corner Analysis               :  Yes
  Enable Pessimism Removal                   :  Yes
  Pessimism Removal Resolution               :  Nearest Common Node
  Enable Input Delay Default Clock           :  No
  Enable Preset / Clear Arcs                 :  No
  Disable Flight Delays                      :  No
  Ignore I/O Paths                           :  No
  Timing Early Launch at Borrowing Latches   :  No
  Borrow Time for Max Delay Exceptions       :  Yes
  Merge Timing Exceptions                    :  Yes

  Corner  Analyze    Analyze
  Name    Max Paths  Min Paths
  ------  ---------  ---------
  Slow    Yes        Yes
  Fast    Yes        Yes



check_timing report

Table of Contents
-----------------
1. checking no_clock (360)
2. checking constant_clock (0)
3. checking pulse_width_clock (0)
4. checking unconstrained_internal_endpoints (206)
5. checking no_input_delay (311)
6. checking no_output_delay (561)
7. checking multiple_clock (0)
8. checking generated_clocks (0)
9. checking loops (32)
10. checking partial_input_delay (0)
11. checking partial_output_delay (0)
12. checking latch_loops (0)

1. checking no_clock (360)
--------------------------
 There are 72 register/latch pins with no clock driven by root clock pin: u_puf/ctrl_inst/FSM_onehot_state_reg[3]/Q (HIGH)

 There are 36 register/latch pins with no clock driven by root clock pin: u_puf/lfsr_inst/r_lfsr_reg[1]/Q (HIGH)

 There are 36 register/latch pins with no clock driven by root clock pin: u_puf/lfsr_inst/r_lfsr_reg[2]/Q (HIGH)

 There are 36 register/latch pins with no clock driven by root clock pin: u_puf/lfsr_inst/r_lfsr_reg[3]/Q (HIGH)

 There are 36 register/latch pins with no clock driven by root clock pin: u_puf/lfsr_inst/r_lfsr_reg[4]/Q (HIGH)

 There are 36 register/latch pins with no clock driven by root clock pin: u_puf/lfsr_inst/r_lfsr_reg[5]/Q (HIGH)

 There are 36 register/latch pins with no clock driven by root clock pin: u_puf/lfsr_inst/r_lfsr_reg[6]/Q (HIGH)

 There are 36 register/latch pins with no clock driven by root clock pin: u_puf/lfsr_inst/r_lfsr_reg[7]/Q (HIGH)

 There are 36 register/latch pins with no clock driven by root clock pin: u_puf/lfsr_inst/r_lfsr_reg[8]/Q (HIGH)


2. checking constant_clock (0)
------------------------------
 There are 0 register/latch pins with constant_clock.


3. checking pulse_width_clock (0)
---------------------------------
 There are 0 register/latch pins which need pulse_width check


4. checking unconstrained_internal_endpoints (206)
--------------------------------------------------
 There are 206 pins that are not constrained for maximum delay. (HIGH)

 There are 0 pins that are not constrained for maximum delay due to constant clock.


5. checking no_input_delay (311)
--------------------------------
 There are 311 input ports with no input delay specified. (HIGH)

 There are 0 input ports with no input delay but user has a false path constraint.


6. checking no_output_delay (561)
---------------------------------
 There are 561 ports with no output delay specified. (HIGH)

 There are 0 ports with no output delay but user has a false path constraint

 There are 0 ports with no output delay but with a timing clock defined on it or propagating through it


7. checking multiple_clock (0)
------------------------------
 There are 0 register/latch pins with multiple clocks.


8. checking generated_clocks (0)
--------------------------------
 There are 0 generated clocks that are not connected to a clock source.


9. checking loops (32)
----------------------
 There are 32 combinational loops in the design. (HIGH)


10. checking partial_input_delay (0)
------------------------------------
 There are 0 input ports with partial input delay specified.


11. checking partial_output_delay (0)
-------------------------------------
 There are 0 ports with partial output delay specified.


12. checking latch_loops (0)
----------------------------
 There are 0 combinational latch loops in the design through latch input



------------------------------------------------------------------------------------------------
| Design Timing Summary
| ---------------------
------------------------------------------------------------------------------------------------

    WNS(ns)      TNS(ns)  TNS Failing Endpoints  TNS Total Endpoints      WHS(ns)      THS(ns)  THS Failing Endpoints  THS Total Endpoints     WPWS(ns)     TPWS(ns)  TPWS Failing Endpoints  TPWS Total Endpoints
    -------      -------  ---------------------  -------------------      -------      -------  ---------------------  -------------------     --------     --------  ----------------------  --------------------
      0.053        0.000                      0                53742        0.046        0.000                      0                53742        4.020        0.000                       0                 19602


All user specified timing constraints are met.


------------------------------------------------------------------------------------------------
| Clock Summary
| -------------
------------------------------------------------------------------------------------------------

Clock    Waveform(ns)       Period(ns)      Frequency(MHz)
-----    ------------       ----------      --------------
sys_clk  {0.000 5.000}      10.000          100.000


------------------------------------------------------------------------------------------------
| Intra Clock Table
| -----------------
------------------------------------------------------------------------------------------------

Clock             WNS(ns)      TNS(ns)  TNS Failing Endpoints  TNS Total Endpoints      WHS(ns)      THS(ns)  THS Failing Endpoints  THS Total Endpoints     WPWS(ns)     TPWS(ns)  TPWS Failing Endpoints  TPWS Total Endpoints
-----             -------      -------  ---------------------  -------------------      -------      -------  ---------------------  -------------------     --------     --------  ----------------------  --------------------
sys_clk             0.053        0.000                      0                47760        0.046        0.000                      0                47760        4.020        0.000                       0                 19602


------------------------------------------------------------------------------------------------
| Inter Clock Table
| -----------------
------------------------------------------------------------------------------------------------

From Clock    To Clock          WNS(ns)      TNS(ns)  TNS Failing Endpoints  TNS Total Endpoints      WHS(ns)      THS(ns)  THS Failing Endpoints  THS Total Endpoints
----------    --------          -------      -------  ---------------------  -------------------      -------      -------  ---------------------  -------------------


------------------------------------------------------------------------------------------------
| Other Path Groups Table
| -----------------------
------------------------------------------------------------------------------------------------

Path Group         From Clock         To Clock               WNS(ns)      TNS(ns)  TNS Failing Endpoints  TNS Total Endpoints      WHS(ns)      THS(ns)  THS Failing Endpoints  THS Total Endpoints
----------         ----------         --------               -------      -------  ---------------------  -------------------      -------      -------  ---------------------  -------------------
**async_default**  sys_clk            sys_clk                  0.656        0.000                      0                 5982        0.831        0.000                      0                 5982


------------------------------------------------------------------------------------------------
| User Ignored Path Table
| -----------------------
------------------------------------------------------------------------------------------------

Path Group    From Clock    To Clock
----------    ----------    --------


------------------------------------------------------------------------------------------------
| Unconstrained Path Table
| ------------------------
------------------------------------------------------------------------------------------------

Path Group    From Clock    To Clock
----------    ----------    --------
(none)
(none)        sys_clk
(none)                      sys_clk


------------------------------------------------------------------------------------------------
| Timing Details
| --------------
------------------------------------------------------------------------------------------------


---------------------------------------------------------------------------------------------------
From Clock:  sys_clk
  To Clock:  sys_clk

Setup :            0  Failing Endpoints,  Worst Slack        0.053ns,  Total Violation        0.000ns
Hold  :            0  Failing Endpoints,  Worst Slack        0.046ns,  Total Violation        0.000ns
PW    :            0  Failing Endpoints,  Worst Slack        4.020ns,  Total Violation        0.000ns
---------------------------------------------------------------------------------------------------


Max Delay Paths
--------------------------------------------------------------------------------------
Slack (MET) :             0.053ns  (required time - arrival time)
  Source:                 u_edge/u_server/hash/ofifo0_inst/inst/wr_ptr_reg[1]/C
                            (rising edge-triggered cell FDRE clocked by sys_clk  {rise@0.000ns fall@5.000ns period=10.000ns})
  Destination:            u_edge/u_server/hash/sponge/squeeze_reg_reg[1394]/R
                            (rising edge-triggered cell FDRE clocked by sys_clk  {rise@0.000ns fall@5.000ns period=10.000ns})
  Path Group:             sys_clk
  Path Type:              Setup (Max at Slow Process Corner)
  Requirement:            10.000ns  (sys_clk rise@10.000ns - sys_clk rise@0.000ns)
  Data Path Delay:        9.339ns  (logic 1.608ns (17.218%)  route 7.731ns (82.782%))
  Logic Levels:           6  (CARRY4=1 LUT4=1 LUT6=4)
  Clock Path Skew:        -0.049ns (DCD - SCD + CPR)
    Destination Clock Delay (DCD):    0.924ns = ( 10.924 - 10.000 )
    Source Clock Delay      (SCD):    0.973ns
    Clock Pessimism Removal (CPR):    0.000ns
  Clock Uncertainty:      0.035ns  ((TSJ^2 + TIJ^2)^1/2 + DJ) / 2 + PE
    Total System Jitter     (TSJ):    0.071ns
    Total Input Jitter      (TIJ):    0.000ns
    Discrete Jitter          (DJ):    0.000ns
    Phase Error              (PE):    0.000ns

    Location             Delay type                Incr(ns)  Path(ns)    Netlist Resource(s)
  -------------------------------------------------------------------    -------------------
                         (clock sys_clk rise edge)    0.000     0.000 r
                                                      0.000     0.000 r  clk (IN)
                         net (fo=19601, unset)        0.973     0.973    u_edge/u_server/hash/ofifo0_inst/inst/clk
    SLICE_X36Y84         FDRE                                         r  u_edge/u_server/hash/ofifo0_inst/inst/wr_ptr_reg[1]/C
  -------------------------------------------------------------------    -------------------
    SLICE_X36Y84         FDRE (Prop_fdre_C_Q)         0.456     1.429 r  u_edge/u_server/hash/ofifo0_inst/inst/wr_ptr_reg[1]/Q
                         net (fo=4, routed)           0.986     2.415    u_edge/u_server/hash/ofifo0_inst/inst/S[0]
    SLICE_X35Y85         LUT6 (Prop_lut6_I3_O)        0.124     2.539 r  u_edge/u_server/hash/ofifo0_inst/inst/wr_full0_carry_i_4/O
                         net (fo=1, routed)           0.000     2.539    u_edge/u_server/hash/ofifo0_inst/inst/wr_full0_carry_i_4_n_0
    SLICE_X35Y85         CARRY4 (Prop_carry4_S[0]_CO[3])
                                                      0.532     3.071 f  u_edge/u_server/hash/ofifo0_inst/inst/wr_full0_carry/CO[3]
                         net (fo=4, routed)           1.138     4.209    u_edge/u_server/hash/ofifo0_inst/inst/wr_full0
    SLICE_X35Y88         LUT6 (Prop_lut6_I4_O)        0.124     4.333 f  u_edge/u_server/hash/ofifo0_inst/inst/state[5]_i_14/O
                         net (fo=4, routed)           0.489     4.822    u_edge/u_server/hash/sponge/state[5]_i_14_n_0_alias
    SLICE_X35Y88         LUT6 (Prop_lut6_I5_O)        0.124     4.946 r  u_edge/u_server/hash/sponge/squeeze_ctr[5]_i_4_comp/O
                         net (fo=4, routed)           1.121     6.068    u_edge/u_server/hash/sponge/squeeze_init_early
    SLICE_X37Y108        LUT6 (Prop_lut6_I2_O)        0.124     6.192 f  u_edge/u_server/hash/sponge/rd_idx[5]_i_5/O
                         net (fo=807, routed)         2.221     8.413    u_edge/u_control/u_scrub/squeeze_reg_reg[0]_0
    SLICE_X37Y108        LUT4 (Prop_lut4_I1_O)        0.124     8.537 r  u_edge/u_control/u_scrub/squeeze_reg[1599]_i_1_comp/O
                         net (fo=1600, routed)        1.775    10.312    u_edge/u_server/hash/sponge/squeeze_reg_reg[0]_3[0]
    SLICE_X14Y125        FDRE                                         r  u_edge/u_server/hash/sponge/squeeze_reg_reg[1394]/R
  -------------------------------------------------------------------    -------------------

                         (clock sys_clk rise edge)   10.000    10.000 r
                                                      0.000    10.000 r  clk (IN)
                         net (fo=19601, unset)        0.924    10.924    u_edge/u_server/hash/sponge/clk
    SLICE_X14Y125        FDRE                                         r  u_edge/u_server/hash/sponge/squeeze_reg_reg[1394]/C
                         clock pessimism              0.000    10.924
                         clock uncertainty           -0.035    10.889
    SLICE_X14Y125        FDRE (Setup_fdre_C_R)       -0.524    10.365    u_edge/u_server/hash/sponge/squeeze_reg_reg[1394]
  -------------------------------------------------------------------
                         required time                         10.365
                         arrival time                         -10.312
  -------------------------------------------------------------------
                         slack                                  0.053

Slack (MET) :             0.053ns  (required time - arrival time)
  Source:                 u_edge/u_server/hash/ofifo0_inst/inst/wr_ptr_reg[1]/C
                            (rising edge-triggered cell FDRE clocked by sys_clk  {rise@0.000ns fall@5.000ns period=10.000ns})
  Destination:            u_edge/u_server/hash/sponge/squeeze_reg_reg[1395]/R
                            (rising edge-triggered cell FDRE clocked by sys_clk  {rise@0.000ns fall@5.000ns period=10.000ns})
  Path Group:             sys_clk
  Path Type:              Setup (Max at Slow Process Corner)
  Requirement:            10.000ns  (sys_clk rise@10.000ns - sys_clk rise@0.000ns)
  Data Path Delay:        9.339ns  (logic 1.608ns (17.218%)  route 7.731ns (82.782%))
  Logic Levels:           6  (CARRY4=1 LUT4=1 LUT6=4)
  Clock Path Skew:        -0.049ns (DCD - SCD + CPR)
    Destination Clock Delay (DCD):    0.924ns = ( 10.924 - 10.000 )
    Source Clock Delay      (SCD):    0.973ns
    Clock Pessimism Removal (CPR):    0.000ns
  Clock Uncertainty:      0.035ns  ((TSJ^2 + TIJ^2)^1/2 + DJ) / 2 + PE
    Total System Jitter     (TSJ):    0.071ns
    Total Input Jitter      (TIJ):    0.000ns
    Discrete Jitter          (DJ):    0.000ns
    Phase Error              (PE):    0.000ns

    Location             Delay type                Incr(ns)  Path(ns)    Netlist Resource(s)
  -------------------------------------------------------------------    -------------------
                         (clock sys_clk rise edge)    0.000     0.000 r
                                                      0.000     0.000 r  clk (IN)
                         net (fo=19601, unset)        0.973     0.973    u_edge/u_server/hash/ofifo0_inst/inst/clk
    SLICE_X36Y84         FDRE                                         r  u_edge/u_server/hash/ofifo0_inst/inst/wr_ptr_reg[1]/C
  -------------------------------------------------------------------    -------------------
    SLICE_X36Y84         FDRE (Prop_fdre_C_Q)         0.456     1.429 r  u_edge/u_server/hash/ofifo0_inst/inst/wr_ptr_reg[1]/Q
                         net (fo=4, routed)           0.986     2.415    u_edge/u_server/hash/ofifo0_inst/inst/S[0]
    SLICE_X35Y85         LUT6 (Prop_lut6_I3_O)        0.124     2.539 r  u_edge/u_server/hash/ofifo0_inst/inst/wr_full0_carry_i_4/O
                         net (fo=1, routed)           0.000     2.539    u_edge/u_server/hash/ofifo0_inst/inst/wr_full0_carry_i_4_n_0
    SLICE_X35Y85         CARRY4 (Prop_carry4_S[0]_CO[3])
                                                      0.532     3.071 f  u_edge/u_server/hash/ofifo0_inst/inst/wr_full0_carry/CO[3]
                         net (fo=4, routed)           1.138     4.209    u_edge/u_server/hash/ofifo0_inst/inst/wr_full0
    SLICE_X35Y88         LUT6 (Prop_lut6_I4_O)        0.124     4.333 f  u_edge/u_server/hash/ofifo0_inst/inst/state[5]_i_14/O
                         net (fo=4, routed)           0.489     4.822    u_edge/u_server/hash/sponge/state[5]_i_14_n_0_alias
    SLICE_X35Y88         LUT6 (Prop_lut6_I5_O)        0.124     4.946 r  u_edge/u_server/hash/sponge/squeeze_ctr[5]_i_4_comp/O
                         net (fo=4, routed)           1.121     6.068    u_edge/u_server/hash/sponge/squeeze_init_early
    SLICE_X37Y108        LUT6 (Prop_lut6_I2_O)        0.124     6.192 f  u_edge/u_server/hash/sponge/rd_idx[5]_i_5/O
                         net (fo=807, routed)         2.221     8.413    u_edge/u_control/u_scrub/squeeze_reg_reg[0]_0
    SLICE_X37Y108        LUT4 (Prop_lut4_I1_O)        0.124     8.537 r  u_edge/u_control/u_scrub/squeeze_reg[1599]_i_1_comp/O
                         net (fo=1600, routed)        1.775    10.312    u_edge/u_server/hash/sponge/squeeze_reg_reg[0]_3[0]
    SLICE_X14Y125        FDRE                                         r  u_edge/u_server/hash/sponge/squeeze_reg_reg[1395]/R
  -------------------------------------------------------------------    -------------------

                         (clock sys_clk rise edge)   10.000    10.000 r
                                                      0.000    10.000 r  clk (IN)
                         net (fo=19601, unset)        0.924    10.924    u_edge/u_server/hash/sponge/clk
    SLICE_X14Y125        FDRE                                         r  u_edge/u_server/hash/sponge/squeeze_reg_reg[1395]/C
                         clock pessimism              0.000    10.924
                         clock uncertainty           -0.035    10.889
    SLICE_X14Y125        FDRE (Setup_fdre_C_R)       -0.524    10.365    u_edge/u_server/hash/sponge/squeeze_reg_reg[1395]
  -------------------------------------------------------------------
                         required time                         10.365
                         arrival time                         -10.312
  -------------------------------------------------------------------
                         slack                                  0.053

Slack (MET) :             0.053ns  (required time - arrival time)
  Source:                 u_edge/u_server/hash/ofifo0_inst/inst/wr_ptr_reg[1]/C
                            (rising edge-triggered cell FDRE clocked by sys_clk  {rise@0.000ns fall@5.000ns period=10.000ns})
  Destination:            u_edge/u_server/hash/sponge/squeeze_reg_reg[1426]/R
                            (rising edge-triggered cell FDRE clocked by sys_clk  {rise@0.000ns fall@5.000ns period=10.000ns})
  Path Group:             sys_clk
  Path Type:              Setup (Max at Slow Process Corner)
  Requirement:            10.000ns  (sys_clk rise@10.000ns - sys_clk rise@0.000ns)
  Data Path Delay:        9.339ns  (logic 1.608ns (17.218%)  route 7.731ns (82.782%))
  Logic Levels:           6  (CARRY4=1 LUT4=1 LUT6=4)
  Clock Path Skew:        -0.049ns (DCD - SCD + CPR)
    Destination Clock Delay (DCD):    0.924ns = ( 10.924 - 10.000 )
    Source Clock Delay      (SCD):    0.973ns
    Clock Pessimism Removal (CPR):    0.000ns
  Clock Uncertainty:      0.035ns  ((TSJ^2 + TIJ^2)^1/2 + DJ) / 2 + PE
    Total System Jitter     (TSJ):    0.071ns
    Total Input Jitter      (TIJ):    0.000ns
    Discrete Jitter          (DJ):    0.000ns
    Phase Error              (PE):    0.000ns

    Location             Delay type                Incr(ns)  Path(ns)    Netlist Resource(s)
  -------------------------------------------------------------------    -------------------
                         (clock sys_clk rise edge)    0.000     0.000 r
                                                      0.000     0.000 r  clk (IN)
                         net (fo=19601, unset)        0.973     0.973    u_edge/u_server/hash/ofifo0_inst/inst/clk
    SLICE_X36Y84         FDRE                                         r  u_edge/u_server/hash/ofifo0_inst/inst/wr_ptr_reg[1]/C
  -------------------------------------------------------------------    -------------------
    SLICE_X36Y84         FDRE (Prop_fdre_C_Q)         0.456     1.429 r  u_edge/u_server/hash/ofifo0_inst/inst/wr_ptr_reg[1]/Q
                         net (fo=4, routed)           0.986     2.415    u_edge/u_server/hash/ofifo0_inst/inst/S[0]
    SLICE_X35Y85         LUT6 (Prop_lut6_I3_O)        0.124     2.539 r  u_edge/u_server/hash/ofifo0_inst/inst/wr_full0_carry_i_4/O
                         net (fo=1, routed)           0.000     2.539    u_edge/u_server/hash/ofifo0_inst/inst/wr_full0_carry_i_4_n_0
    SLICE_X35Y85         CARRY4 (Prop_carry4_S[0]_CO[3])
                                                      0.532     3.071 f  u_edge/u_server/hash/ofifo0_inst/inst/wr_full0_carry/CO[3]
                         net (fo=4, routed)           1.138     4.209    u_edge/u_server/hash/ofifo0_inst/inst/wr_full0
    SLICE_X35Y88         LUT6 (Prop_lut6_I4_O)        0.124     4.333 f  u_edge/u_server/hash/ofifo0_inst/inst/state[5]_i_14/O
                         net (fo=4, routed)           0.489     4.822    u_edge/u_server/hash/sponge/state[5]_i_14_n_0_alias
    SLICE_X35Y88         LUT6 (Prop_lut6_I5_O)        0.124     4.946 r  u_edge/u_server/hash/sponge/squeeze_ctr[5]_i_4_comp/O
                         net (fo=4, routed)           1.121     6.068    u_edge/u_server/hash/sponge/squeeze_init_early
    SLICE_X37Y108        LUT6 (Prop_lut6_I2_O)        0.124     6.192 f  u_edge/u_server/hash/sponge/rd_idx[5]_i_5/O
                         net (fo=807, routed)         2.221     8.413    u_edge/u_control/u_scrub/squeeze_reg_reg[0]_0
    SLICE_X37Y108        LUT4 (Prop_lut4_I1_O)        0.124     8.537 r  u_edge/u_control/u_scrub/squeeze_reg[1599]_i_1_comp/O
                         net (fo=1600, routed)        1.775    10.312    u_edge/u_server/hash/sponge/squeeze_reg_reg[0]_3[0]
    SLICE_X14Y125        FDRE                                         r  u_edge/u_server/hash/sponge/squeeze_reg_reg[1426]/R
  -------------------------------------------------------------------    -------------------

                         (clock sys_clk rise edge)   10.000    10.000 r
                                                      0.000    10.000 r  clk (IN)
                         net (fo=19601, unset)        0.924    10.924    u_edge/u_server/hash/sponge/clk
    SLICE_X14Y125        FDRE                                         r  u_edge/u_server/hash/sponge/squeeze_reg_reg[1426]/C
                         clock pessimism              0.000    10.924
                         clock uncertainty           -0.035    10.889
    SLICE_X14Y125        FDRE (Setup_fdre_C_R)       -0.524    10.365    u_edge/u_server/hash/sponge/squeeze_reg_reg[1426]
  -------------------------------------------------------------------
                         required time                         10.365
                         arrival time                         -10.312
  -------------------------------------------------------------------
                         slack                                  0.053

Slack (MET) :             0.053ns  (required time - arrival time)
  Source:                 u_edge/u_server/hash/ofifo0_inst/inst/wr_ptr_reg[1]/C
                            (rising edge-triggered cell FDRE clocked by sys_clk  {rise@0.000ns fall@5.000ns period=10.000ns})
  Destination:            u_edge/u_server/hash/sponge/squeeze_reg_reg[1427]/R
                            (rising edge-triggered cell FDRE clocked by sys_clk  {rise@0.000ns fall@5.000ns period=10.000ns})
  Path Group:             sys_clk
  Path Type:              Setup (Max at Slow Process Corner)
  Requirement:            10.000ns  (sys_clk rise@10.000ns - sys_clk rise@0.000ns)
  Data Path Delay:        9.339ns  (logic 1.608ns (17.218%)  route 7.731ns (82.782%))
  Logic Levels:           6  (CARRY4=1 LUT4=1 LUT6=4)
  Clock Path Skew:        -0.049ns (DCD - SCD + CPR)
    Destination Clock Delay (DCD):    0.924ns = ( 10.924 - 10.000 )
    Source Clock Delay      (SCD):    0.973ns
    Clock Pessimism Removal (CPR):    0.000ns
  Clock Uncertainty:      0.035ns  ((TSJ^2 + TIJ^2)^1/2 + DJ) / 2 + PE
    Total System Jitter     (TSJ):    0.071ns
    Total Input Jitter      (TIJ):    0.000ns
    Discrete Jitter          (DJ):    0.000ns
    Phase Error              (PE):    0.000ns

    Location             Delay type                Incr(ns)  Path(ns)    Netlist Resource(s)
  -------------------------------------------------------------------    -------------------
                         (clock sys_clk rise edge)    0.000     0.000 r
                                                      0.000     0.000 r  clk (IN)
                         net (fo=19601, unset)        0.973     0.973    u_edge/u_server/hash/ofifo0_inst/inst/clk
    SLICE_X36Y84         FDRE                                         r  u_edge/u_server/hash/ofifo0_inst/inst/wr_ptr_reg[1]/C
  -------------------------------------------------------------------    -------------------
    SLICE_X36Y84         FDRE (Prop_fdre_C_Q)         0.456     1.429 r  u_edge/u_server/hash/ofifo0_inst/inst/wr_ptr_reg[1]/Q
                         net (fo=4, routed)           0.986     2.415    u_edge/u_server/hash/ofifo0_inst/inst/S[0]
    SLICE_X35Y85         LUT6 (Prop_lut6_I3_O)        0.124     2.539 r  u_edge/u_server/hash/ofifo0_inst/inst/wr_full0_carry_i_4/O
                         net (fo=1, routed)           0.000     2.539    u_edge/u_server/hash/ofifo0_inst/inst/wr_full0_carry_i_4_n_0
    SLICE_X35Y85         CARRY4 (Prop_carry4_S[0]_CO[3])
                                                      0.532     3.071 f  u_edge/u_server/hash/ofifo0_inst/inst/wr_full0_carry/CO[3]
                         net (fo=4, routed)           1.138     4.209    u_edge/u_server/hash/ofifo0_inst/inst/wr_full0
    SLICE_X35Y88         LUT6 (Prop_lut6_I4_O)        0.124     4.333 f  u_edge/u_server/hash/ofifo0_inst/inst/state[5]_i_14/O
                         net (fo=4, routed)           0.489     4.822    u_edge/u_server/hash/sponge/state[5]_i_14_n_0_alias
    SLICE_X35Y88         LUT6 (Prop_lut6_I5_O)        0.124     4.946 r  u_edge/u_server/hash/sponge/squeeze_ctr[5]_i_4_comp/O
                         net (fo=4, routed)           1.121     6.068    u_edge/u_server/hash/sponge/squeeze_init_early
    SLICE_X37Y108        LUT6 (Prop_lut6_I2_O)        0.124     6.192 f  u_edge/u_server/hash/sponge/rd_idx[5]_i_5/O
                         net (fo=807, routed)         2.221     8.413    u_edge/u_control/u_scrub/squeeze_reg_reg[0]_0
    SLICE_X37Y108        LUT4 (Prop_lut4_I1_O)        0.124     8.537 r  u_edge/u_control/u_scrub/squeeze_reg[1599]_i_1_comp/O
                         net (fo=1600, routed)        1.775    10.312    u_edge/u_server/hash/sponge/squeeze_reg_reg[0]_3[0]
    SLICE_X14Y125        FDRE                                         r  u_edge/u_server/hash/sponge/squeeze_reg_reg[1427]/R
  -------------------------------------------------------------------    -------------------

                         (clock sys_clk rise edge)   10.000    10.000 r
                                                      0.000    10.000 r  clk (IN)
                         net (fo=19601, unset)        0.924    10.924    u_edge/u_server/hash/sponge/clk
    SLICE_X14Y125        FDRE                                         r  u_edge/u_server/hash/sponge/squeeze_reg_reg[1427]/C
                         clock pessimism              0.000    10.924
                         clock uncertainty           -0.035    10.889
    SLICE_X14Y125        FDRE (Setup_fdre_C_R)       -0.524    10.365    u_edge/u_server/hash/sponge/squeeze_reg_reg[1427]
  -------------------------------------------------------------------
                         required time                         10.365
                         arrival time                         -10.312
  -------------------------------------------------------------------
                         slack                                  0.053

Slack (MET) :             0.053ns  (required time - arrival time)
  Source:                 u_edge/u_server/hash/ofifo0_inst/inst/wr_ptr_reg[1]/C
                            (rising edge-triggered cell FDRE clocked by sys_clk  {rise@0.000ns fall@5.000ns period=10.000ns})
  Destination:            u_edge/u_server/hash/sponge/squeeze_reg_reg[1458]/R
                            (rising edge-triggered cell FDRE clocked by sys_clk  {rise@0.000ns fall@5.000ns period=10.000ns})
  Path Group:             sys_clk
  Path Type:              Setup (Max at Slow Process Corner)
  Requirement:            10.000ns  (sys_clk rise@10.000ns - sys_clk rise@0.000ns)
  Data Path Delay:        9.339ns  (logic 1.608ns (17.218%)  route 7.731ns (82.782%))
  Logic Levels:           6  (CARRY4=1 LUT4=1 LUT6=4)
  Clock Path Skew:        -0.049ns (DCD - SCD + CPR)
    Destination Clock Delay (DCD):    0.924ns = ( 10.924 - 10.000 )
    Source Clock Delay      (SCD):    0.973ns
    Clock Pessimism Removal (CPR):    0.000ns
  Clock Uncertainty:      0.035ns  ((TSJ^2 + TIJ^2)^1/2 + DJ) / 2 + PE
    Total System Jitter     (TSJ):    0.071ns
    Total Input Jitter      (TIJ):    0.000ns
    Discrete Jitter          (DJ):    0.000ns
    Phase Error              (PE):    0.000ns

    Location             Delay type                Incr(ns)  Path(ns)    Netlist Resource(s)
  -------------------------------------------------------------------    -------------------
                         (clock sys_clk rise edge)    0.000     0.000 r
                                                      0.000     0.000 r  clk (IN)
                         net (fo=19601, unset)        0.973     0.973    u_edge/u_server/hash/ofifo0_inst/inst/clk
    SLICE_X36Y84         FDRE                                         r  u_edge/u_server/hash/ofifo0_inst/inst/wr_ptr_reg[1]/C
  -------------------------------------------------------------------    -------------------
    SLICE_X36Y84         FDRE (Prop_fdre_C_Q)         0.456     1.429 r  u_edge/u_server/hash/ofifo0_inst/inst/wr_ptr_reg[1]/Q
                         net (fo=4, routed)           0.986     2.415    u_edge/u_server/hash/ofifo0_inst/inst/S[0]
    SLICE_X35Y85         LUT6 (Prop_lut6_I3_O)        0.124     2.539 r  u_edge/u_server/hash/ofifo0_inst/inst/wr_full0_carry_i_4/O
                         net (fo=1, routed)           0.000     2.539    u_edge/u_server/hash/ofifo0_inst/inst/wr_full0_carry_i_4_n_0
    SLICE_X35Y85         CARRY4 (Prop_carry4_S[0]_CO[3])
                                                      0.532     3.071 f  u_edge/u_server/hash/ofifo0_inst/inst/wr_full0_carry/CO[3]
                         net (fo=4, routed)           1.138     4.209    u_edge/u_server/hash/ofifo0_inst/inst/wr_full0
    SLICE_X35Y88         LUT6 (Prop_lut6_I4_O)        0.124     4.333 f  u_edge/u_server/hash/ofifo0_inst/inst/state[5]_i_14/O
                         net (fo=4, routed)           0.489     4.822    u_edge/u_server/hash/sponge/state[5]_i_14_n_0_alias
    SLICE_X35Y88         LUT6 (Prop_lut6_I5_O)        0.124     4.946 r  u_edge/u_server/hash/sponge/squeeze_ctr[5]_i_4_comp/O
                         net (fo=4, routed)           1.121     6.068    u_edge/u_server/hash/sponge/squeeze_init_early
    SLICE_X37Y108        LUT6 (Prop_lut6_I2_O)        0.124     6.192 f  u_edge/u_server/hash/sponge/rd_idx[5]_i_5/O
                         net (fo=807, routed)         2.221     8.413    u_edge/u_control/u_scrub/squeeze_reg_reg[0]_0
    SLICE_X37Y108        LUT4 (Prop_lut4_I1_O)        0.124     8.537 r  u_edge/u_control/u_scrub/squeeze_reg[1599]_i_1_comp/O
                         net (fo=1600, routed)        1.775    10.312    u_edge/u_server/hash/sponge/squeeze_reg_reg[0]_3[0]
    SLICE_X14Y125        FDRE                                         r  u_edge/u_server/hash/sponge/squeeze_reg_reg[1458]/R
  -------------------------------------------------------------------    -------------------

                         (clock sys_clk rise edge)   10.000    10.000 r
                                                      0.000    10.000 r  clk (IN)
                         net (fo=19601, unset)        0.924    10.924    u_edge/u_server/hash/sponge/clk
    SLICE_X14Y125        FDRE                                         r  u_edge/u_server/hash/sponge/squeeze_reg_reg[1458]/C
                         clock pessimism              0.000    10.924
                         clock uncertainty           -0.035    10.889
    SLICE_X14Y125        FDRE (Setup_fdre_C_R)       -0.524    10.365    u_edge/u_server/hash/sponge/squeeze_reg_reg[1458]
  -------------------------------------------------------------------
                         required time                         10.365
                         arrival time                         -10.312
  -------------------------------------------------------------------
                         slack                                  0.053

Slack (MET) :             0.053ns  (required time - arrival time)
  Source:                 u_edge/u_server/hash/ofifo0_inst/inst/wr_ptr_reg[1]/C
                            (rising edge-triggered cell FDRE clocked by sys_clk  {rise@0.000ns fall@5.000ns period=10.000ns})
  Destination:            u_edge/u_server/hash/sponge/squeeze_reg_reg[1459]/R
                            (rising edge-triggered cell FDRE clocked by sys_clk  {rise@0.000ns fall@5.000ns period=10.000ns})
  Path Group:             sys_clk
  Path Type:              Setup (Max at Slow Process Corner)
  Requirement:            10.000ns  (sys_clk rise@10.000ns - sys_clk rise@0.000ns)
  Data Path Delay:        9.339ns  (logic 1.608ns (17.218%)  route 7.731ns (82.782%))
  Logic Levels:           6  (CARRY4=1 LUT4=1 LUT6=4)
  Clock Path Skew:        -0.049ns (DCD - SCD + CPR)
    Destination Clock Delay (DCD):    0.924ns = ( 10.924 - 10.000 )
    Source Clock Delay      (SCD):    0.973ns
    Clock Pessimism Removal (CPR):    0.000ns
  Clock Uncertainty:      0.035ns  ((TSJ^2 + TIJ^2)^1/2 + DJ) / 2 + PE
    Total System Jitter     (TSJ):    0.071ns
    Total Input Jitter      (TIJ):    0.000ns
    Discrete Jitter          (DJ):    0.000ns
    Phase Error              (PE):    0.000ns

    Location             Delay type                Incr(ns)  Path(ns)    Netlist Resource(s)
  -------------------------------------------------------------------    -------------------
                         (clock sys_clk rise edge)    0.000     0.000 r
                                                      0.000     0.000 r  clk (IN)
                         net (fo=19601, unset)        0.973     0.973    u_edge/u_server/hash/ofifo0_inst/inst/clk
    SLICE_X36Y84         FDRE                                         r  u_edge/u_server/hash/ofifo0_inst/inst/wr_ptr_reg[1]/C
  -------------------------------------------------------------------    -------------------
    SLICE_X36Y84         FDRE (Prop_fdre_C_Q)         0.456     1.429 r  u_edge/u_server/hash/ofifo0_inst/inst/wr_ptr_reg[1]/Q
                         net (fo=4, routed)           0.986     2.415    u_edge/u_server/hash/ofifo0_inst/inst/S[0]
    SLICE_X35Y85         LUT6 (Prop_lut6_I3_O)        0.124     2.539 r  u_edge/u_server/hash/ofifo0_inst/inst/wr_full0_carry_i_4/O
                         net (fo=1, routed)           0.000     2.539    u_edge/u_server/hash/ofifo0_inst/inst/wr_full0_carry_i_4_n_0
    SLICE_X35Y85         CARRY4 (Prop_carry4_S[0]_CO[3])
                                                      0.532     3.071 f  u_edge/u_server/hash/ofifo0_inst/inst/wr_full0_carry/CO[3]
                         net (fo=4, routed)           1.138     4.209    u_edge/u_server/hash/ofifo0_inst/inst/wr_full0
    SLICE_X35Y88         LUT6 (Prop_lut6_I4_O)        0.124     4.333 f  u_edge/u_server/hash/ofifo0_inst/inst/state[5]_i_14/O
                         net (fo=4, routed)           0.489     4.822    u_edge/u_server/hash/sponge/state[5]_i_14_n_0_alias
    SLICE_X35Y88         LUT6 (Prop_lut6_I5_O)        0.124     4.946 r  u_edge/u_server/hash/sponge/squeeze_ctr[5]_i_4_comp/O
                         net (fo=4, routed)           1.121     6.068    u_edge/u_server/hash/sponge/squeeze_init_early
    SLICE_X37Y108        LUT6 (Prop_lut6_I2_O)        0.124     6.192 f  u_edge/u_server/hash/sponge/rd_idx[5]_i_5/O
                         net (fo=807, routed)         2.221     8.413    u_edge/u_control/u_scrub/squeeze_reg_reg[0]_0
    SLICE_X37Y108        LUT4 (Prop_lut4_I1_O)        0.124     8.537 r  u_edge/u_control/u_scrub/squeeze_reg[1599]_i_1_comp/O
                         net (fo=1600, routed)        1.775    10.312    u_edge/u_server/hash/sponge/squeeze_reg_reg[0]_3[0]
    SLICE_X14Y125        FDRE                                         r  u_edge/u_server/hash/sponge/squeeze_reg_reg[1459]/R
  -------------------------------------------------------------------    -------------------

                         (clock sys_clk rise edge)   10.000    10.000 r
                                                      0.000    10.000 r  clk (IN)
                         net (fo=19601, unset)        0.924    10.924    u_edge/u_server/hash/sponge/clk
    SLICE_X14Y125        FDRE                                         r  u_edge/u_server/hash/sponge/squeeze_reg_reg[1459]/C
                         clock pessimism              0.000    10.924
                         clock uncertainty           -0.035    10.889
    SLICE_X14Y125        FDRE (Setup_fdre_C_R)       -0.524    10.365    u_edge/u_server/hash/sponge/squeeze_reg_reg[1459]
  -------------------------------------------------------------------
                         required time                         10.365
                         arrival time                         -10.312
  -------------------------------------------------------------------
                         slack                                  0.053

Slack (MET) :             0.053ns  (required time - arrival time)
  Source:                 u_edge/u_server/hash/ofifo0_inst/inst/wr_ptr_reg[1]/C
                            (rising edge-triggered cell FDRE clocked by sys_clk  {rise@0.000ns fall@5.000ns period=10.000ns})
  Destination:            u_edge/u_server/hash/sponge/squeeze_reg_reg[1490]/R
                            (rising edge-triggered cell FDRE clocked by sys_clk  {rise@0.000ns fall@5.000ns period=10.000ns})
  Path Group:             sys_clk
  Path Type:              Setup (Max at Slow Process Corner)
  Requirement:            10.000ns  (sys_clk rise@10.000ns - sys_clk rise@0.000ns)
  Data Path Delay:        9.339ns  (logic 1.608ns (17.218%)  route 7.731ns (82.782%))
  Logic Levels:           6  (CARRY4=1 LUT4=1 LUT6=4)
  Clock Path Skew:        -0.049ns (DCD - SCD + CPR)
    Destination Clock Delay (DCD):    0.924ns = ( 10.924 - 10.000 )
    Source Clock Delay      (SCD):    0.973ns
    Clock Pessimism Removal (CPR):    0.000ns
  Clock Uncertainty:      0.035ns  ((TSJ^2 + TIJ^2)^1/2 + DJ) / 2 + PE
    Total System Jitter     (TSJ):    0.071ns
    Total Input Jitter      (TIJ):    0.000ns
    Discrete Jitter          (DJ):    0.000ns
    Phase Error              (PE):    0.000ns

    Location             Delay type                Incr(ns)  Path(ns)    Netlist Resource(s)
  -------------------------------------------------------------------    -------------------
                         (clock sys_clk rise edge)    0.000     0.000 r
                                                      0.000     0.000 r  clk (IN)
                         net (fo=19601, unset)        0.973     0.973    u_edge/u_server/hash/ofifo0_inst/inst/clk
    SLICE_X36Y84         FDRE                                         r  u_edge/u_server/hash/ofifo0_inst/inst/wr_ptr_reg[1]/C
  -------------------------------------------------------------------    -------------------
    SLICE_X36Y84         FDRE (Prop_fdre_C_Q)         0.456     1.429 r  u_edge/u_server/hash/ofifo0_inst/inst/wr_ptr_reg[1]/Q
                         net (fo=4, routed)           0.986     2.415    u_edge/u_server/hash/ofifo0_inst/inst/S[0]
    SLICE_X35Y85         LUT6 (Prop_lut6_I3_O)        0.124     2.539 r  u_edge/u_server/hash/ofifo0_inst/inst/wr_full0_carry_i_4/O
                         net (fo=1, routed)           0.000     2.539    u_edge/u_server/hash/ofifo0_inst/inst/wr_full0_carry_i_4_n_0
    SLICE_X35Y85         CARRY4 (Prop_carry4_S[0]_CO[3])
                                                      0.532     3.071 f  u_edge/u_server/hash/ofifo0_inst/inst/wr_full0_carry/CO[3]
                         net (fo=4, routed)           1.138     4.209    u_edge/u_server/hash/ofifo0_inst/inst/wr_full0
    SLICE_X35Y88         LUT6 (Prop_lut6_I4_O)        0.124     4.333 f  u_edge/u_server/hash/ofifo0_inst/inst/state[5]_i_14/O
                         net (fo=4, routed)           0.489     4.822    u_edge/u_server/hash/sponge/state[5]_i_14_n_0_alias
    SLICE_X35Y88         LUT6 (Prop_lut6_I5_O)        0.124     4.946 r  u_edge/u_server/hash/sponge/squeeze_ctr[5]_i_4_comp/O
                         net (fo=4, routed)           1.121     6.068    u_edge/u_server/hash/sponge/squeeze_init_early
    SLICE_X37Y108        LUT6 (Prop_lut6_I2_O)        0.124     6.192 f  u_edge/u_server/hash/sponge/rd_idx[5]_i_5/O
                         net (fo=807, routed)         2.221     8.413    u_edge/u_control/u_scrub/squeeze_reg_reg[0]_0
    SLICE_X37Y108        LUT4 (Prop_lut4_I1_O)        0.124     8.537 r  u_edge/u_control/u_scrub/squeeze_reg[1599]_i_1_comp/O
                         net (fo=1600, routed)        1.775    10.312    u_edge/u_server/hash/sponge/squeeze_reg_reg[0]_3[0]
    SLICE_X14Y125        FDRE                                         r  u_edge/u_server/hash/sponge/squeeze_reg_reg[1490]/R
  -------------------------------------------------------------------    -------------------

                         (clock sys_clk rise edge)   10.000    10.000 r
                                                      0.000    10.000 r  clk (IN)
                         net (fo=19601, unset)        0.924    10.924    u_edge/u_server/hash/sponge/clk
    SLICE_X14Y125        FDRE                                         r  u_edge/u_server/hash/sponge/squeeze_reg_reg[1490]/C
                         clock pessimism              0.000    10.924
                         clock uncertainty           -0.035    10.889
    SLICE_X14Y125        FDRE (Setup_fdre_C_R)       -0.524    10.365    u_edge/u_server/hash/sponge/squeeze_reg_reg[1490]
  -------------------------------------------------------------------
                         required time                         10.365
                         arrival time                         -10.312
  -------------------------------------------------------------------
                         slack                                  0.053

Slack (MET) :             0.053ns  (required time - arrival time)
  Source:                 u_edge/u_server/hash/ofifo0_inst/inst/wr_ptr_reg[1]/C
                            (rising edge-triggered cell FDRE clocked by sys_clk  {rise@0.000ns fall@5.000ns period=10.000ns})
  Destination:            u_edge/u_server/hash/sponge/squeeze_reg_reg[1491]/R
                            (rising edge-triggered cell FDRE clocked by sys_clk  {rise@0.000ns fall@5.000ns period=10.000ns})
  Path Group:             sys_clk
  Path Type:              Setup (Max at Slow Process Corner)
  Requirement:            10.000ns  (sys_clk rise@10.000ns - sys_clk rise@0.000ns)
  Data Path Delay:        9.339ns  (logic 1.608ns (17.218%)  route 7.731ns (82.782%))
  Logic Levels:           6  (CARRY4=1 LUT4=1 LUT6=4)
  Clock Path Skew:        -0.049ns (DCD - SCD + CPR)
    Destination Clock Delay (DCD):    0.924ns = ( 10.924 - 10.000 )
    Source Clock Delay      (SCD):    0.973ns
    Clock Pessimism Removal (CPR):    0.000ns
  Clock Uncertainty:      0.035ns  ((TSJ^2 + TIJ^2)^1/2 + DJ) / 2 + PE
    Total System Jitter     (TSJ):    0.071ns
    Total Input Jitter      (TIJ):    0.000ns
    Discrete Jitter          (DJ):    0.000ns
    Phase Error              (PE):    0.000ns

    Location             Delay type                Incr(ns)  Path(ns)    Netlist Resource(s)
  -------------------------------------------------------------------    -------------------
                         (clock sys_clk rise edge)    0.000     0.000 r
                                                      0.000     0.000 r  clk (IN)
                         net (fo=19601, unset)        0.973     0.973    u_edge/u_server/hash/ofifo0_inst/inst/clk
    SLICE_X36Y84         FDRE                                         r  u_edge/u_server/hash/ofifo0_inst/inst/wr_ptr_reg[1]/C
  -------------------------------------------------------------------    -------------------
    SLICE_X36Y84         FDRE (Prop_fdre_C_Q)         0.456     1.429 r  u_edge/u_server/hash/ofifo0_inst/inst/wr_ptr_reg[1]/Q
                         net (fo=4, routed)           0.986     2.415    u_edge/u_server/hash/ofifo0_inst/inst/S[0]
    SLICE_X35Y85         LUT6 (Prop_lut6_I3_O)        0.124     2.539 r  u_edge/u_server/hash/ofifo0_inst/inst/wr_full0_carry_i_4/O
                         net (fo=1, routed)           0.000     2.539    u_edge/u_server/hash/ofifo0_inst/inst/wr_full0_carry_i_4_n_0
    SLICE_X35Y85         CARRY4 (Prop_carry4_S[0]_CO[3])
                                                      0.532     3.071 f  u_edge/u_server/hash/ofifo0_inst/inst/wr_full0_carry/CO[3]
                         net (fo=4, routed)           1.138     4.209    u_edge/u_server/hash/ofifo0_inst/inst/wr_full0
    SLICE_X35Y88         LUT6 (Prop_lut6_I4_O)        0.124     4.333 f  u_edge/u_server/hash/ofifo0_inst/inst/state[5]_i_14/O
                         net (fo=4, routed)           0.489     4.822    u_edge/u_server/hash/sponge/state[5]_i_14_n_0_alias
    SLICE_X35Y88         LUT6 (Prop_lut6_I5_O)        0.124     4.946 r  u_edge/u_server/hash/sponge/squeeze_ctr[5]_i_4_comp/O
                         net (fo=4, routed)           1.121     6.068    u_edge/u_server/hash/sponge/squeeze_init_early
    SLICE_X37Y108        LUT6 (Prop_lut6_I2_O)        0.124     6.192 f  u_edge/u_server/hash/sponge/rd_idx[5]_i_5/O
                         net (fo=807, routed)         2.221     8.413    u_edge/u_control/u_scrub/squeeze_reg_reg[0]_0
    SLICE_X37Y108        LUT4 (Prop_lut4_I1_O)        0.124     8.537 r  u_edge/u_control/u_scrub/squeeze_reg[1599]_i_1_comp/O
                         net (fo=1600, routed)        1.775    10.312    u_edge/u_server/hash/sponge/squeeze_reg_reg[0]_3[0]
    SLICE_X14Y125        FDRE                                         r  u_edge/u_server/hash/sponge/squeeze_reg_reg[1491]/R
  -------------------------------------------------------------------    -------------------

                         (clock sys_clk rise edge)   10.000    10.000 r
                                                      0.000    10.000 r  clk (IN)
                         net (fo=19601, unset)        0.924    10.924    u_edge/u_server/hash/sponge/clk
    SLICE_X14Y125        FDRE                                         r  u_edge/u_server/hash/sponge/squeeze_reg_reg[1491]/C
                         clock pessimism              0.000    10.924
                         clock uncertainty           -0.035    10.889
    SLICE_X14Y125        FDRE (Setup_fdre_C_R)       -0.524    10.365    u_edge/u_server/hash/sponge/squeeze_reg_reg[1491]
  -------------------------------------------------------------------
                         required time                         10.365
                         arrival time                         -10.312
  -------------------------------------------------------------------
                         slack                                  0.053

Slack (MET) :             0.068ns  (required time - arrival time)
  Source:                 u_edge/u_server/hash/ofifo0_inst/inst/wr_ptr_reg[1]/C
                            (rising edge-triggered cell FDRE clocked by sys_clk  {rise@0.000ns fall@5.000ns period=10.000ns})
  Destination:            u_edge/u_server/hash/sponge/squeeze_reg_reg[1170]/R
                            (rising edge-triggered cell FDRE clocked by sys_clk  {rise@0.000ns fall@5.000ns period=10.000ns})
  Path Group:             sys_clk
  Path Type:              Setup (Max at Slow Process Corner)
  Requirement:            10.000ns  (sys_clk rise@10.000ns - sys_clk rise@0.000ns)
  Data Path Delay:        9.324ns  (logic 1.608ns (17.246%)  route 7.716ns (82.754%))
  Logic Levels:           6  (CARRY4=1 LUT4=1 LUT6=4)
  Clock Path Skew:        -0.049ns (DCD - SCD + CPR)
    Destination Clock Delay (DCD):    0.924ns = ( 10.924 - 10.000 )
    Source Clock Delay      (SCD):    0.973ns
    Clock Pessimism Removal (CPR):    0.000ns
  Clock Uncertainty:      0.035ns  ((TSJ^2 + TIJ^2)^1/2 + DJ) / 2 + PE
    Total System Jitter     (TSJ):    0.071ns
    Total Input Jitter      (TIJ):    0.000ns
    Discrete Jitter          (DJ):    0.000ns
    Phase Error              (PE):    0.000ns

    Location             Delay type                Incr(ns)  Path(ns)    Netlist Resource(s)
  -------------------------------------------------------------------    -------------------
                         (clock sys_clk rise edge)    0.000     0.000 r
                                                      0.000     0.000 r  clk (IN)
                         net (fo=19601, unset)        0.973     0.973    u_edge/u_server/hash/ofifo0_inst/inst/clk
    SLICE_X36Y84         FDRE                                         r  u_edge/u_server/hash/ofifo0_inst/inst/wr_ptr_reg[1]/C
  -------------------------------------------------------------------    -------------------
    SLICE_X36Y84         FDRE (Prop_fdre_C_Q)         0.456     1.429 r  u_edge/u_server/hash/ofifo0_inst/inst/wr_ptr_reg[1]/Q
                         net (fo=4, routed)           0.986     2.415    u_edge/u_server/hash/ofifo0_inst/inst/S[0]
    SLICE_X35Y85         LUT6 (Prop_lut6_I3_O)        0.124     2.539 r  u_edge/u_server/hash/ofifo0_inst/inst/wr_full0_carry_i_4/O
                         net (fo=1, routed)           0.000     2.539    u_edge/u_server/hash/ofifo0_inst/inst/wr_full0_carry_i_4_n_0
    SLICE_X35Y85         CARRY4 (Prop_carry4_S[0]_CO[3])
                                                      0.532     3.071 f  u_edge/u_server/hash/ofifo0_inst/inst/wr_full0_carry/CO[3]
                         net (fo=4, routed)           1.138     4.209    u_edge/u_server/hash/ofifo0_inst/inst/wr_full0
    SLICE_X35Y88         LUT6 (Prop_lut6_I4_O)        0.124     4.333 f  u_edge/u_server/hash/ofifo0_inst/inst/state[5]_i_14/O
                         net (fo=4, routed)           0.489     4.822    u_edge/u_server/hash/sponge/state[5]_i_14_n_0_alias
    SLICE_X35Y88         LUT6 (Prop_lut6_I5_O)        0.124     4.946 r  u_edge/u_server/hash/sponge/squeeze_ctr[5]_i_4_comp/O
                         net (fo=4, routed)           1.121     6.068    u_edge/u_server/hash/sponge/squeeze_init_early
    SLICE_X37Y108        LUT6 (Prop_lut6_I2_O)        0.124     6.192 f  u_edge/u_server/hash/sponge/rd_idx[5]_i_5/O
                         net (fo=807, routed)         2.221     8.413    u_edge/u_control/u_scrub/squeeze_reg_reg[0]_0
    SLICE_X37Y108        LUT4 (Prop_lut4_I1_O)        0.124     8.537 r  u_edge/u_control/u_scrub/squeeze_reg[1599]_i_1_comp/O
                         net (fo=1600, routed)        1.760    10.297    u_edge/u_server/hash/sponge/squeeze_reg_reg[0]_3[0]
    SLICE_X14Y123        FDRE                                         r  u_edge/u_server/hash/sponge/squeeze_reg_reg[1170]/R
  -------------------------------------------------------------------    -------------------

                         (clock sys_clk rise edge)   10.000    10.000 r
                                                      0.000    10.000 r  clk (IN)
                         net (fo=19601, unset)        0.924    10.924    u_edge/u_server/hash/sponge/clk
    SLICE_X14Y123        FDRE                                         r  u_edge/u_server/hash/sponge/squeeze_reg_reg[1170]/C
                         clock pessimism              0.000    10.924
                         clock uncertainty           -0.035    10.889
    SLICE_X14Y123        FDRE (Setup_fdre_C_R)       -0.524    10.365    u_edge/u_server/hash/sponge/squeeze_reg_reg[1170]
  -------------------------------------------------------------------
                         required time                         10.365
                         arrival time                         -10.297
  -------------------------------------------------------------------
                         slack                                  0.068

Slack (MET) :             0.068ns  (required time - arrival time)
  Source:                 u_edge/u_server/hash/ofifo0_inst/inst/wr_ptr_reg[1]/C
                            (rising edge-triggered cell FDRE clocked by sys_clk  {rise@0.000ns fall@5.000ns period=10.000ns})
  Destination:            u_edge/u_server/hash/sponge/squeeze_reg_reg[1171]/R
                            (rising edge-triggered cell FDRE clocked by sys_clk  {rise@0.000ns fall@5.000ns period=10.000ns})
  Path Group:             sys_clk
  Path Type:              Setup (Max at Slow Process Corner)
  Requirement:            10.000ns  (sys_clk rise@10.000ns - sys_clk rise@0.000ns)
  Data Path Delay:        9.324ns  (logic 1.608ns (17.246%)  route 7.716ns (82.754%))
  Logic Levels:           6  (CARRY4=1 LUT4=1 LUT6=4)
  Clock Path Skew:        -0.049ns (DCD - SCD + CPR)
    Destination Clock Delay (DCD):    0.924ns = ( 10.924 - 10.000 )
    Source Clock Delay      (SCD):    0.973ns
    Clock Pessimism Removal (CPR):    0.000ns
  Clock Uncertainty:      0.035ns  ((TSJ^2 + TIJ^2)^1/2 + DJ) / 2 + PE
    Total System Jitter     (TSJ):    0.071ns
    Total Input Jitter      (TIJ):    0.000ns
    Discrete Jitter          (DJ):    0.000ns
    Phase Error              (PE):    0.000ns

    Location             Delay type                Incr(ns)  Path(ns)    Netlist Resource(s)
  -------------------------------------------------------------------    -------------------
                         (clock sys_clk rise edge)    0.000     0.000 r
                                                      0.000     0.000 r  clk (IN)
                         net (fo=19601, unset)        0.973     0.973    u_edge/u_server/hash/ofifo0_inst/inst/clk
    SLICE_X36Y84         FDRE                                         r  u_edge/u_server/hash/ofifo0_inst/inst/wr_ptr_reg[1]/C
  -------------------------------------------------------------------    -------------------
    SLICE_X36Y84         FDRE (Prop_fdre_C_Q)         0.456     1.429 r  u_edge/u_server/hash/ofifo0_inst/inst/wr_ptr_reg[1]/Q
                         net (fo=4, routed)           0.986     2.415    u_edge/u_server/hash/ofifo0_inst/inst/S[0]
    SLICE_X35Y85         LUT6 (Prop_lut6_I3_O)        0.124     2.539 r  u_edge/u_server/hash/ofifo0_inst/inst/wr_full0_carry_i_4/O
                         net (fo=1, routed)           0.000     2.539    u_edge/u_server/hash/ofifo0_inst/inst/wr_full0_carry_i_4_n_0
    SLICE_X35Y85         CARRY4 (Prop_carry4_S[0]_CO[3])
                                                      0.532     3.071 f  u_edge/u_server/hash/ofifo0_inst/inst/wr_full0_carry/CO[3]
                         net (fo=4, routed)           1.138     4.209    u_edge/u_server/hash/ofifo0_inst/inst/wr_full0
    SLICE_X35Y88         LUT6 (Prop_lut6_I4_O)        0.124     4.333 f  u_edge/u_server/hash/ofifo0_inst/inst/state[5]_i_14/O
                         net (fo=4, routed)           0.489     4.822    u_edge/u_server/hash/sponge/state[5]_i_14_n_0_alias
    SLICE_X35Y88         LUT6 (Prop_lut6_I5_O)        0.124     4.946 r  u_edge/u_server/hash/sponge/squeeze_ctr[5]_i_4_comp/O
                         net (fo=4, routed)           1.121     6.068    u_edge/u_server/hash/sponge/squeeze_init_early
    SLICE_X37Y108        LUT6 (Prop_lut6_I2_O)        0.124     6.192 f  u_edge/u_server/hash/sponge/rd_idx[5]_i_5/O
                         net (fo=807, routed)         2.221     8.413    u_edge/u_control/u_scrub/squeeze_reg_reg[0]_0
    SLICE_X37Y108        LUT4 (Prop_lut4_I1_O)        0.124     8.537 r  u_edge/u_control/u_scrub/squeeze_reg[1599]_i_1_comp/O
                         net (fo=1600, routed)        1.760    10.297    u_edge/u_server/hash/sponge/squeeze_reg_reg[0]_3[0]
    SLICE_X14Y123        FDRE                                         r  u_edge/u_server/hash/sponge/squeeze_reg_reg[1171]/R
  -------------------------------------------------------------------    -------------------

                         (clock sys_clk rise edge)   10.000    10.000 r
                                                      0.000    10.000 r  clk (IN)
                         net (fo=19601, unset)        0.924    10.924    u_edge/u_server/hash/sponge/clk
    SLICE_X14Y123        FDRE                                         r  u_edge/u_server/hash/sponge/squeeze_reg_reg[1171]/C
                         clock pessimism              0.000    10.924
                         clock uncertainty           -0.035    10.889
    SLICE_X14Y123        FDRE (Setup_fdre_C_R)       -0.524    10.365    u_edge/u_server/hash/sponge/squeeze_reg_reg[1171]
  -------------------------------------------------------------------
                         required time                         10.365
                         arrival time                         -10.297
  -------------------------------------------------------------------
                         slack                                  0.068

Slack (MET) :             0.068ns  (required time - arrival time)
  Source:                 u_edge/u_server/hash/ofifo0_inst/inst/wr_ptr_reg[1]/C
                            (rising edge-triggered cell FDRE clocked by sys_clk  {rise@0.000ns fall@5.000ns period=10.000ns})
  Destination:            u_edge/u_server/hash/sponge/squeeze_reg_reg[1202]/R
                            (rising edge-triggered cell FDRE clocked by sys_clk  {rise@0.000ns fall@5.000ns period=10.000ns})
  Path Group:             sys_clk
  Path Type:              Setup (Max at Slow Process Corner)
  Requirement:            10.000ns  (sys_clk rise@10.000ns - sys_clk rise@0.000ns)
  Data Path Delay:        9.324ns  (logic 1.608ns (17.246%)  route 7.716ns (82.754%))
  Logic Levels:           6  (CARRY4=1 LUT4=1 LUT6=4)
  Clock Path Skew:        -0.049ns (DCD - SCD + CPR)
    Destination Clock Delay (DCD):    0.924ns = ( 10.924 - 10.000 )
    Source Clock Delay      (SCD):    0.973ns
    Clock Pessimism Removal (CPR):    0.000ns
  Clock Uncertainty:      0.035ns  ((TSJ^2 + TIJ^2)^1/2 + DJ) / 2 + PE
    Total System Jitter     (TSJ):    0.071ns
    Total Input Jitter      (TIJ):    0.000ns
    Discrete Jitter          (DJ):    0.000ns
    Phase Error              (PE):    0.000ns

    Location             Delay type                Incr(ns)  Path(ns)    Netlist Resource(s)
  -------------------------------------------------------------------    -------------------
                         (clock sys_clk rise edge)    0.000     0.000 r
                                                      0.000     0.000 r  clk (IN)
                         net (fo=19601, unset)        0.973     0.973    u_edge/u_server/hash/ofifo0_inst/inst/clk
    SLICE_X36Y84         FDRE                                         r  u_edge/u_server/hash/ofifo0_inst/inst/wr_ptr_reg[1]/C
  -------------------------------------------------------------------    -------------------
    SLICE_X36Y84         FDRE (Prop_fdre_C_Q)         0.456     1.429 r  u_edge/u_server/hash/ofifo0_inst/inst/wr_ptr_reg[1]/Q
                         net (fo=4, routed)           0.986     2.415    u_edge/u_server/hash/ofifo0_inst/inst/S[0]
    SLICE_X35Y85         LUT6 (Prop_lut6_I3_O)        0.124     2.539 r  u_edge/u_server/hash/ofifo0_inst/inst/wr_full0_carry_i_4/O
                         net (fo=1, routed)           0.000     2.539    u_edge/u_server/hash/ofifo0_inst/inst/wr_full0_carry_i_4_n_0
    SLICE_X35Y85         CARRY4 (Prop_carry4_S[0]_CO[3])
                                                      0.532     3.071 f  u_edge/u_server/hash/ofifo0_inst/inst/wr_full0_carry/CO[3]
                         net (fo=4, routed)           1.138     4.209    u_edge/u_server/hash/ofifo0_inst/inst/wr_full0
    SLICE_X35Y88         LUT6 (Prop_lut6_I4_O)        0.124     4.333 f  u_edge/u_server/hash/ofifo0_inst/inst/state[5]_i_14/O
                         net (fo=4, routed)           0.489     4.822    u_edge/u_server/hash/sponge/state[5]_i_14_n_0_alias
    SLICE_X35Y88         LUT6 (Prop_lut6_I5_O)        0.124     4.946 r  u_edge/u_server/hash/sponge/squeeze_ctr[5]_i_4_comp/O
                         net (fo=4, routed)           1.121     6.068    u_edge/u_server/hash/sponge/squeeze_init_early
    SLICE_X37Y108        LUT6 (Prop_lut6_I2_O)        0.124     6.192 f  u_edge/u_server/hash/sponge/rd_idx[5]_i_5/O
                         net (fo=807, routed)         2.221     8.413    u_edge/u_control/u_scrub/squeeze_reg_reg[0]_0
    SLICE_X37Y108        LUT4 (Prop_lut4_I1_O)        0.124     8.537 r  u_edge/u_control/u_scrub/squeeze_reg[1599]_i_1_comp/O
                         net (fo=1600, routed)        1.760    10.297    u_edge/u_server/hash/sponge/squeeze_reg_reg[0]_3[0]
    SLICE_X14Y123        FDRE                                         r  u_edge/u_server/hash/sponge/squeeze_reg_reg[1202]/R
  -------------------------------------------------------------------    -------------------

                         (clock sys_clk rise edge)   10.000    10.000 r
                                                      0.000    10.000 r  clk (IN)
                         net (fo=19601, unset)        0.924    10.924    u_edge/u_server/hash/sponge/clk
    SLICE_X14Y123        FDRE                                         r  u_edge/u_server/hash/sponge/squeeze_reg_reg[1202]/C
                         clock pessimism              0.000    10.924
                         clock uncertainty           -0.035    10.889
    SLICE_X14Y123        FDRE (Setup_fdre_C_R)       -0.524    10.365    u_edge/u_server/hash/sponge/squeeze_reg_reg[1202]
  -------------------------------------------------------------------
                         required time                         10.365
                         arrival time                         -10.297
  -------------------------------------------------------------------
                         slack                                  0.068

Slack (MET) :             0.068ns  (required time - arrival time)
  Source:                 u_edge/u_server/hash/ofifo0_inst/inst/wr_ptr_reg[1]/C
                            (rising edge-triggered cell FDRE clocked by sys_clk  {rise@0.000ns fall@5.000ns period=10.000ns})
  Destination:            u_edge/u_server/hash/sponge/squeeze_reg_reg[1203]/R
                            (rising edge-triggered cell FDRE clocked by sys_clk  {rise@0.000ns fall@5.000ns period=10.000ns})
  Path Group:             sys_clk
  Path Type:              Setup (Max at Slow Process Corner)
  Requirement:            10.000ns  (sys_clk rise@10.000ns - sys_clk rise@0.000ns)
  Data Path Delay:        9.324ns  (logic 1.608ns (17.246%)  route 7.716ns (82.754%))
  Logic Levels:           6  (CARRY4=1 LUT4=1 LUT6=4)
  Clock Path Skew:        -0.049ns (DCD - SCD + CPR)
    Destination Clock Delay (DCD):    0.924ns = ( 10.924 - 10.000 )
    Source Clock Delay      (SCD):    0.973ns
    Clock Pessimism Removal (CPR):    0.000ns
  Clock Uncertainty:      0.035ns  ((TSJ^2 + TIJ^2)^1/2 + DJ) / 2 + PE
    Total System Jitter     (TSJ):    0.071ns
    Total Input Jitter      (TIJ):    0.000ns
    Discrete Jitter          (DJ):    0.000ns
    Phase Error              (PE):    0.000ns

    Location             Delay type                Incr(ns)  Path(ns)    Netlist Resource(s)
  -------------------------------------------------------------------    -------------------
                         (clock sys_clk rise edge)    0.000     0.000 r
                                                      0.000     0.000 r  clk (IN)
                         net (fo=19601, unset)        0.973     0.973    u_edge/u_server/hash/ofifo0_inst/inst/clk
    SLICE_X36Y84         FDRE                                         r  u_edge/u_server/hash/ofifo0_inst/inst/wr_ptr_reg[1]/C
  -------------------------------------------------------------------    -------------------
    SLICE_X36Y84         FDRE (Prop_fdre_C_Q)         0.456     1.429 r  u_edge/u_server/hash/ofifo0_inst/inst/wr_ptr_reg[1]/Q
                         net (fo=4, routed)           0.986     2.415    u_edge/u_server/hash/ofifo0_inst/inst/S[0]
    SLICE_X35Y85         LUT6 (Prop_lut6_I3_O)        0.124     2.539 r  u_edge/u_server/hash/ofifo0_inst/inst/wr_full0_carry_i_4/O
                         net (fo=1, routed)           0.000     2.539    u_edge/u_server/hash/ofifo0_inst/inst/wr_full0_carry_i_4_n_0
    SLICE_X35Y85         CARRY4 (Prop_carry4_S[0]_CO[3])
                                                      0.532     3.071 f  u_edge/u_server/hash/ofifo0_inst/inst/wr_full0_carry/CO[3]
                         net (fo=4, routed)           1.138     4.209    u_edge/u_server/hash/ofifo0_inst/inst/wr_full0
    SLICE_X35Y88         LUT6 (Prop_lut6_I4_O)        0.124     4.333 f  u_edge/u_server/hash/ofifo0_inst/inst/state[5]_i_14/O
                         net (fo=4, routed)           0.489     4.822    u_edge/u_server/hash/sponge/state[5]_i_14_n_0_alias
    SLICE_X35Y88         LUT6 (Prop_lut6_I5_O)        0.124     4.946 r  u_edge/u_server/hash/sponge/squeeze_ctr[5]_i_4_comp/O
                         net (fo=4, routed)           1.121     6.068    u_edge/u_server/hash/sponge/squeeze_init_early
    SLICE_X37Y108        LUT6 (Prop_lut6_I2_O)        0.124     6.192 f  u_edge/u_server/hash/sponge/rd_idx[5]_i_5/O
                         net (fo=807, routed)         2.221     8.413    u_edge/u_control/u_scrub/squeeze_reg_reg[0]_0
    SLICE_X37Y108        LUT4 (Prop_lut4_I1_O)        0.124     8.537 r  u_edge/u_control/u_scrub/squeeze_reg[1599]_i_1_comp/O
                         net (fo=1600, routed)        1.760    10.297    u_edge/u_server/hash/sponge/squeeze_reg_reg[0]_3[0]
    SLICE_X14Y123        FDRE                                         r  u_edge/u_server/hash/sponge/squeeze_reg_reg[1203]/R
  -------------------------------------------------------------------    -------------------

                         (clock sys_clk rise edge)   10.000    10.000 r
                                                      0.000    10.000 r  clk (IN)
                         net (fo=19601, unset)        0.924    10.924    u_edge/u_server/hash/sponge/clk
    SLICE_X14Y123        FDRE                                         r  u_edge/u_server/hash/sponge/squeeze_reg_reg[1203]/C
                         clock pessimism              0.000    10.924
                         clock uncertainty           -0.035    10.889
    SLICE_X14Y123        FDRE (Setup_fdre_C_R)       -0.524    10.365    u_edge/u_server/hash/sponge/squeeze_reg_reg[1203]
  -------------------------------------------------------------------
                         required time                         10.365
                         arrival time                         -10.297
  -------------------------------------------------------------------
                         slack                                  0.068

Slack (MET) :             0.068ns  (required time - arrival time)
  Source:                 u_edge/u_server/hash/ofifo0_inst/inst/wr_ptr_reg[1]/C
                            (rising edge-triggered cell FDRE clocked by sys_clk  {rise@0.000ns fall@5.000ns period=10.000ns})
  Destination:            u_edge/u_server/hash/sponge/squeeze_reg_reg[1330]/R
                            (rising edge-triggered cell FDRE clocked by sys_clk  {rise@0.000ns fall@5.000ns period=10.000ns})
  Path Group:             sys_clk
  Path Type:              Setup (Max at Slow Process Corner)
  Requirement:            10.000ns  (sys_clk rise@10.000ns - sys_clk rise@0.000ns)
  Data Path Delay:        9.324ns  (logic 1.608ns (17.246%)  route 7.716ns (82.754%))
  Logic Levels:           6  (CARRY4=1 LUT4=1 LUT6=4)
  Clock Path Skew:        -0.049ns (DCD - SCD + CPR)
    Destination Clock Delay (DCD):    0.924ns = ( 10.924 - 10.000 )
    Source Clock Delay      (SCD):    0.973ns
    Clock Pessimism Removal (CPR):    0.000ns
  Clock Uncertainty:      0.035ns  ((TSJ^2 + TIJ^2)^1/2 + DJ) / 2 + PE
    Total System Jitter     (TSJ):    0.071ns
    Total Input Jitter      (TIJ):    0.000ns
    Discrete Jitter          (DJ):    0.000ns
    Phase Error              (PE):    0.000ns

    Location             Delay type                Incr(ns)  Path(ns)    Netlist Resource(s)
  -------------------------------------------------------------------    -------------------
                         (clock sys_clk rise edge)    0.000     0.000 r
                                                      0.000     0.000 r  clk (IN)
                         net (fo=19601, unset)        0.973     0.973    u_edge/u_server/hash/ofifo0_inst/inst/clk
    SLICE_X36Y84         FDRE                                         r  u_edge/u_server/hash/ofifo0_inst/inst/wr_ptr_reg[1]/C
  -------------------------------------------------------------------    -------------------
    SLICE_X36Y84         FDRE (Prop_fdre_C_Q)         0.456     1.429 r  u_edge/u_server/hash/ofifo0_inst/inst/wr_ptr_reg[1]/Q
                         net (fo=4, routed)           0.986     2.415    u_edge/u_server/hash/ofifo0_inst/inst/S[0]
    SLICE_X35Y85         LUT6 (Prop_lut6_I3_O)        0.124     2.539 r  u_edge/u_server/hash/ofifo0_inst/inst/wr_full0_carry_i_4/O
                         net (fo=1, routed)           0.000     2.539    u_edge/u_server/hash/ofifo0_inst/inst/wr_full0_carry_i_4_n_0
    SLICE_X35Y85         CARRY4 (Prop_carry4_S[0]_CO[3])
                                                      0.532     3.071 f  u_edge/u_server/hash/ofifo0_inst/inst/wr_full0_carry/CO[3]
                         net (fo=4, routed)           1.138     4.209    u_edge/u_server/hash/ofifo0_inst/inst/wr_full0
    SLICE_X35Y88         LUT6 (Prop_lut6_I4_O)        0.124     4.333 f  u_edge/u_server/hash/ofifo0_inst/inst/state[5]_i_14/O
                         net (fo=4, routed)           0.489     4.822    u_edge/u_server/hash/sponge/state[5]_i_14_n_0_alias
    SLICE_X35Y88         LUT6 (Prop_lut6_I5_O)        0.124     4.946 r  u_edge/u_server/hash/sponge/squeeze_ctr[5]_i_4_comp/O
                         net (fo=4, routed)           1.121     6.068    u_edge/u_server/hash/sponge/squeeze_init_early
    SLICE_X37Y108        LUT6 (Prop_lut6_I2_O)        0.124     6.192 f  u_edge/u_server/hash/sponge/rd_idx[5]_i_5/O
                         net (fo=807, routed)         2.221     8.413    u_edge/u_control/u_scrub/squeeze_reg_reg[0]_0
    SLICE_X37Y108        LUT4 (Prop_lut4_I1_O)        0.124     8.537 r  u_edge/u_control/u_scrub/squeeze_reg[1599]_i_1_comp/O
                         net (fo=1600, routed)        1.760    10.297    u_edge/u_server/hash/sponge/squeeze_reg_reg[0]_3[0]
    SLICE_X14Y123        FDRE                                         r  u_edge/u_server/hash/sponge/squeeze_reg_reg[1330]/R
  -------------------------------------------------------------------    -------------------

                         (clock sys_clk rise edge)   10.000    10.000 r
                                                      0.000    10.000 r  clk (IN)
                         net (fo=19601, unset)        0.924    10.924    u_edge/u_server/hash/sponge/clk
    SLICE_X14Y123        FDRE                                         r  u_edge/u_server/hash/sponge/squeeze_reg_reg[1330]/C
                         clock pessimism              0.000    10.924
                         clock uncertainty           -0.035    10.889
    SLICE_X14Y123        FDRE (Setup_fdre_C_R)       -0.524    10.365    u_edge/u_server/hash/sponge/squeeze_reg_reg[1330]
  -------------------------------------------------------------------
                         required time                         10.365
                         arrival time                         -10.297
  -------------------------------------------------------------------
                         slack                                  0.068

Slack (MET) :             0.068ns  (required time - arrival time)
  Source:                 u_edge/u_server/hash/ofifo0_inst/inst/wr_ptr_reg[1]/C
                            (rising edge-triggered cell FDRE clocked by sys_clk  {rise@0.000ns fall@5.000ns period=10.000ns})
  Destination:            u_edge/u_server/hash/sponge/squeeze_reg_reg[1331]/R
                            (rising edge-triggered cell FDRE clocked by sys_clk  {rise@0.000ns fall@5.000ns period=10.000ns})
  Path Group:             sys_clk
  Path Type:              Setup (Max at Slow Process Corner)
  Requirement:            10.000ns  (sys_clk rise@10.000ns - sys_clk rise@0.000ns)
  Data Path Delay:        9.324ns  (logic 1.608ns (17.246%)  route 7.716ns (82.754%))
  Logic Levels:           6  (CARRY4=1 LUT4=1 LUT6=4)
  Clock Path Skew:        -0.049ns (DCD - SCD + CPR)
    Destination Clock Delay (DCD):    0.924ns = ( 10.924 - 10.000 )
    Source Clock Delay      (SCD):    0.973ns
    Clock Pessimism Removal (CPR):    0.000ns
  Clock Uncertainty:      0.035ns  ((TSJ^2 + TIJ^2)^1/2 + DJ) / 2 + PE
    Total System Jitter     (TSJ):    0.071ns
    Total Input Jitter      (TIJ):    0.000ns
    Discrete Jitter          (DJ):    0.000ns
    Phase Error              (PE):    0.000ns

    Location             Delay type                Incr(ns)  Path(ns)    Netlist Resource(s)
  -------------------------------------------------------------------    -------------------
                         (clock sys_clk rise edge)    0.000     0.000 r
                                                      0.000     0.000 r  clk (IN)
                         net (fo=19601, unset)        0.973     0.973    u_edge/u_server/hash/ofifo0_inst/inst/clk
    SLICE_X36Y84         FDRE                                         r  u_edge/u_server/hash/ofifo0_inst/inst/wr_ptr_reg[1]/C
  -------------------------------------------------------------------    -------------------
    SLICE_X36Y84         FDRE (Prop_fdre_C_Q)         0.456     1.429 r  u_edge/u_server/hash/ofifo0_inst/inst/wr_ptr_reg[1]/Q
                         net (fo=4, routed)           0.986     2.415    u_edge/u_server/hash/ofifo0_inst/inst/S[0]
    SLICE_X35Y85         LUT6 (Prop_lut6_I3_O)        0.124     2.539 r  u_edge/u_server/hash/ofifo0_inst/inst/wr_full0_carry_i_4/O
                         net (fo=1, routed)           0.000     2.539    u_edge/u_server/hash/ofifo0_inst/inst/wr_full0_carry_i_4_n_0
    SLICE_X35Y85         CARRY4 (Prop_carry4_S[0]_CO[3])
                                                      0.532     3.071 f  u_edge/u_server/hash/ofifo0_inst/inst/wr_full0_carry/CO[3]
                         net (fo=4, routed)           1.138     4.209    u_edge/u_server/hash/ofifo0_inst/inst/wr_full0
    SLICE_X35Y88         LUT6 (Prop_lut6_I4_O)        0.124     4.333 f  u_edge/u_server/hash/ofifo0_inst/inst/state[5]_i_14/O
                         net (fo=4, routed)           0.489     4.822    u_edge/u_server/hash/sponge/state[5]_i_14_n_0_alias
    SLICE_X35Y88         LUT6 (Prop_lut6_I5_O)        0.124     4.946 r  u_edge/u_server/hash/sponge/squeeze_ctr[5]_i_4_comp/O
                         net (fo=4, routed)           1.121     6.068    u_edge/u_server/hash/sponge/squeeze_init_early
    SLICE_X37Y108        LUT6 (Prop_lut6_I2_O)        0.124     6.192 f  u_edge/u_server/hash/sponge/rd_idx[5]_i_5/O
                         net (fo=807, routed)         2.221     8.413    u_edge/u_control/u_scrub/squeeze_reg_reg[0]_0
    SLICE_X37Y108        LUT4 (Prop_lut4_I1_O)        0.124     8.537 r  u_edge/u_control/u_scrub/squeeze_reg[1599]_i_1_comp/O
                         net (fo=1600, routed)        1.760    10.297    u_edge/u_server/hash/sponge/squeeze_reg_reg[0]_3[0]
    SLICE_X14Y123        FDRE                                         r  u_edge/u_server/hash/sponge/squeeze_reg_reg[1331]/R
  -------------------------------------------------------------------    -------------------

                         (clock sys_clk rise edge)   10.000    10.000 r
                                                      0.000    10.000 r  clk (IN)
                         net (fo=19601, unset)        0.924    10.924    u_edge/u_server/hash/sponge/clk
    SLICE_X14Y123        FDRE                                         r  u_edge/u_server/hash/sponge/squeeze_reg_reg[1331]/C
                         clock pessimism              0.000    10.924
                         clock uncertainty           -0.035    10.889
    SLICE_X14Y123        FDRE (Setup_fdre_C_R)       -0.524    10.365    u_edge/u_server/hash/sponge/squeeze_reg_reg[1331]
  -------------------------------------------------------------------
                         required time                         10.365
                         arrival time                         -10.297
  -------------------------------------------------------------------
                         slack                                  0.068

Slack (MET) :             0.068ns  (required time - arrival time)
  Source:                 u_edge/u_server/hash/ofifo0_inst/inst/wr_ptr_reg[1]/C
                            (rising edge-triggered cell FDRE clocked by sys_clk  {rise@0.000ns fall@5.000ns period=10.000ns})
  Destination:            u_edge/u_server/hash/sponge/squeeze_reg_reg[1362]/R
                            (rising edge-triggered cell FDRE clocked by sys_clk  {rise@0.000ns fall@5.000ns period=10.000ns})
  Path Group:             sys_clk
  Path Type:              Setup (Max at Slow Process Corner)
  Requirement:            10.000ns  (sys_clk rise@10.000ns - sys_clk rise@0.000ns)
  Data Path Delay:        9.324ns  (logic 1.608ns (17.246%)  route 7.716ns (82.754%))
  Logic Levels:           6  (CARRY4=1 LUT4=1 LUT6=4)
  Clock Path Skew:        -0.049ns (DCD - SCD + CPR)
    Destination Clock Delay (DCD):    0.924ns = ( 10.924 - 10.000 )
    Source Clock Delay      (SCD):    0.973ns
    Clock Pessimism Removal (CPR):    0.000ns
  Clock Uncertainty:      0.035ns  ((TSJ^2 + TIJ^2)^1/2 + DJ) / 2 + PE
    Total System Jitter     (TSJ):    0.071ns
    Total Input Jitter      (TIJ):    0.000ns
    Discrete Jitter          (DJ):    0.000ns
    Phase Error              (PE):    0.000ns

    Location             Delay type                Incr(ns)  Path(ns)    Netlist Resource(s)
  -------------------------------------------------------------------    -------------------
                         (clock sys_clk rise edge)    0.000     0.000 r
                                                      0.000     0.000 r  clk (IN)
                         net (fo=19601, unset)        0.973     0.973    u_edge/u_server/hash/ofifo0_inst/inst/clk
    SLICE_X36Y84         FDRE                                         r  u_edge/u_server/hash/ofifo0_inst/inst/wr_ptr_reg[1]/C
  -------------------------------------------------------------------    -------------------
    SLICE_X36Y84         FDRE (Prop_fdre_C_Q)         0.456     1.429 r  u_edge/u_server/hash/ofifo0_inst/inst/wr_ptr_reg[1]/Q
                         net (fo=4, routed)           0.986     2.415    u_edge/u_server/hash/ofifo0_inst/inst/S[0]
    SLICE_X35Y85         LUT6 (Prop_lut6_I3_O)        0.124     2.539 r  u_edge/u_server/hash/ofifo0_inst/inst/wr_full0_carry_i_4/O
                         net (fo=1, routed)           0.000     2.539    u_edge/u_server/hash/ofifo0_inst/inst/wr_full0_carry_i_4_n_0
    SLICE_X35Y85         CARRY4 (Prop_carry4_S[0]_CO[3])
                                                      0.532     3.071 f  u_edge/u_server/hash/ofifo0_inst/inst/wr_full0_carry/CO[3]
                         net (fo=4, routed)           1.138     4.209    u_edge/u_server/hash/ofifo0_inst/inst/wr_full0
    SLICE_X35Y88         LUT6 (Prop_lut6_I4_O)        0.124     4.333 f  u_edge/u_server/hash/ofifo0_inst/inst/state[5]_i_14/O
                         net (fo=4, routed)           0.489     4.822    u_edge/u_server/hash/sponge/state[5]_i_14_n_0_alias
    SLICE_X35Y88         LUT6 (Prop_lut6_I5_O)        0.124     4.946 r  u_edge/u_server/hash/sponge/squeeze_ctr[5]_i_4_comp/O
                         net (fo=4, routed)           1.121     6.068    u_edge/u_server/hash/sponge/squeeze_init_early
    SLICE_X37Y108        LUT6 (Prop_lut6_I2_O)        0.124     6.192 f  u_edge/u_server/hash/sponge/rd_idx[5]_i_5/O
                         net (fo=807, routed)         2.221     8.413    u_edge/u_control/u_scrub/squeeze_reg_reg[0]_0
    SLICE_X37Y108        LUT4 (Prop_lut4_I1_O)        0.124     8.537 r  u_edge/u_control/u_scrub/squeeze_reg[1599]_i_1_comp/O
                         net (fo=1600, routed)        1.760    10.297    u_edge/u_server/hash/sponge/squeeze_reg_reg[0]_3[0]
    SLICE_X14Y123        FDRE                                         r  u_edge/u_server/hash/sponge/squeeze_reg_reg[1362]/R
  -------------------------------------------------------------------    -------------------

                         (clock sys_clk rise edge)   10.000    10.000 r
                                                      0.000    10.000 r  clk (IN)
                         net (fo=19601, unset)        0.924    10.924    u_edge/u_server/hash/sponge/clk
    SLICE_X14Y123        FDRE                                         r  u_edge/u_server/hash/sponge/squeeze_reg_reg[1362]/C
                         clock pessimism              0.000    10.924
                         clock uncertainty           -0.035    10.889
    SLICE_X14Y123        FDRE (Setup_fdre_C_R)       -0.524    10.365    u_edge/u_server/hash/sponge/squeeze_reg_reg[1362]
  -------------------------------------------------------------------
                         required time                         10.365
                         arrival time                         -10.297
  -------------------------------------------------------------------
                         slack                                  0.068

Slack (MET) :             0.068ns  (required time - arrival time)
  Source:                 u_edge/u_server/hash/ofifo0_inst/inst/wr_ptr_reg[1]/C
                            (rising edge-triggered cell FDRE clocked by sys_clk  {rise@0.000ns fall@5.000ns period=10.000ns})
  Destination:            u_edge/u_server/hash/sponge/squeeze_reg_reg[1363]/R
                            (rising edge-triggered cell FDRE clocked by sys_clk  {rise@0.000ns fall@5.000ns period=10.000ns})
  Path Group:             sys_clk
  Path Type:              Setup (Max at Slow Process Corner)
  Requirement:            10.000ns  (sys_clk rise@10.000ns - sys_clk rise@0.000ns)
  Data Path Delay:        9.324ns  (logic 1.608ns (17.246%)  route 7.716ns (82.754%))
  Logic Levels:           6  (CARRY4=1 LUT4=1 LUT6=4)
  Clock Path Skew:        -0.049ns (DCD - SCD + CPR)
    Destination Clock Delay (DCD):    0.924ns = ( 10.924 - 10.000 )
    Source Clock Delay      (SCD):    0.973ns
    Clock Pessimism Removal (CPR):    0.000ns
  Clock Uncertainty:      0.035ns  ((TSJ^2 + TIJ^2)^1/2 + DJ) / 2 + PE
    Total System Jitter     (TSJ):    0.071ns
    Total Input Jitter      (TIJ):    0.000ns
    Discrete Jitter          (DJ):    0.000ns
    Phase Error              (PE):    0.000ns

    Location             Delay type                Incr(ns)  Path(ns)    Netlist Resource(s)
  -------------------------------------------------------------------    -------------------
                         (clock sys_clk rise edge)    0.000     0.000 r
                                                      0.000     0.000 r  clk (IN)
                         net (fo=19601, unset)        0.973     0.973    u_edge/u_server/hash/ofifo0_inst/inst/clk
    SLICE_X36Y84         FDRE                                         r  u_edge/u_server/hash/ofifo0_inst/inst/wr_ptr_reg[1]/C
  -------------------------------------------------------------------    -------------------
    SLICE_X36Y84         FDRE (Prop_fdre_C_Q)         0.456     1.429 r  u_edge/u_server/hash/ofifo0_inst/inst/wr_ptr_reg[1]/Q
                         net (fo=4, routed)           0.986     2.415    u_edge/u_server/hash/ofifo0_inst/inst/S[0]
    SLICE_X35Y85         LUT6 (Prop_lut6_I3_O)        0.124     2.539 r  u_edge/u_server/hash/ofifo0_inst/inst/wr_full0_carry_i_4/O
                         net (fo=1, routed)           0.000     2.539    u_edge/u_server/hash/ofifo0_inst/inst/wr_full0_carry_i_4_n_0
    SLICE_X35Y85         CARRY4 (Prop_carry4_S[0]_CO[3])
                                                      0.532     3.071 f  u_edge/u_server/hash/ofifo0_inst/inst/wr_full0_carry/CO[3]
                         net (fo=4, routed)           1.138     4.209    u_edge/u_server/hash/ofifo0_inst/inst/wr_full0
    SLICE_X35Y88         LUT6 (Prop_lut6_I4_O)        0.124     4.333 f  u_edge/u_server/hash/ofifo0_inst/inst/state[5]_i_14/O
                         net (fo=4, routed)           0.489     4.822    u_edge/u_server/hash/sponge/state[5]_i_14_n_0_alias
    SLICE_X35Y88         LUT6 (Prop_lut6_I5_O)        0.124     4.946 r  u_edge/u_server/hash/sponge/squeeze_ctr[5]_i_4_comp/O
                         net (fo=4, routed)           1.121     6.068    u_edge/u_server/hash/sponge/squeeze_init_early
    SLICE_X37Y108        LUT6 (Prop_lut6_I2_O)        0.124     6.192 f  u_edge/u_server/hash/sponge/rd_idx[5]_i_5/O
                         net (fo=807, routed)         2.221     8.413    u_edge/u_control/u_scrub/squeeze_reg_reg[0]_0
    SLICE_X37Y108        LUT4 (Prop_lut4_I1_O)        0.124     8.537 r  u_edge/u_control/u_scrub/squeeze_reg[1599]_i_1_comp/O
                         net (fo=1600, routed)        1.760    10.297    u_edge/u_server/hash/sponge/squeeze_reg_reg[0]_3[0]
    SLICE_X14Y123        FDRE                                         r  u_edge/u_server/hash/sponge/squeeze_reg_reg[1363]/R
  -------------------------------------------------------------------    -------------------

                         (clock sys_clk rise edge)   10.000    10.000 r
                                                      0.000    10.000 r  clk (IN)
                         net (fo=19601, unset)        0.924    10.924    u_edge/u_server/hash/sponge/clk
    SLICE_X14Y123        FDRE                                         r  u_edge/u_server/hash/sponge/squeeze_reg_reg[1363]/C
                         clock pessimism              0.000    10.924
                         clock uncertainty           -0.035    10.889
    SLICE_X14Y123        FDRE (Setup_fdre_C_R)       -0.524    10.365    u_edge/u_server/hash/sponge/squeeze_reg_reg[1363]
  -------------------------------------------------------------------
                         required time                         10.365
                         arrival time                         -10.297
  -------------------------------------------------------------------
                         slack                                  0.068

Slack (MET) :             0.132ns  (required time - arrival time)
  Source:                 u_edge/u_server/hash/ofifo0_inst/inst/wr_ptr_reg[1]/C
                            (rising edge-triggered cell FDRE clocked by sys_clk  {rise@0.000ns fall@5.000ns period=10.000ns})
  Destination:            u_edge/u_server/hash/sponge/squeeze_reg_reg[1392]/R
                            (rising edge-triggered cell FDRE clocked by sys_clk  {rise@0.000ns fall@5.000ns period=10.000ns})
  Path Group:             sys_clk
  Path Type:              Setup (Max at Slow Process Corner)
  Requirement:            10.000ns  (sys_clk rise@10.000ns - sys_clk rise@0.000ns)
  Data Path Delay:        9.355ns  (logic 1.608ns (17.188%)  route 7.747ns (82.812%))
  Logic Levels:           6  (CARRY4=1 LUT4=1 LUT6=4)
  Clock Path Skew:        -0.049ns (DCD - SCD + CPR)
    Destination Clock Delay (DCD):    0.924ns = ( 10.924 - 10.000 )
    Source Clock Delay      (SCD):    0.973ns
    Clock Pessimism Removal (CPR):    0.000ns
  Clock Uncertainty:      0.035ns  ((TSJ^2 + TIJ^2)^1/2 + DJ) / 2 + PE
    Total System Jitter     (TSJ):    0.071ns
    Total Input Jitter      (TIJ):    0.000ns
    Discrete Jitter          (DJ):    0.000ns
    Phase Error              (PE):    0.000ns

    Location             Delay type                Incr(ns)  Path(ns)    Netlist Resource(s)
  -------------------------------------------------------------------    -------------------
                         (clock sys_clk rise edge)    0.000     0.000 r
                                                      0.000     0.000 r  clk (IN)
                         net (fo=19601, unset)        0.973     0.973    u_edge/u_server/hash/ofifo0_inst/inst/clk
    SLICE_X36Y84         FDRE                                         r  u_edge/u_server/hash/ofifo0_inst/inst/wr_ptr_reg[1]/C
  -------------------------------------------------------------------    -------------------
    SLICE_X36Y84         FDRE (Prop_fdre_C_Q)         0.456     1.429 r  u_edge/u_server/hash/ofifo0_inst/inst/wr_ptr_reg[1]/Q
                         net (fo=4, routed)           0.986     2.415    u_edge/u_server/hash/ofifo0_inst/inst/S[0]
    SLICE_X35Y85         LUT6 (Prop_lut6_I3_O)        0.124     2.539 r  u_edge/u_server/hash/ofifo0_inst/inst/wr_full0_carry_i_4/O
                         net (fo=1, routed)           0.000     2.539    u_edge/u_server/hash/ofifo0_inst/inst/wr_full0_carry_i_4_n_0
    SLICE_X35Y85         CARRY4 (Prop_carry4_S[0]_CO[3])
                                                      0.532     3.071 f  u_edge/u_server/hash/ofifo0_inst/inst/wr_full0_carry/CO[3]
                         net (fo=4, routed)           1.138     4.209    u_edge/u_server/hash/ofifo0_inst/inst/wr_full0
    SLICE_X35Y88         LUT6 (Prop_lut6_I4_O)        0.124     4.333 f  u_edge/u_server/hash/ofifo0_inst/inst/state[5]_i_14/O
                         net (fo=4, routed)           0.489     4.822    u_edge/u_server/hash/sponge/state[5]_i_14_n_0_alias
    SLICE_X35Y88         LUT6 (Prop_lut6_I5_O)        0.124     4.946 r  u_edge/u_server/hash/sponge/squeeze_ctr[5]_i_4_comp/O
                         net (fo=4, routed)           1.121     6.068    u_edge/u_server/hash/sponge/squeeze_init_early
    SLICE_X37Y108        LUT6 (Prop_lut6_I2_O)        0.124     6.192 f  u_edge/u_server/hash/sponge/rd_idx[5]_i_5/O
                         net (fo=807, routed)         2.221     8.413    u_edge/u_control/u_scrub/squeeze_reg_reg[0]_0
    SLICE_X37Y108        LUT4 (Prop_lut4_I1_O)        0.124     8.537 r  u_edge/u_control/u_scrub/squeeze_reg[1599]_i_1_comp/O
                         net (fo=1600, routed)        1.791    10.328    u_edge/u_server/hash/sponge/squeeze_reg_reg[0]_3[0]
    SLICE_X22Y127        FDRE                                         r  u_edge/u_server/hash/sponge/squeeze_reg_reg[1392]/R
  -------------------------------------------------------------------    -------------------

                         (clock sys_clk rise edge)   10.000    10.000 r
                                                      0.000    10.000 r  clk (IN)
                         net (fo=19601, unset)        0.924    10.924    u_edge/u_server/hash/sponge/clk
    SLICE_X22Y127        FDRE                                         r  u_edge/u_server/hash/sponge/squeeze_reg_reg[1392]/C
                         clock pessimism              0.000    10.924
                         clock uncertainty           -0.035    10.889
    SLICE_X22Y127        FDRE (Setup_fdre_C_R)       -0.429    10.460    u_edge/u_server/hash/sponge/squeeze_reg_reg[1392]
  -------------------------------------------------------------------
                         required time                         10.460
                         arrival time                         -10.328
  -------------------------------------------------------------------
                         slack                                  0.132

Slack (MET) :             0.132ns  (required time - arrival time)
  Source:                 u_edge/u_server/hash/ofifo0_inst/inst/wr_ptr_reg[1]/C
                            (rising edge-triggered cell FDRE clocked by sys_clk  {rise@0.000ns fall@5.000ns period=10.000ns})
  Destination:            u_edge/u_server/hash/sponge/squeeze_reg_reg[1393]/R
                            (rising edge-triggered cell FDRE clocked by sys_clk  {rise@0.000ns fall@5.000ns period=10.000ns})
  Path Group:             sys_clk
  Path Type:              Setup (Max at Slow Process Corner)
  Requirement:            10.000ns  (sys_clk rise@10.000ns - sys_clk rise@0.000ns)
  Data Path Delay:        9.355ns  (logic 1.608ns (17.188%)  route 7.747ns (82.812%))
  Logic Levels:           6  (CARRY4=1 LUT4=1 LUT6=4)
  Clock Path Skew:        -0.049ns (DCD - SCD + CPR)
    Destination Clock Delay (DCD):    0.924ns = ( 10.924 - 10.000 )
    Source Clock Delay      (SCD):    0.973ns
    Clock Pessimism Removal (CPR):    0.000ns
  Clock Uncertainty:      0.035ns  ((TSJ^2 + TIJ^2)^1/2 + DJ) / 2 + PE
    Total System Jitter     (TSJ):    0.071ns
    Total Input Jitter      (TIJ):    0.000ns
    Discrete Jitter          (DJ):    0.000ns
    Phase Error              (PE):    0.000ns

    Location             Delay type                Incr(ns)  Path(ns)    Netlist Resource(s)
  -------------------------------------------------------------------    -------------------
                         (clock sys_clk rise edge)    0.000     0.000 r
                                                      0.000     0.000 r  clk (IN)
                         net (fo=19601, unset)        0.973     0.973    u_edge/u_server/hash/ofifo0_inst/inst/clk
    SLICE_X36Y84         FDRE                                         r  u_edge/u_server/hash/ofifo0_inst/inst/wr_ptr_reg[1]/C
  -------------------------------------------------------------------    -------------------
    SLICE_X36Y84         FDRE (Prop_fdre_C_Q)         0.456     1.429 r  u_edge/u_server/hash/ofifo0_inst/inst/wr_ptr_reg[1]/Q
                         net (fo=4, routed)           0.986     2.415    u_edge/u_server/hash/ofifo0_inst/inst/S[0]
    SLICE_X35Y85         LUT6 (Prop_lut6_I3_O)        0.124     2.539 r  u_edge/u_server/hash/ofifo0_inst/inst/wr_full0_carry_i_4/O
                         net (fo=1, routed)           0.000     2.539    u_edge/u_server/hash/ofifo0_inst/inst/wr_full0_carry_i_4_n_0
    SLICE_X35Y85         CARRY4 (Prop_carry4_S[0]_CO[3])
                                                      0.532     3.071 f  u_edge/u_server/hash/ofifo0_inst/inst/wr_full0_carry/CO[3]
                         net (fo=4, routed)           1.138     4.209    u_edge/u_server/hash/ofifo0_inst/inst/wr_full0
    SLICE_X35Y88         LUT6 (Prop_lut6_I4_O)        0.124     4.333 f  u_edge/u_server/hash/ofifo0_inst/inst/state[5]_i_14/O
                         net (fo=4, routed)           0.489     4.822    u_edge/u_server/hash/sponge/state[5]_i_14_n_0_alias
    SLICE_X35Y88         LUT6 (Prop_lut6_I5_O)        0.124     4.946 r  u_edge/u_server/hash/sponge/squeeze_ctr[5]_i_4_comp/O
                         net (fo=4, routed)           1.121     6.068    u_edge/u_server/hash/sponge/squeeze_init_early
    SLICE_X37Y108        LUT6 (Prop_lut6_I2_O)        0.124     6.192 f  u_edge/u_server/hash/sponge/rd_idx[5]_i_5/O
                         net (fo=807, routed)         2.221     8.413    u_edge/u_control/u_scrub/squeeze_reg_reg[0]_0
    SLICE_X37Y108        LUT4 (Prop_lut4_I1_O)        0.124     8.537 r  u_edge/u_control/u_scrub/squeeze_reg[1599]_i_1_comp/O
                         net (fo=1600, routed)        1.791    10.328    u_edge/u_server/hash/sponge/squeeze_reg_reg[0]_3[0]
    SLICE_X22Y127        FDRE                                         r  u_edge/u_server/hash/sponge/squeeze_reg_reg[1393]/R
  -------------------------------------------------------------------    -------------------

                         (clock sys_clk rise edge)   10.000    10.000 r
                                                      0.000    10.000 r  clk (IN)
                         net (fo=19601, unset)        0.924    10.924    u_edge/u_server/hash/sponge/clk
    SLICE_X22Y127        FDRE                                         r  u_edge/u_server/hash/sponge/squeeze_reg_reg[1393]/C
                         clock pessimism              0.000    10.924
                         clock uncertainty           -0.035    10.889
    SLICE_X22Y127        FDRE (Setup_fdre_C_R)       -0.429    10.460    u_edge/u_server/hash/sponge/squeeze_reg_reg[1393]
  -------------------------------------------------------------------
                         required time                         10.460
                         arrival time                         -10.328
  -------------------------------------------------------------------
                         slack                                  0.132

Slack (MET) :             0.145ns  (required time - arrival time)
  Source:                 u_edge/u_server/hash/ofifo0_inst/inst/wr_ptr_reg[1]/C
                            (rising edge-triggered cell FDRE clocked by sys_clk  {rise@0.000ns fall@5.000ns period=10.000ns})
  Destination:            u_edge/u_server/hash/sponge/squeeze_reg_reg[1522]/R
                            (rising edge-triggered cell FDRE clocked by sys_clk  {rise@0.000ns fall@5.000ns period=10.000ns})
  Path Group:             sys_clk
  Path Type:              Setup (Max at Slow Process Corner)
  Requirement:            10.000ns  (sys_clk rise@10.000ns - sys_clk rise@0.000ns)
  Data Path Delay:        9.342ns  (logic 1.608ns (17.214%)  route 7.734ns (82.786%))
  Logic Levels:           6  (CARRY4=1 LUT4=1 LUT6=4)
  Clock Path Skew:        -0.049ns (DCD - SCD + CPR)
    Destination Clock Delay (DCD):    0.924ns = ( 10.924 - 10.000 )
    Source Clock Delay      (SCD):    0.973ns
    Clock Pessimism Removal (CPR):    0.000ns
  Clock Uncertainty:      0.035ns  ((TSJ^2 + TIJ^2)^1/2 + DJ) / 2 + PE
    Total System Jitter     (TSJ):    0.071ns
    Total Input Jitter      (TIJ):    0.000ns
    Discrete Jitter          (DJ):    0.000ns
    Phase Error              (PE):    0.000ns

    Location             Delay type                Incr(ns)  Path(ns)    Netlist Resource(s)
  -------------------------------------------------------------------    -------------------
                         (clock sys_clk rise edge)    0.000     0.000 r
                                                      0.000     0.000 r  clk (IN)
                         net (fo=19601, unset)        0.973     0.973    u_edge/u_server/hash/ofifo0_inst/inst/clk
    SLICE_X36Y84         FDRE                                         r  u_edge/u_server/hash/ofifo0_inst/inst/wr_ptr_reg[1]/C
  -------------------------------------------------------------------    -------------------
    SLICE_X36Y84         FDRE (Prop_fdre_C_Q)         0.456     1.429 r  u_edge/u_server/hash/ofifo0_inst/inst/wr_ptr_reg[1]/Q
                         net (fo=4, routed)           0.986     2.415    u_edge/u_server/hash/ofifo0_inst/inst/S[0]
    SLICE_X35Y85         LUT6 (Prop_lut6_I3_O)        0.124     2.539 r  u_edge/u_server/hash/ofifo0_inst/inst/wr_full0_carry_i_4/O
                         net (fo=1, routed)           0.000     2.539    u_edge/u_server/hash/ofifo0_inst/inst/wr_full0_carry_i_4_n_0
    SLICE_X35Y85         CARRY4 (Prop_carry4_S[0]_CO[3])
                                                      0.532     3.071 f  u_edge/u_server/hash/ofifo0_inst/inst/wr_full0_carry/CO[3]
                         net (fo=4, routed)           1.138     4.209    u_edge/u_server/hash/ofifo0_inst/inst/wr_full0
    SLICE_X35Y88         LUT6 (Prop_lut6_I4_O)        0.124     4.333 f  u_edge/u_server/hash/ofifo0_inst/inst/state[5]_i_14/O
                         net (fo=4, routed)           0.489     4.822    u_edge/u_server/hash/sponge/state[5]_i_14_n_0_alias
    SLICE_X35Y88         LUT6 (Prop_lut6_I5_O)        0.124     4.946 r  u_edge/u_server/hash/sponge/squeeze_ctr[5]_i_4_comp/O
                         net (fo=4, routed)           1.121     6.068    u_edge/u_server/hash/sponge/squeeze_init_early
    SLICE_X37Y108        LUT6 (Prop_lut6_I2_O)        0.124     6.192 f  u_edge/u_server/hash/sponge/rd_idx[5]_i_5/O
                         net (fo=807, routed)         2.221     8.413    u_edge/u_control/u_scrub/squeeze_reg_reg[0]_0
    SLICE_X37Y108        LUT4 (Prop_lut4_I1_O)        0.124     8.537 r  u_edge/u_control/u_scrub/squeeze_reg[1599]_i_1_comp/O
                         net (fo=1600, routed)        1.778    10.315    u_edge/u_server/hash/sponge/squeeze_reg_reg[0]_3[0]
    SLICE_X16Y126        FDRE                                         r  u_edge/u_server/hash/sponge/squeeze_reg_reg[1522]/R
  -------------------------------------------------------------------    -------------------

                         (clock sys_clk rise edge)   10.000    10.000 r
                                                      0.000    10.000 r  clk (IN)
                         net (fo=19601, unset)        0.924    10.924    u_edge/u_server/hash/sponge/clk
    SLICE_X16Y126        FDRE                                         r  u_edge/u_server/hash/sponge/squeeze_reg_reg[1522]/C
                         clock pessimism              0.000    10.924
                         clock uncertainty           -0.035    10.889
    SLICE_X16Y126        FDRE (Setup_fdre_C_R)       -0.429    10.460    u_edge/u_server/hash/sponge/squeeze_reg_reg[1522]
  -------------------------------------------------------------------
                         required time                         10.460
                         arrival time                         -10.315
  -------------------------------------------------------------------
                         slack                                  0.145

Slack (MET) :             0.145ns  (required time - arrival time)
  Source:                 u_edge/u_server/hash/ofifo0_inst/inst/wr_ptr_reg[1]/C
                            (rising edge-triggered cell FDRE clocked by sys_clk  {rise@0.000ns fall@5.000ns period=10.000ns})
  Destination:            u_edge/u_server/hash/sponge/squeeze_reg_reg[1523]/R
                            (rising edge-triggered cell FDRE clocked by sys_clk  {rise@0.000ns fall@5.000ns period=10.000ns})
  Path Group:             sys_clk
  Path Type:              Setup (Max at Slow Process Corner)
  Requirement:            10.000ns  (sys_clk rise@10.000ns - sys_clk rise@0.000ns)
  Data Path Delay:        9.342ns  (logic 1.608ns (17.214%)  route 7.734ns (82.786%))
  Logic Levels:           6  (CARRY4=1 LUT4=1 LUT6=4)
  Clock Path Skew:        -0.049ns (DCD - SCD + CPR)
    Destination Clock Delay (DCD):    0.924ns = ( 10.924 - 10.000 )
    Source Clock Delay      (SCD):    0.973ns
    Clock Pessimism Removal (CPR):    0.000ns
  Clock Uncertainty:      0.035ns  ((TSJ^2 + TIJ^2)^1/2 + DJ) / 2 + PE
    Total System Jitter     (TSJ):    0.071ns
    Total Input Jitter      (TIJ):    0.000ns
    Discrete Jitter          (DJ):    0.000ns
    Phase Error              (PE):    0.000ns

    Location             Delay type                Incr(ns)  Path(ns)    Netlist Resource(s)
  -------------------------------------------------------------------    -------------------
                         (clock sys_clk rise edge)    0.000     0.000 r
                                                      0.000     0.000 r  clk (IN)
                         net (fo=19601, unset)        0.973     0.973    u_edge/u_server/hash/ofifo0_inst/inst/clk
    SLICE_X36Y84         FDRE                                         r  u_edge/u_server/hash/ofifo0_inst/inst/wr_ptr_reg[1]/C
  -------------------------------------------------------------------    -------------------
    SLICE_X36Y84         FDRE (Prop_fdre_C_Q)         0.456     1.429 r  u_edge/u_server/hash/ofifo0_inst/inst/wr_ptr_reg[1]/Q
                         net (fo=4, routed)           0.986     2.415    u_edge/u_server/hash/ofifo0_inst/inst/S[0]
    SLICE_X35Y85         LUT6 (Prop_lut6_I3_O)        0.124     2.539 r  u_edge/u_server/hash/ofifo0_inst/inst/wr_full0_carry_i_4/O
                         net (fo=1, routed)           0.000     2.539    u_edge/u_server/hash/ofifo0_inst/inst/wr_full0_carry_i_4_n_0
    SLICE_X35Y85         CARRY4 (Prop_carry4_S[0]_CO[3])
                                                      0.532     3.071 f  u_edge/u_server/hash/ofifo0_inst/inst/wr_full0_carry/CO[3]
                         net (fo=4, routed)           1.138     4.209    u_edge/u_server/hash/ofifo0_inst/inst/wr_full0
    SLICE_X35Y88         LUT6 (Prop_lut6_I4_O)        0.124     4.333 f  u_edge/u_server/hash/ofifo0_inst/inst/state[5]_i_14/O
                         net (fo=4, routed)           0.489     4.822    u_edge/u_server/hash/sponge/state[5]_i_14_n_0_alias
    SLICE_X35Y88         LUT6 (Prop_lut6_I5_O)        0.124     4.946 r  u_edge/u_server/hash/sponge/squeeze_ctr[5]_i_4_comp/O
                         net (fo=4, routed)           1.121     6.068    u_edge/u_server/hash/sponge/squeeze_init_early
    SLICE_X37Y108        LUT6 (Prop_lut6_I2_O)        0.124     6.192 f  u_edge/u_server/hash/sponge/rd_idx[5]_i_5/O
                         net (fo=807, routed)         2.221     8.413    u_edge/u_control/u_scrub/squeeze_reg_reg[0]_0
    SLICE_X37Y108        LUT4 (Prop_lut4_I1_O)        0.124     8.537 r  u_edge/u_control/u_scrub/squeeze_reg[1599]_i_1_comp/O
                         net (fo=1600, routed)        1.778    10.315    u_edge/u_server/hash/sponge/squeeze_reg_reg[0]_3[0]
    SLICE_X16Y126        FDRE                                         r  u_edge/u_server/hash/sponge/squeeze_reg_reg[1523]/R
  -------------------------------------------------------------------    -------------------

                         (clock sys_clk rise edge)   10.000    10.000 r
                                                      0.000    10.000 r  clk (IN)
                         net (fo=19601, unset)        0.924    10.924    u_edge/u_server/hash/sponge/clk
    SLICE_X16Y126        FDRE                                         r  u_edge/u_server/hash/sponge/squeeze_reg_reg[1523]/C
                         clock pessimism              0.000    10.924
                         clock uncertainty           -0.035    10.889
    SLICE_X16Y126        FDRE (Setup_fdre_C_R)       -0.429    10.460    u_edge/u_server/hash/sponge/squeeze_reg_reg[1523]
  -------------------------------------------------------------------
                         required time                         10.460
                         arrival time                         -10.315
  -------------------------------------------------------------------
                         slack                                  0.145





Min Delay Paths
--------------------------------------------------------------------------------------
Slack (MET) :             0.046ns  (arrival time - required time)
  Source:                 u_edge/u_server/ntt/BU/dec1_reg[7]__0/C
                            (rising edge-triggered cell FDRE clocked by sys_clk  {rise@0.000ns fall@5.000ns period=10.000ns})
  Destination:            u_edge/u_server/ntt/BU/S13/inst/gen_depth_gt1.shift_reg_reg[4][7]_srl5/D
                            (rising edge-triggered cell SRL16E clocked by sys_clk  {rise@0.000ns fall@5.000ns period=10.000ns})
  Path Group:             sys_clk
  Path Type:              Hold (Min at Fast Process Corner)
  Requirement:            0.000ns  (sys_clk rise@0.000ns - sys_clk rise@0.000ns)
  Data Path Delay:        0.251ns  (logic 0.141ns (56.174%)  route 0.110ns (43.826%))
  Logic Levels:           0
  Clock Path Skew:        0.022ns (DCD - SCD - CPR)
    Destination Clock Delay (DCD):    0.432ns
    Source Clock Delay      (SCD):    0.410ns
    Clock Pessimism Removal (CPR):    -0.000ns

    Location             Delay type                Incr(ns)  Path(ns)    Netlist Resource(s)
  -------------------------------------------------------------------    -------------------
                         (clock sys_clk rise edge)    0.000     0.000 r
                                                      0.000     0.000 r  clk (IN)
                         net (fo=19601, unset)        0.410     0.410    u_edge/u_server/ntt/BU/clk
    SLICE_X47Y16         FDRE                                         r  u_edge/u_server/ntt/BU/dec1_reg[7]__0/C
  -------------------------------------------------------------------    -------------------
    SLICE_X47Y16         FDRE (Prop_fdre_C_Q)         0.141     0.551 r  u_edge/u_server/ntt/BU/dec1_reg[7]__0/Q
                         net (fo=1, routed)           0.110     0.661    u_edge/u_server/ntt/BU/S13/inst/decomp1_butt_r1_reg[7]__0
    SLICE_X46Y15         SRL16E                                       r  u_edge/u_server/ntt/BU/S13/inst/gen_depth_gt1.shift_reg_reg[4][7]_srl5/D
  -------------------------------------------------------------------    -------------------

                         (clock sys_clk rise edge)    0.000     0.000 r
                                                      0.000     0.000 r  clk (IN)
                         net (fo=19601, unset)        0.432     0.432    u_edge/u_server/ntt/BU/S13/inst/clk
    SLICE_X46Y15         SRL16E                                       r  u_edge/u_server/ntt/BU/S13/inst/gen_depth_gt1.shift_reg_reg[4][7]_srl5/CLK
                         clock pessimism              0.000     0.432
    SLICE_X46Y15         SRL16E (Hold_srl16e_CLK_D)
                                                      0.183     0.615    u_edge/u_server/ntt/BU/S13/inst/gen_depth_gt1.shift_reg_reg[4][7]_srl5
  -------------------------------------------------------------------
                         required time                         -0.615
                         arrival time                           0.661
  -------------------------------------------------------------------
                         slack                                  0.046

Slack (MET) :             0.073ns  (arrival time - required time)
  Source:                 u_edge/u_server/ntt/BU/dec0_reg[7]__0/C
                            (rising edge-triggered cell FDRE clocked by sys_clk  {rise@0.000ns fall@5.000ns period=10.000ns})
  Destination:            u_edge/u_server/ntt/BU/S12/inst/gen_depth_gt1.shift_reg_reg[4][7]_srl5/D
                            (rising edge-triggered cell SRL16E clocked by sys_clk  {rise@0.000ns fall@5.000ns period=10.000ns})
  Path Group:             sys_clk
  Path Type:              Hold (Min at Fast Process Corner)
  Requirement:            0.000ns  (sys_clk rise@0.000ns - sys_clk rise@0.000ns)
  Data Path Delay:        0.278ns  (logic 0.164ns (58.980%)  route 0.114ns (41.020%))
  Logic Levels:           0
  Clock Path Skew:        0.022ns (DCD - SCD - CPR)
    Destination Clock Delay (DCD):    0.432ns
    Source Clock Delay      (SCD):    0.410ns
    Clock Pessimism Removal (CPR):    -0.000ns

    Location             Delay type                Incr(ns)  Path(ns)    Netlist Resource(s)
  -------------------------------------------------------------------    -------------------
                         (clock sys_clk rise edge)    0.000     0.000 r
                                                      0.000     0.000 r  clk (IN)
                         net (fo=19601, unset)        0.410     0.410    u_edge/u_server/ntt/BU/clk
    SLICE_X54Y13         FDRE                                         r  u_edge/u_server/ntt/BU/dec0_reg[7]__0/C
  -------------------------------------------------------------------    -------------------
    SLICE_X54Y13         FDRE (Prop_fdre_C_Q)         0.164     0.574 r  u_edge/u_server/ntt/BU/dec0_reg[7]__0/Q
                         net (fo=1, routed)           0.114     0.688    u_edge/u_server/ntt/BU/S12/inst/decomp0_butt_r1_reg[7]__0
    SLICE_X56Y12         SRL16E                                       r  u_edge/u_server/ntt/BU/S12/inst/gen_depth_gt1.shift_reg_reg[4][7]_srl5/D
  -------------------------------------------------------------------    -------------------

                         (clock sys_clk rise edge)    0.000     0.000 r
                                                      0.000     0.000 r  clk (IN)
                         net (fo=19601, unset)        0.432     0.432    u_edge/u_server/ntt/BU/S12/inst/clk
    SLICE_X56Y12         SRL16E                                       r  u_edge/u_server/ntt/BU/S12/inst/gen_depth_gt1.shift_reg_reg[4][7]_srl5/CLK
                         clock pessimism              0.000     0.432
    SLICE_X56Y12         SRL16E (Hold_srl16e_CLK_D)
                                                      0.183     0.615    u_edge/u_server/ntt/BU/S12/inst/gen_depth_gt1.shift_reg_reg[4][7]_srl5
  -------------------------------------------------------------------
                         required time                         -0.615
                         arrival time                           0.688
  -------------------------------------------------------------------
                         slack                                  0.073

Slack (MET) :             0.098ns  (arrival time - required time)
  Source:                 u_edge/u_server/ntt/BU/sum_in0_sr_r1_reg[3]/C
                            (rising edge-triggered cell FDRE clocked by sys_clk  {rise@0.000ns fall@5.000ns period=10.000ns})
  Destination:            u_edge/u_server/ntt/BU/out0_reg[3]/D
                            (rising edge-triggered cell FDRE clocked by sys_clk  {rise@0.000ns fall@5.000ns period=10.000ns})
  Path Group:             sys_clk
  Path Type:              Hold (Min at Fast Process Corner)
  Requirement:            0.000ns  (sys_clk rise@0.000ns - sys_clk rise@0.000ns)
  Data Path Delay:        0.240ns  (logic 0.186ns (77.466%)  route 0.054ns (22.534%))
  Logic Levels:           1  (LUT5=1)
  Clock Path Skew:        0.022ns (DCD - SCD - CPR)
    Destination Clock Delay (DCD):    0.432ns
    Source Clock Delay      (SCD):    0.410ns
    Clock Pessimism Removal (CPR):    -0.000ns

    Location             Delay type                Incr(ns)  Path(ns)    Netlist Resource(s)
  -------------------------------------------------------------------    -------------------
                         (clock sys_clk rise edge)    0.000     0.000 r
                                                      0.000     0.000 r  clk (IN)
                         net (fo=19601, unset)        0.410     0.410    u_edge/u_server/ntt/BU/clk
    SLICE_X61Y10         FDRE                                         r  u_edge/u_server/ntt/BU/sum_in0_sr_r1_reg[3]/C
  -------------------------------------------------------------------    -------------------
    SLICE_X61Y10         FDRE (Prop_fdre_C_Q)         0.141     0.551 r  u_edge/u_server/ntt/BU/sum_in0_sr_r1_reg[3]/Q
                         net (fo=1, routed)           0.054     0.605    u_edge/u_server/ntt/BU/sum_in0_sr_r1[3]
    SLICE_X60Y10         LUT5 (Prop_lut5_I4_O)        0.045     0.650 r  u_edge/u_server/ntt/BU/out0[3]_i_1/O
                         net (fo=1, routed)           0.000     0.650    u_edge/u_server/ntt/BU/out0[3]_i_1_n_0
    SLICE_X60Y10         FDRE                                         r  u_edge/u_server/ntt/BU/out0_reg[3]/D
  -------------------------------------------------------------------    -------------------

                         (clock sys_clk rise edge)    0.000     0.000 r
                                                      0.000     0.000 r  clk (IN)
                         net (fo=19601, unset)        0.432     0.432    u_edge/u_server/ntt/BU/clk
    SLICE_X60Y10         FDRE                                         r  u_edge/u_server/ntt/BU/out0_reg[3]/C
                         clock pessimism              0.000     0.432
    SLICE_X60Y10         FDRE (Hold_fdre_C_D)         0.121     0.553    u_edge/u_server/ntt/BU/out0_reg[3]
  -------------------------------------------------------------------
                         required time                         -0.553
                         arrival time                           0.650
  -------------------------------------------------------------------
                         slack                                  0.098

Slack (MET) :             0.098ns  (arrival time - required time)
  Source:                 u_edge/u_control/u_seed/seed_z_reg[20]/C
                            (rising edge-triggered cell FDCE clocked by sys_clk  {rise@0.000ns fall@5.000ns period=10.000ns})
  Destination:            u_edge/u_server/z_reg[20]/D
                            (rising edge-triggered cell FDRE clocked by sys_clk  {rise@0.000ns fall@5.000ns period=10.000ns})
  Path Group:             sys_clk
  Path Type:              Hold (Min at Fast Process Corner)
  Requirement:            0.000ns  (sys_clk rise@0.000ns - sys_clk rise@0.000ns)
  Data Path Delay:        0.240ns  (logic 0.186ns (77.466%)  route 0.054ns (22.534%))
  Logic Levels:           1  (LUT3=1)
  Clock Path Skew:        0.022ns (DCD - SCD - CPR)
    Destination Clock Delay (DCD):    0.432ns
    Source Clock Delay      (SCD):    0.410ns
    Clock Pessimism Removal (CPR):    -0.000ns

    Location             Delay type                Incr(ns)  Path(ns)    Netlist Resource(s)
  -------------------------------------------------------------------    -------------------
                         (clock sys_clk rise edge)    0.000     0.000 r
                                                      0.000     0.000 r  clk (IN)
                         net (fo=19601, unset)        0.410     0.410    u_edge/u_control/u_seed/clk
    SLICE_X43Y70         FDCE                                         r  u_edge/u_control/u_seed/seed_z_reg[20]/C
  -------------------------------------------------------------------    -------------------
    SLICE_X43Y70         FDCE (Prop_fdce_C_Q)         0.141     0.551 r  u_edge/u_control/u_seed/seed_z_reg[20]/Q
                         net (fo=1, routed)           0.054     0.605    u_edge/u_server/z_reg[255]_0[20]
    SLICE_X42Y70         LUT3 (Prop_lut3_I2_O)        0.045     0.650 r  u_edge/u_server/z[20]_i_1/O
                         net (fo=1, routed)           0.000     0.650    u_edge/u_server/z[20]_i_1_n_0
    SLICE_X42Y70         FDRE                                         r  u_edge/u_server/z_reg[20]/D
  -------------------------------------------------------------------    -------------------

                         (clock sys_clk rise edge)    0.000     0.000 r
                                                      0.000     0.000 r  clk (IN)
                         net (fo=19601, unset)        0.432     0.432    u_edge/u_server/clk
    SLICE_X42Y70         FDRE                                         r  u_edge/u_server/z_reg[20]/C
                         clock pessimism              0.000     0.432
    SLICE_X42Y70         FDRE (Hold_fdre_C_D)         0.121     0.553    u_edge/u_server/z_reg[20]
  -------------------------------------------------------------------
                         required time                         -0.553
                         arrival time                           0.650
  -------------------------------------------------------------------
                         slack                                  0.098

Slack (MET) :             0.099ns  (arrival time - required time)
  Source:                 u_edge/u_server/ntt/BU/R0/q_reg[2]/C
                            (rising edge-triggered cell FDRE clocked by sys_clk  {rise@0.000ns fall@5.000ns period=10.000ns})
  Destination:            u_edge/u_server/ntt/BU/quo0_reg[2]/D
                            (rising edge-triggered cell FDRE clocked by sys_clk  {rise@0.000ns fall@5.000ns period=10.000ns})
  Path Group:             sys_clk
  Path Type:              Hold (Min at Fast Process Corner)
  Requirement:            0.000ns  (sys_clk rise@0.000ns - sys_clk rise@0.000ns)
  Data Path Delay:        0.197ns  (logic 0.141ns (71.611%)  route 0.056ns (28.389%))
  Logic Levels:           0
  Clock Path Skew:        0.022ns (DCD - SCD - CPR)
    Destination Clock Delay (DCD):    0.432ns
    Source Clock Delay      (SCD):    0.410ns
    Clock Pessimism Removal (CPR):    -0.000ns

    Location             Delay type                Incr(ns)  Path(ns)    Netlist Resource(s)
  -------------------------------------------------------------------    -------------------
                         (clock sys_clk rise edge)    0.000     0.000 r
                                                      0.000     0.000 r  clk (IN)
                         net (fo=19601, unset)        0.410     0.410    u_edge/u_server/ntt/BU/R0/clk
    SLICE_X57Y19         FDRE                                         r  u_edge/u_server/ntt/BU/R0/q_reg[2]/C
  -------------------------------------------------------------------    -------------------
    SLICE_X57Y19         FDRE (Prop_fdre_C_Q)         0.141     0.551 r  u_edge/u_server/ntt/BU/R0/q_reg[2]/Q
                         net (fo=1, routed)           0.056     0.607    u_edge/u_server/ntt/BU/q[2]
    SLICE_X57Y19         FDRE                                         r  u_edge/u_server/ntt/BU/quo0_reg[2]/D
  -------------------------------------------------------------------    -------------------

                         (clock sys_clk rise edge)    0.000     0.000 r
                                                      0.000     0.000 r  clk (IN)
                         net (fo=19601, unset)        0.432     0.432    u_edge/u_server/ntt/BU/clk
    SLICE_X57Y19         FDRE                                         r  u_edge/u_server/ntt/BU/quo0_reg[2]/C
                         clock pessimism              0.000     0.432
    SLICE_X57Y19         FDRE (Hold_fdre_C_D)         0.076     0.508    u_edge/u_server/ntt/BU/quo0_reg[2]
  -------------------------------------------------------------------
                         required time                         -0.508
                         arrival time                           0.607
  -------------------------------------------------------------------
                         slack                                  0.099

Slack (MET) :             0.100ns  (arrival time - required time)
  Source:                 u_edge/u_server/K_reg[131]/C
                            (rising edge-triggered cell FDRE clocked by sys_clk  {rise@0.000ns fall@5.000ns period=10.000ns})
  Destination:            u_edge/u_server/K_reg[99]/D
                            (rising edge-triggered cell FDRE clocked by sys_clk  {rise@0.000ns fall@5.000ns period=10.000ns})
  Path Group:             sys_clk
  Path Type:              Hold (Min at Fast Process Corner)
  Requirement:            0.000ns  (sys_clk rise@0.000ns - sys_clk rise@0.000ns)
  Data Path Delay:        0.197ns  (logic 0.141ns (71.611%)  route 0.056ns (28.389%))
  Logic Levels:           0
  Clock Path Skew:        0.022ns (DCD - SCD - CPR)
    Destination Clock Delay (DCD):    0.432ns
    Source Clock Delay      (SCD):    0.410ns
    Clock Pessimism Removal (CPR):    -0.000ns

    Location             Delay type                Incr(ns)  Path(ns)    Netlist Resource(s)
  -------------------------------------------------------------------    -------------------
                         (clock sys_clk rise edge)    0.000     0.000 r
                                                      0.000     0.000 r  clk (IN)
                         net (fo=19601, unset)        0.410     0.410    u_edge/u_server/clk
    SLICE_X49Y78         FDRE                                         r  u_edge/u_server/K_reg[131]/C
  -------------------------------------------------------------------    -------------------
    SLICE_X49Y78         FDRE (Prop_fdre_C_Q)         0.141     0.551 r  u_edge/u_server/K_reg[131]/Q
                         net (fo=1, routed)           0.056     0.607    u_edge/u_server/shared_secret[131]
    SLICE_X49Y78         FDRE                                         r  u_edge/u_server/K_reg[99]/D
  -------------------------------------------------------------------    -------------------

                         (clock sys_clk rise edge)    0.000     0.000 r
                                                      0.000     0.000 r  clk (IN)
                         net (fo=19601, unset)        0.432     0.432    u_edge/u_server/clk
    SLICE_X49Y78         FDRE                                         r  u_edge/u_server/K_reg[99]/C
                         clock pessimism              0.000     0.432
    SLICE_X49Y78         FDRE (Hold_fdre_C_D)         0.075     0.507    u_edge/u_server/K_reg[99]
  -------------------------------------------------------------------
                         required time                         -0.507
                         arrival time                           0.607
  -------------------------------------------------------------------
                         slack                                  0.100

Slack (MET) :             0.100ns  (arrival time - required time)
  Source:                 u_fe/u_encode/u_output[7]/REGISTERS.pipeline_reg[0]/C
                            (rising edge-triggered cell FDRE clocked by sys_clk  {rise@0.000ns fall@5.000ns period=10.000ns})
  Destination:            u_fe/u_encode/u_output[7]/REGISTERS.pipeline_reg[1]/D
                            (rising edge-triggered cell FDRE clocked by sys_clk  {rise@0.000ns fall@5.000ns period=10.000ns})
  Path Group:             sys_clk
  Path Type:              Hold (Min at Fast Process Corner)
  Requirement:            0.000ns  (sys_clk rise@0.000ns - sys_clk rise@0.000ns)
  Data Path Delay:        0.197ns  (logic 0.141ns (71.611%)  route 0.056ns (28.389%))
  Logic Levels:           0
  Clock Path Skew:        0.022ns (DCD - SCD - CPR)
    Destination Clock Delay (DCD):    0.432ns
    Source Clock Delay      (SCD):    0.410ns
    Clock Pessimism Removal (CPR):    -0.000ns

    Location             Delay type                Incr(ns)  Path(ns)    Netlist Resource(s)
  -------------------------------------------------------------------    -------------------
                         (clock sys_clk rise edge)    0.000     0.000 r
                                                      0.000     0.000 r  clk (IN)
                         net (fo=19601, unset)        0.410     0.410    u_fe/u_encode/u_output[7]/clk
    SLICE_X49Y24         FDRE                                         r  u_fe/u_encode/u_output[7]/REGISTERS.pipeline_reg[0]/C
  -------------------------------------------------------------------    -------------------
    SLICE_X49Y24         FDRE (Prop_fdre_C_Q)         0.141     0.551 r  u_fe/u_encode/u_output[7]/REGISTERS.pipeline_reg[0]/Q
                         net (fo=1, routed)           0.056     0.607    u_fe/u_encode/u_output[7]/REGISTERS.pipeline__4[0]
    SLICE_X49Y24         FDRE                                         r  u_fe/u_encode/u_output[7]/REGISTERS.pipeline_reg[1]/D
  -------------------------------------------------------------------    -------------------

                         (clock sys_clk rise edge)    0.000     0.000 r
                                                      0.000     0.000 r  clk (IN)
                         net (fo=19601, unset)        0.432     0.432    u_fe/u_encode/u_output[7]/clk
    SLICE_X49Y24         FDRE                                         r  u_fe/u_encode/u_output[7]/REGISTERS.pipeline_reg[1]/C
                         clock pessimism              0.000     0.432
    SLICE_X49Y24         FDRE (Hold_fdre_C_D)         0.075     0.507    u_fe/u_encode/u_output[7]/REGISTERS.pipeline_reg[1]
  -------------------------------------------------------------------
                         required time                         -0.507
                         arrival time                           0.607
  -------------------------------------------------------------------
                         slack                                  0.100

Slack (MET) :             0.100ns  (arrival time - required time)
  Source:                 u_puf/winner_meta_reg/C
                            (rising edge-triggered cell FDCE clocked by sys_clk  {rise@0.000ns fall@5.000ns period=10.000ns})
  Destination:            u_puf/winner_sync_reg/D
                            (rising edge-triggered cell FDCE clocked by sys_clk  {rise@0.000ns fall@5.000ns period=10.000ns})
  Path Group:             sys_clk
  Path Type:              Hold (Min at Fast Process Corner)
  Requirement:            0.000ns  (sys_clk rise@0.000ns - sys_clk rise@0.000ns)
  Data Path Delay:        0.197ns  (logic 0.141ns (71.611%)  route 0.056ns (28.389%))
  Logic Levels:           0
  Clock Path Skew:        0.022ns (DCD - SCD - CPR)
    Destination Clock Delay (DCD):    0.432ns
    Source Clock Delay      (SCD):    0.410ns
    Clock Pessimism Removal (CPR):    -0.000ns

    Location             Delay type                Incr(ns)  Path(ns)    Netlist Resource(s)
  -------------------------------------------------------------------    -------------------
                         (clock sys_clk rise edge)    0.000     0.000 r
                                                      0.000     0.000 r  clk (IN)
                         net (fo=19601, unset)        0.410     0.410    u_puf/clk
    SLICE_X1Y43          FDCE                                         r  u_puf/winner_meta_reg/C
  -------------------------------------------------------------------    -------------------
    SLICE_X1Y43          FDCE (Prop_fdce_C_Q)         0.141     0.551 r  u_puf/winner_meta_reg/Q
                         net (fo=1, routed)           0.056     0.607    u_puf/winner_meta
    SLICE_X1Y43          FDCE                                         r  u_puf/winner_sync_reg/D
  -------------------------------------------------------------------    -------------------

                         (clock sys_clk rise edge)    0.000     0.000 r
                                                      0.000     0.000 r  clk (IN)
                         net (fo=19601, unset)        0.432     0.432    u_puf/clk
    SLICE_X1Y43          FDCE                                         r  u_puf/winner_sync_reg/C
                         clock pessimism              0.000     0.432
    SLICE_X1Y43          FDCE (Hold_fdce_C_D)         0.075     0.507    u_puf/winner_sync_reg
  -------------------------------------------------------------------
                         required time                         -0.507
                         arrival time                           0.607
  -------------------------------------------------------------------
                         slack                                  0.100

Slack (MET) :             0.103ns  (arrival time - required time)
  Source:                 u_edge/u_server/patt_r_reg[66]/C
                            (rising edge-triggered cell FDSE clocked by sys_clk  {rise@0.000ns fall@5.000ns period=10.000ns})
  Destination:            u_edge/u_server/patt_r_reg[69]_srl3___u_edge_u_server_endp_r_reg_r_1/D
                            (rising edge-triggered cell SRL16E clocked by sys_clk  {rise@0.000ns fall@5.000ns period=10.000ns})
  Path Group:             sys_clk
  Path Type:              Hold (Min at Fast Process Corner)
  Requirement:            0.000ns  (sys_clk rise@0.000ns - sys_clk rise@0.000ns)
  Data Path Delay:        0.308ns  (logic 0.141ns (45.781%)  route 0.167ns (54.219%))
  Logic Levels:           0
  Clock Path Skew:        0.022ns (DCD - SCD - CPR)
    Destination Clock Delay (DCD):    0.432ns
    Source Clock Delay      (SCD):    0.410ns
    Clock Pessimism Removal (CPR):    -0.000ns

    Location             Delay type                Incr(ns)  Path(ns)    Netlist Resource(s)
  -------------------------------------------------------------------    -------------------
                         (clock sys_clk rise edge)    0.000     0.000 r
                                                      0.000     0.000 r  clk (IN)
                         net (fo=19601, unset)        0.410     0.410    u_edge/u_server/clk
    SLICE_X44Y82         FDSE                                         r  u_edge/u_server/patt_r_reg[66]/C
  -------------------------------------------------------------------    -------------------
    SLICE_X44Y82         FDSE (Prop_fdse_C_Q)         0.141     0.551 r  u_edge/u_server/patt_r_reg[66]/Q
                         net (fo=1, routed)           0.167     0.718    u_edge/u_server/patt_r__0[66]
    SLICE_X42Y82         SRL16E                                       r  u_edge/u_server/patt_r_reg[69]_srl3___u_edge_u_server_endp_r_reg_r_1/D
  -------------------------------------------------------------------    -------------------

                         (clock sys_clk rise edge)    0.000     0.000 r
                                                      0.000     0.000 r  clk (IN)
                         net (fo=19601, unset)        0.432     0.432    u_edge/u_server/clk
    SLICE_X42Y82         SRL16E                                       r  u_edge/u_server/patt_r_reg[69]_srl3___u_edge_u_server_endp_r_reg_r_1/CLK
                         clock pessimism              0.000     0.432
    SLICE_X42Y82         SRL16E (Hold_srl16e_CLK_D)
                                                      0.183     0.615    u_edge/u_server/patt_r_reg[69]_srl3___u_edge_u_server_endp_r_reg_r_1
  -------------------------------------------------------------------
                         required time                         -0.615
                         arrival time                           0.718
  -------------------------------------------------------------------
                         slack                                  0.103

Slack (MET) :             0.104ns  (arrival time - required time)
  Source:                 u_edge/u_server/K_reg[120]/C
                            (rising edge-triggered cell FDRE clocked by sys_clk  {rise@0.000ns fall@5.000ns period=10.000ns})
  Destination:            u_edge/u_server/K_reg[88]/D
                            (rising edge-triggered cell FDRE clocked by sys_clk  {rise@0.000ns fall@5.000ns period=10.000ns})
  Path Group:             sys_clk
  Path Type:              Hold (Min at Fast Process Corner)
  Requirement:            0.000ns  (sys_clk rise@0.000ns - sys_clk rise@0.000ns)
  Data Path Delay:        0.197ns  (logic 0.141ns (71.611%)  route 0.056ns (28.389%))
  Logic Levels:           0
  Clock Path Skew:        0.022ns (DCD - SCD - CPR)
    Destination Clock Delay (DCD):    0.432ns
    Source Clock Delay      (SCD):    0.410ns
    Clock Pessimism Removal (CPR):    -0.000ns

    Location             Delay type                Incr(ns)  Path(ns)    Netlist Resource(s)
  -------------------------------------------------------------------    -------------------
                         (clock sys_clk rise edge)    0.000     0.000 r
                                                      0.000     0.000 r  clk (IN)
                         net (fo=19601, unset)        0.410     0.410    u_edge/u_server/clk
    SLICE_X57Y70         FDRE                                         r  u_edge/u_server/K_reg[120]/C
  -------------------------------------------------------------------    -------------------
    SLICE_X57Y70         FDRE (Prop_fdre_C_Q)         0.141     0.551 r  u_edge/u_server/K_reg[120]/Q
                         net (fo=1, routed)           0.056     0.607    u_edge/u_server/shared_secret[120]
    SLICE_X57Y70         FDRE                                         r  u_edge/u_server/K_reg[88]/D
  -------------------------------------------------------------------    -------------------

                         (clock sys_clk rise edge)    0.000     0.000 r
                                                      0.000     0.000 r  clk (IN)
                         net (fo=19601, unset)        0.432     0.432    u_edge/u_server/clk
    SLICE_X57Y70         FDRE                                         r  u_edge/u_server/K_reg[88]/C
                         clock pessimism              0.000     0.432
    SLICE_X57Y70         FDRE (Hold_fdre_C_D)         0.071     0.503    u_edge/u_server/K_reg[88]
  -------------------------------------------------------------------
                         required time                         -0.503
                         arrival time                           0.607
  -------------------------------------------------------------------
                         slack                                  0.104

Slack (MET) :             0.104ns  (arrival time - required time)
  Source:                 u_edge/u_server/ntt/BU/R0/q_reg[9]/C
                            (rising edge-triggered cell FDRE clocked by sys_clk  {rise@0.000ns fall@5.000ns period=10.000ns})
  Destination:            u_edge/u_server/ntt/BU/quo0_reg[9]/D
                            (rising edge-triggered cell FDRE clocked by sys_clk  {rise@0.000ns fall@5.000ns period=10.000ns})
  Path Group:             sys_clk
  Path Type:              Hold (Min at Fast Process Corner)
  Requirement:            0.000ns  (sys_clk rise@0.000ns - sys_clk rise@0.000ns)
  Data Path Delay:        0.197ns  (logic 0.141ns (71.611%)  route 0.056ns (28.389%))
  Logic Levels:           0
  Clock Path Skew:        0.022ns (DCD - SCD - CPR)
    Destination Clock Delay (DCD):    0.432ns
    Source Clock Delay      (SCD):    0.410ns
    Clock Pessimism Removal (CPR):    -0.000ns

    Location             Delay type                Incr(ns)  Path(ns)    Netlist Resource(s)
  -------------------------------------------------------------------    -------------------
                         (clock sys_clk rise edge)    0.000     0.000 r
                                                      0.000     0.000 r  clk (IN)
                         net (fo=19601, unset)        0.410     0.410    u_edge/u_server/ntt/BU/R0/clk
    SLICE_X57Y21         FDRE                                         r  u_edge/u_server/ntt/BU/R0/q_reg[9]/C
  -------------------------------------------------------------------    -------------------
    SLICE_X57Y21         FDRE (Prop_fdre_C_Q)         0.141     0.551 r  u_edge/u_server/ntt/BU/R0/q_reg[9]/Q
                         net (fo=1, routed)           0.056     0.607    u_edge/u_server/ntt/BU/q[9]
    SLICE_X57Y21         FDRE                                         r  u_edge/u_server/ntt/BU/quo0_reg[9]/D
  -------------------------------------------------------------------    -------------------

                         (clock sys_clk rise edge)    0.000     0.000 r
                                                      0.000     0.000 r  clk (IN)
                         net (fo=19601, unset)        0.432     0.432    u_edge/u_server/ntt/BU/clk
    SLICE_X57Y21         FDRE                                         r  u_edge/u_server/ntt/BU/quo0_reg[9]/C
                         clock pessimism              0.000     0.432
    SLICE_X57Y21         FDRE (Hold_fdre_C_D)         0.071     0.503    u_edge/u_server/ntt/BU/quo0_reg[9]
  -------------------------------------------------------------------
                         required time                         -0.503
                         arrival time                           0.607
  -------------------------------------------------------------------
                         slack                                  0.104

Slack (MET) :             0.110ns  (arrival time - required time)
  Source:                 u_fe/u_decode/u_error_tmec/u_chien/BIT[3].REG[0].ORIG.u_chien_reg/out_reg[2]/C
                            (rising edge-triggered cell FDRE clocked by sys_clk  {rise@0.000ns fall@5.000ns period=10.000ns})
  Destination:            u_fe/u_decode/u_error_tmec/u_chien/BIT[3].REG[0].ORIG.u_chien_reg/out_reg[1]/D
                            (rising edge-triggered cell FDRE clocked by sys_clk  {rise@0.000ns fall@5.000ns period=10.000ns})
  Path Group:             sys_clk
  Path Type:              Hold (Min at Fast Process Corner)
  Requirement:            0.000ns  (sys_clk rise@0.000ns - sys_clk rise@0.000ns)
  Data Path Delay:        0.252ns  (logic 0.186ns (73.740%)  route 0.066ns (26.260%))
  Logic Levels:           1  (LUT4=1)
  Clock Path Skew:        0.022ns (DCD - SCD - CPR)
    Destination Clock Delay (DCD):    0.432ns
    Source Clock Delay      (SCD):    0.410ns
    Clock Pessimism Removal (CPR):    -0.000ns

    Location             Delay type                Incr(ns)  Path(ns)    Netlist Resource(s)
  -------------------------------------------------------------------    -------------------
                         (clock sys_clk rise edge)    0.000     0.000 r
                                                      0.000     0.000 r  clk (IN)
                         net (fo=19601, unset)        0.410     0.410    u_fe/u_decode/u_error_tmec/u_chien/BIT[3].REG[0].ORIG.u_chien_reg/clk
    SLICE_X39Y4          FDRE                                         r  u_fe/u_decode/u_error_tmec/u_chien/BIT[3].REG[0].ORIG.u_chien_reg/out_reg[2]/C
  -------------------------------------------------------------------    -------------------
    SLICE_X39Y4          FDRE (Prop_fdre_C_Q)         0.141     0.551 r  u_fe/u_decode/u_error_tmec/u_chien/BIT[3].REG[0].ORIG.u_chien_reg/out_reg[2]/Q
                         net (fo=3, routed)           0.066     0.617    u_fe/u_decode/u_error_tmec/u_chien/BIT[3].REG[0].ORIG.u_chien_reg/Q[2]
    SLICE_X38Y4          LUT4 (Prop_lut4_I3_O)        0.045     0.662 r  u_fe/u_decode/u_error_tmec/u_chien/BIT[3].REG[0].ORIG.u_chien_reg/out[1]_i_1__18/O
                         net (fo=1, routed)           0.000     0.662    u_fe/u_decode/u_error_tmec/u_chien/BIT[3].REG[0].ORIG.u_chien_reg/p_0_in[1]
    SLICE_X38Y4          FDRE                                         r  u_fe/u_decode/u_error_tmec/u_chien/BIT[3].REG[0].ORIG.u_chien_reg/out_reg[1]/D
  -------------------------------------------------------------------    -------------------

                         (clock sys_clk rise edge)    0.000     0.000 r
                                                      0.000     0.000 r  clk (IN)
                         net (fo=19601, unset)        0.432     0.432    u_fe/u_decode/u_error_tmec/u_chien/BIT[3].REG[0].ORIG.u_chien_reg/clk
    SLICE_X38Y4          FDRE                                         r  u_fe/u_decode/u_error_tmec/u_chien/BIT[3].REG[0].ORIG.u_chien_reg/out_reg[1]/C
                         clock pessimism              0.000     0.432
    SLICE_X38Y4          FDRE (Hold_fdre_C_D)         0.121     0.553    u_fe/u_decode/u_error_tmec/u_chien/BIT[3].REG[0].ORIG.u_chien_reg/out_reg[1]
  -------------------------------------------------------------------
                         required time                         -0.553
                         arrival time                           0.662
  -------------------------------------------------------------------
                         slack                                  0.110

Slack (MET) :             0.110ns  (arrival time - required time)
  Source:                 u_edge/u_server/ntt/BU/R1/q_reg[4]/C
                            (rising edge-triggered cell FDRE clocked by sys_clk  {rise@0.000ns fall@5.000ns period=10.000ns})
  Destination:            u_edge/u_server/ntt/BU/quo1_reg[4]/D
                            (rising edge-triggered cell FDRE clocked by sys_clk  {rise@0.000ns fall@5.000ns period=10.000ns})
  Path Group:             sys_clk
  Path Type:              Hold (Min at Fast Process Corner)
  Requirement:            0.000ns  (sys_clk rise@0.000ns - sys_clk rise@0.000ns)
  Data Path Delay:        0.206ns  (logic 0.141ns (68.336%)  route 0.065ns (31.664%))
  Logic Levels:           0
  Clock Path Skew:        0.022ns (DCD - SCD - CPR)
    Destination Clock Delay (DCD):    0.432ns
    Source Clock Delay      (SCD):    0.410ns
    Clock Pessimism Removal (CPR):    -0.000ns

    Location             Delay type                Incr(ns)  Path(ns)    Netlist Resource(s)
  -------------------------------------------------------------------    -------------------
                         (clock sys_clk rise edge)    0.000     0.000 r
                                                      0.000     0.000 r  clk (IN)
                         net (fo=19601, unset)        0.410     0.410    u_edge/u_server/ntt/BU/R1/clk
    SLICE_X44Y16         FDRE                                         r  u_edge/u_server/ntt/BU/R1/q_reg[4]/C
  -------------------------------------------------------------------    -------------------
    SLICE_X44Y16         FDRE (Prop_fdre_C_Q)         0.141     0.551 r  u_edge/u_server/ntt/BU/R1/q_reg[4]/Q
                         net (fo=1, routed)           0.065     0.616    u_edge/u_server/ntt/BU/R1_n_18
    SLICE_X44Y16         FDRE                                         r  u_edge/u_server/ntt/BU/quo1_reg[4]/D
  -------------------------------------------------------------------    -------------------

                         (clock sys_clk rise edge)    0.000     0.000 r
                                                      0.000     0.000 r  clk (IN)
                         net (fo=19601, unset)        0.432     0.432    u_edge/u_server/ntt/BU/clk
    SLICE_X44Y16         FDRE                                         r  u_edge/u_server/ntt/BU/quo1_reg[4]/C
                         clock pessimism              0.000     0.432
    SLICE_X44Y16         FDRE (Hold_fdre_C_D)         0.075     0.507    u_edge/u_server/ntt/BU/quo1_reg[4]
  -------------------------------------------------------------------
                         required time                         -0.507
                         arrival time                           0.616
  -------------------------------------------------------------------
                         slack                                  0.110

Slack (MET) :             0.112ns  (arrival time - required time)
  Source:                 u_edge/u_server/ntt/BU/dec1_reg[4]__0/C
                            (rising edge-triggered cell FDRE clocked by sys_clk  {rise@0.000ns fall@5.000ns period=10.000ns})
  Destination:            u_edge/u_server/ntt/BU/S13/inst/gen_depth_gt1.shift_reg_reg[4][4]_srl5/D
                            (rising edge-triggered cell SRL16E clocked by sys_clk  {rise@0.000ns fall@5.000ns period=10.000ns})
  Path Group:             sys_clk
  Path Type:              Hold (Min at Fast Process Corner)
  Requirement:            0.000ns  (sys_clk rise@0.000ns - sys_clk rise@0.000ns)
  Data Path Delay:        0.251ns  (logic 0.141ns (56.174%)  route 0.110ns (43.826%))
  Logic Levels:           0
  Clock Path Skew:        0.022ns (DCD - SCD - CPR)
    Destination Clock Delay (DCD):    0.432ns
    Source Clock Delay      (SCD):    0.410ns
    Clock Pessimism Removal (CPR):    -0.000ns

    Location             Delay type                Incr(ns)  Path(ns)    Netlist Resource(s)
  -------------------------------------------------------------------    -------------------
                         (clock sys_clk rise edge)    0.000     0.000 r
                                                      0.000     0.000 r  clk (IN)
                         net (fo=19601, unset)        0.410     0.410    u_edge/u_server/ntt/BU/clk
    SLICE_X47Y16         FDRE                                         r  u_edge/u_server/ntt/BU/dec1_reg[4]__0/C
  -------------------------------------------------------------------    -------------------
    SLICE_X47Y16         FDRE (Prop_fdre_C_Q)         0.141     0.551 r  u_edge/u_server/ntt/BU/dec1_reg[4]__0/Q
                         net (fo=1, routed)           0.110     0.661    u_edge/u_server/ntt/BU/S13/inst/decomp1_butt_r1_reg[4]__0
    SLICE_X46Y15         SRL16E                                       r  u_edge/u_server/ntt/BU/S13/inst/gen_depth_gt1.shift_reg_reg[4][4]_srl5/D
  -------------------------------------------------------------------    -------------------

                         (clock sys_clk rise edge)    0.000     0.000 r
                                                      0.000     0.000 r  clk (IN)
                         net (fo=19601, unset)        0.432     0.432    u_edge/u_server/ntt/BU/S13/inst/clk
    SLICE_X46Y15         SRL16E                                       r  u_edge/u_server/ntt/BU/S13/inst/gen_depth_gt1.shift_reg_reg[4][4]_srl5/CLK
                         clock pessimism              0.000     0.432
    SLICE_X46Y15         SRL16E (Hold_srl16e_CLK_D)
                                                      0.117     0.549    u_edge/u_server/ntt/BU/S13/inst/gen_depth_gt1.shift_reg_reg[4][4]_srl5
  -------------------------------------------------------------------
                         required time                         -0.549
                         arrival time                           0.661
  -------------------------------------------------------------------
                         slack                                  0.112

Slack (MET) :             0.114ns  (arrival time - required time)
  Source:                 u_edge/u_server/ntt/BU/dec1_reg[5]__0/C
                            (rising edge-triggered cell FDRE clocked by sys_clk  {rise@0.000ns fall@5.000ns period=10.000ns})
  Destination:            u_edge/u_server/ntt/BU/S13/inst/gen_depth_gt1.shift_reg_reg[4][5]_srl5/D
                            (rising edge-triggered cell SRL16E clocked by sys_clk  {rise@0.000ns fall@5.000ns period=10.000ns})
  Path Group:             sys_clk
  Path Type:              Hold (Min at Fast Process Corner)
  Requirement:            0.000ns  (sys_clk rise@0.000ns - sys_clk rise@0.000ns)
  Data Path Delay:        0.251ns  (logic 0.141ns (56.174%)  route 0.110ns (43.826%))
  Logic Levels:           0
  Clock Path Skew:        0.022ns (DCD - SCD - CPR)
    Destination Clock Delay (DCD):    0.432ns
    Source Clock Delay      (SCD):    0.410ns
    Clock Pessimism Removal (CPR):    -0.000ns

    Location             Delay type                Incr(ns)  Path(ns)    Netlist Resource(s)
  -------------------------------------------------------------------    -------------------
                         (clock sys_clk rise edge)    0.000     0.000 r
                                                      0.000     0.000 r  clk (IN)
                         net (fo=19601, unset)        0.410     0.410    u_edge/u_server/ntt/BU/clk
    SLICE_X47Y16         FDRE                                         r  u_edge/u_server/ntt/BU/dec1_reg[5]__0/C
  -------------------------------------------------------------------    -------------------
    SLICE_X47Y16         FDRE (Prop_fdre_C_Q)         0.141     0.551 r  u_edge/u_server/ntt/BU/dec1_reg[5]__0/Q
                         net (fo=1, routed)           0.110     0.661    u_edge/u_server/ntt/BU/S13/inst/decomp1_butt_r1_reg[5]__0
    SLICE_X46Y15         SRL16E                                       r  u_edge/u_server/ntt/BU/S13/inst/gen_depth_gt1.shift_reg_reg[4][5]_srl5/D
  -------------------------------------------------------------------    -------------------

                         (clock sys_clk rise edge)    0.000     0.000 r
                                                      0.000     0.000 r  clk (IN)
                         net (fo=19601, unset)        0.432     0.432    u_edge/u_server/ntt/BU/S13/inst/clk
    SLICE_X46Y15         SRL16E                                       r  u_edge/u_server/ntt/BU/S13/inst/gen_depth_gt1.shift_reg_reg[4][5]_srl5/CLK
                         clock pessimism              0.000     0.432
    SLICE_X46Y15         SRL16E (Hold_srl16e_CLK_D)
                                                      0.115     0.547    u_edge/u_server/ntt/BU/S13/inst/gen_depth_gt1.shift_reg_reg[4][5]_srl5
  -------------------------------------------------------------------
                         required time                         -0.547
                         arrival time                           0.661
  -------------------------------------------------------------------
                         slack                                  0.114

Slack (MET) :             0.119ns  (arrival time - required time)
  Source:                 u_edge/u_server/ntt/raddr_ROM_reg[1]/C
                            (rising edge-triggered cell FDRE clocked by sys_clk  {rise@0.000ns fall@5.000ns period=10.000ns})
  Destination:            u_edge/u_server/ntt/raddr_ROM_r1_reg/ADDRARDADDR[5]
                            (rising edge-triggered cell RAMB18E1 clocked by sys_clk  {rise@0.000ns fall@5.000ns period=10.000ns})
  Path Group:             sys_clk
  Path Type:              Hold (Min at Fast Process Corner)
  Requirement:            0.000ns  (sys_clk rise@0.000ns - sys_clk rise@0.000ns)
  Data Path Delay:        0.323ns  (logic 0.164ns (50.731%)  route 0.159ns (49.269%))
  Logic Levels:           0
  Clock Path Skew:        0.022ns (DCD - SCD - CPR)
    Destination Clock Delay (DCD):    0.432ns
    Source Clock Delay      (SCD):    0.410ns
    Clock Pessimism Removal (CPR):    -0.000ns

    Location             Delay type                Incr(ns)  Path(ns)    Netlist Resource(s)
  -------------------------------------------------------------------    -------------------
                         (clock sys_clk rise edge)    0.000     0.000 r
                                                      0.000     0.000 r  clk (IN)
                         net (fo=19601, unset)        0.410     0.410    u_edge/u_server/ntt/clk
    SLICE_X56Y3          FDRE                                         r  u_edge/u_server/ntt/raddr_ROM_reg[1]/C
  -------------------------------------------------------------------    -------------------
    SLICE_X56Y3          FDRE (Prop_fdre_C_Q)         0.164     0.574 r  u_edge/u_server/ntt/raddr_ROM_reg[1]/Q
                         net (fo=3, routed)           0.159     0.733    u_edge/u_server/ntt/raddr_ROM[1]
    RAMB18_X2Y0          RAMB18E1                                     r  u_edge/u_server/ntt/raddr_ROM_r1_reg/ADDRARDADDR[5]
  -------------------------------------------------------------------    -------------------

                         (clock sys_clk rise edge)    0.000     0.000 r
                                                      0.000     0.000 r  clk (IN)
                         net (fo=19601, unset)        0.432     0.432    u_edge/u_server/ntt/clk
    RAMB18_X2Y0          RAMB18E1                                     r  u_edge/u_server/ntt/raddr_ROM_r1_reg/CLKARDCLK
                         clock pessimism              0.000     0.432
    RAMB18_X2Y0          RAMB18E1 (Hold_ramb18e1_CLKARDCLK_ADDRARDADDR[5])
                                                      0.183     0.615    u_edge/u_server/ntt/raddr_ROM_r1_reg
  -------------------------------------------------------------------
                         required time                         -0.615
                         arrival time                           0.733
  -------------------------------------------------------------------
                         slack                                  0.119

Slack (MET) :             0.119ns  (arrival time - required time)
  Source:                 u_edge/u_server/ntt/raddr_ROM_reg[1]/C
                            (rising edge-triggered cell FDRE clocked by sys_clk  {rise@0.000ns fall@5.000ns period=10.000ns})
  Destination:            u_edge/u_server/ntt/raddr_ROM_r1_reg_rep/ADDRARDADDR[5]
                            (rising edge-triggered cell RAMB18E1 clocked by sys_clk  {rise@0.000ns fall@5.000ns period=10.000ns})
  Path Group:             sys_clk
  Path Type:              Hold (Min at Fast Process Corner)
  Requirement:            0.000ns  (sys_clk rise@0.000ns - sys_clk rise@0.000ns)
  Data Path Delay:        0.323ns  (logic 0.164ns (50.731%)  route 0.159ns (49.269%))
  Logic Levels:           0
  Clock Path Skew:        0.022ns (DCD - SCD - CPR)
    Destination Clock Delay (DCD):    0.432ns
    Source Clock Delay      (SCD):    0.410ns
    Clock Pessimism Removal (CPR):    -0.000ns

    Location             Delay type                Incr(ns)  Path(ns)    Netlist Resource(s)
  -------------------------------------------------------------------    -------------------
                         (clock sys_clk rise edge)    0.000     0.000 r
                                                      0.000     0.000 r  clk (IN)
                         net (fo=19601, unset)        0.410     0.410    u_edge/u_server/ntt/clk
    SLICE_X56Y3          FDRE                                         r  u_edge/u_server/ntt/raddr_ROM_reg[1]/C
  -------------------------------------------------------------------    -------------------
    SLICE_X56Y3          FDRE (Prop_fdre_C_Q)         0.164     0.574 r  u_edge/u_server/ntt/raddr_ROM_reg[1]/Q
                         net (fo=3, routed)           0.159     0.733    u_edge/u_server/ntt/raddr_ROM[1]
    RAMB18_X2Y1          RAMB18E1                                     r  u_edge/u_server/ntt/raddr_ROM_r1_reg_rep/ADDRARDADDR[5]
  -------------------------------------------------------------------    -------------------

                         (clock sys_clk rise edge)    0.000     0.000 r
                                                      0.000     0.000 r  clk (IN)
                         net (fo=19601, unset)        0.432     0.432    u_edge/u_server/ntt/clk
    RAMB18_X2Y1          RAMB18E1                                     r  u_edge/u_server/ntt/raddr_ROM_r1_reg_rep/CLKARDCLK
                         clock pessimism              0.000     0.432
    RAMB18_X2Y1          RAMB18E1 (Hold_ramb18e1_CLKARDCLK_ADDRARDADDR[5])
                                                      0.183     0.615    u_edge/u_server/ntt/raddr_ROM_r1_reg_rep
  -------------------------------------------------------------------
                         required time                         -0.615
                         arrival time                           0.733
  -------------------------------------------------------------------
                         slack                                  0.119

Slack (MET) :             0.120ns  (arrival time - required time)
  Source:                 u_edge/u_server/ntt/raddr_ROM_reg[0]/C
                            (rising edge-triggered cell FDRE clocked by sys_clk  {rise@0.000ns fall@5.000ns period=10.000ns})
  Destination:            u_edge/u_server/ntt/raddr_ROM_r1_reg/ADDRARDADDR[4]
                            (rising edge-triggered cell RAMB18E1 clocked by sys_clk  {rise@0.000ns fall@5.000ns period=10.000ns})
  Path Group:             sys_clk
  Path Type:              Hold (Min at Fast Process Corner)
  Requirement:            0.000ns  (sys_clk rise@0.000ns - sys_clk rise@0.000ns)
  Data Path Delay:        0.324ns  (logic 0.164ns (50.575%)  route 0.160ns (49.425%))
  Logic Levels:           0
  Clock Path Skew:        0.022ns (DCD - SCD - CPR)
    Destination Clock Delay (DCD):    0.432ns
    Source Clock Delay      (SCD):    0.410ns
    Clock Pessimism Removal (CPR):    -0.000ns

    Location             Delay type                Incr(ns)  Path(ns)    Netlist Resource(s)
  -------------------------------------------------------------------    -------------------
                         (clock sys_clk rise edge)    0.000     0.000 r
                                                      0.000     0.000 r  clk (IN)
                         net (fo=19601, unset)        0.410     0.410    u_edge/u_server/ntt/clk
    SLICE_X56Y3          FDRE                                         r  u_edge/u_server/ntt/raddr_ROM_reg[0]/C
  -------------------------------------------------------------------    -------------------
    SLICE_X56Y3          FDRE (Prop_fdre_C_Q)         0.164     0.574 r  u_edge/u_server/ntt/raddr_ROM_reg[0]/Q
                         net (fo=3, routed)           0.160     0.734    u_edge/u_server/ntt/raddr_ROM[0]
    RAMB18_X2Y0          RAMB18E1                                     r  u_edge/u_server/ntt/raddr_ROM_r1_reg/ADDRARDADDR[4]
  -------------------------------------------------------------------    -------------------

                         (clock sys_clk rise edge)    0.000     0.000 r
                                                      0.000     0.000 r  clk (IN)
                         net (fo=19601, unset)        0.432     0.432    u_edge/u_server/ntt/clk
    RAMB18_X2Y0          RAMB18E1                                     r  u_edge/u_server/ntt/raddr_ROM_r1_reg/CLKARDCLK
                         clock pessimism              0.000     0.432
    RAMB18_X2Y0          RAMB18E1 (Hold_ramb18e1_CLKARDCLK_ADDRARDADDR[4])
                                                      0.183     0.615    u_edge/u_server/ntt/raddr_ROM_r1_reg
  -------------------------------------------------------------------
                         required time                         -0.615
                         arrival time                           0.734
  -------------------------------------------------------------------
                         slack                                  0.120

Slack (MET) :             0.120ns  (arrival time - required time)
  Source:                 u_edge/u_server/ntt/raddr_ROM_reg[0]/C
                            (rising edge-triggered cell FDRE clocked by sys_clk  {rise@0.000ns fall@5.000ns period=10.000ns})
  Destination:            u_edge/u_server/ntt/raddr_ROM_r1_reg_rep/ADDRARDADDR[4]
                            (rising edge-triggered cell RAMB18E1 clocked by sys_clk  {rise@0.000ns fall@5.000ns period=10.000ns})
  Path Group:             sys_clk
  Path Type:              Hold (Min at Fast Process Corner)
  Requirement:            0.000ns  (sys_clk rise@0.000ns - sys_clk rise@0.000ns)
  Data Path Delay:        0.324ns  (logic 0.164ns (50.575%)  route 0.160ns (49.425%))
  Logic Levels:           0
  Clock Path Skew:        0.022ns (DCD - SCD - CPR)
    Destination Clock Delay (DCD):    0.432ns
    Source Clock Delay      (SCD):    0.410ns
    Clock Pessimism Removal (CPR):    -0.000ns

    Location             Delay type                Incr(ns)  Path(ns)    Netlist Resource(s)
  -------------------------------------------------------------------    -------------------
                         (clock sys_clk rise edge)    0.000     0.000 r
                                                      0.000     0.000 r  clk (IN)
                         net (fo=19601, unset)        0.410     0.410    u_edge/u_server/ntt/clk
    SLICE_X56Y3          FDRE                                         r  u_edge/u_server/ntt/raddr_ROM_reg[0]/C
  -------------------------------------------------------------------    -------------------
    SLICE_X56Y3          FDRE (Prop_fdre_C_Q)         0.164     0.574 r  u_edge/u_server/ntt/raddr_ROM_reg[0]/Q
                         net (fo=3, routed)           0.160     0.734    u_edge/u_server/ntt/raddr_ROM[0]
    RAMB18_X2Y1          RAMB18E1                                     r  u_edge/u_server/ntt/raddr_ROM_r1_reg_rep/ADDRARDADDR[4]
  -------------------------------------------------------------------    -------------------

                         (clock sys_clk rise edge)    0.000     0.000 r
                                                      0.000     0.000 r  clk (IN)
                         net (fo=19601, unset)        0.432     0.432    u_edge/u_server/ntt/clk
    RAMB18_X2Y1          RAMB18E1                                     r  u_edge/u_server/ntt/raddr_ROM_r1_reg_rep/CLKARDCLK
                         clock pessimism              0.000     0.432
    RAMB18_X2Y1          RAMB18E1 (Hold_ramb18e1_CLKARDCLK_ADDRARDADDR[4])
                                                      0.183     0.615    u_edge/u_server/ntt/raddr_ROM_r1_reg_rep
  -------------------------------------------------------------------
                         required time                         -0.615
                         arrival time                           0.734
  -------------------------------------------------------------------
                         slack                                  0.120

Slack (MET) :             0.120ns  (arrival time - required time)
  Source:                 u_edge/u_server/ntt/state_r3_reg[1]/C
                            (rising edge-triggered cell FDRE clocked by sys_clk  {rise@0.000ns fall@5.000ns period=10.000ns})
  Destination:            u_edge/u_server/ntt/S4/inst/gen_depth_gt1.shift_reg_reg[8][1]_srl9/D
                            (rising edge-triggered cell SRL16E clocked by sys_clk  {rise@0.000ns fall@5.000ns period=10.000ns})
  Path Group:             sys_clk
  Path Type:              Hold (Min at Fast Process Corner)
  Requirement:            0.000ns  (sys_clk rise@0.000ns - sys_clk rise@0.000ns)
  Data Path Delay:        0.250ns  (logic 0.141ns (56.317%)  route 0.109ns (43.683%))
  Logic Levels:           0
  Clock Path Skew:        0.022ns (DCD - SCD - CPR)
    Destination Clock Delay (DCD):    0.432ns
    Source Clock Delay      (SCD):    0.410ns
    Clock Pessimism Removal (CPR):    -0.000ns

    Location             Delay type                Incr(ns)  Path(ns)    Netlist Resource(s)
  -------------------------------------------------------------------    -------------------
                         (clock sys_clk rise edge)    0.000     0.000 r
                                                      0.000     0.000 r  clk (IN)
                         net (fo=19601, unset)        0.410     0.410    u_edge/u_server/ntt/clk
    SLICE_X59Y15         FDRE                                         r  u_edge/u_server/ntt/state_r3_reg[1]/C
  -------------------------------------------------------------------    -------------------
    SLICE_X59Y15         FDRE (Prop_fdre_C_Q)         0.141     0.551 r  u_edge/u_server/ntt/state_r3_reg[1]/Q
                         net (fo=23, routed)          0.109     0.661    u_edge/u_server/ntt/S4/inst/Q[1]
    SLICE_X60Y16         SRL16E                                       r  u_edge/u_server/ntt/S4/inst/gen_depth_gt1.shift_reg_reg[8][1]_srl9/D
  -------------------------------------------------------------------    -------------------

                         (clock sys_clk rise edge)    0.000     0.000 r
                                                      0.000     0.000 r  clk (IN)
                         net (fo=19601, unset)        0.432     0.432    u_edge/u_server/ntt/S4/inst/clk
    SLICE_X60Y16         SRL16E                                       r  u_edge/u_server/ntt/S4/inst/gen_depth_gt1.shift_reg_reg[8][1]_srl9/CLK
                         clock pessimism              0.000     0.432
    SLICE_X60Y16         SRL16E (Hold_srl16e_CLK_D)
                                                      0.109     0.541    u_edge/u_server/ntt/S4/inst/gen_depth_gt1.shift_reg_reg[8][1]_srl9
  -------------------------------------------------------------------
                         required time                         -0.541
                         arrival time                           0.661
  -------------------------------------------------------------------
                         slack                                  0.120





Pulse Width Checks
--------------------------------------------------------------------------------------
Clock Name:         sys_clk
Waveform(ns):       { 0.000 5.000 }
Period(ns):         10.000
Sources:            { clk }

Check Type        Corner  Lib Pin             Reference Pin  Required(ns)  Actual(ns)  Slack(ns)  Location      Pin
Min Period        n/a     DSP48E1/CLK         n/a            3.884         10.000      6.116      DSP48_X1Y4    u_edge/u_server/ntt/BU/M1/u_mult/product_reg_reg/CLK
Min Period        n/a     DSP48E1/CLK         n/a            3.884         10.000      6.116      DSP48_X1Y2    u_edge/u_server/ntt/BU/M0/u_mult/product_reg_reg/CLK
Min Period        n/a     RAMB36E1/CLKARDCLK  n/a            2.944         10.000      7.056      RAMB36_X0Y17  u_edge/u_server/hash/ofifo_inst/inst/mem_reg_0/CLKARDCLK
Min Period        n/a     RAMB18E1/CLKARDCLK  n/a            2.944         10.000      7.056      RAMB18_X0Y37  u_edge/u_server/hash/ofifo_inst/inst/mem_reg_1/CLKARDCLK
Min Period        n/a     RAMB18E1/CLKARDCLK  n/a            2.944         10.000      7.056      RAMB18_X2Y24  u_edge/u_server/DFIFO0/inst/mem_reg/CLKARDCLK
Min Period        n/a     RAMB18E1/CLKBWRCLK  n/a            2.944         10.000      7.056      RAMB18_X2Y24  u_edge/u_server/DFIFO0/inst/mem_reg/CLKBWRCLK
Min Period        n/a     RAMB18E1/CLKARDCLK  n/a            2.944         10.000      7.056      RAMB18_X2Y22  u_edge/u_server/DFIFO1/inst/mem_reg/CLKARDCLK
Min Period        n/a     RAMB18E1/CLKARDCLK  n/a            2.944         10.000      7.056      RAMB18_X1Y26  u_edge/u_server/IFIFO/inst/mem_reg/CLKARDCLK
Min Period        n/a     RAMB18E1/CLKBWRCLK  n/a            2.944         10.000      7.056      RAMB18_X1Y26  u_edge/u_server/IFIFO/inst/mem_reg/CLKBWRCLK
Min Period        n/a     RAMB18E1/CLKARDCLK  n/a            2.944         10.000      7.056      RAMB18_X2Y26  u_edge/u_server/OFIFO/inst/mem_reg/CLKARDCLK
Min Period        n/a     RAMB18E1/CLKBWRCLK  n/a            2.944         10.000      7.056      RAMB18_X2Y26  u_edge/u_server/OFIFO/inst/mem_reg/CLKBWRCLK
Min Period        n/a     RAMB36E1/CLKARDCLK  n/a            2.944         10.000      7.056      RAMB36_X1Y16  u_edge/u_server/ciphertext_store/mem_reg/CLKARDCLK
Min Period        n/a     RAMB36E1/CLKBWRCLK  n/a            2.944         10.000      7.056      RAMB36_X1Y16  u_edge/u_server/ciphertext_store/mem_reg/CLKBWRCLK
Min Period        n/a     RAMB36E1/CLKARDCLK  n/a            2.944         10.000      7.056      RAMB36_X1Y2   u_edge/u_server/ntt/RAM0/inst/mem_reg/CLKARDCLK
Min Period        n/a     RAMB36E1/CLKBWRCLK  n/a            2.944         10.000      7.056      RAMB36_X1Y2   u_edge/u_server/ntt/RAM0/inst/mem_reg/CLKBWRCLK
Min Period        n/a     RAMB36E1/CLKARDCLK  n/a            2.944         10.000      7.056      RAMB36_X1Y1   u_edge/u_server/ntt/RAM1/inst/mem_reg/CLKARDCLK
Min Period        n/a     RAMB36E1/CLKBWRCLK  n/a            2.944         10.000      7.056      RAMB36_X1Y1   u_edge/u_server/ntt/RAM1/inst/mem_reg/CLKBWRCLK
Min Period        n/a     RAMB36E1/CLKARDCLK  n/a            2.944         10.000      7.056      RAMB36_X1Y3   u_edge/u_server/ntt/RAM2/inst/mem_reg/CLKARDCLK
Min Period        n/a     RAMB36E1/CLKBWRCLK  n/a            2.944         10.000      7.056      RAMB36_X1Y3   u_edge/u_server/ntt/RAM2/inst/mem_reg/CLKBWRCLK
Min Period        n/a     RAMB36E1/CLKARDCLK  n/a            2.944         10.000      7.056      RAMB36_X1Y0   u_edge/u_server/ntt/RAM3/inst/mem_reg/CLKARDCLK
Low Pulse Width   Fast    SRL16E/CLK          n/a            0.980         5.000       4.020      SLICE_X52Y6   u_edge/u_server/ntt/S5/inst/gen_depth_gt1.shift_reg_reg[10][0]_srl11/CLK
Low Pulse Width   Fast    SRL16E/CLK          n/a            0.980         5.000       4.020      SLICE_X52Y6   u_edge/u_server/ntt/S5/inst/gen_depth_gt1.shift_reg_reg[10][1]_srl11/CLK
Low Pulse Width   Fast    SRL16E/CLK          n/a            0.980         5.000       4.020      SLICE_X52Y6   u_edge/u_server/ntt/S5/inst/gen_depth_gt1.shift_reg_reg[10][2]_srl11/CLK
Low Pulse Width   Fast    SRL16E/CLK          n/a            0.980         5.000       4.020      SLICE_X52Y6   u_edge/u_server/ntt/S5/inst/gen_depth_gt1.shift_reg_reg[10][3]_srl11/CLK
Low Pulse Width   Fast    SRL16E/CLK          n/a            0.980         5.000       4.020      SLICE_X52Y6   u_edge/u_server/ntt/S5/inst/gen_depth_gt1.shift_reg_reg[10][4]_srl11/CLK
Low Pulse Width   Fast    SRL16E/CLK          n/a            0.980         5.000       4.020      SLICE_X52Y6   u_edge/u_server/ntt/S5/inst/gen_depth_gt1.shift_reg_reg[10][5]_srl11/CLK
Low Pulse Width   Fast    SRL16E/CLK          n/a            0.980         5.000       4.020      SLICE_X52Y6   u_edge/u_server/ntt/S5/inst/gen_depth_gt1.shift_reg_reg[10][6]_srl11/CLK
Low Pulse Width   Fast    SRL16E/CLK          n/a            0.980         5.000       4.020      SLICE_X52Y6   u_edge/u_server/ntt/S5/inst/gen_depth_gt1.shift_reg_reg[10][7]_srl11/CLK
Low Pulse Width   Fast    SRL16E/CLK          n/a            0.980         5.000       4.020      SLICE_X42Y9   u_edge/u_server/ntt/S6/inst/gen_depth_gt1.shift_reg_reg[10][0]_srl11/CLK
Low Pulse Width   Fast    SRL16E/CLK          n/a            0.980         5.000       4.020      SLICE_X42Y9   u_edge/u_server/ntt/S6/inst/gen_depth_gt1.shift_reg_reg[10][1]_srl11/CLK
Low Pulse Width   Fast    SRL16E/CLK          n/a            0.980         5.000       4.020      SLICE_X42Y9   u_edge/u_server/ntt/S6/inst/gen_depth_gt1.shift_reg_reg[10][2]_srl11/CLK
Low Pulse Width   Fast    SRL16E/CLK          n/a            0.980         5.000       4.020      SLICE_X42Y9   u_edge/u_server/ntt/S6/inst/gen_depth_gt1.shift_reg_reg[10][3]_srl11/CLK
Low Pulse Width   Fast    SRL16E/CLK          n/a            0.980         5.000       4.020      SLICE_X42Y9   u_edge/u_server/ntt/S6/inst/gen_depth_gt1.shift_reg_reg[10][4]_srl11/CLK
Low Pulse Width   Fast    SRL16E/CLK          n/a            0.980         5.000       4.020      SLICE_X42Y9   u_edge/u_server/ntt/S6/inst/gen_depth_gt1.shift_reg_reg[10][5]_srl11/CLK
Low Pulse Width   Fast    SRL16E/CLK          n/a            0.980         5.000       4.020      SLICE_X52Y9   u_edge/u_server/ntt/S7/inst/gen_depth_gt1.shift_reg_reg[10][0]_srl9/CLK
Low Pulse Width   Fast    SRL16E/CLK          n/a            0.980         5.000       4.020      SLICE_X56Y5   u_edge/u_server/ntt/S7/inst/gen_depth_gt1.shift_reg_reg[10][1]_srl11/CLK
Low Pulse Width   Fast    SRL16E/CLK          n/a            0.980         5.000       4.020      SLICE_X56Y5   u_edge/u_server/ntt/S7/inst/gen_depth_gt1.shift_reg_reg[10][2]_srl11/CLK
Low Pulse Width   Fast    SRL16E/CLK          n/a            0.980         5.000       4.020      SLICE_X56Y5   u_edge/u_server/ntt/S7/inst/gen_depth_gt1.shift_reg_reg[10][3]_srl11/CLK
Low Pulse Width   Fast    SRL16E/CLK          n/a            0.980         5.000       4.020      SLICE_X56Y5   u_edge/u_server/ntt/S7/inst/gen_depth_gt1.shift_reg_reg[10][4]_srl11/CLK
Low Pulse Width   Fast    SRL16E/CLK          n/a            0.980         5.000       4.020      SLICE_X56Y5   u_edge/u_server/ntt/S7/inst/gen_depth_gt1.shift_reg_reg[10][5]_srl11/CLK
High Pulse Width  Slow    SRL16E/CLK          n/a            0.980         5.000       4.020      SLICE_X52Y6   u_edge/u_server/ntt/S5/inst/gen_depth_gt1.shift_reg_reg[10][0]_srl11/CLK
High Pulse Width  Fast    SRL16E/CLK          n/a            0.980         5.000       4.020      SLICE_X52Y6   u_edge/u_server/ntt/S5/inst/gen_depth_gt1.shift_reg_reg[10][0]_srl11/CLK
High Pulse Width  Slow    SRL16E/CLK          n/a            0.980         5.000       4.020      SLICE_X52Y6   u_edge/u_server/ntt/S5/inst/gen_depth_gt1.shift_reg_reg[10][1]_srl11/CLK
High Pulse Width  Fast    SRL16E/CLK          n/a            0.980         5.000       4.020      SLICE_X52Y6   u_edge/u_server/ntt/S5/inst/gen_depth_gt1.shift_reg_reg[10][1]_srl11/CLK
High Pulse Width  Slow    SRL16E/CLK          n/a            0.980         5.000       4.020      SLICE_X52Y6   u_edge/u_server/ntt/S5/inst/gen_depth_gt1.shift_reg_reg[10][2]_srl11/CLK
High Pulse Width  Fast    SRL16E/CLK          n/a            0.980         5.000       4.020      SLICE_X52Y6   u_edge/u_server/ntt/S5/inst/gen_depth_gt1.shift_reg_reg[10][2]_srl11/CLK
High Pulse Width  Slow    SRL16E/CLK          n/a            0.980         5.000       4.020      SLICE_X52Y6   u_edge/u_server/ntt/S5/inst/gen_depth_gt1.shift_reg_reg[10][3]_srl11/CLK
High Pulse Width  Fast    SRL16E/CLK          n/a            0.980         5.000       4.020      SLICE_X52Y6   u_edge/u_server/ntt/S5/inst/gen_depth_gt1.shift_reg_reg[10][3]_srl11/CLK
High Pulse Width  Slow    SRL16E/CLK          n/a            0.980         5.000       4.020      SLICE_X52Y6   u_edge/u_server/ntt/S5/inst/gen_depth_gt1.shift_reg_reg[10][4]_srl11/CLK
High Pulse Width  Fast    SRL16E/CLK          n/a            0.980         5.000       4.020      SLICE_X52Y6   u_edge/u_server/ntt/S5/inst/gen_depth_gt1.shift_reg_reg[10][4]_srl11/CLK
High Pulse Width  Slow    SRL16E/CLK          n/a            0.980         5.000       4.020      SLICE_X52Y6   u_edge/u_server/ntt/S5/inst/gen_depth_gt1.shift_reg_reg[10][5]_srl11/CLK
High Pulse Width  Fast    SRL16E/CLK          n/a            0.980         5.000       4.020      SLICE_X52Y6   u_edge/u_server/ntt/S5/inst/gen_depth_gt1.shift_reg_reg[10][5]_srl11/CLK
High Pulse Width  Slow    SRL16E/CLK          n/a            0.980         5.000       4.020      SLICE_X52Y6   u_edge/u_server/ntt/S5/inst/gen_depth_gt1.shift_reg_reg[10][6]_srl11/CLK
High Pulse Width  Fast    SRL16E/CLK          n/a            0.980         5.000       4.020      SLICE_X52Y6   u_edge/u_server/ntt/S5/inst/gen_depth_gt1.shift_reg_reg[10][6]_srl11/CLK
High Pulse Width  Slow    SRL16E/CLK          n/a            0.980         5.000       4.020      SLICE_X52Y6   u_edge/u_server/ntt/S5/inst/gen_depth_gt1.shift_reg_reg[10][7]_srl11/CLK
High Pulse Width  Fast    SRL16E/CLK          n/a            0.980         5.000       4.020      SLICE_X52Y6   u_edge/u_server/ntt/S5/inst/gen_depth_gt1.shift_reg_reg[10][7]_srl11/CLK
High Pulse Width  Slow    SRL16E/CLK          n/a            0.980         5.000       4.020      SLICE_X42Y9   u_edge/u_server/ntt/S6/inst/gen_depth_gt1.shift_reg_reg[10][0]_srl11/CLK
High Pulse Width  Fast    SRL16E/CLK          n/a            0.980         5.000       4.020      SLICE_X42Y9   u_edge/u_server/ntt/S6/inst/gen_depth_gt1.shift_reg_reg[10][0]_srl11/CLK
High Pulse Width  Slow    SRL16E/CLK          n/a            0.980         5.000       4.020      SLICE_X42Y9   u_edge/u_server/ntt/S6/inst/gen_depth_gt1.shift_reg_reg[10][1]_srl11/CLK
High Pulse Width  Fast    SRL16E/CLK          n/a            0.980         5.000       4.020      SLICE_X42Y9   u_edge/u_server/ntt/S6/inst/gen_depth_gt1.shift_reg_reg[10][1]_srl11/CLK



---------------------------------------------------------------------------------------------------
Path Group:  **async_default**
From Clock:  sys_clk
  To Clock:  sys_clk

Setup :            0  Failing Endpoints,  Worst Slack        0.656ns,  Total Violation        0.000ns
Hold  :            0  Failing Endpoints,  Worst Slack        0.831ns,  Total Violation        0.000ns
---------------------------------------------------------------------------------------------------


Max Delay Paths
--------------------------------------------------------------------------------------
Slack (MET) :             0.656ns  (required time - arrival time)
  Source:                 u_edge/u_control/u_seed/FSM_sequential_state_reg[2]/C
                            (rising edge-triggered cell FDCE clocked by sys_clk  {rise@0.000ns fall@5.000ns period=10.000ns})
  Destination:            u_edge/u_control/u_seed/u_kdf/lane_a_reg[17][60]/CLR
                            (recovery check against rising-edge clock sys_clk  {rise@0.000ns fall@5.000ns period=10.000ns})
  Path Group:             **async_default**
  Path Type:              Recovery (Max at Slow Process Corner)
  Requirement:            10.000ns  (sys_clk rise@10.000ns - sys_clk rise@0.000ns)
  Data Path Delay:        8.855ns  (logic 0.580ns (6.550%)  route 8.275ns (93.450%))
  Logic Levels:           1  (LUT5=1)
  Clock Path Skew:        -0.049ns (DCD - SCD + CPR)
    Destination Clock Delay (DCD):    0.924ns = ( 10.924 - 10.000 )
    Source Clock Delay      (SCD):    0.973ns
    Clock Pessimism Removal (CPR):    0.000ns
  Clock Uncertainty:      0.035ns  ((TSJ^2 + TIJ^2)^1/2 + DJ) / 2 + PE
    Total System Jitter     (TSJ):    0.071ns
    Total Input Jitter      (TIJ):    0.000ns
    Discrete Jitter          (DJ):    0.000ns
    Phase Error              (PE):    0.000ns

    Location             Delay type                Incr(ns)  Path(ns)    Netlist Resource(s)
  -------------------------------------------------------------------    -------------------
                         (clock sys_clk rise edge)    0.000     0.000 r
                                                      0.000     0.000 r  clk (IN)
                         net (fo=19601, unset)        0.973     0.973    u_edge/u_control/u_seed/clk
    SLICE_X36Y66         FDCE                                         r  u_edge/u_control/u_seed/FSM_sequential_state_reg[2]/C
  -------------------------------------------------------------------    -------------------
    SLICE_X36Y66         FDCE (Prop_fdce_C_Q)         0.456     1.429 r  u_edge/u_control/u_seed/FSM_sequential_state_reg[2]/Q
                         net (fo=525, routed)         2.062     3.491    u_edge/u_control/u_seed/state__0[2]
    SLICE_X41Y72         LUT5 (Prop_lut5_I1_O)        0.124     3.615 f  u_edge/u_control/u_seed/FSM_sequential_state[2]_i_2/O
                         net (fo=4072, routed)        6.213     9.828    u_edge/u_control/u_seed/u_kdf/done_reg_0
    SLICE_X4Y43          FDCE                                         f  u_edge/u_control/u_seed/u_kdf/lane_a_reg[17][60]/CLR
  -------------------------------------------------------------------    -------------------

                         (clock sys_clk rise edge)   10.000    10.000 r
                                                      0.000    10.000 r  clk (IN)
                         net (fo=19601, unset)        0.924    10.924    u_edge/u_control/u_seed/u_kdf/clk
    SLICE_X4Y43          FDCE                                         r  u_edge/u_control/u_seed/u_kdf/lane_a_reg[17][60]/C
                         clock pessimism              0.000    10.924
                         clock uncertainty           -0.035    10.889
    SLICE_X4Y43          FDCE (Recov_fdce_C_CLR)     -0.405    10.484    u_edge/u_control/u_seed/u_kdf/lane_a_reg[17][60]
  -------------------------------------------------------------------
                         required time                         10.484
                         arrival time                          -9.828
  -------------------------------------------------------------------
                         slack                                  0.656

Slack (MET) :             0.725ns  (required time - arrival time)
  Source:                 u_edge/u_control/u_seed/FSM_sequential_state_reg[2]/C
                            (rising edge-triggered cell FDCE clocked by sys_clk  {rise@0.000ns fall@5.000ns period=10.000ns})
  Destination:            u_edge/u_control/u_seed/u_kdf/lane_a_reg[0][58]/CLR
                            (recovery check against rising-edge clock sys_clk  {rise@0.000ns fall@5.000ns period=10.000ns})
  Path Group:             **async_default**
  Path Type:              Recovery (Max at Slow Process Corner)
  Requirement:            10.000ns  (sys_clk rise@10.000ns - sys_clk rise@0.000ns)
  Data Path Delay:        8.872ns  (logic 0.580ns (6.537%)  route 8.292ns (93.463%))
  Logic Levels:           1  (LUT5=1)
  Clock Path Skew:        -0.049ns (DCD - SCD + CPR)
    Destination Clock Delay (DCD):    0.924ns = ( 10.924 - 10.000 )
    Source Clock Delay      (SCD):    0.973ns
    Clock Pessimism Removal (CPR):    0.000ns
  Clock Uncertainty:      0.035ns  ((TSJ^2 + TIJ^2)^1/2 + DJ) / 2 + PE
    Total System Jitter     (TSJ):    0.071ns
    Total Input Jitter      (TIJ):    0.000ns
    Discrete Jitter          (DJ):    0.000ns
    Phase Error              (PE):    0.000ns

    Location             Delay type                Incr(ns)  Path(ns)    Netlist Resource(s)
  -------------------------------------------------------------------    -------------------
                         (clock sys_clk rise edge)    0.000     0.000 r
                                                      0.000     0.000 r  clk (IN)
                         net (fo=19601, unset)        0.973     0.973    u_edge/u_control/u_seed/clk
    SLICE_X36Y66         FDCE                                         r  u_edge/u_control/u_seed/FSM_sequential_state_reg[2]/C
  -------------------------------------------------------------------    -------------------
    SLICE_X36Y66         FDCE (Prop_fdce_C_Q)         0.456     1.429 r  u_edge/u_control/u_seed/FSM_sequential_state_reg[2]/Q
                         net (fo=525, routed)         2.062     3.491    u_edge/u_control/u_seed/state__0[2]
    SLICE_X41Y72         LUT5 (Prop_lut5_I1_O)        0.124     3.615 f  u_edge/u_control/u_seed/FSM_sequential_state[2]_i_2/O
                         net (fo=4072, routed)        6.230     9.845    u_edge/u_control/u_seed/u_kdf/done_reg_0
    SLICE_X6Y41          FDCE                                         f  u_edge/u_control/u_seed/u_kdf/lane_a_reg[0][58]/CLR
  -------------------------------------------------------------------    -------------------

                         (clock sys_clk rise edge)   10.000    10.000 r
                                                      0.000    10.000 r  clk (IN)
                         net (fo=19601, unset)        0.924    10.924    u_edge/u_control/u_seed/u_kdf/clk
    SLICE_X6Y41          FDCE                                         r  u_edge/u_control/u_seed/u_kdf/lane_a_reg[0][58]/C
                         clock pessimism              0.000    10.924
                         clock uncertainty           -0.035    10.889
    SLICE_X6Y41          FDCE (Recov_fdce_C_CLR)     -0.319    10.570    u_edge/u_control/u_seed/u_kdf/lane_a_reg[0][58]
  -------------------------------------------------------------------
                         required time                         10.570
                         arrival time                          -9.845
  -------------------------------------------------------------------
                         slack                                  0.725

Slack (MET) :             0.748ns  (required time - arrival time)
  Source:                 u_edge/u_control/u_seed/FSM_sequential_state_reg[2]/C
                            (rising edge-triggered cell FDCE clocked by sys_clk  {rise@0.000ns fall@5.000ns period=10.000ns})
  Destination:            u_edge/u_control/u_seed/u_kdf/lane_a_reg[22][59]/CLR
                            (recovery check against rising-edge clock sys_clk  {rise@0.000ns fall@5.000ns period=10.000ns})
  Path Group:             **async_default**
  Path Type:              Recovery (Max at Slow Process Corner)
  Requirement:            10.000ns  (sys_clk rise@10.000ns - sys_clk rise@0.000ns)
  Data Path Delay:        8.763ns  (logic 0.580ns (6.619%)  route 8.183ns (93.381%))
  Logic Levels:           1  (LUT5=1)
  Clock Path Skew:        -0.049ns (DCD - SCD + CPR)
    Destination Clock Delay (DCD):    0.924ns = ( 10.924 - 10.000 )
    Source Clock Delay      (SCD):    0.973ns
    Clock Pessimism Removal (CPR):    0.000ns
  Clock Uncertainty:      0.035ns  ((TSJ^2 + TIJ^2)^1/2 + DJ) / 2 + PE
    Total System Jitter     (TSJ):    0.071ns
    Total Input Jitter      (TIJ):    0.000ns
    Discrete Jitter          (DJ):    0.000ns
    Phase Error              (PE):    0.000ns

    Location             Delay type                Incr(ns)  Path(ns)    Netlist Resource(s)
  -------------------------------------------------------------------    -------------------
                         (clock sys_clk rise edge)    0.000     0.000 r
                                                      0.000     0.000 r  clk (IN)
                         net (fo=19601, unset)        0.973     0.973    u_edge/u_control/u_seed/clk
    SLICE_X36Y66         FDCE                                         r  u_edge/u_control/u_seed/FSM_sequential_state_reg[2]/C
  -------------------------------------------------------------------    -------------------
    SLICE_X36Y66         FDCE (Prop_fdce_C_Q)         0.456     1.429 r  u_edge/u_control/u_seed/FSM_sequential_state_reg[2]/Q
                         net (fo=525, routed)         2.062     3.491    u_edge/u_control/u_seed/state__0[2]
    SLICE_X41Y72         LUT5 (Prop_lut5_I1_O)        0.124     3.615 f  u_edge/u_control/u_seed/FSM_sequential_state[2]_i_2/O
                         net (fo=4072, routed)        6.120     9.736    u_edge/u_control/u_seed/u_kdf/done_reg_0
    SLICE_X4Y45          FDCE                                         f  u_edge/u_control/u_seed/u_kdf/lane_a_reg[22][59]/CLR
  -------------------------------------------------------------------    -------------------

                         (clock sys_clk rise edge)   10.000    10.000 r
                                                      0.000    10.000 r  clk (IN)
                         net (fo=19601, unset)        0.924    10.924    u_edge/u_control/u_seed/u_kdf/clk
    SLICE_X4Y45          FDCE                                         r  u_edge/u_control/u_seed/u_kdf/lane_a_reg[22][59]/C
                         clock pessimism              0.000    10.924
                         clock uncertainty           -0.035    10.889
    SLICE_X4Y45          FDCE (Recov_fdce_C_CLR)     -0.405    10.484    u_edge/u_control/u_seed/u_kdf/lane_a_reg[22][59]
  -------------------------------------------------------------------
                         required time                         10.484
                         arrival time                          -9.736
  -------------------------------------------------------------------
                         slack                                  0.748

Slack (MET) :             0.748ns  (required time - arrival time)
  Source:                 u_edge/u_control/u_seed/FSM_sequential_state_reg[2]/C
                            (rising edge-triggered cell FDCE clocked by sys_clk  {rise@0.000ns fall@5.000ns period=10.000ns})
  Destination:            u_edge/u_control/u_seed/u_kdf/lane_a_reg[22][60]/CLR
                            (recovery check against rising-edge clock sys_clk  {rise@0.000ns fall@5.000ns period=10.000ns})
  Path Group:             **async_default**
  Path Type:              Recovery (Max at Slow Process Corner)
  Requirement:            10.000ns  (sys_clk rise@10.000ns - sys_clk rise@0.000ns)
  Data Path Delay:        8.763ns  (logic 0.580ns (6.619%)  route 8.183ns (93.381%))
  Logic Levels:           1  (LUT5=1)
  Clock Path Skew:        -0.049ns (DCD - SCD + CPR)
    Destination Clock Delay (DCD):    0.924ns = ( 10.924 - 10.000 )
    Source Clock Delay      (SCD):    0.973ns
    Clock Pessimism Removal (CPR):    0.000ns
  Clock Uncertainty:      0.035ns  ((TSJ^2 + TIJ^2)^1/2 + DJ) / 2 + PE
    Total System Jitter     (TSJ):    0.071ns
    Total Input Jitter      (TIJ):    0.000ns
    Discrete Jitter          (DJ):    0.000ns
    Phase Error              (PE):    0.000ns

    Location             Delay type                Incr(ns)  Path(ns)    Netlist Resource(s)
  -------------------------------------------------------------------    -------------------
                         (clock sys_clk rise edge)    0.000     0.000 r
                                                      0.000     0.000 r  clk (IN)
                         net (fo=19601, unset)        0.973     0.973    u_edge/u_control/u_seed/clk
    SLICE_X36Y66         FDCE                                         r  u_edge/u_control/u_seed/FSM_sequential_state_reg[2]/C
  -------------------------------------------------------------------    -------------------
    SLICE_X36Y66         FDCE (Prop_fdce_C_Q)         0.456     1.429 r  u_edge/u_control/u_seed/FSM_sequential_state_reg[2]/Q
                         net (fo=525, routed)         2.062     3.491    u_edge/u_control/u_seed/state__0[2]
    SLICE_X41Y72         LUT5 (Prop_lut5_I1_O)        0.124     3.615 f  u_edge/u_control/u_seed/FSM_sequential_state[2]_i_2/O
                         net (fo=4072, routed)        6.120     9.736    u_edge/u_control/u_seed/u_kdf/done_reg_0
    SLICE_X4Y45          FDCE                                         f  u_edge/u_control/u_seed/u_kdf/lane_a_reg[22][60]/CLR
  -------------------------------------------------------------------    -------------------

                         (clock sys_clk rise edge)   10.000    10.000 r
                                                      0.000    10.000 r  clk (IN)
                         net (fo=19601, unset)        0.924    10.924    u_edge/u_control/u_seed/u_kdf/clk
    SLICE_X4Y45          FDCE                                         r  u_edge/u_control/u_seed/u_kdf/lane_a_reg[22][60]/C
                         clock pessimism              0.000    10.924
                         clock uncertainty           -0.035    10.889
    SLICE_X4Y45          FDCE (Recov_fdce_C_CLR)     -0.405    10.484    u_edge/u_control/u_seed/u_kdf/lane_a_reg[22][60]
  -------------------------------------------------------------------
                         required time                         10.484
                         arrival time                          -9.736
  -------------------------------------------------------------------
                         slack                                  0.748

Slack (MET) :             0.753ns  (required time - arrival time)
  Source:                 u_edge/u_control/u_seed/FSM_sequential_state_reg[2]/C
                            (rising edge-triggered cell FDCE clocked by sys_clk  {rise@0.000ns fall@5.000ns period=10.000ns})
  Destination:            u_edge/u_control/u_seed/u_kdf/lane_a_reg[8][59]/CLR
                            (recovery check against rising-edge clock sys_clk  {rise@0.000ns fall@5.000ns period=10.000ns})
  Path Group:             **async_default**
  Path Type:              Recovery (Max at Slow Process Corner)
  Requirement:            10.000ns  (sys_clk rise@10.000ns - sys_clk rise@0.000ns)
  Data Path Delay:        8.758ns  (logic 0.580ns (6.622%)  route 8.178ns (93.378%))
  Logic Levels:           1  (LUT5=1)
  Clock Path Skew:        -0.049ns (DCD - SCD + CPR)
    Destination Clock Delay (DCD):    0.924ns = ( 10.924 - 10.000 )
    Source Clock Delay      (SCD):    0.973ns
    Clock Pessimism Removal (CPR):    0.000ns
  Clock Uncertainty:      0.035ns  ((TSJ^2 + TIJ^2)^1/2 + DJ) / 2 + PE
    Total System Jitter     (TSJ):    0.071ns
    Total Input Jitter      (TIJ):    0.000ns
    Discrete Jitter          (DJ):    0.000ns
    Phase Error              (PE):    0.000ns

    Location             Delay type                Incr(ns)  Path(ns)    Netlist Resource(s)
  -------------------------------------------------------------------    -------------------
                         (clock sys_clk rise edge)    0.000     0.000 r
                                                      0.000     0.000 r  clk (IN)
                         net (fo=19601, unset)        0.973     0.973    u_edge/u_control/u_seed/clk
    SLICE_X36Y66         FDCE                                         r  u_edge/u_control/u_seed/FSM_sequential_state_reg[2]/C
  -------------------------------------------------------------------    -------------------
    SLICE_X36Y66         FDCE (Prop_fdce_C_Q)         0.456     1.429 r  u_edge/u_control/u_seed/FSM_sequential_state_reg[2]/Q
                         net (fo=525, routed)         2.062     3.491    u_edge/u_control/u_seed/state__0[2]
    SLICE_X41Y72         LUT5 (Prop_lut5_I1_O)        0.124     3.615 f  u_edge/u_control/u_seed/FSM_sequential_state[2]_i_2/O
                         net (fo=4072, routed)        6.116     9.731    u_edge/u_control/u_seed/u_kdf/done_reg_0
    SLICE_X5Y45          FDCE                                         f  u_edge/u_control/u_seed/u_kdf/lane_a_reg[8][59]/CLR
  -------------------------------------------------------------------    -------------------

                         (clock sys_clk rise edge)   10.000    10.000 r
                                                      0.000    10.000 r  clk (IN)
                         net (fo=19601, unset)        0.924    10.924    u_edge/u_control/u_seed/u_kdf/clk
    SLICE_X5Y45          FDCE                                         r  u_edge/u_control/u_seed/u_kdf/lane_a_reg[8][59]/C
                         clock pessimism              0.000    10.924
                         clock uncertainty           -0.035    10.889
    SLICE_X5Y45          FDCE (Recov_fdce_C_CLR)     -0.405    10.484    u_edge/u_control/u_seed/u_kdf/lane_a_reg[8][59]
  -------------------------------------------------------------------
                         required time                         10.484
                         arrival time                          -9.731
  -------------------------------------------------------------------
                         slack                                  0.753

Slack (MET) :             0.753ns  (required time - arrival time)
  Source:                 u_edge/u_control/u_seed/FSM_sequential_state_reg[2]/C
                            (rising edge-triggered cell FDCE clocked by sys_clk  {rise@0.000ns fall@5.000ns period=10.000ns})
  Destination:            u_edge/u_control/u_seed/u_kdf/lane_a_reg[8][60]/CLR
                            (recovery check against rising-edge clock sys_clk  {rise@0.000ns fall@5.000ns period=10.000ns})
  Path Group:             **async_default**
  Path Type:              Recovery (Max at Slow Process Corner)
  Requirement:            10.000ns  (sys_clk rise@10.000ns - sys_clk rise@0.000ns)
  Data Path Delay:        8.758ns  (logic 0.580ns (6.622%)  route 8.178ns (93.378%))
  Logic Levels:           1  (LUT5=1)
  Clock Path Skew:        -0.049ns (DCD - SCD + CPR)
    Destination Clock Delay (DCD):    0.924ns = ( 10.924 - 10.000 )
    Source Clock Delay      (SCD):    0.973ns
    Clock Pessimism Removal (CPR):    0.000ns
  Clock Uncertainty:      0.035ns  ((TSJ^2 + TIJ^2)^1/2 + DJ) / 2 + PE
    Total System Jitter     (TSJ):    0.071ns
    Total Input Jitter      (TIJ):    0.000ns
    Discrete Jitter          (DJ):    0.000ns
    Phase Error              (PE):    0.000ns

    Location             Delay type                Incr(ns)  Path(ns)    Netlist Resource(s)
  -------------------------------------------------------------------    -------------------
                         (clock sys_clk rise edge)    0.000     0.000 r
                                                      0.000     0.000 r  clk (IN)
                         net (fo=19601, unset)        0.973     0.973    u_edge/u_control/u_seed/clk
    SLICE_X36Y66         FDCE                                         r  u_edge/u_control/u_seed/FSM_sequential_state_reg[2]/C
  -------------------------------------------------------------------    -------------------
    SLICE_X36Y66         FDCE (Prop_fdce_C_Q)         0.456     1.429 r  u_edge/u_control/u_seed/FSM_sequential_state_reg[2]/Q
                         net (fo=525, routed)         2.062     3.491    u_edge/u_control/u_seed/state__0[2]
    SLICE_X41Y72         LUT5 (Prop_lut5_I1_O)        0.124     3.615 f  u_edge/u_control/u_seed/FSM_sequential_state[2]_i_2/O
                         net (fo=4072, routed)        6.116     9.731    u_edge/u_control/u_seed/u_kdf/done_reg_0
    SLICE_X5Y45          FDCE                                         f  u_edge/u_control/u_seed/u_kdf/lane_a_reg[8][60]/CLR
  -------------------------------------------------------------------    -------------------

                         (clock sys_clk rise edge)   10.000    10.000 r
                                                      0.000    10.000 r  clk (IN)
                         net (fo=19601, unset)        0.924    10.924    u_edge/u_control/u_seed/u_kdf/clk
    SLICE_X5Y45          FDCE                                         r  u_edge/u_control/u_seed/u_kdf/lane_a_reg[8][60]/C
                         clock pessimism              0.000    10.924
                         clock uncertainty           -0.035    10.889
    SLICE_X5Y45          FDCE (Recov_fdce_C_CLR)     -0.405    10.484    u_edge/u_control/u_seed/u_kdf/lane_a_reg[8][60]
  -------------------------------------------------------------------
                         required time                         10.484
                         arrival time                          -9.731
  -------------------------------------------------------------------
                         slack                                  0.753

Slack (MET) :             0.770ns  (required time - arrival time)
  Source:                 u_edge/u_control/u_seed/FSM_sequential_state_reg[2]/C
                            (rising edge-triggered cell FDCE clocked by sys_clk  {rise@0.000ns fall@5.000ns period=10.000ns})
  Destination:            u_edge/u_control/u_seed/u_kdf/lane_a_reg[0][59]/CLR
                            (recovery check against rising-edge clock sys_clk  {rise@0.000ns fall@5.000ns period=10.000ns})
  Path Group:             **async_default**
  Path Type:              Recovery (Max at Slow Process Corner)
  Requirement:            10.000ns  (sys_clk rise@10.000ns - sys_clk rise@0.000ns)
  Data Path Delay:        8.741ns  (logic 0.580ns (6.635%)  route 8.161ns (93.365%))
  Logic Levels:           1  (LUT5=1)
  Clock Path Skew:        -0.049ns (DCD - SCD + CPR)
    Destination Clock Delay (DCD):    0.924ns = ( 10.924 - 10.000 )
    Source Clock Delay      (SCD):    0.973ns
    Clock Pessimism Removal (CPR):    0.000ns
  Clock Uncertainty:      0.035ns  ((TSJ^2 + TIJ^2)^1/2 + DJ) / 2 + PE
    Total System Jitter     (TSJ):    0.071ns
    Total Input Jitter      (TIJ):    0.000ns
    Discrete Jitter          (DJ):    0.000ns
    Phase Error              (PE):    0.000ns

    Location             Delay type                Incr(ns)  Path(ns)    Netlist Resource(s)
  -------------------------------------------------------------------    -------------------
                         (clock sys_clk rise edge)    0.000     0.000 r
                                                      0.000     0.000 r  clk (IN)
                         net (fo=19601, unset)        0.973     0.973    u_edge/u_control/u_seed/clk
    SLICE_X36Y66         FDCE                                         r  u_edge/u_control/u_seed/FSM_sequential_state_reg[2]/C
  -------------------------------------------------------------------    -------------------
    SLICE_X36Y66         FDCE (Prop_fdce_C_Q)         0.456     1.429 r  u_edge/u_control/u_seed/FSM_sequential_state_reg[2]/Q
                         net (fo=525, routed)         2.062     3.491    u_edge/u_control/u_seed/state__0[2]
    SLICE_X41Y72         LUT5 (Prop_lut5_I1_O)        0.124     3.615 f  u_edge/u_control/u_seed/FSM_sequential_state[2]_i_2/O
                         net (fo=4072, routed)        6.099     9.714    u_edge/u_control/u_seed/u_kdf/done_reg_0
    SLICE_X7Y43          FDCE                                         f  u_edge/u_control/u_seed/u_kdf/lane_a_reg[0][59]/CLR
  -------------------------------------------------------------------    -------------------

                         (clock sys_clk rise edge)   10.000    10.000 r
                                                      0.000    10.000 r  clk (IN)
                         net (fo=19601, unset)        0.924    10.924    u_edge/u_control/u_seed/u_kdf/clk
    SLICE_X7Y43          FDCE                                         r  u_edge/u_control/u_seed/u_kdf/lane_a_reg[0][59]/C
                         clock pessimism              0.000    10.924
                         clock uncertainty           -0.035    10.889
    SLICE_X7Y43          FDCE (Recov_fdce_C_CLR)     -0.405    10.484    u_edge/u_control/u_seed/u_kdf/lane_a_reg[0][59]
  -------------------------------------------------------------------
                         required time                         10.484
                         arrival time                          -9.714
  -------------------------------------------------------------------
                         slack                                  0.770

Slack (MET) :             0.805ns  (required time - arrival time)
  Source:                 u_edge/u_control/u_seed/FSM_sequential_state_reg[2]/C
                            (rising edge-triggered cell FDCE clocked by sys_clk  {rise@0.000ns fall@5.000ns period=10.000ns})
  Destination:            u_edge/u_control/u_seed/u_kdf/lane_a_reg[0][46]/CLR
                            (recovery check against rising-edge clock sys_clk  {rise@0.000ns fall@5.000ns period=10.000ns})
  Path Group:             **async_default**
  Path Type:              Recovery (Max at Slow Process Corner)
  Requirement:            10.000ns  (sys_clk rise@10.000ns - sys_clk rise@0.000ns)
  Data Path Delay:        8.792ns  (logic 0.580ns (6.597%)  route 8.212ns (93.403%))
  Logic Levels:           1  (LUT5=1)
  Clock Path Skew:        -0.049ns (DCD - SCD + CPR)
    Destination Clock Delay (DCD):    0.924ns = ( 10.924 - 10.000 )
    Source Clock Delay      (SCD):    0.973ns
    Clock Pessimism Removal (CPR):    0.000ns
  Clock Uncertainty:      0.035ns  ((TSJ^2 + TIJ^2)^1/2 + DJ) / 2 + PE
    Total System Jitter     (TSJ):    0.071ns
    Total Input Jitter      (TIJ):    0.000ns
    Discrete Jitter          (DJ):    0.000ns
    Phase Error              (PE):    0.000ns

    Location             Delay type                Incr(ns)  Path(ns)    Netlist Resource(s)
  -------------------------------------------------------------------    -------------------
                         (clock sys_clk rise edge)    0.000     0.000 r
                                                      0.000     0.000 r  clk (IN)
                         net (fo=19601, unset)        0.973     0.973    u_edge/u_control/u_seed/clk
    SLICE_X36Y66         FDCE                                         r  u_edge/u_control/u_seed/FSM_sequential_state_reg[2]/C
  -------------------------------------------------------------------    -------------------
    SLICE_X36Y66         FDCE (Prop_fdce_C_Q)         0.456     1.429 r  u_edge/u_control/u_seed/FSM_sequential_state_reg[2]/Q
                         net (fo=525, routed)         2.062     3.491    u_edge/u_control/u_seed/state__0[2]
    SLICE_X41Y72         LUT5 (Prop_lut5_I1_O)        0.124     3.615 f  u_edge/u_control/u_seed/FSM_sequential_state[2]_i_2/O
                         net (fo=4072, routed)        6.150     9.765    u_edge/u_control/u_seed/u_kdf/done_reg_0
    SLICE_X8Y38          FDCE                                         f  u_edge/u_control/u_seed/u_kdf/lane_a_reg[0][46]/CLR
  -------------------------------------------------------------------    -------------------

                         (clock sys_clk rise edge)   10.000    10.000 r
                                                      0.000    10.000 r  clk (IN)
                         net (fo=19601, unset)        0.924    10.924    u_edge/u_control/u_seed/u_kdf/clk
    SLICE_X8Y38          FDCE                                         r  u_edge/u_control/u_seed/u_kdf/lane_a_reg[0][46]/C
                         clock pessimism              0.000    10.924
                         clock uncertainty           -0.035    10.889
    SLICE_X8Y38          FDCE (Recov_fdce_C_CLR)     -0.319    10.570    u_edge/u_control/u_seed/u_kdf/lane_a_reg[0][46]
  -------------------------------------------------------------------
                         required time                         10.570
                         arrival time                          -9.765
  -------------------------------------------------------------------
                         slack                                  0.805

Slack (MET) :             0.805ns  (required time - arrival time)
  Source:                 u_edge/u_control/u_seed/FSM_sequential_state_reg[2]/C
                            (rising edge-triggered cell FDCE clocked by sys_clk  {rise@0.000ns fall@5.000ns period=10.000ns})
  Destination:            u_edge/u_control/u_seed/u_kdf/lane_a_reg[0][60]/CLR
                            (recovery check against rising-edge clock sys_clk  {rise@0.000ns fall@5.000ns period=10.000ns})
  Path Group:             **async_default**
  Path Type:              Recovery (Max at Slow Process Corner)
  Requirement:            10.000ns  (sys_clk rise@10.000ns - sys_clk rise@0.000ns)
  Data Path Delay:        8.792ns  (logic 0.580ns (6.597%)  route 8.212ns (93.403%))
  Logic Levels:           1  (LUT5=1)
  Clock Path Skew:        -0.049ns (DCD - SCD + CPR)
    Destination Clock Delay (DCD):    0.924ns = ( 10.924 - 10.000 )
    Source Clock Delay      (SCD):    0.973ns
    Clock Pessimism Removal (CPR):    0.000ns
  Clock Uncertainty:      0.035ns  ((TSJ^2 + TIJ^2)^1/2 + DJ) / 2 + PE
    Total System Jitter     (TSJ):    0.071ns
    Total Input Jitter      (TIJ):    0.000ns
    Discrete Jitter          (DJ):    0.000ns
    Phase Error              (PE):    0.000ns

    Location             Delay type                Incr(ns)  Path(ns)    Netlist Resource(s)
  -------------------------------------------------------------------    -------------------
                         (clock sys_clk rise edge)    0.000     0.000 r
                                                      0.000     0.000 r  clk (IN)
                         net (fo=19601, unset)        0.973     0.973    u_edge/u_control/u_seed/clk
    SLICE_X36Y66         FDCE                                         r  u_edge/u_control/u_seed/FSM_sequential_state_reg[2]/C
  -------------------------------------------------------------------    -------------------
    SLICE_X36Y66         FDCE (Prop_fdce_C_Q)         0.456     1.429 r  u_edge/u_control/u_seed/FSM_sequential_state_reg[2]/Q
                         net (fo=525, routed)         2.062     3.491    u_edge/u_control/u_seed/state__0[2]
    SLICE_X41Y72         LUT5 (Prop_lut5_I1_O)        0.124     3.615 f  u_edge/u_control/u_seed/FSM_sequential_state[2]_i_2/O
                         net (fo=4072, routed)        6.150     9.765    u_edge/u_control/u_seed/u_kdf/done_reg_0
    SLICE_X8Y38          FDCE                                         f  u_edge/u_control/u_seed/u_kdf/lane_a_reg[0][60]/CLR
  -------------------------------------------------------------------    -------------------

                         (clock sys_clk rise edge)   10.000    10.000 r
                                                      0.000    10.000 r  clk (IN)
                         net (fo=19601, unset)        0.924    10.924    u_edge/u_control/u_seed/u_kdf/clk
    SLICE_X8Y38          FDCE                                         r  u_edge/u_control/u_seed/u_kdf/lane_a_reg[0][60]/C
                         clock pessimism              0.000    10.924
                         clock uncertainty           -0.035    10.889
    SLICE_X8Y38          FDCE (Recov_fdce_C_CLR)     -0.319    10.570    u_edge/u_control/u_seed/u_kdf/lane_a_reg[0][60]
  -------------------------------------------------------------------
                         required time                         10.570
                         arrival time                          -9.765
  -------------------------------------------------------------------
                         slack                                  0.805

Slack (MET) :             0.810ns  (required time - arrival time)
  Source:                 u_edge/u_control/u_seed/FSM_sequential_state_reg[2]/C
                            (rising edge-triggered cell FDCE clocked by sys_clk  {rise@0.000ns fall@5.000ns period=10.000ns})
  Destination:            u_edge/u_control/u_seed/u_kdf/lane_a_reg[8][61]/CLR
                            (recovery check against rising-edge clock sys_clk  {rise@0.000ns fall@5.000ns period=10.000ns})
  Path Group:             **async_default**
  Path Type:              Recovery (Max at Slow Process Corner)
  Requirement:            10.000ns  (sys_clk rise@10.000ns - sys_clk rise@0.000ns)
  Data Path Delay:        8.701ns  (logic 0.580ns (6.666%)  route 8.121ns (93.334%))
  Logic Levels:           1  (LUT5=1)
  Clock Path Skew:        -0.049ns (DCD - SCD + CPR)
    Destination Clock Delay (DCD):    0.924ns = ( 10.924 - 10.000 )
    Source Clock Delay      (SCD):    0.973ns
    Clock Pessimism Removal (CPR):    0.000ns
  Clock Uncertainty:      0.035ns  ((TSJ^2 + TIJ^2)^1/2 + DJ) / 2 + PE
    Total System Jitter     (TSJ):    0.071ns
    Total Input Jitter      (TIJ):    0.000ns
    Discrete Jitter          (DJ):    0.000ns
    Phase Error              (PE):    0.000ns

    Location             Delay type                Incr(ns)  Path(ns)    Netlist Resource(s)
  -------------------------------------------------------------------    -------------------
                         (clock sys_clk rise edge)    0.000     0.000 r
                                                      0.000     0.000 r  clk (IN)
                         net (fo=19601, unset)        0.973     0.973    u_edge/u_control/u_seed/clk
    SLICE_X36Y66         FDCE                                         r  u_edge/u_control/u_seed/FSM_sequential_state_reg[2]/C
  -------------------------------------------------------------------    -------------------
    SLICE_X36Y66         FDCE (Prop_fdce_C_Q)         0.456     1.429 r  u_edge/u_control/u_seed/FSM_sequential_state_reg[2]/Q
                         net (fo=525, routed)         2.062     3.491    u_edge/u_control/u_seed/state__0[2]
    SLICE_X41Y72         LUT5 (Prop_lut5_I1_O)        0.124     3.615 f  u_edge/u_control/u_seed/FSM_sequential_state[2]_i_2/O
                         net (fo=4072, routed)        6.058     9.674    u_edge/u_control/u_seed/u_kdf/done_reg_0
    SLICE_X9Y41          FDCE                                         f  u_edge/u_control/u_seed/u_kdf/lane_a_reg[8][61]/CLR
  -------------------------------------------------------------------    -------------------

                         (clock sys_clk rise edge)   10.000    10.000 r
                                                      0.000    10.000 r  clk (IN)
                         net (fo=19601, unset)        0.924    10.924    u_edge/u_control/u_seed/u_kdf/clk
    SLICE_X9Y41          FDCE                                         r  u_edge/u_control/u_seed/u_kdf/lane_a_reg[8][61]/C
                         clock pessimism              0.000    10.924
                         clock uncertainty           -0.035    10.889
    SLICE_X9Y41          FDCE (Recov_fdce_C_CLR)     -0.405    10.484    u_edge/u_control/u_seed/u_kdf/lane_a_reg[8][61]
  -------------------------------------------------------------------
                         required time                         10.484
                         arrival time                          -9.674
  -------------------------------------------------------------------
                         slack                                  0.810

Slack (MET) :             0.837ns  (required time - arrival time)
  Source:                 u_edge/u_control/u_seed/FSM_sequential_state_reg[2]/C
                            (rising edge-triggered cell FDCE clocked by sys_clk  {rise@0.000ns fall@5.000ns period=10.000ns})
  Destination:            u_edge/u_control/u_seed/u_kdf/lane_a_reg[7][59]/CLR
                            (recovery check against rising-edge clock sys_clk  {rise@0.000ns fall@5.000ns period=10.000ns})
  Path Group:             **async_default**
  Path Type:              Recovery (Max at Slow Process Corner)
  Requirement:            10.000ns  (sys_clk rise@10.000ns - sys_clk rise@0.000ns)
  Data Path Delay:        8.674ns  (logic 0.580ns (6.687%)  route 8.094ns (93.313%))
  Logic Levels:           1  (LUT5=1)
  Clock Path Skew:        -0.049ns (DCD - SCD + CPR)
    Destination Clock Delay (DCD):    0.924ns = ( 10.924 - 10.000 )
    Source Clock Delay      (SCD):    0.973ns
    Clock Pessimism Removal (CPR):    0.000ns
  Clock Uncertainty:      0.035ns  ((TSJ^2 + TIJ^2)^1/2 + DJ) / 2 + PE
    Total System Jitter     (TSJ):    0.071ns
    Total Input Jitter      (TIJ):    0.000ns
    Discrete Jitter          (DJ):    0.000ns
    Phase Error              (PE):    0.000ns

    Location             Delay type                Incr(ns)  Path(ns)    Netlist Resource(s)
  -------------------------------------------------------------------    -------------------
                         (clock sys_clk rise edge)    0.000     0.000 r
                                                      0.000     0.000 r  clk (IN)
                         net (fo=19601, unset)        0.973     0.973    u_edge/u_control/u_seed/clk
    SLICE_X36Y66         FDCE                                         r  u_edge/u_control/u_seed/FSM_sequential_state_reg[2]/C
  -------------------------------------------------------------------    -------------------
    SLICE_X36Y66         FDCE (Prop_fdce_C_Q)         0.456     1.429 r  u_edge/u_control/u_seed/FSM_sequential_state_reg[2]/Q
                         net (fo=525, routed)         2.062     3.491    u_edge/u_control/u_seed/state__0[2]
    SLICE_X41Y72         LUT5 (Prop_lut5_I1_O)        0.124     3.615 f  u_edge/u_control/u_seed/FSM_sequential_state[2]_i_2/O
                         net (fo=4072, routed)        6.032     9.647    u_edge/u_control/u_seed/u_kdf/done_reg_0
    SLICE_X4Y47          FDCE                                         f  u_edge/u_control/u_seed/u_kdf/lane_a_reg[7][59]/CLR
  -------------------------------------------------------------------    -------------------

                         (clock sys_clk rise edge)   10.000    10.000 r
                                                      0.000    10.000 r  clk (IN)
                         net (fo=19601, unset)        0.924    10.924    u_edge/u_control/u_seed/u_kdf/clk
    SLICE_X4Y47          FDCE                                         r  u_edge/u_control/u_seed/u_kdf/lane_a_reg[7][59]/C
                         clock pessimism              0.000    10.924
                         clock uncertainty           -0.035    10.889
    SLICE_X4Y47          FDCE (Recov_fdce_C_CLR)     -0.405    10.484    u_edge/u_control/u_seed/u_kdf/lane_a_reg[7][59]
  -------------------------------------------------------------------
                         required time                         10.484
                         arrival time                          -9.647
  -------------------------------------------------------------------
                         slack                                  0.837

Slack (MET) :             0.837ns  (required time - arrival time)
  Source:                 u_edge/u_control/u_seed/FSM_sequential_state_reg[2]/C
                            (rising edge-triggered cell FDCE clocked by sys_clk  {rise@0.000ns fall@5.000ns period=10.000ns})
  Destination:            u_edge/u_control/u_seed/u_kdf/lane_a_reg[7][60]/CLR
                            (recovery check against rising-edge clock sys_clk  {rise@0.000ns fall@5.000ns period=10.000ns})
  Path Group:             **async_default**
  Path Type:              Recovery (Max at Slow Process Corner)
  Requirement:            10.000ns  (sys_clk rise@10.000ns - sys_clk rise@0.000ns)
  Data Path Delay:        8.674ns  (logic 0.580ns (6.687%)  route 8.094ns (93.313%))
  Logic Levels:           1  (LUT5=1)
  Clock Path Skew:        -0.049ns (DCD - SCD + CPR)
    Destination Clock Delay (DCD):    0.924ns = ( 10.924 - 10.000 )
    Source Clock Delay      (SCD):    0.973ns
    Clock Pessimism Removal (CPR):    0.000ns
  Clock Uncertainty:      0.035ns  ((TSJ^2 + TIJ^2)^1/2 + DJ) / 2 + PE
    Total System Jitter     (TSJ):    0.071ns
    Total Input Jitter      (TIJ):    0.000ns
    Discrete Jitter          (DJ):    0.000ns
    Phase Error              (PE):    0.000ns

    Location             Delay type                Incr(ns)  Path(ns)    Netlist Resource(s)
  -------------------------------------------------------------------    -------------------
                         (clock sys_clk rise edge)    0.000     0.000 r
                                                      0.000     0.000 r  clk (IN)
                         net (fo=19601, unset)        0.973     0.973    u_edge/u_control/u_seed/clk
    SLICE_X36Y66         FDCE                                         r  u_edge/u_control/u_seed/FSM_sequential_state_reg[2]/C
  -------------------------------------------------------------------    -------------------
    SLICE_X36Y66         FDCE (Prop_fdce_C_Q)         0.456     1.429 r  u_edge/u_control/u_seed/FSM_sequential_state_reg[2]/Q
                         net (fo=525, routed)         2.062     3.491    u_edge/u_control/u_seed/state__0[2]
    SLICE_X41Y72         LUT5 (Prop_lut5_I1_O)        0.124     3.615 f  u_edge/u_control/u_seed/FSM_sequential_state[2]_i_2/O
                         net (fo=4072, routed)        6.032     9.647    u_edge/u_control/u_seed/u_kdf/done_reg_0
    SLICE_X4Y47          FDCE                                         f  u_edge/u_control/u_seed/u_kdf/lane_a_reg[7][60]/CLR
  -------------------------------------------------------------------    -------------------

                         (clock sys_clk rise edge)   10.000    10.000 r
                                                      0.000    10.000 r  clk (IN)
                         net (fo=19601, unset)        0.924    10.924    u_edge/u_control/u_seed/u_kdf/clk
    SLICE_X4Y47          FDCE                                         r  u_edge/u_control/u_seed/u_kdf/lane_a_reg[7][60]/C
                         clock pessimism              0.000    10.924
                         clock uncertainty           -0.035    10.889
    SLICE_X4Y47          FDCE (Recov_fdce_C_CLR)     -0.405    10.484    u_edge/u_control/u_seed/u_kdf/lane_a_reg[7][60]
  -------------------------------------------------------------------
                         required time                         10.484
                         arrival time                          -9.647
  -------------------------------------------------------------------
                         slack                                  0.837

Slack (MET) :             0.841ns  (required time - arrival time)
  Source:                 u_edge/u_control/u_seed/FSM_sequential_state_reg[2]/C
                            (rising edge-triggered cell FDCE clocked by sys_clk  {rise@0.000ns fall@5.000ns period=10.000ns})
  Destination:            u_edge/u_control/u_seed/u_kdf/lane_a_reg[20][58]/CLR
                            (recovery check against rising-edge clock sys_clk  {rise@0.000ns fall@5.000ns period=10.000ns})
  Path Group:             **async_default**
  Path Type:              Recovery (Max at Slow Process Corner)
  Requirement:            10.000ns  (sys_clk rise@10.000ns - sys_clk rise@0.000ns)
  Data Path Delay:        8.670ns  (logic 0.580ns (6.690%)  route 8.090ns (93.310%))
  Logic Levels:           1  (LUT5=1)
  Clock Path Skew:        -0.049ns (DCD - SCD + CPR)
    Destination Clock Delay (DCD):    0.924ns = ( 10.924 - 10.000 )
    Source Clock Delay      (SCD):    0.973ns
    Clock Pessimism Removal (CPR):    0.000ns
  Clock Uncertainty:      0.035ns  ((TSJ^2 + TIJ^2)^1/2 + DJ) / 2 + PE
    Total System Jitter     (TSJ):    0.071ns
    Total Input Jitter      (TIJ):    0.000ns
    Discrete Jitter          (DJ):    0.000ns
    Phase Error              (PE):    0.000ns

    Location             Delay type                Incr(ns)  Path(ns)    Netlist Resource(s)
  -------------------------------------------------------------------    -------------------
                         (clock sys_clk rise edge)    0.000     0.000 r
                                                      0.000     0.000 r  clk (IN)
                         net (fo=19601, unset)        0.973     0.973    u_edge/u_control/u_seed/clk
    SLICE_X36Y66         FDCE                                         r  u_edge/u_control/u_seed/FSM_sequential_state_reg[2]/C
  -------------------------------------------------------------------    -------------------
    SLICE_X36Y66         FDCE (Prop_fdce_C_Q)         0.456     1.429 r  u_edge/u_control/u_seed/FSM_sequential_state_reg[2]/Q
                         net (fo=525, routed)         2.062     3.491    u_edge/u_control/u_seed/state__0[2]
    SLICE_X41Y72         LUT5 (Prop_lut5_I1_O)        0.124     3.615 f  u_edge/u_control/u_seed/FSM_sequential_state[2]_i_2/O
                         net (fo=4072, routed)        6.027     9.643    u_edge/u_control/u_seed/u_kdf/done_reg_0
    SLICE_X5Y47          FDCE                                         f  u_edge/u_control/u_seed/u_kdf/lane_a_reg[20][58]/CLR
  -------------------------------------------------------------------    -------------------

                         (clock sys_clk rise edge)   10.000    10.000 r
                                                      0.000    10.000 r  clk (IN)
                         net (fo=19601, unset)        0.924    10.924    u_edge/u_control/u_seed/u_kdf/clk
    SLICE_X5Y47          FDCE                                         r  u_edge/u_control/u_seed/u_kdf/lane_a_reg[20][58]/C
                         clock pessimism              0.000    10.924
                         clock uncertainty           -0.035    10.889
    SLICE_X5Y47          FDCE (Recov_fdce_C_CLR)     -0.405    10.484    u_edge/u_control/u_seed/u_kdf/lane_a_reg[20][58]
  -------------------------------------------------------------------
                         required time                         10.484
                         arrival time                          -9.643
  -------------------------------------------------------------------
                         slack                                  0.841

Slack (MET) :             0.841ns  (required time - arrival time)
  Source:                 u_edge/u_control/u_seed/FSM_sequential_state_reg[2]/C
                            (rising edge-triggered cell FDCE clocked by sys_clk  {rise@0.000ns fall@5.000ns period=10.000ns})
  Destination:            u_edge/u_control/u_seed/u_kdf/lane_a_reg[20][59]/CLR
                            (recovery check against rising-edge clock sys_clk  {rise@0.000ns fall@5.000ns period=10.000ns})
  Path Group:             **async_default**
  Path Type:              Recovery (Max at Slow Process Corner)
  Requirement:            10.000ns  (sys_clk rise@10.000ns - sys_clk rise@0.000ns)
  Data Path Delay:        8.670ns  (logic 0.580ns (6.690%)  route 8.090ns (93.310%))
  Logic Levels:           1  (LUT5=1)
  Clock Path Skew:        -0.049ns (DCD - SCD + CPR)
    Destination Clock Delay (DCD):    0.924ns = ( 10.924 - 10.000 )
    Source Clock Delay      (SCD):    0.973ns
    Clock Pessimism Removal (CPR):    0.000ns
  Clock Uncertainty:      0.035ns  ((TSJ^2 + TIJ^2)^1/2 + DJ) / 2 + PE
    Total System Jitter     (TSJ):    0.071ns
    Total Input Jitter      (TIJ):    0.000ns
    Discrete Jitter          (DJ):    0.000ns
    Phase Error              (PE):    0.000ns

    Location             Delay type                Incr(ns)  Path(ns)    Netlist Resource(s)
  -------------------------------------------------------------------    -------------------
                         (clock sys_clk rise edge)    0.000     0.000 r
                                                      0.000     0.000 r  clk (IN)
                         net (fo=19601, unset)        0.973     0.973    u_edge/u_control/u_seed/clk
    SLICE_X36Y66         FDCE                                         r  u_edge/u_control/u_seed/FSM_sequential_state_reg[2]/C
  -------------------------------------------------------------------    -------------------
    SLICE_X36Y66         FDCE (Prop_fdce_C_Q)         0.456     1.429 r  u_edge/u_control/u_seed/FSM_sequential_state_reg[2]/Q
                         net (fo=525, routed)         2.062     3.491    u_edge/u_control/u_seed/state__0[2]
    SLICE_X41Y72         LUT5 (Prop_lut5_I1_O)        0.124     3.615 f  u_edge/u_control/u_seed/FSM_sequential_state[2]_i_2/O
                         net (fo=4072, routed)        6.027     9.643    u_edge/u_control/u_seed/u_kdf/done_reg_0
    SLICE_X5Y47          FDCE                                         f  u_edge/u_control/u_seed/u_kdf/lane_a_reg[20][59]/CLR
  -------------------------------------------------------------------    -------------------

                         (clock sys_clk rise edge)   10.000    10.000 r
                                                      0.000    10.000 r  clk (IN)
                         net (fo=19601, unset)        0.924    10.924    u_edge/u_control/u_seed/u_kdf/clk
    SLICE_X5Y47          FDCE                                         r  u_edge/u_control/u_seed/u_kdf/lane_a_reg[20][59]/C
                         clock pessimism              0.000    10.924
                         clock uncertainty           -0.035    10.889
    SLICE_X5Y47          FDCE (Recov_fdce_C_CLR)     -0.405    10.484    u_edge/u_control/u_seed/u_kdf/lane_a_reg[20][59]
  -------------------------------------------------------------------
                         required time                         10.484
                         arrival time                          -9.643
  -------------------------------------------------------------------
                         slack                                  0.841

Slack (MET) :             0.849ns  (required time - arrival time)
  Source:                 u_edge/u_control/u_seed/FSM_sequential_state_reg[2]/C
                            (rising edge-triggered cell FDCE clocked by sys_clk  {rise@0.000ns fall@5.000ns period=10.000ns})
  Destination:            u_edge/u_control/u_seed/u_kdf/lane_a_reg[13][60]/CLR
                            (recovery check against rising-edge clock sys_clk  {rise@0.000ns fall@5.000ns period=10.000ns})
  Path Group:             **async_default**
  Path Type:              Recovery (Max at Slow Process Corner)
  Requirement:            10.000ns  (sys_clk rise@10.000ns - sys_clk rise@0.000ns)
  Data Path Delay:        8.662ns  (logic 0.580ns (6.696%)  route 8.082ns (93.304%))
  Logic Levels:           1  (LUT5=1)
  Clock Path Skew:        -0.049ns (DCD - SCD + CPR)
    Destination Clock Delay (DCD):    0.924ns = ( 10.924 - 10.000 )
    Source Clock Delay      (SCD):    0.973ns
    Clock Pessimism Removal (CPR):    0.000ns
  Clock Uncertainty:      0.035ns  ((TSJ^2 + TIJ^2)^1/2 + DJ) / 2 + PE
    Total System Jitter     (TSJ):    0.071ns
    Total Input Jitter      (TIJ):    0.000ns
    Discrete Jitter          (DJ):    0.000ns
    Phase Error              (PE):    0.000ns

    Location             Delay type                Incr(ns)  Path(ns)    Netlist Resource(s)
  -------------------------------------------------------------------    -------------------
                         (clock sys_clk rise edge)    0.000     0.000 r
                                                      0.000     0.000 r  clk (IN)
                         net (fo=19601, unset)        0.973     0.973    u_edge/u_control/u_seed/clk
    SLICE_X36Y66         FDCE                                         r  u_edge/u_control/u_seed/FSM_sequential_state_reg[2]/C
  -------------------------------------------------------------------    -------------------
    SLICE_X36Y66         FDCE (Prop_fdce_C_Q)         0.456     1.429 r  u_edge/u_control/u_seed/FSM_sequential_state_reg[2]/Q
                         net (fo=525, routed)         2.062     3.491    u_edge/u_control/u_seed/state__0[2]
    SLICE_X41Y72         LUT5 (Prop_lut5_I1_O)        0.124     3.615 f  u_edge/u_control/u_seed/FSM_sequential_state[2]_i_2/O
                         net (fo=4072, routed)        6.020     9.635    u_edge/u_control/u_seed/u_kdf/done_reg_0
    SLICE_X9Y46          FDCE                                         f  u_edge/u_control/u_seed/u_kdf/lane_a_reg[13][60]/CLR
  -------------------------------------------------------------------    -------------------

                         (clock sys_clk rise edge)   10.000    10.000 r
                                                      0.000    10.000 r  clk (IN)
                         net (fo=19601, unset)        0.924    10.924    u_edge/u_control/u_seed/u_kdf/clk
    SLICE_X9Y46          FDCE                                         r  u_edge/u_control/u_seed/u_kdf/lane_a_reg[13][60]/C
                         clock pessimism              0.000    10.924
                         clock uncertainty           -0.035    10.889
    SLICE_X9Y46          FDCE (Recov_fdce_C_CLR)     -0.405    10.484    u_edge/u_control/u_seed/u_kdf/lane_a_reg[13][60]
  -------------------------------------------------------------------
                         required time                         10.484
                         arrival time                          -9.635
  -------------------------------------------------------------------
                         slack                                  0.849

Slack (MET) :             0.849ns  (required time - arrival time)
  Source:                 u_edge/u_control/u_seed/FSM_sequential_state_reg[2]/C
                            (rising edge-triggered cell FDCE clocked by sys_clk  {rise@0.000ns fall@5.000ns period=10.000ns})
  Destination:            u_edge/u_control/u_seed/u_kdf/lane_a_reg[13][61]/CLR
                            (recovery check against rising-edge clock sys_clk  {rise@0.000ns fall@5.000ns period=10.000ns})
  Path Group:             **async_default**
  Path Type:              Recovery (Max at Slow Process Corner)
  Requirement:            10.000ns  (sys_clk rise@10.000ns - sys_clk rise@0.000ns)
  Data Path Delay:        8.662ns  (logic 0.580ns (6.696%)  route 8.082ns (93.304%))
  Logic Levels:           1  (LUT5=1)
  Clock Path Skew:        -0.049ns (DCD - SCD + CPR)
    Destination Clock Delay (DCD):    0.924ns = ( 10.924 - 10.000 )
    Source Clock Delay      (SCD):    0.973ns
    Clock Pessimism Removal (CPR):    0.000ns
  Clock Uncertainty:      0.035ns  ((TSJ^2 + TIJ^2)^1/2 + DJ) / 2 + PE
    Total System Jitter     (TSJ):    0.071ns
    Total Input Jitter      (TIJ):    0.000ns
    Discrete Jitter          (DJ):    0.000ns
    Phase Error              (PE):    0.000ns

    Location             Delay type                Incr(ns)  Path(ns)    Netlist Resource(s)
  -------------------------------------------------------------------    -------------------
                         (clock sys_clk rise edge)    0.000     0.000 r
                                                      0.000     0.000 r  clk (IN)
                         net (fo=19601, unset)        0.973     0.973    u_edge/u_control/u_seed/clk
    SLICE_X36Y66         FDCE                                         r  u_edge/u_control/u_seed/FSM_sequential_state_reg[2]/C
  -------------------------------------------------------------------    -------------------
    SLICE_X36Y66         FDCE (Prop_fdce_C_Q)         0.456     1.429 r  u_edge/u_control/u_seed/FSM_sequential_state_reg[2]/Q
                         net (fo=525, routed)         2.062     3.491    u_edge/u_control/u_seed/state__0[2]
    SLICE_X41Y72         LUT5 (Prop_lut5_I1_O)        0.124     3.615 f  u_edge/u_control/u_seed/FSM_sequential_state[2]_i_2/O
                         net (fo=4072, routed)        6.020     9.635    u_edge/u_control/u_seed/u_kdf/done_reg_0
    SLICE_X9Y46          FDCE                                         f  u_edge/u_control/u_seed/u_kdf/lane_a_reg[13][61]/CLR
  -------------------------------------------------------------------    -------------------

                         (clock sys_clk rise edge)   10.000    10.000 r
                                                      0.000    10.000 r  clk (IN)
                         net (fo=19601, unset)        0.924    10.924    u_edge/u_control/u_seed/u_kdf/clk
    SLICE_X9Y46          FDCE                                         r  u_edge/u_control/u_seed/u_kdf/lane_a_reg[13][61]/C
                         clock pessimism              0.000    10.924
                         clock uncertainty           -0.035    10.889
    SLICE_X9Y46          FDCE (Recov_fdce_C_CLR)     -0.405    10.484    u_edge/u_control/u_seed/u_kdf/lane_a_reg[13][61]
  -------------------------------------------------------------------
                         required time                         10.484
                         arrival time                          -9.635
  -------------------------------------------------------------------
                         slack                                  0.849

Slack (MET) :             0.849ns  (required time - arrival time)
  Source:                 u_edge/u_control/u_seed/FSM_sequential_state_reg[2]/C
                            (rising edge-triggered cell FDCE clocked by sys_clk  {rise@0.000ns fall@5.000ns period=10.000ns})
  Destination:            u_edge/u_control/u_seed/u_kdf/lane_a_reg[13][62]/CLR
                            (recovery check against rising-edge clock sys_clk  {rise@0.000ns fall@5.000ns period=10.000ns})
  Path Group:             **async_default**
  Path Type:              Recovery (Max at Slow Process Corner)
  Requirement:            10.000ns  (sys_clk rise@10.000ns - sys_clk rise@0.000ns)
  Data Path Delay:        8.662ns  (logic 0.580ns (6.696%)  route 8.082ns (93.304%))
  Logic Levels:           1  (LUT5=1)
  Clock Path Skew:        -0.049ns (DCD - SCD + CPR)
    Destination Clock Delay (DCD):    0.924ns = ( 10.924 - 10.000 )
    Source Clock Delay      (SCD):    0.973ns
    Clock Pessimism Removal (CPR):    0.000ns
  Clock Uncertainty:      0.035ns  ((TSJ^2 + TIJ^2)^1/2 + DJ) / 2 + PE
    Total System Jitter     (TSJ):    0.071ns
    Total Input Jitter      (TIJ):    0.000ns
    Discrete Jitter          (DJ):    0.000ns
    Phase Error              (PE):    0.000ns

    Location             Delay type                Incr(ns)  Path(ns)    Netlist Resource(s)
  -------------------------------------------------------------------    -------------------
                         (clock sys_clk rise edge)    0.000     0.000 r
                                                      0.000     0.000 r  clk (IN)
                         net (fo=19601, unset)        0.973     0.973    u_edge/u_control/u_seed/clk
    SLICE_X36Y66         FDCE                                         r  u_edge/u_control/u_seed/FSM_sequential_state_reg[2]/C
  -------------------------------------------------------------------    -------------------
    SLICE_X36Y66         FDCE (Prop_fdce_C_Q)         0.456     1.429 r  u_edge/u_control/u_seed/FSM_sequential_state_reg[2]/Q
                         net (fo=525, routed)         2.062     3.491    u_edge/u_control/u_seed/state__0[2]
    SLICE_X41Y72         LUT5 (Prop_lut5_I1_O)        0.124     3.615 f  u_edge/u_control/u_seed/FSM_sequential_state[2]_i_2/O
                         net (fo=4072, routed)        6.020     9.635    u_edge/u_control/u_seed/u_kdf/done_reg_0
    SLICE_X9Y46          FDCE                                         f  u_edge/u_control/u_seed/u_kdf/lane_a_reg[13][62]/CLR
  -------------------------------------------------------------------    -------------------

                         (clock sys_clk rise edge)   10.000    10.000 r
                                                      0.000    10.000 r  clk (IN)
                         net (fo=19601, unset)        0.924    10.924    u_edge/u_control/u_seed/u_kdf/clk
    SLICE_X9Y46          FDCE                                         r  u_edge/u_control/u_seed/u_kdf/lane_a_reg[13][62]/C
                         clock pessimism              0.000    10.924
                         clock uncertainty           -0.035    10.889
    SLICE_X9Y46          FDCE (Recov_fdce_C_CLR)     -0.405    10.484    u_edge/u_control/u_seed/u_kdf/lane_a_reg[13][62]
  -------------------------------------------------------------------
                         required time                         10.484
                         arrival time                          -9.635
  -------------------------------------------------------------------
                         slack                                  0.849

Slack (MET) :             0.856ns  (required time - arrival time)
  Source:                 u_edge/u_control/u_seed/FSM_sequential_state_reg[2]/C
                            (rising edge-triggered cell FDCE clocked by sys_clk  {rise@0.000ns fall@5.000ns period=10.000ns})
  Destination:            u_edge/u_control/u_seed/u_kdf/lane_a_reg[9][59]/CLR
                            (recovery check against rising-edge clock sys_clk  {rise@0.000ns fall@5.000ns period=10.000ns})
  Path Group:             **async_default**
  Path Type:              Recovery (Max at Slow Process Corner)
  Requirement:            10.000ns  (sys_clk rise@10.000ns - sys_clk rise@0.000ns)
  Data Path Delay:        8.741ns  (logic 0.580ns (6.635%)  route 8.161ns (93.365%))
  Logic Levels:           1  (LUT5=1)
  Clock Path Skew:        -0.049ns (DCD - SCD + CPR)
    Destination Clock Delay (DCD):    0.924ns = ( 10.924 - 10.000 )
    Source Clock Delay      (SCD):    0.973ns
    Clock Pessimism Removal (CPR):    0.000ns
  Clock Uncertainty:      0.035ns  ((TSJ^2 + TIJ^2)^1/2 + DJ) / 2 + PE
    Total System Jitter     (TSJ):    0.071ns
    Total Input Jitter      (TIJ):    0.000ns
    Discrete Jitter          (DJ):    0.000ns
    Phase Error              (PE):    0.000ns

    Location             Delay type                Incr(ns)  Path(ns)    Netlist Resource(s)
  -------------------------------------------------------------------    -------------------
                         (clock sys_clk rise edge)    0.000     0.000 r
                                                      0.000     0.000 r  clk (IN)
                         net (fo=19601, unset)        0.973     0.973    u_edge/u_control/u_seed/clk
    SLICE_X36Y66         FDCE                                         r  u_edge/u_control/u_seed/FSM_sequential_state_reg[2]/C
  -------------------------------------------------------------------    -------------------
    SLICE_X36Y66         FDCE (Prop_fdce_C_Q)         0.456     1.429 r  u_edge/u_control/u_seed/FSM_sequential_state_reg[2]/Q
                         net (fo=525, routed)         2.062     3.491    u_edge/u_control/u_seed/state__0[2]
    SLICE_X41Y72         LUT5 (Prop_lut5_I1_O)        0.124     3.615 f  u_edge/u_control/u_seed/FSM_sequential_state[2]_i_2/O
                         net (fo=4072, routed)        6.099     9.714    u_edge/u_control/u_seed/u_kdf/done_reg_0
    SLICE_X6Y43          FDCE                                         f  u_edge/u_control/u_seed/u_kdf/lane_a_reg[9][59]/CLR
  -------------------------------------------------------------------    -------------------

                         (clock sys_clk rise edge)   10.000    10.000 r
                                                      0.000    10.000 r  clk (IN)
                         net (fo=19601, unset)        0.924    10.924    u_edge/u_control/u_seed/u_kdf/clk
    SLICE_X6Y43          FDCE                                         r  u_edge/u_control/u_seed/u_kdf/lane_a_reg[9][59]/C
                         clock pessimism              0.000    10.924
                         clock uncertainty           -0.035    10.889
    SLICE_X6Y43          FDCE (Recov_fdce_C_CLR)     -0.319    10.570    u_edge/u_control/u_seed/u_kdf/lane_a_reg[9][59]
  -------------------------------------------------------------------
                         required time                         10.570
                         arrival time                          -9.714
  -------------------------------------------------------------------
                         slack                                  0.856

Slack (MET) :             0.857ns  (required time - arrival time)
  Source:                 u_edge/u_control/u_seed/FSM_sequential_state_reg[2]/C
                            (rising edge-triggered cell FDCE clocked by sys_clk  {rise@0.000ns fall@5.000ns period=10.000ns})
  Destination:            u_edge/u_control/u_seed/u_kdf/lane_a_reg[13][44]/CLR
                            (recovery check against rising-edge clock sys_clk  {rise@0.000ns fall@5.000ns period=10.000ns})
  Path Group:             **async_default**
  Path Type:              Recovery (Max at Slow Process Corner)
  Requirement:            10.000ns  (sys_clk rise@10.000ns - sys_clk rise@0.000ns)
  Data Path Delay:        8.654ns  (logic 0.580ns (6.702%)  route 8.074ns (93.298%))
  Logic Levels:           1  (LUT5=1)
  Clock Path Skew:        -0.049ns (DCD - SCD + CPR)
    Destination Clock Delay (DCD):    0.924ns = ( 10.924 - 10.000 )
    Source Clock Delay      (SCD):    0.973ns
    Clock Pessimism Removal (CPR):    0.000ns
  Clock Uncertainty:      0.035ns  ((TSJ^2 + TIJ^2)^1/2 + DJ) / 2 + PE
    Total System Jitter     (TSJ):    0.071ns
    Total Input Jitter      (TIJ):    0.000ns
    Discrete Jitter          (DJ):    0.000ns
    Phase Error              (PE):    0.000ns

    Location             Delay type                Incr(ns)  Path(ns)    Netlist Resource(s)
  -------------------------------------------------------------------    -------------------
                         (clock sys_clk rise edge)    0.000     0.000 r
                                                      0.000     0.000 r  clk (IN)
                         net (fo=19601, unset)        0.973     0.973    u_edge/u_control/u_seed/clk
    SLICE_X36Y66         FDCE                                         r  u_edge/u_control/u_seed/FSM_sequential_state_reg[2]/C
  -------------------------------------------------------------------    -------------------
    SLICE_X36Y66         FDCE (Prop_fdce_C_Q)         0.456     1.429 r  u_edge/u_control/u_seed/FSM_sequential_state_reg[2]/Q
                         net (fo=525, routed)         2.062     3.491    u_edge/u_control/u_seed/state__0[2]
    SLICE_X41Y72         LUT5 (Prop_lut5_I1_O)        0.124     3.615 f  u_edge/u_control/u_seed/FSM_sequential_state[2]_i_2/O
                         net (fo=4072, routed)        6.012     9.627    u_edge/u_control/u_seed/u_kdf/done_reg_0
    SLICE_X3Y48          FDCE                                         f  u_edge/u_control/u_seed/u_kdf/lane_a_reg[13][44]/CLR
  -------------------------------------------------------------------    -------------------

                         (clock sys_clk rise edge)   10.000    10.000 r
                                                      0.000    10.000 r  clk (IN)
                         net (fo=19601, unset)        0.924    10.924    u_edge/u_control/u_seed/u_kdf/clk
    SLICE_X3Y48          FDCE                                         r  u_edge/u_control/u_seed/u_kdf/lane_a_reg[13][44]/C
                         clock pessimism              0.000    10.924
                         clock uncertainty           -0.035    10.889
    SLICE_X3Y48          FDCE (Recov_fdce_C_CLR)     -0.405    10.484    u_edge/u_control/u_seed/u_kdf/lane_a_reg[13][44]
  -------------------------------------------------------------------
                         required time                         10.484
                         arrival time                          -9.627
  -------------------------------------------------------------------
                         slack                                  0.857

Slack (MET) :             0.872ns  (required time - arrival time)
  Source:                 u_edge/u_control/u_seed/FSM_sequential_state_reg[2]/C
                            (rising edge-triggered cell FDCE clocked by sys_clk  {rise@0.000ns fall@5.000ns period=10.000ns})
  Destination:            u_edge/u_control/u_seed/u_kdf/lane_b_reg[18][62]/CLR
                            (recovery check against rising-edge clock sys_clk  {rise@0.000ns fall@5.000ns period=10.000ns})
  Path Group:             **async_default**
  Path Type:              Recovery (Max at Slow Process Corner)
  Requirement:            10.000ns  (sys_clk rise@10.000ns - sys_clk rise@0.000ns)
  Data Path Delay:        8.683ns  (logic 0.580ns (6.680%)  route 8.103ns (93.320%))
  Logic Levels:           1  (LUT5=1)
  Clock Path Skew:        -0.049ns (DCD - SCD + CPR)
    Destination Clock Delay (DCD):    0.924ns = ( 10.924 - 10.000 )
    Source Clock Delay      (SCD):    0.973ns
    Clock Pessimism Removal (CPR):    0.000ns
  Clock Uncertainty:      0.035ns  ((TSJ^2 + TIJ^2)^1/2 + DJ) / 2 + PE
    Total System Jitter     (TSJ):    0.071ns
    Total Input Jitter      (TIJ):    0.000ns
    Discrete Jitter          (DJ):    0.000ns
    Phase Error              (PE):    0.000ns

    Location             Delay type                Incr(ns)  Path(ns)    Netlist Resource(s)
  -------------------------------------------------------------------    -------------------
                         (clock sys_clk rise edge)    0.000     0.000 r
                                                      0.000     0.000 r  clk (IN)
                         net (fo=19601, unset)        0.973     0.973    u_edge/u_control/u_seed/clk
    SLICE_X36Y66         FDCE                                         r  u_edge/u_control/u_seed/FSM_sequential_state_reg[2]/C
  -------------------------------------------------------------------    -------------------
    SLICE_X36Y66         FDCE (Prop_fdce_C_Q)         0.456     1.429 r  u_edge/u_control/u_seed/FSM_sequential_state_reg[2]/Q
                         net (fo=525, routed)         2.062     3.491    u_edge/u_control/u_seed/state__0[2]
    SLICE_X41Y72         LUT5 (Prop_lut5_I1_O)        0.124     3.615 f  u_edge/u_control/u_seed/FSM_sequential_state[2]_i_2/O
                         net (fo=4072, routed)        6.040     9.656    u_edge/u_control/u_seed/u_kdf/done_reg_0
    SLICE_X6Y47          FDCE                                         f  u_edge/u_control/u_seed/u_kdf/lane_b_reg[18][62]/CLR
  -------------------------------------------------------------------    -------------------

                         (clock sys_clk rise edge)   10.000    10.000 r
                                                      0.000    10.000 r  clk (IN)
                         net (fo=19601, unset)        0.924    10.924    u_edge/u_control/u_seed/u_kdf/clk
    SLICE_X6Y47          FDCE                                         r  u_edge/u_control/u_seed/u_kdf/lane_b_reg[18][62]/C
                         clock pessimism              0.000    10.924
                         clock uncertainty           -0.035    10.889
    SLICE_X6Y47          FDCE (Recov_fdce_C_CLR)     -0.361    10.528    u_edge/u_control/u_seed/u_kdf/lane_b_reg[18][62]
  -------------------------------------------------------------------
                         required time                         10.528
                         arrival time                          -9.656
  -------------------------------------------------------------------
                         slack                                  0.872





Min Delay Paths
--------------------------------------------------------------------------------------
Slack (MET) :             0.831ns  (arrival time - required time)
  Source:                 FSM_sequential_state_reg[1]/C
                            (rising edge-triggered cell FDCE clocked by sys_clk  {rise@0.000ns fall@5.000ns period=10.000ns})
  Destination:            u_puf/shiftreg_inst/p_out_reg[219]/CLR
                            (removal check against rising-edge clock sys_clk  {rise@0.000ns fall@5.000ns period=10.000ns})
  Path Group:             **async_default**
  Path Type:              Removal (Min at Fast Process Corner)
  Requirement:            0.000ns  (sys_clk rise@0.000ns - sys_clk rise@0.000ns)
  Data Path Delay:        0.761ns  (logic 0.186ns (24.456%)  route 0.575ns (75.544%))
  Logic Levels:           1  (LUT6=1)
  Clock Path Skew:        0.022ns (DCD - SCD - CPR)
    Destination Clock Delay (DCD):    0.432ns
    Source Clock Delay      (SCD):    0.410ns
    Clock Pessimism Removal (CPR):    -0.000ns

    Location             Delay type                Incr(ns)  Path(ns)    Netlist Resource(s)
  -------------------------------------------------------------------    -------------------
                         (clock sys_clk rise edge)    0.000     0.000 r
                                                      0.000     0.000 r  clk (IN)
                         net (fo=19601, unset)        0.410     0.410    clk
    SLICE_X0Y40          FDCE                                         r  FSM_sequential_state_reg[1]/C
  -------------------------------------------------------------------    -------------------
    SLICE_X0Y40          FDCE (Prop_fdce_C_Q)         0.141     0.551 r  FSM_sequential_state_reg[1]/Q
                         net (fo=16, routed)          0.337     0.888    u_puf/shiftreg_inst/p_out_reg[0]_0[1]
    SLICE_X2Y39          LUT6 (Prop_lut6_I0_O)        0.045     0.933 f  u_puf/shiftreg_inst/FSM_onehot_state[6]_i_3/O
                         net (fo=310, routed)         0.237     1.171    u_puf/shiftreg_inst/FSM_sequential_state_reg[1]
    SLICE_X1Y41          FDCE                                         f  u_puf/shiftreg_inst/p_out_reg[219]/CLR
  -------------------------------------------------------------------    -------------------

                         (clock sys_clk rise edge)    0.000     0.000 r
                                                      0.000     0.000 r  clk (IN)
                         net (fo=19601, unset)        0.432     0.432    u_puf/shiftreg_inst/clk
    SLICE_X1Y41          FDCE                                         r  u_puf/shiftreg_inst/p_out_reg[219]/C
                         clock pessimism              0.000     0.432
    SLICE_X1Y41          FDCE (Remov_fdce_C_CLR)     -0.092     0.340    u_puf/shiftreg_inst/p_out_reg[219]
  -------------------------------------------------------------------
                         required time                         -0.340
                         arrival time                           1.171
  -------------------------------------------------------------------
                         slack                                  0.831

Slack (MET) :             0.831ns  (arrival time - required time)
  Source:                 FSM_sequential_state_reg[1]/C
                            (rising edge-triggered cell FDCE clocked by sys_clk  {rise@0.000ns fall@5.000ns period=10.000ns})
  Destination:            u_puf/shiftreg_inst/p_out_reg[220]/CLR
                            (removal check against rising-edge clock sys_clk  {rise@0.000ns fall@5.000ns period=10.000ns})
  Path Group:             **async_default**
  Path Type:              Removal (Min at Fast Process Corner)
  Requirement:            0.000ns  (sys_clk rise@0.000ns - sys_clk rise@0.000ns)
  Data Path Delay:        0.761ns  (logic 0.186ns (24.456%)  route 0.575ns (75.544%))
  Logic Levels:           1  (LUT6=1)
  Clock Path Skew:        0.022ns (DCD - SCD - CPR)
    Destination Clock Delay (DCD):    0.432ns
    Source Clock Delay      (SCD):    0.410ns
    Clock Pessimism Removal (CPR):    -0.000ns

    Location             Delay type                Incr(ns)  Path(ns)    Netlist Resource(s)
  -------------------------------------------------------------------    -------------------
                         (clock sys_clk rise edge)    0.000     0.000 r
                                                      0.000     0.000 r  clk (IN)
                         net (fo=19601, unset)        0.410     0.410    clk
    SLICE_X0Y40          FDCE                                         r  FSM_sequential_state_reg[1]/C
  -------------------------------------------------------------------    -------------------
    SLICE_X0Y40          FDCE (Prop_fdce_C_Q)         0.141     0.551 r  FSM_sequential_state_reg[1]/Q
                         net (fo=16, routed)          0.337     0.888    u_puf/shiftreg_inst/p_out_reg[0]_0[1]
    SLICE_X2Y39          LUT6 (Prop_lut6_I0_O)        0.045     0.933 f  u_puf/shiftreg_inst/FSM_onehot_state[6]_i_3/O
                         net (fo=310, routed)         0.237     1.171    u_puf/shiftreg_inst/FSM_sequential_state_reg[1]
    SLICE_X1Y41          FDCE                                         f  u_puf/shiftreg_inst/p_out_reg[220]/CLR
  -------------------------------------------------------------------    -------------------

                         (clock sys_clk rise edge)    0.000     0.000 r
                                                      0.000     0.000 r  clk (IN)
                         net (fo=19601, unset)        0.432     0.432    u_puf/shiftreg_inst/clk
    SLICE_X1Y41          FDCE                                         r  u_puf/shiftreg_inst/p_out_reg[220]/C
                         clock pessimism              0.000     0.432
    SLICE_X1Y41          FDCE (Remov_fdce_C_CLR)     -0.092     0.340    u_puf/shiftreg_inst/p_out_reg[220]
  -------------------------------------------------------------------
                         required time                         -0.340
                         arrival time                           1.171
  -------------------------------------------------------------------
                         slack                                  0.831

Slack (MET) :             0.831ns  (arrival time - required time)
  Source:                 FSM_sequential_state_reg[1]/C
                            (rising edge-triggered cell FDCE clocked by sys_clk  {rise@0.000ns fall@5.000ns period=10.000ns})
  Destination:            u_puf/shiftreg_inst/p_out_reg[221]/CLR
                            (removal check against rising-edge clock sys_clk  {rise@0.000ns fall@5.000ns period=10.000ns})
  Path Group:             **async_default**
  Path Type:              Removal (Min at Fast Process Corner)
  Requirement:            0.000ns  (sys_clk rise@0.000ns - sys_clk rise@0.000ns)
  Data Path Delay:        0.761ns  (logic 0.186ns (24.456%)  route 0.575ns (75.544%))
  Logic Levels:           1  (LUT6=1)
  Clock Path Skew:        0.022ns (DCD - SCD - CPR)
    Destination Clock Delay (DCD):    0.432ns
    Source Clock Delay      (SCD):    0.410ns
    Clock Pessimism Removal (CPR):    -0.000ns

    Location             Delay type                Incr(ns)  Path(ns)    Netlist Resource(s)
  -------------------------------------------------------------------    -------------------
                         (clock sys_clk rise edge)    0.000     0.000 r
                                                      0.000     0.000 r  clk (IN)
                         net (fo=19601, unset)        0.410     0.410    clk
    SLICE_X0Y40          FDCE                                         r  FSM_sequential_state_reg[1]/C
  -------------------------------------------------------------------    -------------------
    SLICE_X0Y40          FDCE (Prop_fdce_C_Q)         0.141     0.551 r  FSM_sequential_state_reg[1]/Q
                         net (fo=16, routed)          0.337     0.888    u_puf/shiftreg_inst/p_out_reg[0]_0[1]
    SLICE_X2Y39          LUT6 (Prop_lut6_I0_O)        0.045     0.933 f  u_puf/shiftreg_inst/FSM_onehot_state[6]_i_3/O
                         net (fo=310, routed)         0.237     1.171    u_puf/shiftreg_inst/FSM_sequential_state_reg[1]
    SLICE_X1Y41          FDCE                                         f  u_puf/shiftreg_inst/p_out_reg[221]/CLR
  -------------------------------------------------------------------    -------------------

                         (clock sys_clk rise edge)    0.000     0.000 r
                                                      0.000     0.000 r  clk (IN)
                         net (fo=19601, unset)        0.432     0.432    u_puf/shiftreg_inst/clk
    SLICE_X1Y41          FDCE                                         r  u_puf/shiftreg_inst/p_out_reg[221]/C
                         clock pessimism              0.000     0.432
    SLICE_X1Y41          FDCE (Remov_fdce_C_CLR)     -0.092     0.340    u_puf/shiftreg_inst/p_out_reg[221]
  -------------------------------------------------------------------
                         required time                         -0.340
                         arrival time                           1.171
  -------------------------------------------------------------------
                         slack                                  0.831

Slack (MET) :             0.831ns  (arrival time - required time)
  Source:                 FSM_sequential_state_reg[1]/C
                            (rising edge-triggered cell FDCE clocked by sys_clk  {rise@0.000ns fall@5.000ns period=10.000ns})
  Destination:            u_puf/shiftreg_inst/p_out_reg[222]/CLR
                            (removal check against rising-edge clock sys_clk  {rise@0.000ns fall@5.000ns period=10.000ns})
  Path Group:             **async_default**
  Path Type:              Removal (Min at Fast Process Corner)
  Requirement:            0.000ns  (sys_clk rise@0.000ns - sys_clk rise@0.000ns)
  Data Path Delay:        0.761ns  (logic 0.186ns (24.456%)  route 0.575ns (75.544%))
  Logic Levels:           1  (LUT6=1)
  Clock Path Skew:        0.022ns (DCD - SCD - CPR)
    Destination Clock Delay (DCD):    0.432ns
    Source Clock Delay      (SCD):    0.410ns
    Clock Pessimism Removal (CPR):    -0.000ns

    Location             Delay type                Incr(ns)  Path(ns)    Netlist Resource(s)
  -------------------------------------------------------------------    -------------------
                         (clock sys_clk rise edge)    0.000     0.000 r
                                                      0.000     0.000 r  clk (IN)
                         net (fo=19601, unset)        0.410     0.410    clk
    SLICE_X0Y40          FDCE                                         r  FSM_sequential_state_reg[1]/C
  -------------------------------------------------------------------    -------------------
    SLICE_X0Y40          FDCE (Prop_fdce_C_Q)         0.141     0.551 r  FSM_sequential_state_reg[1]/Q
                         net (fo=16, routed)          0.337     0.888    u_puf/shiftreg_inst/p_out_reg[0]_0[1]
    SLICE_X2Y39          LUT6 (Prop_lut6_I0_O)        0.045     0.933 f  u_puf/shiftreg_inst/FSM_onehot_state[6]_i_3/O
                         net (fo=310, routed)         0.237     1.171    u_puf/shiftreg_inst/FSM_sequential_state_reg[1]
    SLICE_X1Y41          FDCE                                         f  u_puf/shiftreg_inst/p_out_reg[222]/CLR
  -------------------------------------------------------------------    -------------------

                         (clock sys_clk rise edge)    0.000     0.000 r
                                                      0.000     0.000 r  clk (IN)
                         net (fo=19601, unset)        0.432     0.432    u_puf/shiftreg_inst/clk
    SLICE_X1Y41          FDCE                                         r  u_puf/shiftreg_inst/p_out_reg[222]/C
                         clock pessimism              0.000     0.432
    SLICE_X1Y41          FDCE (Remov_fdce_C_CLR)     -0.092     0.340    u_puf/shiftreg_inst/p_out_reg[222]
  -------------------------------------------------------------------
                         required time                         -0.340
                         arrival time                           1.171
  -------------------------------------------------------------------
                         slack                                  0.831

Slack (MET) :             0.831ns  (arrival time - required time)
  Source:                 FSM_sequential_state_reg[1]/C
                            (rising edge-triggered cell FDCE clocked by sys_clk  {rise@0.000ns fall@5.000ns period=10.000ns})
  Destination:            u_puf/shiftreg_inst/p_out_reg[227]/CLR
                            (removal check against rising-edge clock sys_clk  {rise@0.000ns fall@5.000ns period=10.000ns})
  Path Group:             **async_default**
  Path Type:              Removal (Min at Fast Process Corner)
  Requirement:            0.000ns  (sys_clk rise@0.000ns - sys_clk rise@0.000ns)
  Data Path Delay:        0.761ns  (logic 0.186ns (24.456%)  route 0.575ns (75.544%))
  Logic Levels:           1  (LUT6=1)
  Clock Path Skew:        0.022ns (DCD - SCD - CPR)
    Destination Clock Delay (DCD):    0.432ns
    Source Clock Delay      (SCD):    0.410ns
    Clock Pessimism Removal (CPR):    -0.000ns

    Location             Delay type                Incr(ns)  Path(ns)    Netlist Resource(s)
  -------------------------------------------------------------------    -------------------
                         (clock sys_clk rise edge)    0.000     0.000 r
                                                      0.000     0.000 r  clk (IN)
                         net (fo=19601, unset)        0.410     0.410    clk
    SLICE_X0Y40          FDCE                                         r  FSM_sequential_state_reg[1]/C
  -------------------------------------------------------------------    -------------------
    SLICE_X0Y40          FDCE (Prop_fdce_C_Q)         0.141     0.551 r  FSM_sequential_state_reg[1]/Q
                         net (fo=16, routed)          0.337     0.888    u_puf/shiftreg_inst/p_out_reg[0]_0[1]
    SLICE_X2Y39          LUT6 (Prop_lut6_I0_O)        0.045     0.933 f  u_puf/shiftreg_inst/FSM_onehot_state[6]_i_3/O
                         net (fo=310, routed)         0.237     1.171    u_puf/shiftreg_inst/FSM_sequential_state_reg[1]
    SLICE_X1Y41          FDCE                                         f  u_puf/shiftreg_inst/p_out_reg[227]/CLR
  -------------------------------------------------------------------    -------------------

                         (clock sys_clk rise edge)    0.000     0.000 r
                                                      0.000     0.000 r  clk (IN)
                         net (fo=19601, unset)        0.432     0.432    u_puf/shiftreg_inst/clk
    SLICE_X1Y41          FDCE                                         r  u_puf/shiftreg_inst/p_out_reg[227]/C
                         clock pessimism              0.000     0.432
    SLICE_X1Y41          FDCE (Remov_fdce_C_CLR)     -0.092     0.340    u_puf/shiftreg_inst/p_out_reg[227]
  -------------------------------------------------------------------
                         required time                         -0.340
                         arrival time                           1.171
  -------------------------------------------------------------------
                         slack                                  0.831

Slack (MET) :             0.831ns  (arrival time - required time)
  Source:                 FSM_sequential_state_reg[1]/C
                            (rising edge-triggered cell FDCE clocked by sys_clk  {rise@0.000ns fall@5.000ns period=10.000ns})
  Destination:            u_puf/shiftreg_inst/p_out_reg[228]/CLR
                            (removal check against rising-edge clock sys_clk  {rise@0.000ns fall@5.000ns period=10.000ns})
  Path Group:             **async_default**
  Path Type:              Removal (Min at Fast Process Corner)
  Requirement:            0.000ns  (sys_clk rise@0.000ns - sys_clk rise@0.000ns)
  Data Path Delay:        0.761ns  (logic 0.186ns (24.456%)  route 0.575ns (75.544%))
  Logic Levels:           1  (LUT6=1)
  Clock Path Skew:        0.022ns (DCD - SCD - CPR)
    Destination Clock Delay (DCD):    0.432ns
    Source Clock Delay      (SCD):    0.410ns
    Clock Pessimism Removal (CPR):    -0.000ns

    Location             Delay type                Incr(ns)  Path(ns)    Netlist Resource(s)
  -------------------------------------------------------------------    -------------------
                         (clock sys_clk rise edge)    0.000     0.000 r
                                                      0.000     0.000 r  clk (IN)
                         net (fo=19601, unset)        0.410     0.410    clk
    SLICE_X0Y40          FDCE                                         r  FSM_sequential_state_reg[1]/C
  -------------------------------------------------------------------    -------------------
    SLICE_X0Y40          FDCE (Prop_fdce_C_Q)         0.141     0.551 r  FSM_sequential_state_reg[1]/Q
                         net (fo=16, routed)          0.337     0.888    u_puf/shiftreg_inst/p_out_reg[0]_0[1]
    SLICE_X2Y39          LUT6 (Prop_lut6_I0_O)        0.045     0.933 f  u_puf/shiftreg_inst/FSM_onehot_state[6]_i_3/O
                         net (fo=310, routed)         0.237     1.171    u_puf/shiftreg_inst/FSM_sequential_state_reg[1]
    SLICE_X1Y41          FDCE                                         f  u_puf/shiftreg_inst/p_out_reg[228]/CLR
  -------------------------------------------------------------------    -------------------

                         (clock sys_clk rise edge)    0.000     0.000 r
                                                      0.000     0.000 r  clk (IN)
                         net (fo=19601, unset)        0.432     0.432    u_puf/shiftreg_inst/clk
    SLICE_X1Y41          FDCE                                         r  u_puf/shiftreg_inst/p_out_reg[228]/C
                         clock pessimism              0.000     0.432
    SLICE_X1Y41          FDCE (Remov_fdce_C_CLR)     -0.092     0.340    u_puf/shiftreg_inst/p_out_reg[228]
  -------------------------------------------------------------------
                         required time                         -0.340
                         arrival time                           1.171
  -------------------------------------------------------------------
                         slack                                  0.831

Slack (MET) :             0.831ns  (arrival time - required time)
  Source:                 FSM_sequential_state_reg[1]/C
                            (rising edge-triggered cell FDCE clocked by sys_clk  {rise@0.000ns fall@5.000ns period=10.000ns})
  Destination:            u_puf/shiftreg_inst/p_out_reg[229]/CLR
                            (removal check against rising-edge clock sys_clk  {rise@0.000ns fall@5.000ns period=10.000ns})
  Path Group:             **async_default**
  Path Type:              Removal (Min at Fast Process Corner)
  Requirement:            0.000ns  (sys_clk rise@0.000ns - sys_clk rise@0.000ns)
  Data Path Delay:        0.761ns  (logic 0.186ns (24.456%)  route 0.575ns (75.544%))
  Logic Levels:           1  (LUT6=1)
  Clock Path Skew:        0.022ns (DCD - SCD - CPR)
    Destination Clock Delay (DCD):    0.432ns
    Source Clock Delay      (SCD):    0.410ns
    Clock Pessimism Removal (CPR):    -0.000ns

    Location             Delay type                Incr(ns)  Path(ns)    Netlist Resource(s)
  -------------------------------------------------------------------    -------------------
                         (clock sys_clk rise edge)    0.000     0.000 r
                                                      0.000     0.000 r  clk (IN)
                         net (fo=19601, unset)        0.410     0.410    clk
    SLICE_X0Y40          FDCE                                         r  FSM_sequential_state_reg[1]/C
  -------------------------------------------------------------------    -------------------
    SLICE_X0Y40          FDCE (Prop_fdce_C_Q)         0.141     0.551 r  FSM_sequential_state_reg[1]/Q
                         net (fo=16, routed)          0.337     0.888    u_puf/shiftreg_inst/p_out_reg[0]_0[1]
    SLICE_X2Y39          LUT6 (Prop_lut6_I0_O)        0.045     0.933 f  u_puf/shiftreg_inst/FSM_onehot_state[6]_i_3/O
                         net (fo=310, routed)         0.237     1.171    u_puf/shiftreg_inst/FSM_sequential_state_reg[1]
    SLICE_X1Y41          FDCE                                         f  u_puf/shiftreg_inst/p_out_reg[229]/CLR
  -------------------------------------------------------------------    -------------------

                         (clock sys_clk rise edge)    0.000     0.000 r
                                                      0.000     0.000 r  clk (IN)
                         net (fo=19601, unset)        0.432     0.432    u_puf/shiftreg_inst/clk
    SLICE_X1Y41          FDCE                                         r  u_puf/shiftreg_inst/p_out_reg[229]/C
                         clock pessimism              0.000     0.432
    SLICE_X1Y41          FDCE (Remov_fdce_C_CLR)     -0.092     0.340    u_puf/shiftreg_inst/p_out_reg[229]
  -------------------------------------------------------------------
                         required time                         -0.340
                         arrival time                           1.171
  -------------------------------------------------------------------
                         slack                                  0.831

Slack (MET) :             0.831ns  (arrival time - required time)
  Source:                 FSM_sequential_state_reg[1]/C
                            (rising edge-triggered cell FDCE clocked by sys_clk  {rise@0.000ns fall@5.000ns period=10.000ns})
  Destination:            u_puf/shiftreg_inst/p_out_reg[230]/CLR
                            (removal check against rising-edge clock sys_clk  {rise@0.000ns fall@5.000ns period=10.000ns})
  Path Group:             **async_default**
  Path Type:              Removal (Min at Fast Process Corner)
  Requirement:            0.000ns  (sys_clk rise@0.000ns - sys_clk rise@0.000ns)
  Data Path Delay:        0.761ns  (logic 0.186ns (24.456%)  route 0.575ns (75.544%))
  Logic Levels:           1  (LUT6=1)
  Clock Path Skew:        0.022ns (DCD - SCD - CPR)
    Destination Clock Delay (DCD):    0.432ns
    Source Clock Delay      (SCD):    0.410ns
    Clock Pessimism Removal (CPR):    -0.000ns

    Location             Delay type                Incr(ns)  Path(ns)    Netlist Resource(s)
  -------------------------------------------------------------------    -------------------
                         (clock sys_clk rise edge)    0.000     0.000 r
                                                      0.000     0.000 r  clk (IN)
                         net (fo=19601, unset)        0.410     0.410    clk
    SLICE_X0Y40          FDCE                                         r  FSM_sequential_state_reg[1]/C
  -------------------------------------------------------------------    -------------------
    SLICE_X0Y40          FDCE (Prop_fdce_C_Q)         0.141     0.551 r  FSM_sequential_state_reg[1]/Q
                         net (fo=16, routed)          0.337     0.888    u_puf/shiftreg_inst/p_out_reg[0]_0[1]
    SLICE_X2Y39          LUT6 (Prop_lut6_I0_O)        0.045     0.933 f  u_puf/shiftreg_inst/FSM_onehot_state[6]_i_3/O
                         net (fo=310, routed)         0.237     1.171    u_puf/shiftreg_inst/FSM_sequential_state_reg[1]
    SLICE_X1Y41          FDCE                                         f  u_puf/shiftreg_inst/p_out_reg[230]/CLR
  -------------------------------------------------------------------    -------------------

                         (clock sys_clk rise edge)    0.000     0.000 r
                                                      0.000     0.000 r  clk (IN)
                         net (fo=19601, unset)        0.432     0.432    u_puf/shiftreg_inst/clk
    SLICE_X1Y41          FDCE                                         r  u_puf/shiftreg_inst/p_out_reg[230]/C
                         clock pessimism              0.000     0.432
    SLICE_X1Y41          FDCE (Remov_fdce_C_CLR)     -0.092     0.340    u_puf/shiftreg_inst/p_out_reg[230]
  -------------------------------------------------------------------
                         required time                         -0.340
                         arrival time                           1.171
  -------------------------------------------------------------------
                         slack                                  0.831

Slack (MET) :             0.843ns  (arrival time - required time)
  Source:                 FSM_sequential_state_reg[1]/C
                            (rising edge-triggered cell FDCE clocked by sys_clk  {rise@0.000ns fall@5.000ns period=10.000ns})
  Destination:            u_puf/shiftreg_inst/p_out_reg[201]/CLR
                            (removal check against rising-edge clock sys_clk  {rise@0.000ns fall@5.000ns period=10.000ns})
  Path Group:             **async_default**
  Path Type:              Removal (Min at Fast Process Corner)
  Requirement:            0.000ns  (sys_clk rise@0.000ns - sys_clk rise@0.000ns)
  Data Path Delay:        0.797ns  (logic 0.186ns (23.328%)  route 0.611ns (76.672%))
  Logic Levels:           1  (LUT6=1)
  Clock Path Skew:        0.022ns (DCD - SCD - CPR)
    Destination Clock Delay (DCD):    0.432ns
    Source Clock Delay      (SCD):    0.410ns
    Clock Pessimism Removal (CPR):    -0.000ns

    Location             Delay type                Incr(ns)  Path(ns)    Netlist Resource(s)
  -------------------------------------------------------------------    -------------------
                         (clock sys_clk rise edge)    0.000     0.000 r
                                                      0.000     0.000 r  clk (IN)
                         net (fo=19601, unset)        0.410     0.410    clk
    SLICE_X0Y40          FDCE                                         r  FSM_sequential_state_reg[1]/C
  -------------------------------------------------------------------    -------------------
    SLICE_X0Y40          FDCE (Prop_fdce_C_Q)         0.141     0.551 r  FSM_sequential_state_reg[1]/Q
                         net (fo=16, routed)          0.337     0.888    u_puf/shiftreg_inst/p_out_reg[0]_0[1]
    SLICE_X2Y39          LUT6 (Prop_lut6_I0_O)        0.045     0.933 f  u_puf/shiftreg_inst/FSM_onehot_state[6]_i_3/O
                         net (fo=310, routed)         0.274     1.207    u_puf/shiftreg_inst/FSM_sequential_state_reg[1]
    SLICE_X8Y39          FDCE                                         f  u_puf/shiftreg_inst/p_out_reg[201]/CLR
  -------------------------------------------------------------------    -------------------

                         (clock sys_clk rise edge)    0.000     0.000 r
                                                      0.000     0.000 r  clk (IN)
                         net (fo=19601, unset)        0.432     0.432    u_puf/shiftreg_inst/clk
    SLICE_X8Y39          FDCE                                         r  u_puf/shiftreg_inst/p_out_reg[201]/C
                         clock pessimism              0.000     0.432
    SLICE_X8Y39          FDCE (Remov_fdce_C_CLR)     -0.067     0.365    u_puf/shiftreg_inst/p_out_reg[201]
  -------------------------------------------------------------------
                         required time                         -0.365
                         arrival time                           1.207
  -------------------------------------------------------------------
                         slack                                  0.843

Slack (MET) :             0.843ns  (arrival time - required time)
  Source:                 FSM_sequential_state_reg[1]/C
                            (rising edge-triggered cell FDCE clocked by sys_clk  {rise@0.000ns fall@5.000ns period=10.000ns})
  Destination:            u_puf/shiftreg_inst/p_out_reg[202]/CLR
                            (removal check against rising-edge clock sys_clk  {rise@0.000ns fall@5.000ns period=10.000ns})
  Path Group:             **async_default**
  Path Type:              Removal (Min at Fast Process Corner)
  Requirement:            0.000ns  (sys_clk rise@0.000ns - sys_clk rise@0.000ns)
  Data Path Delay:        0.797ns  (logic 0.186ns (23.328%)  route 0.611ns (76.672%))
  Logic Levels:           1  (LUT6=1)
  Clock Path Skew:        0.022ns (DCD - SCD - CPR)
    Destination Clock Delay (DCD):    0.432ns
    Source Clock Delay      (SCD):    0.410ns
    Clock Pessimism Removal (CPR):    -0.000ns

    Location             Delay type                Incr(ns)  Path(ns)    Netlist Resource(s)
  -------------------------------------------------------------------    -------------------
                         (clock sys_clk rise edge)    0.000     0.000 r
                                                      0.000     0.000 r  clk (IN)
                         net (fo=19601, unset)        0.410     0.410    clk
    SLICE_X0Y40          FDCE                                         r  FSM_sequential_state_reg[1]/C
  -------------------------------------------------------------------    -------------------
    SLICE_X0Y40          FDCE (Prop_fdce_C_Q)         0.141     0.551 r  FSM_sequential_state_reg[1]/Q
                         net (fo=16, routed)          0.337     0.888    u_puf/shiftreg_inst/p_out_reg[0]_0[1]
    SLICE_X2Y39          LUT6 (Prop_lut6_I0_O)        0.045     0.933 f  u_puf/shiftreg_inst/FSM_onehot_state[6]_i_3/O
                         net (fo=310, routed)         0.274     1.207    u_puf/shiftreg_inst/FSM_sequential_state_reg[1]
    SLICE_X8Y39          FDCE                                         f  u_puf/shiftreg_inst/p_out_reg[202]/CLR
  -------------------------------------------------------------------    -------------------

                         (clock sys_clk rise edge)    0.000     0.000 r
                                                      0.000     0.000 r  clk (IN)
                         net (fo=19601, unset)        0.432     0.432    u_puf/shiftreg_inst/clk
    SLICE_X8Y39          FDCE                                         r  u_puf/shiftreg_inst/p_out_reg[202]/C
                         clock pessimism              0.000     0.432
    SLICE_X8Y39          FDCE (Remov_fdce_C_CLR)     -0.067     0.365    u_puf/shiftreg_inst/p_out_reg[202]
  -------------------------------------------------------------------
                         required time                         -0.365
                         arrival time                           1.207
  -------------------------------------------------------------------
                         slack                                  0.843

Slack (MET) :             0.843ns  (arrival time - required time)
  Source:                 FSM_sequential_state_reg[1]/C
                            (rising edge-triggered cell FDCE clocked by sys_clk  {rise@0.000ns fall@5.000ns period=10.000ns})
  Destination:            u_puf/shiftreg_inst/p_out_reg[203]/CLR
                            (removal check against rising-edge clock sys_clk  {rise@0.000ns fall@5.000ns period=10.000ns})
  Path Group:             **async_default**
  Path Type:              Removal (Min at Fast Process Corner)
  Requirement:            0.000ns  (sys_clk rise@0.000ns - sys_clk rise@0.000ns)
  Data Path Delay:        0.797ns  (logic 0.186ns (23.328%)  route 0.611ns (76.672%))
  Logic Levels:           1  (LUT6=1)
  Clock Path Skew:        0.022ns (DCD - SCD - CPR)
    Destination Clock Delay (DCD):    0.432ns
    Source Clock Delay      (SCD):    0.410ns
    Clock Pessimism Removal (CPR):    -0.000ns

    Location             Delay type                Incr(ns)  Path(ns)    Netlist Resource(s)
  -------------------------------------------------------------------    -------------------
                         (clock sys_clk rise edge)    0.000     0.000 r
                                                      0.000     0.000 r  clk (IN)
                         net (fo=19601, unset)        0.410     0.410    clk
    SLICE_X0Y40          FDCE                                         r  FSM_sequential_state_reg[1]/C
  -------------------------------------------------------------------    -------------------
    SLICE_X0Y40          FDCE (Prop_fdce_C_Q)         0.141     0.551 r  FSM_sequential_state_reg[1]/Q
                         net (fo=16, routed)          0.337     0.888    u_puf/shiftreg_inst/p_out_reg[0]_0[1]
    SLICE_X2Y39          LUT6 (Prop_lut6_I0_O)        0.045     0.933 f  u_puf/shiftreg_inst/FSM_onehot_state[6]_i_3/O
                         net (fo=310, routed)         0.274     1.207    u_puf/shiftreg_inst/FSM_sequential_state_reg[1]
    SLICE_X8Y39          FDCE                                         f  u_puf/shiftreg_inst/p_out_reg[203]/CLR
  -------------------------------------------------------------------    -------------------

                         (clock sys_clk rise edge)    0.000     0.000 r
                                                      0.000     0.000 r  clk (IN)
                         net (fo=19601, unset)        0.432     0.432    u_puf/shiftreg_inst/clk
    SLICE_X8Y39          FDCE                                         r  u_puf/shiftreg_inst/p_out_reg[203]/C
                         clock pessimism              0.000     0.432
    SLICE_X8Y39          FDCE (Remov_fdce_C_CLR)     -0.067     0.365    u_puf/shiftreg_inst/p_out_reg[203]
  -------------------------------------------------------------------
                         required time                         -0.365
                         arrival time                           1.207
  -------------------------------------------------------------------
                         slack                                  0.843

Slack (MET) :             0.843ns  (arrival time - required time)
  Source:                 FSM_sequential_state_reg[1]/C
                            (rising edge-triggered cell FDCE clocked by sys_clk  {rise@0.000ns fall@5.000ns period=10.000ns})
  Destination:            u_puf/shiftreg_inst/p_out_reg[204]/CLR
                            (removal check against rising-edge clock sys_clk  {rise@0.000ns fall@5.000ns period=10.000ns})
  Path Group:             **async_default**
  Path Type:              Removal (Min at Fast Process Corner)
  Requirement:            0.000ns  (sys_clk rise@0.000ns - sys_clk rise@0.000ns)
  Data Path Delay:        0.797ns  (logic 0.186ns (23.328%)  route 0.611ns (76.672%))
  Logic Levels:           1  (LUT6=1)
  Clock Path Skew:        0.022ns (DCD - SCD - CPR)
    Destination Clock Delay (DCD):    0.432ns
    Source Clock Delay      (SCD):    0.410ns
    Clock Pessimism Removal (CPR):    -0.000ns

    Location             Delay type                Incr(ns)  Path(ns)    Netlist Resource(s)
  -------------------------------------------------------------------    -------------------
                         (clock sys_clk rise edge)    0.000     0.000 r
                                                      0.000     0.000 r  clk (IN)
                         net (fo=19601, unset)        0.410     0.410    clk
    SLICE_X0Y40          FDCE                                         r  FSM_sequential_state_reg[1]/C
  -------------------------------------------------------------------    -------------------
    SLICE_X0Y40          FDCE (Prop_fdce_C_Q)         0.141     0.551 r  FSM_sequential_state_reg[1]/Q
                         net (fo=16, routed)          0.337     0.888    u_puf/shiftreg_inst/p_out_reg[0]_0[1]
    SLICE_X2Y39          LUT6 (Prop_lut6_I0_O)        0.045     0.933 f  u_puf/shiftreg_inst/FSM_onehot_state[6]_i_3/O
                         net (fo=310, routed)         0.274     1.207    u_puf/shiftreg_inst/FSM_sequential_state_reg[1]
    SLICE_X8Y39          FDCE                                         f  u_puf/shiftreg_inst/p_out_reg[204]/CLR
  -------------------------------------------------------------------    -------------------

                         (clock sys_clk rise edge)    0.000     0.000 r
                                                      0.000     0.000 r  clk (IN)
                         net (fo=19601, unset)        0.432     0.432    u_puf/shiftreg_inst/clk
    SLICE_X8Y39          FDCE                                         r  u_puf/shiftreg_inst/p_out_reg[204]/C
                         clock pessimism              0.000     0.432
    SLICE_X8Y39          FDCE (Remov_fdce_C_CLR)     -0.067     0.365    u_puf/shiftreg_inst/p_out_reg[204]
  -------------------------------------------------------------------
                         required time                         -0.365
                         arrival time                           1.207
  -------------------------------------------------------------------
                         slack                                  0.843

Slack (MET) :             0.843ns  (arrival time - required time)
  Source:                 FSM_sequential_state_reg[1]/C
                            (rising edge-triggered cell FDCE clocked by sys_clk  {rise@0.000ns fall@5.000ns period=10.000ns})
  Destination:            u_puf/shiftreg_inst/p_out_reg[205]/CLR
                            (removal check against rising-edge clock sys_clk  {rise@0.000ns fall@5.000ns period=10.000ns})
  Path Group:             **async_default**
  Path Type:              Removal (Min at Fast Process Corner)
  Requirement:            0.000ns  (sys_clk rise@0.000ns - sys_clk rise@0.000ns)
  Data Path Delay:        0.797ns  (logic 0.186ns (23.328%)  route 0.611ns (76.672%))
  Logic Levels:           1  (LUT6=1)
  Clock Path Skew:        0.022ns (DCD - SCD - CPR)
    Destination Clock Delay (DCD):    0.432ns
    Source Clock Delay      (SCD):    0.410ns
    Clock Pessimism Removal (CPR):    -0.000ns

    Location             Delay type                Incr(ns)  Path(ns)    Netlist Resource(s)
  -------------------------------------------------------------------    -------------------
                         (clock sys_clk rise edge)    0.000     0.000 r
                                                      0.000     0.000 r  clk (IN)
                         net (fo=19601, unset)        0.410     0.410    clk
    SLICE_X0Y40          FDCE                                         r  FSM_sequential_state_reg[1]/C
  -------------------------------------------------------------------    -------------------
    SLICE_X0Y40          FDCE (Prop_fdce_C_Q)         0.141     0.551 r  FSM_sequential_state_reg[1]/Q
                         net (fo=16, routed)          0.337     0.888    u_puf/shiftreg_inst/p_out_reg[0]_0[1]
    SLICE_X2Y39          LUT6 (Prop_lut6_I0_O)        0.045     0.933 f  u_puf/shiftreg_inst/FSM_onehot_state[6]_i_3/O
                         net (fo=310, routed)         0.274     1.207    u_puf/shiftreg_inst/FSM_sequential_state_reg[1]
    SLICE_X8Y39          FDCE                                         f  u_puf/shiftreg_inst/p_out_reg[205]/CLR
  -------------------------------------------------------------------    -------------------

                         (clock sys_clk rise edge)    0.000     0.000 r
                                                      0.000     0.000 r  clk (IN)
                         net (fo=19601, unset)        0.432     0.432    u_puf/shiftreg_inst/clk
    SLICE_X8Y39          FDCE                                         r  u_puf/shiftreg_inst/p_out_reg[205]/C
                         clock pessimism              0.000     0.432
    SLICE_X8Y39          FDCE (Remov_fdce_C_CLR)     -0.067     0.365    u_puf/shiftreg_inst/p_out_reg[205]
  -------------------------------------------------------------------
                         required time                         -0.365
                         arrival time                           1.207
  -------------------------------------------------------------------
                         slack                                  0.843

Slack (MET) :             0.843ns  (arrival time - required time)
  Source:                 FSM_sequential_state_reg[1]/C
                            (rising edge-triggered cell FDCE clocked by sys_clk  {rise@0.000ns fall@5.000ns period=10.000ns})
  Destination:            u_puf/shiftreg_inst/p_out_reg[206]/CLR
                            (removal check against rising-edge clock sys_clk  {rise@0.000ns fall@5.000ns period=10.000ns})
  Path Group:             **async_default**
  Path Type:              Removal (Min at Fast Process Corner)
  Requirement:            0.000ns  (sys_clk rise@0.000ns - sys_clk rise@0.000ns)
  Data Path Delay:        0.797ns  (logic 0.186ns (23.328%)  route 0.611ns (76.672%))
  Logic Levels:           1  (LUT6=1)
  Clock Path Skew:        0.022ns (DCD - SCD - CPR)
    Destination Clock Delay (DCD):    0.432ns
    Source Clock Delay      (SCD):    0.410ns
    Clock Pessimism Removal (CPR):    -0.000ns

    Location             Delay type                Incr(ns)  Path(ns)    Netlist Resource(s)
  -------------------------------------------------------------------    -------------------
                         (clock sys_clk rise edge)    0.000     0.000 r
                                                      0.000     0.000 r  clk (IN)
                         net (fo=19601, unset)        0.410     0.410    clk
    SLICE_X0Y40          FDCE                                         r  FSM_sequential_state_reg[1]/C
  -------------------------------------------------------------------    -------------------
    SLICE_X0Y40          FDCE (Prop_fdce_C_Q)         0.141     0.551 r  FSM_sequential_state_reg[1]/Q
                         net (fo=16, routed)          0.337     0.888    u_puf/shiftreg_inst/p_out_reg[0]_0[1]
    SLICE_X2Y39          LUT6 (Prop_lut6_I0_O)        0.045     0.933 f  u_puf/shiftreg_inst/FSM_onehot_state[6]_i_3/O
                         net (fo=310, routed)         0.274     1.207    u_puf/shiftreg_inst/FSM_sequential_state_reg[1]
    SLICE_X8Y39          FDCE                                         f  u_puf/shiftreg_inst/p_out_reg[206]/CLR
  -------------------------------------------------------------------    -------------------

                         (clock sys_clk rise edge)    0.000     0.000 r
                                                      0.000     0.000 r  clk (IN)
                         net (fo=19601, unset)        0.432     0.432    u_puf/shiftreg_inst/clk
    SLICE_X8Y39          FDCE                                         r  u_puf/shiftreg_inst/p_out_reg[206]/C
                         clock pessimism              0.000     0.432
    SLICE_X8Y39          FDCE (Remov_fdce_C_CLR)     -0.067     0.365    u_puf/shiftreg_inst/p_out_reg[206]
  -------------------------------------------------------------------
                         required time                         -0.365
                         arrival time                           1.207
  -------------------------------------------------------------------
                         slack                                  0.843

Slack (MET) :             0.843ns  (arrival time - required time)
  Source:                 FSM_sequential_state_reg[1]/C
                            (rising edge-triggered cell FDCE clocked by sys_clk  {rise@0.000ns fall@5.000ns period=10.000ns})
  Destination:            u_puf/shiftreg_inst/p_out_reg[207]/CLR
                            (removal check against rising-edge clock sys_clk  {rise@0.000ns fall@5.000ns period=10.000ns})
  Path Group:             **async_default**
  Path Type:              Removal (Min at Fast Process Corner)
  Requirement:            0.000ns  (sys_clk rise@0.000ns - sys_clk rise@0.000ns)
  Data Path Delay:        0.797ns  (logic 0.186ns (23.328%)  route 0.611ns (76.672%))
  Logic Levels:           1  (LUT6=1)
  Clock Path Skew:        0.022ns (DCD - SCD - CPR)
    Destination Clock Delay (DCD):    0.432ns
    Source Clock Delay      (SCD):    0.410ns
    Clock Pessimism Removal (CPR):    -0.000ns

    Location             Delay type                Incr(ns)  Path(ns)    Netlist Resource(s)
  -------------------------------------------------------------------    -------------------
                         (clock sys_clk rise edge)    0.000     0.000 r
                                                      0.000     0.000 r  clk (IN)
                         net (fo=19601, unset)        0.410     0.410    clk
    SLICE_X0Y40          FDCE                                         r  FSM_sequential_state_reg[1]/C
  -------------------------------------------------------------------    -------------------
    SLICE_X0Y40          FDCE (Prop_fdce_C_Q)         0.141     0.551 r  FSM_sequential_state_reg[1]/Q
                         net (fo=16, routed)          0.337     0.888    u_puf/shiftreg_inst/p_out_reg[0]_0[1]
    SLICE_X2Y39          LUT6 (Prop_lut6_I0_O)        0.045     0.933 f  u_puf/shiftreg_inst/FSM_onehot_state[6]_i_3/O
                         net (fo=310, routed)         0.274     1.207    u_puf/shiftreg_inst/FSM_sequential_state_reg[1]
    SLICE_X8Y39          FDCE                                         f  u_puf/shiftreg_inst/p_out_reg[207]/CLR
  -------------------------------------------------------------------    -------------------

                         (clock sys_clk rise edge)    0.000     0.000 r
                                                      0.000     0.000 r  clk (IN)
                         net (fo=19601, unset)        0.432     0.432    u_puf/shiftreg_inst/clk
    SLICE_X8Y39          FDCE                                         r  u_puf/shiftreg_inst/p_out_reg[207]/C
                         clock pessimism              0.000     0.432
    SLICE_X8Y39          FDCE (Remov_fdce_C_CLR)     -0.067     0.365    u_puf/shiftreg_inst/p_out_reg[207]
  -------------------------------------------------------------------
                         required time                         -0.365
                         arrival time                           1.207
  -------------------------------------------------------------------
                         slack                                  0.843

Slack (MET) :             0.843ns  (arrival time - required time)
  Source:                 FSM_sequential_state_reg[1]/C
                            (rising edge-triggered cell FDCE clocked by sys_clk  {rise@0.000ns fall@5.000ns period=10.000ns})
  Destination:            u_puf/shiftreg_inst/p_out_reg[210]/CLR
                            (removal check against rising-edge clock sys_clk  {rise@0.000ns fall@5.000ns period=10.000ns})
  Path Group:             **async_default**
  Path Type:              Removal (Min at Fast Process Corner)
  Requirement:            0.000ns  (sys_clk rise@0.000ns - sys_clk rise@0.000ns)
  Data Path Delay:        0.797ns  (logic 0.186ns (23.328%)  route 0.611ns (76.672%))
  Logic Levels:           1  (LUT6=1)
  Clock Path Skew:        0.022ns (DCD - SCD - CPR)
    Destination Clock Delay (DCD):    0.432ns
    Source Clock Delay      (SCD):    0.410ns
    Clock Pessimism Removal (CPR):    -0.000ns

    Location             Delay type                Incr(ns)  Path(ns)    Netlist Resource(s)
  -------------------------------------------------------------------    -------------------
                         (clock sys_clk rise edge)    0.000     0.000 r
                                                      0.000     0.000 r  clk (IN)
                         net (fo=19601, unset)        0.410     0.410    clk
    SLICE_X0Y40          FDCE                                         r  FSM_sequential_state_reg[1]/C
  -------------------------------------------------------------------    -------------------
    SLICE_X0Y40          FDCE (Prop_fdce_C_Q)         0.141     0.551 r  FSM_sequential_state_reg[1]/Q
                         net (fo=16, routed)          0.337     0.888    u_puf/shiftreg_inst/p_out_reg[0]_0[1]
    SLICE_X2Y39          LUT6 (Prop_lut6_I0_O)        0.045     0.933 f  u_puf/shiftreg_inst/FSM_onehot_state[6]_i_3/O
                         net (fo=310, routed)         0.274     1.207    u_puf/shiftreg_inst/FSM_sequential_state_reg[1]
    SLICE_X8Y39          FDCE                                         f  u_puf/shiftreg_inst/p_out_reg[210]/CLR
  -------------------------------------------------------------------    -------------------

                         (clock sys_clk rise edge)    0.000     0.000 r
                                                      0.000     0.000 r  clk (IN)
                         net (fo=19601, unset)        0.432     0.432    u_puf/shiftreg_inst/clk
    SLICE_X8Y39          FDCE                                         r  u_puf/shiftreg_inst/p_out_reg[210]/C
                         clock pessimism              0.000     0.432
    SLICE_X8Y39          FDCE (Remov_fdce_C_CLR)     -0.067     0.365    u_puf/shiftreg_inst/p_out_reg[210]
  -------------------------------------------------------------------
                         required time                         -0.365
                         arrival time                           1.207
  -------------------------------------------------------------------
                         slack                                  0.843

Slack (MET) :             0.948ns  (arrival time - required time)
  Source:                 FSM_sequential_state_reg[1]/C
                            (rising edge-triggered cell FDCE clocked by sys_clk  {rise@0.000ns fall@5.000ns period=10.000ns})
  Destination:            u_puf/shiftreg_inst/p_out_reg[200]/CLR
                            (removal check against rising-edge clock sys_clk  {rise@0.000ns fall@5.000ns period=10.000ns})
  Path Group:             **async_default**
  Path Type:              Removal (Min at Fast Process Corner)
  Requirement:            0.000ns  (sys_clk rise@0.000ns - sys_clk rise@0.000ns)
  Data Path Delay:        0.902ns  (logic 0.186ns (20.614%)  route 0.716ns (79.386%))
  Logic Levels:           1  (LUT6=1)
  Clock Path Skew:        0.022ns (DCD - SCD - CPR)
    Destination Clock Delay (DCD):    0.432ns
    Source Clock Delay      (SCD):    0.410ns
    Clock Pessimism Removal (CPR):    -0.000ns

    Location             Delay type                Incr(ns)  Path(ns)    Netlist Resource(s)
  -------------------------------------------------------------------    -------------------
                         (clock sys_clk rise edge)    0.000     0.000 r
                                                      0.000     0.000 r  clk (IN)
                         net (fo=19601, unset)        0.410     0.410    clk
    SLICE_X0Y40          FDCE                                         r  FSM_sequential_state_reg[1]/C
  -------------------------------------------------------------------    -------------------
    SLICE_X0Y40          FDCE (Prop_fdce_C_Q)         0.141     0.551 r  FSM_sequential_state_reg[1]/Q
                         net (fo=16, routed)          0.337     0.888    u_puf/shiftreg_inst/p_out_reg[0]_0[1]
    SLICE_X2Y39          LUT6 (Prop_lut6_I0_O)        0.045     0.933 f  u_puf/shiftreg_inst/FSM_onehot_state[6]_i_3/O
                         net (fo=310, routed)         0.379     1.312    u_puf/shiftreg_inst/FSM_sequential_state_reg[1]
    SLICE_X14Y39         FDCE                                         f  u_puf/shiftreg_inst/p_out_reg[200]/CLR
  -------------------------------------------------------------------    -------------------

                         (clock sys_clk rise edge)    0.000     0.000 r
                                                      0.000     0.000 r  clk (IN)
                         net (fo=19601, unset)        0.432     0.432    u_puf/shiftreg_inst/clk
    SLICE_X14Y39         FDCE                                         r  u_puf/shiftreg_inst/p_out_reg[200]/C
                         clock pessimism              0.000     0.432
    SLICE_X14Y39         FDCE (Remov_fdce_C_CLR)     -0.067     0.365    u_puf/shiftreg_inst/p_out_reg[200]
  -------------------------------------------------------------------
                         required time                         -0.365
                         arrival time                           1.312
  -------------------------------------------------------------------
                         slack                                  0.948

Slack (MET) :             0.960ns  (arrival time - required time)
  Source:                 FSM_sequential_state_reg[1]/C
                            (rising edge-triggered cell FDCE clocked by sys_clk  {rise@0.000ns fall@5.000ns period=10.000ns})
  Destination:            u_puf/winner_meta_reg/CLR
                            (removal check against rising-edge clock sys_clk  {rise@0.000ns fall@5.000ns period=10.000ns})
  Path Group:             **async_default**
  Path Type:              Removal (Min at Fast Process Corner)
  Requirement:            0.000ns  (sys_clk rise@0.000ns - sys_clk rise@0.000ns)
  Data Path Delay:        0.890ns  (logic 0.186ns (20.907%)  route 0.704ns (79.093%))
  Logic Levels:           1  (LUT6=1)
  Clock Path Skew:        0.022ns (DCD - SCD - CPR)
    Destination Clock Delay (DCD):    0.432ns
    Source Clock Delay      (SCD):    0.410ns
    Clock Pessimism Removal (CPR):    -0.000ns

    Location             Delay type                Incr(ns)  Path(ns)    Netlist Resource(s)
  -------------------------------------------------------------------    -------------------
                         (clock sys_clk rise edge)    0.000     0.000 r
                                                      0.000     0.000 r  clk (IN)
                         net (fo=19601, unset)        0.410     0.410    clk
    SLICE_X0Y40          FDCE                                         r  FSM_sequential_state_reg[1]/C
  -------------------------------------------------------------------    -------------------
    SLICE_X0Y40          FDCE (Prop_fdce_C_Q)         0.141     0.551 r  FSM_sequential_state_reg[1]/Q
                         net (fo=16, routed)          0.337     0.888    u_puf/shiftreg_inst/p_out_reg[0]_0[1]
    SLICE_X2Y39          LUT6 (Prop_lut6_I0_O)        0.045     0.933 f  u_puf/shiftreg_inst/FSM_onehot_state[6]_i_3/O
                         net (fo=310, routed)         0.366     1.300    u_puf/shiftreg_inst_n_720
    SLICE_X1Y43          FDCE                                         f  u_puf/winner_meta_reg/CLR
  -------------------------------------------------------------------    -------------------

                         (clock sys_clk rise edge)    0.000     0.000 r
                                                      0.000     0.000 r  clk (IN)
                         net (fo=19601, unset)        0.432     0.432    u_puf/clk
    SLICE_X1Y43          FDCE                                         r  u_puf/winner_meta_reg/C
                         clock pessimism              0.000     0.432
    SLICE_X1Y43          FDCE (Remov_fdce_C_CLR)     -0.092     0.340    u_puf/winner_meta_reg
  -------------------------------------------------------------------
                         required time                         -0.340
                         arrival time                           1.300
  -------------------------------------------------------------------
                         slack                                  0.960

Slack (MET) :             0.960ns  (arrival time - required time)
  Source:                 FSM_sequential_state_reg[1]/C
                            (rising edge-triggered cell FDCE clocked by sys_clk  {rise@0.000ns fall@5.000ns period=10.000ns})
  Destination:            u_puf/winner_sync_reg/CLR
                            (removal check against rising-edge clock sys_clk  {rise@0.000ns fall@5.000ns period=10.000ns})
  Path Group:             **async_default**
  Path Type:              Removal (Min at Fast Process Corner)
  Requirement:            0.000ns  (sys_clk rise@0.000ns - sys_clk rise@0.000ns)
  Data Path Delay:        0.890ns  (logic 0.186ns (20.907%)  route 0.704ns (79.093%))
  Logic Levels:           1  (LUT6=1)
  Clock Path Skew:        0.022ns (DCD - SCD - CPR)
    Destination Clock Delay (DCD):    0.432ns
    Source Clock Delay      (SCD):    0.410ns
    Clock Pessimism Removal (CPR):    -0.000ns

    Location             Delay type                Incr(ns)  Path(ns)    Netlist Resource(s)
  -------------------------------------------------------------------    -------------------
                         (clock sys_clk rise edge)    0.000     0.000 r
                                                      0.000     0.000 r  clk (IN)
                         net (fo=19601, unset)        0.410     0.410    clk
    SLICE_X0Y40          FDCE                                         r  FSM_sequential_state_reg[1]/C
  -------------------------------------------------------------------    -------------------
    SLICE_X0Y40          FDCE (Prop_fdce_C_Q)         0.141     0.551 r  FSM_sequential_state_reg[1]/Q
                         net (fo=16, routed)          0.337     0.888    u_puf/shiftreg_inst/p_out_reg[0]_0[1]
    SLICE_X2Y39          LUT6 (Prop_lut6_I0_O)        0.045     0.933 f  u_puf/shiftreg_inst/FSM_onehot_state[6]_i_3/O
                         net (fo=310, routed)         0.366     1.300    u_puf/shiftreg_inst_n_720
    SLICE_X1Y43          FDCE                                         f  u_puf/winner_sync_reg/CLR
  -------------------------------------------------------------------    -------------------

                         (clock sys_clk rise edge)    0.000     0.000 r
                                                      0.000     0.000 r  clk (IN)
                         net (fo=19601, unset)        0.432     0.432    u_puf/clk
    SLICE_X1Y43          FDCE                                         r  u_puf/winner_sync_reg/C
                         clock pessimism              0.000     0.432
    SLICE_X1Y43          FDCE (Remov_fdce_C_CLR)     -0.092     0.340    u_puf/winner_sync_reg
  -------------------------------------------------------------------
                         required time                         -0.340
                         arrival time                           1.300
  -------------------------------------------------------------------
                         slack                                  0.960

Slack (MET) :             0.965ns  (arrival time - required time)
  Source:                 u_edge/u_control/u_seed/FSM_sequential_state_reg[1]/C
                            (rising edge-triggered cell FDCE clocked by sys_clk  {rise@0.000ns fall@5.000ns period=10.000ns})
  Destination:            u_edge/u_control/u_seed/u_kdf/seed_out_reg[308]/CLR
                            (removal check against rising-edge clock sys_clk  {rise@0.000ns fall@5.000ns period=10.000ns})
  Path Group:             **async_default**
  Path Type:              Removal (Min at Fast Process Corner)
  Requirement:            0.000ns  (sys_clk rise@0.000ns - sys_clk rise@0.000ns)
  Data Path Delay:        0.920ns  (logic 0.186ns (20.224%)  route 0.734ns (79.776%))
  Logic Levels:           1  (LUT5=1)
  Clock Path Skew:        0.022ns (DCD - SCD - CPR)
    Destination Clock Delay (DCD):    0.432ns
    Source Clock Delay      (SCD):    0.410ns
    Clock Pessimism Removal (CPR):    -0.000ns

    Location             Delay type                Incr(ns)  Path(ns)    Netlist Resource(s)
  -------------------------------------------------------------------    -------------------
                         (clock sys_clk rise edge)    0.000     0.000 r
                                                      0.000     0.000 r  clk (IN)
                         net (fo=19601, unset)        0.410     0.410    u_edge/u_control/u_seed/clk
    SLICE_X36Y66         FDCE                                         r  u_edge/u_control/u_seed/FSM_sequential_state_reg[1]/C
  -------------------------------------------------------------------    -------------------
    SLICE_X36Y66         FDCE (Prop_fdce_C_Q)         0.141     0.551 f  u_edge/u_control/u_seed/FSM_sequential_state_reg[1]/Q
                         net (fo=13, routed)          0.441     0.992    u_edge/u_control/u_seed/state__0[1]
    SLICE_X41Y72         LUT5 (Prop_lut5_I3_O)        0.045     1.037 f  u_edge/u_control/u_seed/FSM_sequential_state[2]_i_2/O
                         net (fo=4072, routed)        0.293     1.330    u_edge/u_control/u_seed/u_kdf/done_reg_0
    SLICE_X42Y72         FDCE                                         f  u_edge/u_control/u_seed/u_kdf/seed_out_reg[308]/CLR
  -------------------------------------------------------------------    -------------------

                         (clock sys_clk rise edge)    0.000     0.000 r
                                                      0.000     0.000 r  clk (IN)
                         net (fo=19601, unset)        0.432     0.432    u_edge/u_control/u_seed/u_kdf/clk
    SLICE_X42Y72         FDCE                                         r  u_edge/u_control/u_seed/u_kdf/seed_out_reg[308]/C
                         clock pessimism              0.000     0.432
    SLICE_X42Y72         FDCE (Remov_fdce_C_CLR)     -0.067     0.365    u_edge/u_control/u_seed/u_kdf/seed_out_reg[308]
  -------------------------------------------------------------------
                         required time                         -0.365
                         arrival time                           1.330
  -------------------------------------------------------------------
                         slack                                  0.965





--------------------------------------------------------------------------------------
Path Group:  (none)
From Clock:
  To Clock:

Max Delay           204 Endpoints
Min Delay           204 Endpoints
--------------------------------------------------------------------------------------


Max Delay Paths
--------------------------------------------------------------------------------------
Slack:                    inf
  Source:                 rst_n
                            (input port)
  Destination:            u_puf/counter1/reset_release_reg[0]/CLR
  Path Group:             (none)
  Path Type:              Max at Slow Process Corner
  Data Path Delay:        3.533ns  (logic 0.276ns (7.813%)  route 3.257ns (92.187%))
  Logic Levels:           2  (LUT5=1 LUT6=1)

    Location             Delay type                Incr(ns)  Path(ns)    Netlist Resource(s)
  -------------------------------------------------------------------    -------------------
                                                      0.000     0.000 r  rst_n (IN)
                         net (fo=13, unset)           0.973     0.973    u_puf/ctrl_inst/rst_n
    SLICE_X1Y52          LUT6 (Prop_lut6_I1_O)        0.124     1.097 r  u_puf/ctrl_inst/reset_release[1]_i_7/O
                         net (fo=1, routed)           1.295     2.392    u_puf/ctrl_inst/reset_release[1]_i_7_n_0
    SLICE_X1Y40          LUT5 (Prop_lut5_I0_O)        0.152     2.544 f  u_puf/ctrl_inst/reset_release[1]_i_2__0/O
                         net (fo=4, routed)           0.989     3.533    u_puf/counter1/reset_release_reg[1]_0
    SLICE_X3Y45          FDCE                                         f  u_puf/counter1/reset_release_reg[0]/CLR
  -------------------------------------------------------------------    -------------------

Slack:                    inf
  Source:                 rst_n
                            (input port)
  Destination:            u_puf/counter1/reset_release_reg[1]/CLR
  Path Group:             (none)
  Path Type:              Max at Slow Process Corner
  Data Path Delay:        3.533ns  (logic 0.276ns (7.813%)  route 3.257ns (92.187%))
  Logic Levels:           2  (LUT5=1 LUT6=1)

    Location             Delay type                Incr(ns)  Path(ns)    Netlist Resource(s)
  -------------------------------------------------------------------    -------------------
                                                      0.000     0.000 r  rst_n (IN)
                         net (fo=13, unset)           0.973     0.973    u_puf/ctrl_inst/rst_n
    SLICE_X1Y52          LUT6 (Prop_lut6_I1_O)        0.124     1.097 r  u_puf/ctrl_inst/reset_release[1]_i_7/O
                         net (fo=1, routed)           1.295     2.392    u_puf/ctrl_inst/reset_release[1]_i_7_n_0
    SLICE_X1Y40          LUT5 (Prop_lut5_I0_O)        0.152     2.544 f  u_puf/ctrl_inst/reset_release[1]_i_2__0/O
                         net (fo=4, routed)           0.989     3.533    u_puf/counter1/reset_release_reg[1]_0
    SLICE_X3Y45          FDCE                                         f  u_puf/counter1/reset_release_reg[1]/CLR
  -------------------------------------------------------------------    -------------------

Slack:                    inf
  Source:                 rst_n
                            (input port)
  Destination:            u_puf/counter0/reset_release_reg[0]/CLR
  Path Group:             (none)
  Path Type:              Max at Slow Process Corner
  Data Path Delay:        3.384ns  (logic 0.276ns (8.155%)  route 3.108ns (91.845%))
  Logic Levels:           2  (LUT5=1 LUT6=1)

    Location             Delay type                Incr(ns)  Path(ns)    Netlist Resource(s)
  -------------------------------------------------------------------    -------------------
                                                      0.000     0.000 r  rst_n (IN)
                         net (fo=13, unset)           0.973     0.973    u_puf/ctrl_inst/rst_n
    SLICE_X1Y52          LUT6 (Prop_lut6_I1_O)        0.124     1.097 r  u_puf/ctrl_inst/reset_release[1]_i_7/O
                         net (fo=1, routed)           1.295     2.392    u_puf/ctrl_inst/reset_release[1]_i_7_n_0
    SLICE_X1Y40          LUT5 (Prop_lut5_I0_O)        0.152     2.544 f  u_puf/ctrl_inst/reset_release[1]_i_2__0/O
                         net (fo=4, routed)           0.841     3.384    u_puf/counter0/reset_release_reg[0]_0
    SLICE_X1Y44          FDCE                                         f  u_puf/counter0/reset_release_reg[0]/CLR
  -------------------------------------------------------------------    -------------------

Slack:                    inf
  Source:                 rst_n
                            (input port)
  Destination:            u_puf/counter0/reset_release_reg[1]/CLR
  Path Group:             (none)
  Path Type:              Max at Slow Process Corner
  Data Path Delay:        3.384ns  (logic 0.276ns (8.155%)  route 3.108ns (91.845%))
  Logic Levels:           2  (LUT5=1 LUT6=1)

    Location             Delay type                Incr(ns)  Path(ns)    Netlist Resource(s)
  -------------------------------------------------------------------    -------------------
                                                      0.000     0.000 r  rst_n (IN)
                         net (fo=13, unset)           0.973     0.973    u_puf/ctrl_inst/rst_n
    SLICE_X1Y52          LUT6 (Prop_lut6_I1_O)        0.124     1.097 r  u_puf/ctrl_inst/reset_release[1]_i_7/O
                         net (fo=1, routed)           1.295     2.392    u_puf/ctrl_inst/reset_release[1]_i_7_n_0
    SLICE_X1Y40          LUT5 (Prop_lut5_I0_O)        0.152     2.544 f  u_puf/ctrl_inst/reset_release[1]_i_2__0/O
                         net (fo=4, routed)           0.841     3.384    u_puf/counter0/reset_release_reg[0]_0
    SLICE_X1Y44          FDCE                                         f  u_puf/counter0/reset_release_reg[1]/CLR
  -------------------------------------------------------------------    -------------------

Slack:                    inf
  Source:                 u_puf/counter1/reset_release_reg[1]/C
                            (rising edge-triggered cell FDCE)
  Destination:            u_puf/counter1/en_meta_reg/CLR
  Path Group:             (none)
  Path Type:              Max at Slow Process Corner
  Data Path Delay:        2.925ns  (logic 0.718ns (24.548%)  route 2.207ns (75.452%))
  Logic Levels:           2  (FDCE=1 LUT1=1)

    Location             Delay type                Incr(ns)  Path(ns)    Netlist Resource(s)
  -------------------------------------------------------------------    -------------------
    SLICE_X3Y45          FDCE                         0.000     0.000 r  u_puf/counter1/reset_release_reg[1]/C
    SLICE_X3Y45          FDCE (Prop_fdce_C_Q)         0.419     0.419 r  u_puf/counter1/reset_release_reg[1]/Q
                         net (fo=1, routed)           0.647     1.066    u_puf/counter1/reset_release[1]
    SLICE_X3Y45          LUT1 (Prop_lut1_I0_O)        0.299     1.365 f  u_puf/counter1/en_meta_i_1__0/O
                         net (fo=34, routed)          1.560     2.925    u_puf/counter1/en_meta_i_1__0_n_0
    SLICE_X3Y50          FDCE                                         f  u_puf/counter1/en_meta_reg/CLR
  -------------------------------------------------------------------    -------------------

Slack:                    inf
  Source:                 u_puf/counter1/reset_release_reg[1]/C
                            (rising edge-triggered cell FDCE)
  Destination:            u_puf/counter1/en_sync_reg/CLR
  Path Group:             (none)
  Path Type:              Max at Slow Process Corner
  Data Path Delay:        2.925ns  (logic 0.718ns (24.548%)  route 2.207ns (75.452%))
  Logic Levels:           2  (FDCE=1 LUT1=1)

    Location             Delay type                Incr(ns)  Path(ns)    Netlist Resource(s)
  -------------------------------------------------------------------    -------------------
    SLICE_X3Y45          FDCE                         0.000     0.000 r  u_puf/counter1/reset_release_reg[1]/C
    SLICE_X3Y45          FDCE (Prop_fdce_C_Q)         0.419     0.419 r  u_puf/counter1/reset_release_reg[1]/Q
                         net (fo=1, routed)           0.647     1.066    u_puf/counter1/reset_release[1]
    SLICE_X3Y45          LUT1 (Prop_lut1_I0_O)        0.299     1.365 f  u_puf/counter1/en_meta_i_1__0/O
                         net (fo=34, routed)          1.560     2.925    u_puf/counter1/en_meta_i_1__0_n_0
    SLICE_X3Y50          FDCE                                         f  u_puf/counter1/en_sync_reg/CLR
  -------------------------------------------------------------------    -------------------

Slack:                    inf
  Source:                 u_puf/counter1/reset_release_reg[1]/C
                            (rising edge-triggered cell FDCE)
  Destination:            u_puf/counter1/q_reg[28]/CLR
  Path Group:             (none)
  Path Type:              Max at Slow Process Corner
  Data Path Delay:        2.925ns  (logic 0.718ns (24.548%)  route 2.207ns (75.452%))
  Logic Levels:           2  (FDCE=1 LUT1=1)

    Location             Delay type                Incr(ns)  Path(ns)    Netlist Resource(s)
  -------------------------------------------------------------------    -------------------
    SLICE_X3Y45          FDCE                         0.000     0.000 r  u_puf/counter1/reset_release_reg[1]/C
    SLICE_X3Y45          FDCE (Prop_fdce_C_Q)         0.419     0.419 r  u_puf/counter1/reset_release_reg[1]/Q
                         net (fo=1, routed)           0.647     1.066    u_puf/counter1/reset_release[1]
    SLICE_X3Y45          LUT1 (Prop_lut1_I0_O)        0.299     1.365 f  u_puf/counter1/en_meta_i_1__0/O
                         net (fo=34, routed)          1.560     2.925    u_puf/counter1/en_meta_i_1__0_n_0
    SLICE_X2Y50          FDCE                                         f  u_puf/counter1/q_reg[28]/CLR
  -------------------------------------------------------------------    -------------------

Slack:                    inf
  Source:                 u_puf/counter1/reset_release_reg[1]/C
                            (rising edge-triggered cell FDCE)
  Destination:            u_puf/counter1/q_reg[29]/CLR
  Path Group:             (none)
  Path Type:              Max at Slow Process Corner
  Data Path Delay:        2.925ns  (logic 0.718ns (24.548%)  route 2.207ns (75.452%))
  Logic Levels:           2  (FDCE=1 LUT1=1)

    Location             Delay type                Incr(ns)  Path(ns)    Netlist Resource(s)
  -------------------------------------------------------------------    -------------------
    SLICE_X3Y45          FDCE                         0.000     0.000 r  u_puf/counter1/reset_release_reg[1]/C
    SLICE_X3Y45          FDCE (Prop_fdce_C_Q)         0.419     0.419 r  u_puf/counter1/reset_release_reg[1]/Q
                         net (fo=1, routed)           0.647     1.066    u_puf/counter1/reset_release[1]
    SLICE_X3Y45          LUT1 (Prop_lut1_I0_O)        0.299     1.365 f  u_puf/counter1/en_meta_i_1__0/O
                         net (fo=34, routed)          1.560     2.925    u_puf/counter1/en_meta_i_1__0_n_0
    SLICE_X2Y50          FDCE                                         f  u_puf/counter1/q_reg[29]/CLR
  -------------------------------------------------------------------    -------------------

Slack:                    inf
  Source:                 u_puf/counter1/reset_release_reg[1]/C
                            (rising edge-triggered cell FDCE)
  Destination:            u_puf/counter1/q_reg[30]/CLR
  Path Group:             (none)
  Path Type:              Max at Slow Process Corner
  Data Path Delay:        2.925ns  (logic 0.718ns (24.548%)  route 2.207ns (75.452%))
  Logic Levels:           2  (FDCE=1 LUT1=1)

    Location             Delay type                Incr(ns)  Path(ns)    Netlist Resource(s)
  -------------------------------------------------------------------    -------------------
    SLICE_X3Y45          FDCE                         0.000     0.000 r  u_puf/counter1/reset_release_reg[1]/C
    SLICE_X3Y45          FDCE (Prop_fdce_C_Q)         0.419     0.419 r  u_puf/counter1/reset_release_reg[1]/Q
                         net (fo=1, routed)           0.647     1.066    u_puf/counter1/reset_release[1]
    SLICE_X3Y45          LUT1 (Prop_lut1_I0_O)        0.299     1.365 f  u_puf/counter1/en_meta_i_1__0/O
                         net (fo=34, routed)          1.560     2.925    u_puf/counter1/en_meta_i_1__0_n_0
    SLICE_X2Y50          FDCE                                         f  u_puf/counter1/q_reg[30]/CLR
  -------------------------------------------------------------------    -------------------

Slack:                    inf
  Source:                 u_puf/counter1/reset_release_reg[1]/C
                            (rising edge-triggered cell FDCE)
  Destination:            u_puf/counter1/q_reg[31]/CLR
  Path Group:             (none)
  Path Type:              Max at Slow Process Corner
  Data Path Delay:        2.925ns  (logic 0.718ns (24.548%)  route 2.207ns (75.452%))
  Logic Levels:           2  (FDCE=1 LUT1=1)

    Location             Delay type                Incr(ns)  Path(ns)    Netlist Resource(s)
  -------------------------------------------------------------------    -------------------
    SLICE_X3Y45          FDCE                         0.000     0.000 r  u_puf/counter1/reset_release_reg[1]/C
    SLICE_X3Y45          FDCE (Prop_fdce_C_Q)         0.419     0.419 r  u_puf/counter1/reset_release_reg[1]/Q
                         net (fo=1, routed)           0.647     1.066    u_puf/counter1/reset_release[1]
    SLICE_X3Y45          LUT1 (Prop_lut1_I0_O)        0.299     1.365 f  u_puf/counter1/en_meta_i_1__0/O
                         net (fo=34, routed)          1.560     2.925    u_puf/counter1/en_meta_i_1__0_n_0
    SLICE_X2Y50          FDCE                                         f  u_puf/counter1/q_reg[31]/CLR
  -------------------------------------------------------------------    -------------------

Slack:                    inf
  Source:                 u_puf/counter1/q_reg[7]/C
                            (rising edge-triggered cell FDCE)
  Destination:            u_puf/counter1/q_reg[29]/D
  Path Group:             (none)
  Path Type:              Max at Slow Process Corner
  Data Path Delay:        2.838ns  (logic 1.926ns (67.853%)  route 0.912ns (32.147%))
  Logic Levels:           8  (CARRY4=7 FDCE=1)

    Location             Delay type                Incr(ns)  Path(ns)    Netlist Resource(s)
  -------------------------------------------------------------------    -------------------
    SLICE_X2Y44          FDCE                         0.000     0.000 r  u_puf/counter1/q_reg[7]/C
    SLICE_X2Y44          FDCE (Prop_fdce_C_Q)         0.518     0.518 r  u_puf/counter1/q_reg[7]/Q
                         net (fo=3, routed)           0.912     1.430    u_puf/counter1/q_reg[7]
    SLICE_X2Y44          CARRY4 (Prop_carry4_S[3]_CO[3])
                                                      0.500     1.930 r  u_puf/counter1/q_reg[4]_i_1/CO[3]
                         net (fo=1, routed)           0.000     1.930    u_puf/counter1/q_reg[4]_i_1_n_0
    SLICE_X2Y45          CARRY4 (Prop_carry4_CI_CO[3])
                                                      0.117     2.047 r  u_puf/counter1/q_reg[8]_i_1/CO[3]
                         net (fo=1, routed)           0.000     2.047    u_puf/counter1/q_reg[8]_i_1_n_0
    SLICE_X2Y46          CARRY4 (Prop_carry4_CI_CO[3])
                                                      0.117     2.164 r  u_puf/counter1/q_reg[12]_i_1/CO[3]
                         net (fo=1, routed)           0.000     2.164    u_puf/counter1/q_reg[12]_i_1_n_0
    SLICE_X2Y47          CARRY4 (Prop_carry4_CI_CO[3])
                                                      0.117     2.281 r  u_puf/counter1/q_reg[16]_i_1/CO[3]
                         net (fo=1, routed)           0.000     2.281    u_puf/counter1/q_reg[16]_i_1_n_0
    SLICE_X2Y48          CARRY4 (Prop_carry4_CI_CO[3])
                                                      0.117     2.398 r  u_puf/counter1/q_reg[20]_i_1/CO[3]
                         net (fo=1, routed)           0.000     2.398    u_puf/counter1/q_reg[20]_i_1_n_0
    SLICE_X2Y49          CARRY4 (Prop_carry4_CI_CO[3])
                                                      0.117     2.515 r  u_puf/counter1/q_reg[24]_i_1/CO[3]
                         net (fo=1, routed)           0.001     2.515    u_puf/counter1/q_reg[24]_i_1_n_0
    SLICE_X2Y50          CARRY4 (Prop_carry4_CI_O[1])
                                                      0.323     2.838 r  u_puf/counter1/q_reg[28]_i_1/O[1]
                         net (fo=1, routed)           0.000     2.838    u_puf/counter1/q_reg[28]_i_1_n_6
    SLICE_X2Y50          FDCE                                         r  u_puf/counter1/q_reg[29]/D
  -------------------------------------------------------------------    -------------------

Slack:                    inf
  Source:                 u_puf/counter1/q_reg[7]/C
                            (rising edge-triggered cell FDCE)
  Destination:            u_puf/counter1/q_reg[31]/D
  Path Group:             (none)
  Path Type:              Max at Slow Process Corner
  Data Path Delay:        2.830ns  (logic 1.918ns (67.762%)  route 0.912ns (32.238%))
  Logic Levels:           8  (CARRY4=7 FDCE=1)

    Location             Delay type                Incr(ns)  Path(ns)    Netlist Resource(s)
  -------------------------------------------------------------------    -------------------
    SLICE_X2Y44          FDCE                         0.000     0.000 r  u_puf/counter1/q_reg[7]/C
    SLICE_X2Y44          FDCE (Prop_fdce_C_Q)         0.518     0.518 r  u_puf/counter1/q_reg[7]/Q
                         net (fo=3, routed)           0.912     1.430    u_puf/counter1/q_reg[7]
    SLICE_X2Y44          CARRY4 (Prop_carry4_S[3]_CO[3])
                                                      0.500     1.930 r  u_puf/counter1/q_reg[4]_i_1/CO[3]
                         net (fo=1, routed)           0.000     1.930    u_puf/counter1/q_reg[4]_i_1_n_0
    SLICE_X2Y45          CARRY4 (Prop_carry4_CI_CO[3])
                                                      0.117     2.047 r  u_puf/counter1/q_reg[8]_i_1/CO[3]
                         net (fo=1, routed)           0.000     2.047    u_puf/counter1/q_reg[8]_i_1_n_0
    SLICE_X2Y46          CARRY4 (Prop_carry4_CI_CO[3])
                                                      0.117     2.164 r  u_puf/counter1/q_reg[12]_i_1/CO[3]
                         net (fo=1, routed)           0.000     2.164    u_puf/counter1/q_reg[12]_i_1_n_0
    SLICE_X2Y47          CARRY4 (Prop_carry4_CI_CO[3])
                                                      0.117     2.281 r  u_puf/counter1/q_reg[16]_i_1/CO[3]
                         net (fo=1, routed)           0.000     2.281    u_puf/counter1/q_reg[16]_i_1_n_0
    SLICE_X2Y48          CARRY4 (Prop_carry4_CI_CO[3])
                                                      0.117     2.398 r  u_puf/counter1/q_reg[20]_i_1/CO[3]
                         net (fo=1, routed)           0.000     2.398    u_puf/counter1/q_reg[20]_i_1_n_0
    SLICE_X2Y49          CARRY4 (Prop_carry4_CI_CO[3])
                                                      0.117     2.515 r  u_puf/counter1/q_reg[24]_i_1/CO[3]
                         net (fo=1, routed)           0.001     2.515    u_puf/counter1/q_reg[24]_i_1_n_0
    SLICE_X2Y50          CARRY4 (Prop_carry4_CI_O[3])
                                                      0.315     2.830 r  u_puf/counter1/q_reg[28]_i_1/O[3]
                         net (fo=1, routed)           0.000     2.830    u_puf/counter1/q_reg[28]_i_1_n_4
    SLICE_X2Y50          FDCE                                         r  u_puf/counter1/q_reg[31]/D
  -------------------------------------------------------------------    -------------------

Slack:                    inf
  Source:                 u_puf/counter0/reset_release_reg[1]/C
                            (rising edge-triggered cell FDCE)
  Destination:            u_puf/counter0/q_reg[28]/CLR
  Path Group:             (none)
  Path Type:              Max at Slow Process Corner
  Data Path Delay:        2.775ns  (logic 0.718ns (25.874%)  route 2.057ns (74.126%))
  Logic Levels:           2  (FDCE=1 LUT1=1)

    Location             Delay type                Incr(ns)  Path(ns)    Netlist Resource(s)
  -------------------------------------------------------------------    -------------------
    SLICE_X1Y44          FDCE                         0.000     0.000 r  u_puf/counter0/reset_release_reg[1]/C
    SLICE_X1Y44          FDCE (Prop_fdce_C_Q)         0.419     0.419 r  u_puf/counter0/reset_release_reg[1]/Q
                         net (fo=1, routed)           0.647     1.066    u_puf/counter0/reset_release[1]
    SLICE_X1Y44          LUT1 (Prop_lut1_I0_O)        0.299     1.365 f  u_puf/counter0/en_meta_i_1/O
                         net (fo=34, routed)          1.410     2.775    u_puf/counter0/en_meta_i_1_n_0
    SLICE_X0Y50          FDCE                                         f  u_puf/counter0/q_reg[28]/CLR
  -------------------------------------------------------------------    -------------------

Slack:                    inf
  Source:                 u_puf/counter0/reset_release_reg[1]/C
                            (rising edge-triggered cell FDCE)
  Destination:            u_puf/counter0/q_reg[29]/CLR
  Path Group:             (none)
  Path Type:              Max at Slow Process Corner
  Data Path Delay:        2.775ns  (logic 0.718ns (25.874%)  route 2.057ns (74.126%))
  Logic Levels:           2  (FDCE=1 LUT1=1)

    Location             Delay type                Incr(ns)  Path(ns)    Netlist Resource(s)
  -------------------------------------------------------------------    -------------------
    SLICE_X1Y44          FDCE                         0.000     0.000 r  u_puf/counter0/reset_release_reg[1]/C
    SLICE_X1Y44          FDCE (Prop_fdce_C_Q)         0.419     0.419 r  u_puf/counter0/reset_release_reg[1]/Q
                         net (fo=1, routed)           0.647     1.066    u_puf/counter0/reset_release[1]
    SLICE_X1Y44          LUT1 (Prop_lut1_I0_O)        0.299     1.365 f  u_puf/counter0/en_meta_i_1/O
                         net (fo=34, routed)          1.410     2.775    u_puf/counter0/en_meta_i_1_n_0
    SLICE_X0Y50          FDCE                                         f  u_puf/counter0/q_reg[29]/CLR
  -------------------------------------------------------------------    -------------------

Slack:                    inf
  Source:                 u_puf/counter0/reset_release_reg[1]/C
                            (rising edge-triggered cell FDCE)
  Destination:            u_puf/counter0/q_reg[30]/CLR
  Path Group:             (none)
  Path Type:              Max at Slow Process Corner
  Data Path Delay:        2.775ns  (logic 0.718ns (25.874%)  route 2.057ns (74.126%))
  Logic Levels:           2  (FDCE=1 LUT1=1)

    Location             Delay type                Incr(ns)  Path(ns)    Netlist Resource(s)
  -------------------------------------------------------------------    -------------------
    SLICE_X1Y44          FDCE                         0.000     0.000 r  u_puf/counter0/reset_release_reg[1]/C
    SLICE_X1Y44          FDCE (Prop_fdce_C_Q)         0.419     0.419 r  u_puf/counter0/reset_release_reg[1]/Q
                         net (fo=1, routed)           0.647     1.066    u_puf/counter0/reset_release[1]
    SLICE_X1Y44          LUT1 (Prop_lut1_I0_O)        0.299     1.365 f  u_puf/counter0/en_meta_i_1/O
                         net (fo=34, routed)          1.410     2.775    u_puf/counter0/en_meta_i_1_n_0
    SLICE_X0Y50          FDCE                                         f  u_puf/counter0/q_reg[30]/CLR
  -------------------------------------------------------------------    -------------------

Slack:                    inf
  Source:                 u_puf/counter0/reset_release_reg[1]/C
                            (rising edge-triggered cell FDCE)
  Destination:            u_puf/counter0/q_reg[31]/CLR
  Path Group:             (none)
  Path Type:              Max at Slow Process Corner
  Data Path Delay:        2.775ns  (logic 0.718ns (25.874%)  route 2.057ns (74.126%))
  Logic Levels:           2  (FDCE=1 LUT1=1)

    Location             Delay type                Incr(ns)  Path(ns)    Netlist Resource(s)
  -------------------------------------------------------------------    -------------------
    SLICE_X1Y44          FDCE                         0.000     0.000 r  u_puf/counter0/reset_release_reg[1]/C
    SLICE_X1Y44          FDCE (Prop_fdce_C_Q)         0.419     0.419 r  u_puf/counter0/reset_release_reg[1]/Q
                         net (fo=1, routed)           0.647     1.066    u_puf/counter0/reset_release[1]
    SLICE_X1Y44          LUT1 (Prop_lut1_I0_O)        0.299     1.365 f  u_puf/counter0/en_meta_i_1/O
                         net (fo=34, routed)          1.410     2.775    u_puf/counter0/en_meta_i_1_n_0
    SLICE_X0Y50          FDCE                                         f  u_puf/counter0/q_reg[31]/CLR
  -------------------------------------------------------------------    -------------------

Slack:                    inf
  Source:                 u_puf/counter0/reset_release_reg[1]/C
                            (rising edge-triggered cell FDCE)
  Destination:            u_puf/counter0/en_meta_reg/CLR
  Path Group:             (none)
  Path Type:              Max at Slow Process Corner
  Data Path Delay:        2.771ns  (logic 0.718ns (25.915%)  route 2.053ns (74.085%))
  Logic Levels:           2  (FDCE=1 LUT1=1)

    Location             Delay type                Incr(ns)  Path(ns)    Netlist Resource(s)
  -------------------------------------------------------------------    -------------------
    SLICE_X1Y44          FDCE                         0.000     0.000 r  u_puf/counter0/reset_release_reg[1]/C
    SLICE_X1Y44          FDCE (Prop_fdce_C_Q)         0.419     0.419 r  u_puf/counter0/reset_release_reg[1]/Q
                         net (fo=1, routed)           0.647     1.066    u_puf/counter0/reset_release[1]
    SLICE_X1Y44          LUT1 (Prop_lut1_I0_O)        0.299     1.365 f  u_puf/counter0/en_meta_i_1/O
                         net (fo=34, routed)          1.406     2.771    u_puf/counter0/en_meta_i_1_n_0
    SLICE_X1Y50          FDCE                                         f  u_puf/counter0/en_meta_reg/CLR
  -------------------------------------------------------------------    -------------------

Slack:                    inf
  Source:                 u_puf/counter0/reset_release_reg[1]/C
                            (rising edge-triggered cell FDCE)
  Destination:            u_puf/counter0/en_sync_reg/CLR
  Path Group:             (none)
  Path Type:              Max at Slow Process Corner
  Data Path Delay:        2.771ns  (logic 0.718ns (25.915%)  route 2.053ns (74.085%))
  Logic Levels:           2  (FDCE=1 LUT1=1)

    Location             Delay type                Incr(ns)  Path(ns)    Netlist Resource(s)
  -------------------------------------------------------------------    -------------------
    SLICE_X1Y44          FDCE                         0.000     0.000 r  u_puf/counter0/reset_release_reg[1]/C
    SLICE_X1Y44          FDCE (Prop_fdce_C_Q)         0.419     0.419 r  u_puf/counter0/reset_release_reg[1]/Q
                         net (fo=1, routed)           0.647     1.066    u_puf/counter0/reset_release[1]
    SLICE_X1Y44          LUT1 (Prop_lut1_I0_O)        0.299     1.365 f  u_puf/counter0/en_meta_i_1/O
                         net (fo=34, routed)          1.406     2.771    u_puf/counter0/en_meta_i_1_n_0
    SLICE_X1Y50          FDCE                                         f  u_puf/counter0/en_sync_reg/CLR
  -------------------------------------------------------------------    -------------------

Slack:                    inf
  Source:                 u_puf/counter1/q_reg[7]/C
                            (rising edge-triggered cell FDCE)
  Destination:            u_puf/counter1/q_reg[30]/D
  Path Group:             (none)
  Path Type:              Max at Slow Process Corner
  Data Path Delay:        2.754ns  (logic 1.842ns (66.873%)  route 0.912ns (33.127%))
  Logic Levels:           8  (CARRY4=7 FDCE=1)

    Location             Delay type                Incr(ns)  Path(ns)    Netlist Resource(s)
  -------------------------------------------------------------------    -------------------
    SLICE_X2Y44          FDCE                         0.000     0.000 r  u_puf/counter1/q_reg[7]/C
    SLICE_X2Y44          FDCE (Prop_fdce_C_Q)         0.518     0.518 r  u_puf/counter1/q_reg[7]/Q
                         net (fo=3, routed)           0.912     1.430    u_puf/counter1/q_reg[7]
    SLICE_X2Y44          CARRY4 (Prop_carry4_S[3]_CO[3])
                                                      0.500     1.930 r  u_puf/counter1/q_reg[4]_i_1/CO[3]
                         net (fo=1, routed)           0.000     1.930    u_puf/counter1/q_reg[4]_i_1_n_0
    SLICE_X2Y45          CARRY4 (Prop_carry4_CI_CO[3])
                                                      0.117     2.047 r  u_puf/counter1/q_reg[8]_i_1/CO[3]
                         net (fo=1, routed)           0.000     2.047    u_puf/counter1/q_reg[8]_i_1_n_0
    SLICE_X2Y46          CARRY4 (Prop_carry4_CI_CO[3])
                                                      0.117     2.164 r  u_puf/counter1/q_reg[12]_i_1/CO[3]
                         net (fo=1, routed)           0.000     2.164    u_puf/counter1/q_reg[12]_i_1_n_0
    SLICE_X2Y47          CARRY4 (Prop_carry4_CI_CO[3])
                                                      0.117     2.281 r  u_puf/counter1/q_reg[16]_i_1/CO[3]
                         net (fo=1, routed)           0.000     2.281    u_puf/counter1/q_reg[16]_i_1_n_0
    SLICE_X2Y48          CARRY4 (Prop_carry4_CI_CO[3])
                                                      0.117     2.398 r  u_puf/counter1/q_reg[20]_i_1/CO[3]
                         net (fo=1, routed)           0.000     2.398    u_puf/counter1/q_reg[20]_i_1_n_0
    SLICE_X2Y49          CARRY4 (Prop_carry4_CI_CO[3])
                                                      0.117     2.515 r  u_puf/counter1/q_reg[24]_i_1/CO[3]
                         net (fo=1, routed)           0.001     2.515    u_puf/counter1/q_reg[24]_i_1_n_0
    SLICE_X2Y50          CARRY4 (Prop_carry4_CI_O[2])
                                                      0.239     2.754 r  u_puf/counter1/q_reg[28]_i_1/O[2]
                         net (fo=1, routed)           0.000     2.754    u_puf/counter1/q_reg[28]_i_1_n_5
    SLICE_X2Y50          FDCE                                         r  u_puf/counter1/q_reg[30]/D
  -------------------------------------------------------------------    -------------------

Slack:                    inf
  Source:                 u_puf/counter0/q_reg[1]/C
                            (rising edge-triggered cell FDCE)
  Destination:            u_puf/counter0/q_reg[29]/D
  Path Group:             (none)
  Path Type:              Max at Slow Process Corner
  Data Path Delay:        2.744ns  (logic 2.148ns (78.272%)  route 0.596ns (21.728%))
  Logic Levels:           9  (CARRY4=8 FDCE=1)

    Location             Delay type                Incr(ns)  Path(ns)    Netlist Resource(s)
  -------------------------------------------------------------------    -------------------
    SLICE_X0Y43          FDCE                         0.000     0.000 r  u_puf/counter0/q_reg[1]/C
    SLICE_X0Y43          FDCE (Prop_fdce_C_Q)         0.456     0.456 r  u_puf/counter0/q_reg[1]/Q
                         net (fo=3, routed)           0.596     1.052    u_puf/counter0/q_reg[1]
    SLICE_X0Y43          CARRY4 (Prop_carry4_S[1]_CO[3])
                                                      0.674     1.726 r  u_puf/counter0/q_reg[0]_i_1__0/CO[3]
                         net (fo=1, routed)           0.000     1.726    u_puf/counter0/q_reg[0]_i_1__0_n_0
    SLICE_X0Y44          CARRY4 (Prop_carry4_CI_CO[3])
                                                      0.114     1.840 r  u_puf/counter0/q_reg[4]_i_1__0/CO[3]
                         net (fo=1, routed)           0.000     1.840    u_puf/counter0/q_reg[4]_i_1__0_n_0
    SLICE_X0Y45          CARRY4 (Prop_carry4_CI_CO[3])
                                                      0.114     1.954 r  u_puf/counter0/q_reg[8]_i_1__0/CO[3]
                         net (fo=1, routed)           0.000     1.954    u_puf/counter0/q_reg[8]_i_1__0_n_0
    SLICE_X0Y46          CARRY4 (Prop_carry4_CI_CO[3])
                                                      0.114     2.068 r  u_puf/counter0/q_reg[12]_i_1__0/CO[3]
                         net (fo=1, routed)           0.000     2.068    u_puf/counter0/q_reg[12]_i_1__0_n_0
    SLICE_X0Y47          CARRY4 (Prop_carry4_CI_CO[3])
                                                      0.114     2.182 r  u_puf/counter0/q_reg[16]_i_1__0/CO[3]
                         net (fo=1, routed)           0.000     2.182    u_puf/counter0/q_reg[16]_i_1__0_n_0
    SLICE_X0Y48          CARRY4 (Prop_carry4_CI_CO[3])
                                                      0.114     2.296 r  u_puf/counter0/q_reg[20]_i_1__0/CO[3]
                         net (fo=1, routed)           0.000     2.296    u_puf/counter0/q_reg[20]_i_1__0_n_0
    SLICE_X0Y49          CARRY4 (Prop_carry4_CI_CO[3])
                                                      0.114     2.410 r  u_puf/counter0/q_reg[24]_i_1__0/CO[3]
                         net (fo=1, routed)           0.001     2.410    u_puf/counter0/q_reg[24]_i_1__0_n_0
    SLICE_X0Y50          CARRY4 (Prop_carry4_CI_O[1])
                                                      0.334     2.744 r  u_puf/counter0/q_reg[28]_i_1__0/O[1]
                         net (fo=1, routed)           0.000     2.744    u_puf/counter0/q_reg[28]_i_1__0_n_6
    SLICE_X0Y50          FDCE                                         r  u_puf/counter0/q_reg[29]/D
  -------------------------------------------------------------------    -------------------





Min Delay Paths
--------------------------------------------------------------------------------------
Slack:                    inf
  Source:                 u_puf/counter0/en_meta_reg/C
                            (rising edge-triggered cell FDCE)
  Destination:            u_puf/counter0/en_sync_reg/D
  Path Group:             (none)
  Path Type:              Min at Fast Process Corner
  Data Path Delay:        0.197ns  (logic 0.141ns (71.611%)  route 0.056ns (28.389%))
  Logic Levels:           1  (FDCE=1)

    Location             Delay type                Incr(ns)  Path(ns)    Netlist Resource(s)
  -------------------------------------------------------------------    -------------------
    SLICE_X1Y50          FDCE                         0.000     0.000 r  u_puf/counter0/en_meta_reg/C
    SLICE_X1Y50          FDCE (Prop_fdce_C_Q)         0.141     0.141 r  u_puf/counter0/en_meta_reg/Q
                         net (fo=1, routed)           0.056     0.197    u_puf/counter0/en_meta
    SLICE_X1Y50          FDCE                                         r  u_puf/counter0/en_sync_reg/D
  -------------------------------------------------------------------    -------------------

Slack:                    inf
  Source:                 u_puf/counter0/reset_release_reg[0]/C
                            (rising edge-triggered cell FDCE)
  Destination:            u_puf/counter0/reset_release_reg[1]/D
  Path Group:             (none)
  Path Type:              Min at Fast Process Corner
  Data Path Delay:        0.197ns  (logic 0.141ns (71.611%)  route 0.056ns (28.389%))
  Logic Levels:           1  (FDCE=1)

    Location             Delay type                Incr(ns)  Path(ns)    Netlist Resource(s)
  -------------------------------------------------------------------    -------------------
    SLICE_X1Y44          FDCE                         0.000     0.000 r  u_puf/counter0/reset_release_reg[0]/C
    SLICE_X1Y44          FDCE (Prop_fdce_C_Q)         0.141     0.141 r  u_puf/counter0/reset_release_reg[0]/Q
                         net (fo=1, routed)           0.056     0.197    u_puf/counter0/reset_release[0]
    SLICE_X1Y44          FDCE                                         r  u_puf/counter0/reset_release_reg[1]/D
  -------------------------------------------------------------------    -------------------

Slack:                    inf
  Source:                 u_puf/counter1/en_meta_reg/C
                            (rising edge-triggered cell FDCE)
  Destination:            u_puf/counter1/en_sync_reg/D
  Path Group:             (none)
  Path Type:              Min at Fast Process Corner
  Data Path Delay:        0.197ns  (logic 0.141ns (71.611%)  route 0.056ns (28.389%))
  Logic Levels:           1  (FDCE=1)

    Location             Delay type                Incr(ns)  Path(ns)    Netlist Resource(s)
  -------------------------------------------------------------------    -------------------
    SLICE_X3Y50          FDCE                         0.000     0.000 r  u_puf/counter1/en_meta_reg/C
    SLICE_X3Y50          FDCE (Prop_fdce_C_Q)         0.141     0.141 r  u_puf/counter1/en_meta_reg/Q
                         net (fo=1, routed)           0.056     0.197    u_puf/counter1/en_meta
    SLICE_X3Y50          FDCE                                         r  u_puf/counter1/en_sync_reg/D
  -------------------------------------------------------------------    -------------------

Slack:                    inf
  Source:                 u_puf/counter1/reset_release_reg[0]/C
                            (rising edge-triggered cell FDCE)
  Destination:            u_puf/counter1/reset_release_reg[1]/D
  Path Group:             (none)
  Path Type:              Min at Fast Process Corner
  Data Path Delay:        0.197ns  (logic 0.141ns (71.611%)  route 0.056ns (28.389%))
  Logic Levels:           1  (FDCE=1)

    Location             Delay type                Incr(ns)  Path(ns)    Netlist Resource(s)
  -------------------------------------------------------------------    -------------------
    SLICE_X3Y45          FDCE                         0.000     0.000 r  u_puf/counter1/reset_release_reg[0]/C
    SLICE_X3Y45          FDCE (Prop_fdce_C_Q)         0.141     0.141 r  u_puf/counter1/reset_release_reg[0]/Q
                         net (fo=1, routed)           0.056     0.197    u_puf/counter1/reset_release[0]
    SLICE_X3Y45          FDCE                                         r  u_puf/counter1/reset_release_reg[1]/D
  -------------------------------------------------------------------    -------------------

Slack:                    inf
  Source:                 u_puf/counter0/en_sync_reg/C
                            (rising edge-triggered cell FDCE)
  Destination:            u_puf/counter0/q_reg[24]/CE
  Path Group:             (none)
  Path Type:              Min at Fast Process Corner
  Data Path Delay:        0.303ns  (logic 0.128ns (42.286%)  route 0.175ns (57.714%))
  Logic Levels:           1  (FDCE=1)

    Location             Delay type                Incr(ns)  Path(ns)    Netlist Resource(s)
  -------------------------------------------------------------------    -------------------
    SLICE_X1Y50          FDCE                         0.000     0.000 r  u_puf/counter0/en_sync_reg/C
    SLICE_X1Y50          FDCE (Prop_fdce_C_Q)         0.128     0.128 r  u_puf/counter0/en_sync_reg/Q
                         net (fo=32, routed)          0.175     0.303    u_puf/counter0/en_sync
    SLICE_X0Y49          FDCE                                         r  u_puf/counter0/q_reg[24]/CE
  -------------------------------------------------------------------    -------------------

Slack:                    inf
  Source:                 u_puf/counter0/en_sync_reg/C
                            (rising edge-triggered cell FDCE)
  Destination:            u_puf/counter0/q_reg[25]/CE
  Path Group:             (none)
  Path Type:              Min at Fast Process Corner
  Data Path Delay:        0.303ns  (logic 0.128ns (42.286%)  route 0.175ns (57.714%))
  Logic Levels:           1  (FDCE=1)

    Location             Delay type                Incr(ns)  Path(ns)    Netlist Resource(s)
  -------------------------------------------------------------------    -------------------
    SLICE_X1Y50          FDCE                         0.000     0.000 r  u_puf/counter0/en_sync_reg/C
    SLICE_X1Y50          FDCE (Prop_fdce_C_Q)         0.128     0.128 r  u_puf/counter0/en_sync_reg/Q
                         net (fo=32, routed)          0.175     0.303    u_puf/counter0/en_sync
    SLICE_X0Y49          FDCE                                         r  u_puf/counter0/q_reg[25]/CE
  -------------------------------------------------------------------    -------------------

Slack:                    inf
  Source:                 u_puf/counter0/en_sync_reg/C
                            (rising edge-triggered cell FDCE)
  Destination:            u_puf/counter0/q_reg[26]/CE
  Path Group:             (none)
  Path Type:              Min at Fast Process Corner
  Data Path Delay:        0.303ns  (logic 0.128ns (42.286%)  route 0.175ns (57.714%))
  Logic Levels:           1  (FDCE=1)

    Location             Delay type                Incr(ns)  Path(ns)    Netlist Resource(s)
  -------------------------------------------------------------------    -------------------
    SLICE_X1Y50          FDCE                         0.000     0.000 r  u_puf/counter0/en_sync_reg/C
    SLICE_X1Y50          FDCE (Prop_fdce_C_Q)         0.128     0.128 r  u_puf/counter0/en_sync_reg/Q
                         net (fo=32, routed)          0.175     0.303    u_puf/counter0/en_sync
    SLICE_X0Y49          FDCE                                         r  u_puf/counter0/q_reg[26]/CE
  -------------------------------------------------------------------    -------------------

Slack:                    inf
  Source:                 u_puf/counter0/en_sync_reg/C
                            (rising edge-triggered cell FDCE)
  Destination:            u_puf/counter0/q_reg[27]/CE
  Path Group:             (none)
  Path Type:              Min at Fast Process Corner
  Data Path Delay:        0.303ns  (logic 0.128ns (42.286%)  route 0.175ns (57.714%))
  Logic Levels:           1  (FDCE=1)

    Location             Delay type                Incr(ns)  Path(ns)    Netlist Resource(s)
  -------------------------------------------------------------------    -------------------
    SLICE_X1Y50          FDCE                         0.000     0.000 r  u_puf/counter0/en_sync_reg/C
    SLICE_X1Y50          FDCE (Prop_fdce_C_Q)         0.128     0.128 r  u_puf/counter0/en_sync_reg/Q
                         net (fo=32, routed)          0.175     0.303    u_puf/counter0/en_sync
    SLICE_X0Y49          FDCE                                         r  u_puf/counter0/q_reg[27]/CE
  -------------------------------------------------------------------    -------------------

Slack:                    inf
  Source:                 u_puf/counter0/en_sync_reg/C
                            (rising edge-triggered cell FDCE)
  Destination:            u_puf/counter0/q_reg[28]/CE
  Path Group:             (none)
  Path Type:              Min at Fast Process Corner
  Data Path Delay:        0.384ns  (logic 0.128ns (33.298%)  route 0.256ns (66.702%))
  Logic Levels:           1  (FDCE=1)

    Location             Delay type                Incr(ns)  Path(ns)    Netlist Resource(s)
  -------------------------------------------------------------------    -------------------
    SLICE_X1Y50          FDCE                         0.000     0.000 r  u_puf/counter0/en_sync_reg/C
    SLICE_X1Y50          FDCE (Prop_fdce_C_Q)         0.128     0.128 r  u_puf/counter0/en_sync_reg/Q
                         net (fo=32, routed)          0.256     0.384    u_puf/counter0/en_sync
    SLICE_X0Y50          FDCE                                         r  u_puf/counter0/q_reg[28]/CE
  -------------------------------------------------------------------    -------------------

Slack:                    inf
  Source:                 u_puf/counter0/en_sync_reg/C
                            (rising edge-triggered cell FDCE)
  Destination:            u_puf/counter0/q_reg[29]/CE
  Path Group:             (none)
  Path Type:              Min at Fast Process Corner
  Data Path Delay:        0.384ns  (logic 0.128ns (33.298%)  route 0.256ns (66.702%))
  Logic Levels:           1  (FDCE=1)

    Location             Delay type                Incr(ns)  Path(ns)    Netlist Resource(s)
  -------------------------------------------------------------------    -------------------
    SLICE_X1Y50          FDCE                         0.000     0.000 r  u_puf/counter0/en_sync_reg/C
    SLICE_X1Y50          FDCE (Prop_fdce_C_Q)         0.128     0.128 r  u_puf/counter0/en_sync_reg/Q
                         net (fo=32, routed)          0.256     0.384    u_puf/counter0/en_sync
    SLICE_X0Y50          FDCE                                         r  u_puf/counter0/q_reg[29]/CE
  -------------------------------------------------------------------    -------------------

Slack:                    inf
  Source:                 u_puf/counter0/en_sync_reg/C
                            (rising edge-triggered cell FDCE)
  Destination:            u_puf/counter0/q_reg[30]/CE
  Path Group:             (none)
  Path Type:              Min at Fast Process Corner
  Data Path Delay:        0.384ns  (logic 0.128ns (33.298%)  route 0.256ns (66.702%))
  Logic Levels:           1  (FDCE=1)

    Location             Delay type                Incr(ns)  Path(ns)    Netlist Resource(s)
  -------------------------------------------------------------------    -------------------
    SLICE_X1Y50          FDCE                         0.000     0.000 r  u_puf/counter0/en_sync_reg/C
    SLICE_X1Y50          FDCE (Prop_fdce_C_Q)         0.128     0.128 r  u_puf/counter0/en_sync_reg/Q
                         net (fo=32, routed)          0.256     0.384    u_puf/counter0/en_sync
    SLICE_X0Y50          FDCE                                         r  u_puf/counter0/q_reg[30]/CE
  -------------------------------------------------------------------    -------------------

Slack:                    inf
  Source:                 u_puf/counter0/en_sync_reg/C
                            (rising edge-triggered cell FDCE)
  Destination:            u_puf/counter0/q_reg[31]/CE
  Path Group:             (none)
  Path Type:              Min at Fast Process Corner
  Data Path Delay:        0.384ns  (logic 0.128ns (33.298%)  route 0.256ns (66.702%))
  Logic Levels:           1  (FDCE=1)

    Location             Delay type                Incr(ns)  Path(ns)    Netlist Resource(s)
  -------------------------------------------------------------------    -------------------
    SLICE_X1Y50          FDCE                         0.000     0.000 r  u_puf/counter0/en_sync_reg/C
    SLICE_X1Y50          FDCE (Prop_fdce_C_Q)         0.128     0.128 r  u_puf/counter0/en_sync_reg/Q
                         net (fo=32, routed)          0.256     0.384    u_puf/counter0/en_sync
    SLICE_X0Y50          FDCE                                         r  u_puf/counter0/q_reg[31]/CE
  -------------------------------------------------------------------    -------------------

Slack:                    inf
  Source:                 u_puf/counter0/q_reg[14]/C
                            (rising edge-triggered cell FDCE)
  Destination:            u_puf/counter0/q_reg[14]/D
  Path Group:             (none)
  Path Type:              Min at Fast Process Corner
  Data Path Delay:        0.385ns  (logic 0.252ns (65.465%)  route 0.133ns (34.535%))
  Logic Levels:           2  (CARRY4=1 FDCE=1)

    Location             Delay type                Incr(ns)  Path(ns)    Netlist Resource(s)
  -------------------------------------------------------------------    -------------------
    SLICE_X0Y46          FDCE                         0.000     0.000 r  u_puf/counter0/q_reg[14]/C
    SLICE_X0Y46          FDCE (Prop_fdce_C_Q)         0.141     0.141 r  u_puf/counter0/q_reg[14]/Q
                         net (fo=3, routed)           0.133     0.274    u_puf/counter0/q_reg[14]
    SLICE_X0Y46          CARRY4 (Prop_carry4_S[2]_O[2])
                                                      0.111     0.385 r  u_puf/counter0/q_reg[12]_i_1__0/O[2]
                         net (fo=1, routed)           0.000     0.385    u_puf/counter0/q_reg[12]_i_1__0_n_5
    SLICE_X0Y46          FDCE                                         r  u_puf/counter0/q_reg[14]/D
  -------------------------------------------------------------------    -------------------

Slack:                    inf
  Source:                 u_puf/counter0/q_reg[18]/C
                            (rising edge-triggered cell FDCE)
  Destination:            u_puf/counter0/q_reg[18]/D
  Path Group:             (none)
  Path Type:              Min at Fast Process Corner
  Data Path Delay:        0.385ns  (logic 0.252ns (65.465%)  route 0.133ns (34.535%))
  Logic Levels:           2  (CARRY4=1 FDCE=1)

    Location             Delay type                Incr(ns)  Path(ns)    Netlist Resource(s)
  -------------------------------------------------------------------    -------------------
    SLICE_X0Y47          FDCE                         0.000     0.000 r  u_puf/counter0/q_reg[18]/C
    SLICE_X0Y47          FDCE (Prop_fdce_C_Q)         0.141     0.141 r  u_puf/counter0/q_reg[18]/Q
                         net (fo=3, routed)           0.133     0.274    u_puf/counter0/q_reg[18]
    SLICE_X0Y47          CARRY4 (Prop_carry4_S[2]_O[2])
                                                      0.111     0.385 r  u_puf/counter0/q_reg[16]_i_1__0/O[2]
                         net (fo=1, routed)           0.000     0.385    u_puf/counter0/q_reg[16]_i_1__0_n_5
    SLICE_X0Y47          FDCE                                         r  u_puf/counter0/q_reg[18]/D
  -------------------------------------------------------------------    -------------------

Slack:                    inf
  Source:                 u_puf/counter0/q_reg[10]/C
                            (rising edge-triggered cell FDCE)
  Destination:            u_puf/counter0/q_reg[10]/D
  Path Group:             (none)
  Path Type:              Min at Fast Process Corner
  Data Path Delay:        0.386ns  (logic 0.252ns (65.354%)  route 0.134ns (34.646%))
  Logic Levels:           2  (CARRY4=1 FDCE=1)

    Location             Delay type                Incr(ns)  Path(ns)    Netlist Resource(s)
  -------------------------------------------------------------------    -------------------
    SLICE_X0Y45          FDCE                         0.000     0.000 r  u_puf/counter0/q_reg[10]/C
    SLICE_X0Y45          FDCE (Prop_fdce_C_Q)         0.141     0.141 r  u_puf/counter0/q_reg[10]/Q
                         net (fo=3, routed)           0.134     0.275    u_puf/counter0/q_reg[10]
    SLICE_X0Y45          CARRY4 (Prop_carry4_S[2]_O[2])
                                                      0.111     0.386 r  u_puf/counter0/q_reg[8]_i_1__0/O[2]
                         net (fo=1, routed)           0.000     0.386    u_puf/counter0/q_reg[8]_i_1__0_n_5
    SLICE_X0Y45          FDCE                                         r  u_puf/counter0/q_reg[10]/D
  -------------------------------------------------------------------    -------------------

Slack:                    inf
  Source:                 u_puf/counter0/q_reg[26]/C
                            (rising edge-triggered cell FDCE)
  Destination:            u_puf/counter0/q_reg[26]/D
  Path Group:             (none)
  Path Type:              Min at Fast Process Corner
  Data Path Delay:        0.386ns  (logic 0.252ns (65.354%)  route 0.134ns (34.646%))
  Logic Levels:           2  (CARRY4=1 FDCE=1)

    Location             Delay type                Incr(ns)  Path(ns)    Netlist Resource(s)
  -------------------------------------------------------------------    -------------------
    SLICE_X0Y49          FDCE                         0.000     0.000 r  u_puf/counter0/q_reg[26]/C
    SLICE_X0Y49          FDCE (Prop_fdce_C_Q)         0.141     0.141 r  u_puf/counter0/q_reg[26]/Q
                         net (fo=3, routed)           0.134     0.275    u_puf/counter0/q_reg[26]
    SLICE_X0Y49          CARRY4 (Prop_carry4_S[2]_O[2])
                                                      0.111     0.386 r  u_puf/counter0/q_reg[24]_i_1__0/O[2]
                         net (fo=1, routed)           0.000     0.386    u_puf/counter0/q_reg[24]_i_1__0_n_5
    SLICE_X0Y49          FDCE                                         r  u_puf/counter0/q_reg[26]/D
  -------------------------------------------------------------------    -------------------

Slack:                    inf
  Source:                 u_puf/counter0/q_reg[2]/C
                            (rising edge-triggered cell FDCE)
  Destination:            u_puf/counter0/q_reg[2]/D
  Path Group:             (none)
  Path Type:              Min at Fast Process Corner
  Data Path Delay:        0.386ns  (logic 0.252ns (65.354%)  route 0.134ns (34.646%))
  Logic Levels:           2  (CARRY4=1 FDCE=1)

    Location             Delay type                Incr(ns)  Path(ns)    Netlist Resource(s)
  -------------------------------------------------------------------    -------------------
    SLICE_X0Y43          FDCE                         0.000     0.000 r  u_puf/counter0/q_reg[2]/C
    SLICE_X0Y43          FDCE (Prop_fdce_C_Q)         0.141     0.141 r  u_puf/counter0/q_reg[2]/Q
                         net (fo=3, routed)           0.134     0.275    u_puf/counter0/q_reg[2]
    SLICE_X0Y43          CARRY4 (Prop_carry4_S[2]_O[2])
                                                      0.111     0.386 r  u_puf/counter0/q_reg[0]_i_1__0/O[2]
                         net (fo=1, routed)           0.000     0.386    u_puf/counter0/q_reg[0]_i_1__0_n_5
    SLICE_X0Y43          FDCE                                         r  u_puf/counter0/q_reg[2]/D
  -------------------------------------------------------------------    -------------------

Slack:                    inf
  Source:                 u_puf/counter0/q_reg[6]/C
                            (rising edge-triggered cell FDCE)
  Destination:            u_puf/counter0/q_reg[6]/D
  Path Group:             (none)
  Path Type:              Min at Fast Process Corner
  Data Path Delay:        0.386ns  (logic 0.252ns (65.354%)  route 0.134ns (34.646%))
  Logic Levels:           2  (CARRY4=1 FDCE=1)

    Location             Delay type                Incr(ns)  Path(ns)    Netlist Resource(s)
  -------------------------------------------------------------------    -------------------
    SLICE_X0Y44          FDCE                         0.000     0.000 r  u_puf/counter0/q_reg[6]/C
    SLICE_X0Y44          FDCE (Prop_fdce_C_Q)         0.141     0.141 r  u_puf/counter0/q_reg[6]/Q
                         net (fo=3, routed)           0.134     0.275    u_puf/counter0/q_reg[6]
    SLICE_X0Y44          CARRY4 (Prop_carry4_S[2]_O[2])
                                                      0.111     0.386 r  u_puf/counter0/q_reg[4]_i_1__0/O[2]
                         net (fo=1, routed)           0.000     0.386    u_puf/counter0/q_reg[4]_i_1__0_n_5
    SLICE_X0Y44          FDCE                                         r  u_puf/counter0/q_reg[6]/D
  -------------------------------------------------------------------    -------------------

Slack:                    inf
  Source:                 u_puf/counter0/q_reg[30]/C
                            (rising edge-triggered cell FDCE)
  Destination:            u_puf/counter0/q_reg[30]/D
  Path Group:             (none)
  Path Type:              Min at Fast Process Corner
  Data Path Delay:        0.386ns  (logic 0.252ns (65.343%)  route 0.134ns (34.657%))
  Logic Levels:           2  (CARRY4=1 FDCE=1)

    Location             Delay type                Incr(ns)  Path(ns)    Netlist Resource(s)
  -------------------------------------------------------------------    -------------------
    SLICE_X0Y50          FDCE                         0.000     0.000 r  u_puf/counter0/q_reg[30]/C
    SLICE_X0Y50          FDCE (Prop_fdce_C_Q)         0.141     0.141 r  u_puf/counter0/q_reg[30]/Q
                         net (fo=3, routed)           0.134     0.275    u_puf/counter0/q_reg[30]
    SLICE_X0Y50          CARRY4 (Prop_carry4_S[2]_O[2])
                                                      0.111     0.386 r  u_puf/counter0/q_reg[28]_i_1__0/O[2]
                         net (fo=1, routed)           0.000     0.386    u_puf/counter0/q_reg[28]_i_1__0_n_5
    SLICE_X0Y50          FDCE                                         r  u_puf/counter0/q_reg[30]/D
  -------------------------------------------------------------------    -------------------

Slack:                    inf
  Source:                 u_puf/counter0/q_reg[22]/C
                            (rising edge-triggered cell FDCE)
  Destination:            u_puf/counter0/q_reg[22]/D
  Path Group:             (none)
  Path Type:              Min at Fast Process Corner
  Data Path Delay:        0.387ns  (logic 0.252ns (65.117%)  route 0.135ns (34.883%))
  Logic Levels:           2  (CARRY4=1 FDCE=1)

    Location             Delay type                Incr(ns)  Path(ns)    Netlist Resource(s)
  -------------------------------------------------------------------    -------------------
    SLICE_X0Y48          FDCE                         0.000     0.000 r  u_puf/counter0/q_reg[22]/C
    SLICE_X0Y48          FDCE (Prop_fdce_C_Q)         0.141     0.141 r  u_puf/counter0/q_reg[22]/Q
                         net (fo=3, routed)           0.135     0.276    u_puf/counter0/q_reg[22]
    SLICE_X0Y48          CARRY4 (Prop_carry4_S[2]_O[2])
                                                      0.111     0.387 r  u_puf/counter0/q_reg[20]_i_1__0/O[2]
                         net (fo=1, routed)           0.000     0.387    u_puf/counter0/q_reg[20]_i_1__0_n_5
    SLICE_X0Y48          FDCE                                         r  u_puf/counter0/q_reg[22]/D
  -------------------------------------------------------------------    -------------------





--------------------------------------------------------------------------------------
Path Group:  (none)
From Clock:  sys_clk
  To Clock:

Max Delay           567 Endpoints
Min Delay           567 Endpoints
--------------------------------------------------------------------------------------


Max Delay Paths
--------------------------------------------------------------------------------------
Slack:                    inf
  Source:                 u_puf/ctrl_inst/FSM_onehot_state_reg[6]/C
                            (rising edge-triggered cell FDCE clocked by sys_clk  {rise@0.000ns fall@5.000ns period=10.000ns})
  Destination:            u_puf/counter1/reset_release_reg[0]/CLR
  Path Group:             (none)
  Path Type:              Max at Slow Process Corner
  Data Path Delay:        4.146ns  (logic 0.732ns (17.654%)  route 3.414ns (82.346%))
  Logic Levels:           2  (LUT5=1 LUT6=1)
  Clock Uncertainty:      0.025ns  ((TSJ^2 + TIJ^2)^1/2 + DJ) / 2 + PE
    Total System Jitter     (TSJ):    0.050ns
    Total Input Jitter      (TIJ):    0.000ns
    Discrete Jitter          (DJ):    0.000ns
    Phase Error              (PE):    0.000ns

    Location             Delay type                Incr(ns)  Path(ns)    Netlist Resource(s)
  -------------------------------------------------------------------    -------------------
                         (clock sys_clk rise edge)    0.000     0.000 r
                                                      0.000     0.000 r  clk (IN)
                         net (fo=19601, unset)        0.973     0.973    u_puf/ctrl_inst/clk
    SLICE_X4Y55          FDCE                                         r  u_puf/ctrl_inst/FSM_onehot_state_reg[6]/C
  -------------------------------------------------------------------    -------------------
    SLICE_X4Y55          FDCE (Prop_fdce_C_Q)         0.456     1.429 f  u_puf/ctrl_inst/FSM_onehot_state_reg[6]/Q
                         net (fo=8, routed)           1.131     2.560    u_puf/ctrl_inst/puf_done
    SLICE_X1Y52          LUT6 (Prop_lut6_I3_O)        0.124     2.684 r  u_puf/ctrl_inst/reset_release[1]_i_7/O
                         net (fo=1, routed)           1.295     3.978    u_puf/ctrl_inst/reset_release[1]_i_7_n_0
    SLICE_X1Y40          LUT5 (Prop_lut5_I0_O)        0.152     4.130 f  u_puf/ctrl_inst/reset_release[1]_i_2__0/O
                         net (fo=4, routed)           0.989     5.119    u_puf/counter1/reset_release_reg[1]_0
    SLICE_X3Y45          FDCE                                         f  u_puf/counter1/reset_release_reg[0]/CLR
  -------------------------------------------------------------------    -------------------

Slack:                    inf
  Source:                 u_puf/ctrl_inst/FSM_onehot_state_reg[6]/C
                            (rising edge-triggered cell FDCE clocked by sys_clk  {rise@0.000ns fall@5.000ns period=10.000ns})
  Destination:            u_puf/counter1/reset_release_reg[1]/CLR
  Path Group:             (none)
  Path Type:              Max at Slow Process Corner
  Data Path Delay:        4.146ns  (logic 0.732ns (17.654%)  route 3.414ns (82.346%))
  Logic Levels:           2  (LUT5=1 LUT6=1)
  Clock Uncertainty:      0.025ns  ((TSJ^2 + TIJ^2)^1/2 + DJ) / 2 + PE
    Total System Jitter     (TSJ):    0.050ns
    Total Input Jitter      (TIJ):    0.000ns
    Discrete Jitter          (DJ):    0.000ns
    Phase Error              (PE):    0.000ns

    Location             Delay type                Incr(ns)  Path(ns)    Netlist Resource(s)
  -------------------------------------------------------------------    -------------------
                         (clock sys_clk rise edge)    0.000     0.000 r
                                                      0.000     0.000 r  clk (IN)
                         net (fo=19601, unset)        0.973     0.973    u_puf/ctrl_inst/clk
    SLICE_X4Y55          FDCE                                         r  u_puf/ctrl_inst/FSM_onehot_state_reg[6]/C
  -------------------------------------------------------------------    -------------------
    SLICE_X4Y55          FDCE (Prop_fdce_C_Q)         0.456     1.429 f  u_puf/ctrl_inst/FSM_onehot_state_reg[6]/Q
                         net (fo=8, routed)           1.131     2.560    u_puf/ctrl_inst/puf_done
    SLICE_X1Y52          LUT6 (Prop_lut6_I3_O)        0.124     2.684 r  u_puf/ctrl_inst/reset_release[1]_i_7/O
                         net (fo=1, routed)           1.295     3.978    u_puf/ctrl_inst/reset_release[1]_i_7_n_0
    SLICE_X1Y40          LUT5 (Prop_lut5_I0_O)        0.152     4.130 f  u_puf/ctrl_inst/reset_release[1]_i_2__0/O
                         net (fo=4, routed)           0.989     5.119    u_puf/counter1/reset_release_reg[1]_0
    SLICE_X3Y45          FDCE                                         f  u_puf/counter1/reset_release_reg[1]/CLR
  -------------------------------------------------------------------    -------------------

Slack:                    inf
  Source:                 u_edge/u_server/state_reg[2]/C
                            (rising edge-triggered cell FDRE clocked by sys_clk  {rise@0.000ns fall@5.000ns period=10.000ns})
  Destination:            req_c
                            (output port)
  Path Group:             (none)
  Path Type:              Max at Slow Process Corner
  Data Path Delay:        4.028ns  (logic 0.580ns (14.400%)  route 3.448ns (85.600%))
  Logic Levels:           1  (LUT6=1)
  Clock Uncertainty:      0.025ns  ((TSJ^2 + TIJ^2)^1/2 + DJ) / 2 + PE
    Total System Jitter     (TSJ):    0.050ns
    Total Input Jitter      (TIJ):    0.000ns
    Discrete Jitter          (DJ):    0.000ns
    Phase Error              (PE):    0.000ns

    Location             Delay type                Incr(ns)  Path(ns)    Netlist Resource(s)
  -------------------------------------------------------------------    -------------------
                         (clock sys_clk rise edge)    0.000     0.000 r
                                                      0.000     0.000 r  clk (IN)
                         net (fo=19601, unset)        0.973     0.973    u_edge/u_server/clk
    SLICE_X41Y88         FDRE                                         r  u_edge/u_server/state_reg[2]/C
  -------------------------------------------------------------------    -------------------
    SLICE_X41Y88         FDRE (Prop_fdre_C_Q)         0.456     1.429 f  u_edge/u_server/state_reg[2]/Q
                         net (fo=123, routed)         2.475     3.904    u_edge/u_server/ciphertext_store/Q[2]
    SLICE_X58Y84         LUT6 (Prop_lut6_I3_O)        0.124     4.028 r  u_edge/u_server/ciphertext_store/req_c_INST_0/O
                         net (fo=3, unset)            0.973     5.001    req_c
                                                                      r  req_c (OUT)
  -------------------------------------------------------------------    -------------------

Slack:                    inf
  Source:                 u_puf/ctrl_inst/FSM_onehot_state_reg[6]/C
                            (rising edge-triggered cell FDCE clocked by sys_clk  {rise@0.000ns fall@5.000ns period=10.000ns})
  Destination:            u_puf/counter0/reset_release_reg[0]/CLR
  Path Group:             (none)
  Path Type:              Max at Slow Process Corner
  Data Path Delay:        3.998ns  (logic 0.732ns (18.309%)  route 3.266ns (81.691%))
  Logic Levels:           2  (LUT5=1 LUT6=1)
  Clock Uncertainty:      0.025ns  ((TSJ^2 + TIJ^2)^1/2 + DJ) / 2 + PE
    Total System Jitter     (TSJ):    0.050ns
    Total Input Jitter      (TIJ):    0.000ns
    Discrete Jitter          (DJ):    0.000ns
    Phase Error              (PE):    0.000ns

    Location             Delay type                Incr(ns)  Path(ns)    Netlist Resource(s)
  -------------------------------------------------------------------    -------------------
                         (clock sys_clk rise edge)    0.000     0.000 r
                                                      0.000     0.000 r  clk (IN)
                         net (fo=19601, unset)        0.973     0.973    u_puf/ctrl_inst/clk
    SLICE_X4Y55          FDCE                                         r  u_puf/ctrl_inst/FSM_onehot_state_reg[6]/C
  -------------------------------------------------------------------    -------------------
    SLICE_X4Y55          FDCE (Prop_fdce_C_Q)         0.456     1.429 f  u_puf/ctrl_inst/FSM_onehot_state_reg[6]/Q
                         net (fo=8, routed)           1.131     2.560    u_puf/ctrl_inst/puf_done
    SLICE_X1Y52          LUT6 (Prop_lut6_I3_O)        0.124     2.684 r  u_puf/ctrl_inst/reset_release[1]_i_7/O
                         net (fo=1, routed)           1.295     3.978    u_puf/ctrl_inst/reset_release[1]_i_7_n_0
    SLICE_X1Y40          LUT5 (Prop_lut5_I0_O)        0.152     4.130 f  u_puf/ctrl_inst/reset_release[1]_i_2__0/O
                         net (fo=4, routed)           0.841     4.971    u_puf/counter0/reset_release_reg[0]_0
    SLICE_X1Y44          FDCE                                         f  u_puf/counter0/reset_release_reg[0]/CLR
  -------------------------------------------------------------------    -------------------

Slack:                    inf
  Source:                 u_puf/ctrl_inst/FSM_onehot_state_reg[6]/C
                            (rising edge-triggered cell FDCE clocked by sys_clk  {rise@0.000ns fall@5.000ns period=10.000ns})
  Destination:            u_puf/counter0/reset_release_reg[1]/CLR
  Path Group:             (none)
  Path Type:              Max at Slow Process Corner
  Data Path Delay:        3.998ns  (logic 0.732ns (18.309%)  route 3.266ns (81.691%))
  Logic Levels:           2  (LUT5=1 LUT6=1)
  Clock Uncertainty:      0.025ns  ((TSJ^2 + TIJ^2)^1/2 + DJ) / 2 + PE
    Total System Jitter     (TSJ):    0.050ns
    Total Input Jitter      (TIJ):    0.000ns
    Discrete Jitter          (DJ):    0.000ns
    Phase Error              (PE):    0.000ns

    Location             Delay type                Incr(ns)  Path(ns)    Netlist Resource(s)
  -------------------------------------------------------------------    -------------------
                         (clock sys_clk rise edge)    0.000     0.000 r
                                                      0.000     0.000 r  clk (IN)
                         net (fo=19601, unset)        0.973     0.973    u_puf/ctrl_inst/clk
    SLICE_X4Y55          FDCE                                         r  u_puf/ctrl_inst/FSM_onehot_state_reg[6]/C
  -------------------------------------------------------------------    -------------------
    SLICE_X4Y55          FDCE (Prop_fdce_C_Q)         0.456     1.429 f  u_puf/ctrl_inst/FSM_onehot_state_reg[6]/Q
                         net (fo=8, routed)           1.131     2.560    u_puf/ctrl_inst/puf_done
    SLICE_X1Y52          LUT6 (Prop_lut6_I3_O)        0.124     2.684 r  u_puf/ctrl_inst/reset_release[1]_i_7/O
                         net (fo=1, routed)           1.295     3.978    u_puf/ctrl_inst/reset_release[1]_i_7_n_0
    SLICE_X1Y40          LUT5 (Prop_lut5_I0_O)        0.152     4.130 f  u_puf/ctrl_inst/reset_release[1]_i_2__0/O
                         net (fo=4, routed)           0.841     4.971    u_puf/counter0/reset_release_reg[0]_0
    SLICE_X1Y44          FDCE                                         f  u_puf/counter0/reset_release_reg[1]/CLR
  -------------------------------------------------------------------    -------------------

Slack:                    inf
  Source:                 u_edge/u_control/u_seed/FSM_sequential_state_reg[1]/C
                            (rising edge-triggered cell FDCE clocked by sys_clk  {rise@0.000ns fall@5.000ns period=10.000ns})
  Destination:            secret_valid
                            (output port)
  Path Group:             (none)
  Path Type:              Max at Slow Process Corner
  Data Path Delay:        3.098ns  (logic 0.580ns (18.723%)  route 2.518ns (81.277%))
  Logic Levels:           1  (LUT3=1)
  Clock Uncertainty:      0.025ns  ((TSJ^2 + TIJ^2)^1/2 + DJ) / 2 + PE
    Total System Jitter     (TSJ):    0.050ns
    Total Input Jitter      (TIJ):    0.000ns
    Discrete Jitter          (DJ):    0.000ns
    Phase Error              (PE):    0.000ns

    Location             Delay type                Incr(ns)  Path(ns)    Netlist Resource(s)
  -------------------------------------------------------------------    -------------------
                         (clock sys_clk rise edge)    0.000     0.000 r
                                                      0.000     0.000 r  clk (IN)
                         net (fo=19601, unset)        0.973     0.973    u_edge/u_control/u_seed/clk
    SLICE_X36Y66         FDCE                                         r  u_edge/u_control/u_seed/FSM_sequential_state_reg[1]/C
  -------------------------------------------------------------------    -------------------
    SLICE_X36Y66         FDCE (Prop_fdce_C_Q)         0.456     1.429 f  u_edge/u_control/u_seed/FSM_sequential_state_reg[1]/Q
                         net (fo=13, routed)          1.545     2.974    u_edge/u_control/state__0[1]
    SLICE_X14Y63         LUT3 (Prop_lut3_I0_O)        0.124     3.098 r  u_edge/u_control/secret_valid_INST_0/O
                         net (fo=1, unset)            0.973     4.071    secret_valid
                                                                      r  secret_valid (OUT)
  -------------------------------------------------------------------    -------------------

Slack:                    inf
  Source:                 FSM_sequential_state_reg[2]/C
                            (rising edge-triggered cell FDPE clocked by sys_clk  {rise@0.000ns fall@5.000ns period=10.000ns})
  Destination:            done
                            (output port)
  Path Group:             (none)
  Path Type:              Max at Slow Process Corner
  Data Path Delay:        3.053ns  (logic 0.609ns (19.950%)  route 2.444ns (80.050%))
  Logic Levels:           1  (LUT4=1)
  Clock Uncertainty:      0.025ns  ((TSJ^2 + TIJ^2)^1/2 + DJ) / 2 + PE
    Total System Jitter     (TSJ):    0.050ns
    Total Input Jitter      (TIJ):    0.000ns
    Discrete Jitter          (DJ):    0.000ns
    Phase Error              (PE):    0.000ns

    Location             Delay type                Incr(ns)  Path(ns)    Netlist Resource(s)
  -------------------------------------------------------------------    -------------------
                         (clock sys_clk rise edge)    0.000     0.000 r
                                                      0.000     0.000 r  clk (IN)
                         net (fo=19601, unset)        0.973     0.973    clk
    SLICE_X0Y35          FDPE                                         r  FSM_sequential_state_reg[2]/C
  -------------------------------------------------------------------    -------------------
    SLICE_X0Y35          FDPE (Prop_fdpe_C_Q)         0.456     1.429 r  FSM_sequential_state_reg[2]/Q
                         net (fo=17, routed)          1.471     2.900    state__0[2]
    SLICE_X0Y38          LUT4 (Prop_lut4_I1_O)        0.153     3.053 r  done_INST_0/O
                         net (fo=0)                   0.973     4.026    done
                                                                      r  done (OUT)
  -------------------------------------------------------------------    -------------------

Slack:                    inf
  Source:                 FSM_sequential_state_reg[2]/C
                            (rising edge-triggered cell FDPE clocked by sys_clk  {rise@0.000ns fall@5.000ns period=10.000ns})
  Destination:            busy
                            (output port)
  Path Group:             (none)
  Path Type:              Max at Slow Process Corner
  Data Path Delay:        3.024ns  (logic 0.580ns (19.182%)  route 2.444ns (80.818%))
  Logic Levels:           1  (LUT3=1)
  Clock Uncertainty:      0.025ns  ((TSJ^2 + TIJ^2)^1/2 + DJ) / 2 + PE
    Total System Jitter     (TSJ):    0.050ns
    Total Input Jitter      (TIJ):    0.000ns
    Discrete Jitter          (DJ):    0.000ns
    Phase Error              (PE):    0.000ns

    Location             Delay type                Incr(ns)  Path(ns)    Netlist Resource(s)
  -------------------------------------------------------------------    -------------------
                         (clock sys_clk rise edge)    0.000     0.000 r
                                                      0.000     0.000 r  clk (IN)
                         net (fo=19601, unset)        0.973     0.973    clk
    SLICE_X0Y35          FDPE                                         r  FSM_sequential_state_reg[2]/C
  -------------------------------------------------------------------    -------------------
    SLICE_X0Y35          FDPE (Prop_fdpe_C_Q)         0.456     1.429 f  FSM_sequential_state_reg[2]/Q
                         net (fo=17, routed)          1.471     2.900    state__0[2]
    SLICE_X0Y38          LUT3 (Prop_lut3_I2_O)        0.124     3.024 r  busy_INST_0/O
                         net (fo=2, unset)            0.973     3.997    busy
                                                                      r  busy (OUT)
  -------------------------------------------------------------------    -------------------

Slack:                    inf
  Source:                 u_edge/u_control/u_scrub/state_reg[1]/C
                            (rising edge-triggered cell FDRE clocked by sys_clk  {rise@0.000ns fall@5.000ns period=10.000ns})
  Destination:            scrub_done
                            (output port)
  Path Group:             (none)
  Path Type:              Max at Slow Process Corner
  Data Path Delay:        2.530ns  (logic 0.608ns (24.035%)  route 1.922ns (75.965%))
  Logic Levels:           1  (LUT3=1)
  Clock Uncertainty:      0.025ns  ((TSJ^2 + TIJ^2)^1/2 + DJ) / 2 + PE
    Total System Jitter     (TSJ):    0.050ns
    Total Input Jitter      (TIJ):    0.000ns
    Discrete Jitter          (DJ):    0.000ns
    Phase Error              (PE):    0.000ns

    Location             Delay type                Incr(ns)  Path(ns)    Netlist Resource(s)
  -------------------------------------------------------------------    -------------------
                         (clock sys_clk rise edge)    0.000     0.000 r
                                                      0.000     0.000 r  clk (IN)
                         net (fo=19601, unset)        0.973     0.973    u_edge/u_control/u_scrub/clk
    SLICE_X40Y82         FDRE                                         r  u_edge/u_control/u_scrub/state_reg[1]/C
  -------------------------------------------------------------------    -------------------
    SLICE_X40Y82         FDRE (Prop_fdre_C_Q)         0.456     1.429 r  u_edge/u_control/u_scrub/state_reg[1]/Q
                         net (fo=26, routed)          0.949     2.378    u_edge/u_control/u_scrub_n_167
    SLICE_X40Y81         LUT3 (Prop_lut3_I1_O)        0.152     2.530 r  u_edge/u_control/scrub_done_INST_0/O
                         net (fo=0)                   0.973     3.503    scrub_done
                                                                      r  scrub_done (OUT)
  -------------------------------------------------------------------    -------------------

Slack:                    inf
  Source:                 u_puf/ctrl_inst/FSM_onehot_state_reg[3]/C
                            (rising edge-triggered cell FDCE clocked by sys_clk  {rise@0.000ns fall@5.000ns period=10.000ns})
  Destination:            u_puf/counter1/en_meta_reg/D
  Path Group:             (none)
  Path Type:              Max at Slow Process Corner
  Data Path Delay:        2.391ns  (logic 0.518ns (21.667%)  route 1.873ns (78.333%))
  Logic Levels:           0
  Clock Uncertainty:      0.025ns  ((TSJ^2 + TIJ^2)^1/2 + DJ) / 2 + PE
    Total System Jitter     (TSJ):    0.050ns
    Total Input Jitter      (TIJ):    0.000ns
    Discrete Jitter          (DJ):    0.000ns
    Phase Error              (PE):    0.000ns

    Location             Delay type                Incr(ns)  Path(ns)    Netlist Resource(s)
  -------------------------------------------------------------------    -------------------
                         (clock sys_clk rise edge)    0.000     0.000 r
                                                      0.000     0.000 r  clk (IN)
                         net (fo=19601, unset)        0.973     0.973    u_puf/ctrl_inst/clk
    SLICE_X2Y54          FDCE                                         r  u_puf/ctrl_inst/FSM_onehot_state_reg[3]/C
  -------------------------------------------------------------------    -------------------
    SLICE_X2Y54          FDCE (Prop_fdce_C_Q)         0.518     1.491 r  u_puf/ctrl_inst/FSM_onehot_state_reg[3]/Q
                         net (fo=54, routed)          1.873     3.364    u_puf/counter1/Q[0]
    SLICE_X3Y50          FDCE                                         r  u_puf/counter1/en_meta_reg/D
  -------------------------------------------------------------------    -------------------

Slack:                    inf
  Source:                 u_edge/u_control/u_scrub/state_reg[2]/C
                            (rising edge-triggered cell FDRE clocked by sys_clk  {rise@0.000ns fall@5.000ns period=10.000ns})
  Destination:            protocol_start
                            (output port)
  Path Group:             (none)
  Path Type:              Max at Slow Process Corner
  Data Path Delay:        2.230ns  (logic 0.606ns (27.171%)  route 1.624ns (72.829%))
  Logic Levels:           1  (LUT3=1)
  Clock Uncertainty:      0.025ns  ((TSJ^2 + TIJ^2)^1/2 + DJ) / 2 + PE
    Total System Jitter     (TSJ):    0.050ns
    Total Input Jitter      (TIJ):    0.000ns
    Discrete Jitter          (DJ):    0.000ns
    Phase Error              (PE):    0.000ns

    Location             Delay type                Incr(ns)  Path(ns)    Netlist Resource(s)
  -------------------------------------------------------------------    -------------------
                         (clock sys_clk rise edge)    0.000     0.000 r
                                                      0.000     0.000 r  clk (IN)
                         net (fo=19601, unset)        0.973     0.973    u_edge/u_control/u_scrub/clk
    SLICE_X41Y81         FDRE                                         r  u_edge/u_control/u_scrub/state_reg[2]/C
  -------------------------------------------------------------------    -------------------
    SLICE_X41Y81         FDRE (Prop_fdre_C_Q)         0.456     1.429 f  u_edge/u_control/u_scrub/state_reg[2]/Q
                         net (fo=25, routed)          0.651     2.080    u_edge/u_control/u_scrub_n_166
    SLICE_X40Y82         LUT3 (Prop_lut3_I0_O)        0.150     2.230 r  u_edge/u_control/protocol_start_INST_0/O
                         net (fo=14, unset)           0.973     3.203    protocol_start
                                                                      r  protocol_start (OUT)
  -------------------------------------------------------------------    -------------------

Slack:                    inf
  Source:                 u_puf/ctrl_inst/FSM_onehot_state_reg[3]/C
                            (rising edge-triggered cell FDCE clocked by sys_clk  {rise@0.000ns fall@5.000ns period=10.000ns})
  Destination:            u_puf/counter0/en_meta_reg/D
  Path Group:             (none)
  Path Type:              Max at Slow Process Corner
  Data Path Delay:        2.062ns  (logic 0.518ns (25.121%)  route 1.544ns (74.879%))
  Logic Levels:           0
  Clock Uncertainty:      0.025ns  ((TSJ^2 + TIJ^2)^1/2 + DJ) / 2 + PE
    Total System Jitter     (TSJ):    0.050ns
    Total Input Jitter      (TIJ):    0.000ns
    Discrete Jitter          (DJ):    0.000ns
    Phase Error              (PE):    0.000ns

    Location             Delay type                Incr(ns)  Path(ns)    Netlist Resource(s)
  -------------------------------------------------------------------    -------------------
                         (clock sys_clk rise edge)    0.000     0.000 r
                                                      0.000     0.000 r  clk (IN)
                         net (fo=19601, unset)        0.973     0.973    u_puf/ctrl_inst/clk
    SLICE_X2Y54          FDCE                                         r  u_puf/ctrl_inst/FSM_onehot_state_reg[3]/C
  -------------------------------------------------------------------    -------------------
    SLICE_X2Y54          FDCE (Prop_fdce_C_Q)         0.518     1.491 r  u_puf/ctrl_inst/FSM_onehot_state_reg[3]/Q
                         net (fo=54, routed)          1.544     3.035    u_puf/counter0/Q[0]
    SLICE_X1Y50          FDCE                                         r  u_puf/counter0/en_meta_reg/D
  -------------------------------------------------------------------    -------------------

Slack:                    inf
  Source:                 u_fe/helper_out_reg[0]/C
                            (rising edge-triggered cell FDCE clocked by sys_clk  {rise@0.000ns fall@5.000ns period=10.000ns})
  Destination:            helper_out[0]
                            (output port)
  Path Group:             (none)
  Path Type:              Max at Slow Process Corner
  Data Path Delay:        1.491ns  (logic 0.518ns (34.742%)  route 0.973ns (65.258%))
  Logic Levels:           0
  Clock Uncertainty:      0.025ns  ((TSJ^2 + TIJ^2)^1/2 + DJ) / 2 + PE
    Total System Jitter     (TSJ):    0.050ns
    Total Input Jitter      (TIJ):    0.000ns
    Discrete Jitter          (DJ):    0.000ns
    Phase Error              (PE):    0.000ns

    Location             Delay type                Incr(ns)  Path(ns)    Netlist Resource(s)
  -------------------------------------------------------------------    -------------------
                         (clock sys_clk rise edge)    0.000     0.000 r
                                                      0.000     0.000 r  clk (IN)
                         net (fo=19601, unset)        0.973     0.973    u_fe/clk
    SLICE_X2Y22          FDCE                                         r  u_fe/helper_out_reg[0]/C
  -------------------------------------------------------------------    -------------------
    SLICE_X2Y22          FDCE (Prop_fdce_C_Q)         0.518     1.491 r  u_fe/helper_out_reg[0]/Q
                         net (fo=0)                   0.973     2.464    helper_out[0]
                                                                      r  helper_out[0] (OUT)
  -------------------------------------------------------------------    -------------------

Slack:                    inf
  Source:                 u_fe/helper_out_reg[103]/C
                            (rising edge-triggered cell FDCE clocked by sys_clk  {rise@0.000ns fall@5.000ns period=10.000ns})
  Destination:            helper_out[103]
                            (output port)
  Path Group:             (none)
  Path Type:              Max at Slow Process Corner
  Data Path Delay:        1.491ns  (logic 0.518ns (34.742%)  route 0.973ns (65.258%))
  Logic Levels:           0
  Clock Uncertainty:      0.025ns  ((TSJ^2 + TIJ^2)^1/2 + DJ) / 2 + PE
    Total System Jitter     (TSJ):    0.050ns
    Total Input Jitter      (TIJ):    0.000ns
    Discrete Jitter          (DJ):    0.000ns
    Phase Error              (PE):    0.000ns

    Location             Delay type                Incr(ns)  Path(ns)    Netlist Resource(s)
  -------------------------------------------------------------------    -------------------
                         (clock sys_clk rise edge)    0.000     0.000 r
                                                      0.000     0.000 r  clk (IN)
                         net (fo=19601, unset)        0.973     0.973    u_fe/clk
    SLICE_X30Y28         FDCE                                         r  u_fe/helper_out_reg[103]/C
  -------------------------------------------------------------------    -------------------
    SLICE_X30Y28         FDCE (Prop_fdce_C_Q)         0.518     1.491 r  u_fe/helper_out_reg[103]/Q
                         net (fo=0)                   0.973     2.464    helper_out[103]
                                                                      r  helper_out[103] (OUT)
  -------------------------------------------------------------------    -------------------

Slack:                    inf
  Source:                 u_fe/helper_out_reg[104]/C
                            (rising edge-triggered cell FDCE clocked by sys_clk  {rise@0.000ns fall@5.000ns period=10.000ns})
  Destination:            helper_out[104]
                            (output port)
  Path Group:             (none)
  Path Type:              Max at Slow Process Corner
  Data Path Delay:        1.491ns  (logic 0.518ns (34.742%)  route 0.973ns (65.258%))
  Logic Levels:           0
  Clock Uncertainty:      0.025ns  ((TSJ^2 + TIJ^2)^1/2 + DJ) / 2 + PE
    Total System Jitter     (TSJ):    0.050ns
    Total Input Jitter      (TIJ):    0.000ns
    Discrete Jitter          (DJ):    0.000ns
    Phase Error              (PE):    0.000ns

    Location             Delay type                Incr(ns)  Path(ns)    Netlist Resource(s)
  -------------------------------------------------------------------    -------------------
                         (clock sys_clk rise edge)    0.000     0.000 r
                                                      0.000     0.000 r  clk (IN)
                         net (fo=19601, unset)        0.973     0.973    u_fe/clk
    SLICE_X46Y25         FDCE                                         r  u_fe/helper_out_reg[104]/C
  -------------------------------------------------------------------    -------------------
    SLICE_X46Y25         FDCE (Prop_fdce_C_Q)         0.518     1.491 r  u_fe/helper_out_reg[104]/Q
                         net (fo=0)                   0.973     2.464    helper_out[104]
                                                                      r  helper_out[104] (OUT)
  -------------------------------------------------------------------    -------------------

Slack:                    inf
  Source:                 u_fe/helper_out_reg[107]/C
                            (rising edge-triggered cell FDCE clocked by sys_clk  {rise@0.000ns fall@5.000ns period=10.000ns})
  Destination:            helper_out[107]
                            (output port)
  Path Group:             (none)
  Path Type:              Max at Slow Process Corner
  Data Path Delay:        1.491ns  (logic 0.518ns (34.742%)  route 0.973ns (65.258%))
  Logic Levels:           0
  Clock Uncertainty:      0.025ns  ((TSJ^2 + TIJ^2)^1/2 + DJ) / 2 + PE
    Total System Jitter     (TSJ):    0.050ns
    Total Input Jitter      (TIJ):    0.000ns
    Discrete Jitter          (DJ):    0.000ns
    Phase Error              (PE):    0.000ns

    Location             Delay type                Incr(ns)  Path(ns)    Netlist Resource(s)
  -------------------------------------------------------------------    -------------------
                         (clock sys_clk rise edge)    0.000     0.000 r
                                                      0.000     0.000 r  clk (IN)
                         net (fo=19601, unset)        0.973     0.973    u_fe/clk
    SLICE_X34Y23         FDCE                                         r  u_fe/helper_out_reg[107]/C
  -------------------------------------------------------------------    -------------------
    SLICE_X34Y23         FDCE (Prop_fdce_C_Q)         0.518     1.491 r  u_fe/helper_out_reg[107]/Q
                         net (fo=0)                   0.973     2.464    helper_out[107]
                                                                      r  helper_out[107] (OUT)
  -------------------------------------------------------------------    -------------------

Slack:                    inf
  Source:                 u_fe/helper_out_reg[113]/C
                            (rising edge-triggered cell FDCE clocked by sys_clk  {rise@0.000ns fall@5.000ns period=10.000ns})
  Destination:            helper_out[113]
                            (output port)
  Path Group:             (none)
  Path Type:              Max at Slow Process Corner
  Data Path Delay:        1.491ns  (logic 0.518ns (34.742%)  route 0.973ns (65.258%))
  Logic Levels:           0
  Clock Uncertainty:      0.025ns  ((TSJ^2 + TIJ^2)^1/2 + DJ) / 2 + PE
    Total System Jitter     (TSJ):    0.050ns
    Total Input Jitter      (TIJ):    0.000ns
    Discrete Jitter          (DJ):    0.000ns
    Phase Error              (PE):    0.000ns

    Location             Delay type                Incr(ns)  Path(ns)    Netlist Resource(s)
  -------------------------------------------------------------------    -------------------
                         (clock sys_clk rise edge)    0.000     0.000 r
                                                      0.000     0.000 r  clk (IN)
                         net (fo=19601, unset)        0.973     0.973    u_fe/clk
    SLICE_X14Y25         FDCE                                         r  u_fe/helper_out_reg[113]/C
  -------------------------------------------------------------------    -------------------
    SLICE_X14Y25         FDCE (Prop_fdce_C_Q)         0.518     1.491 r  u_fe/helper_out_reg[113]/Q
                         net (fo=0)                   0.973     2.464    helper_out[113]
                                                                      r  helper_out[113] (OUT)
  -------------------------------------------------------------------    -------------------

Slack:                    inf
  Source:                 u_fe/helper_out_reg[117]/C
                            (rising edge-triggered cell FDCE clocked by sys_clk  {rise@0.000ns fall@5.000ns period=10.000ns})
  Destination:            helper_out[117]
                            (output port)
  Path Group:             (none)
  Path Type:              Max at Slow Process Corner
  Data Path Delay:        1.491ns  (logic 0.518ns (34.742%)  route 0.973ns (65.258%))
  Logic Levels:           0
  Clock Uncertainty:      0.025ns  ((TSJ^2 + TIJ^2)^1/2 + DJ) / 2 + PE
    Total System Jitter     (TSJ):    0.050ns
    Total Input Jitter      (TIJ):    0.000ns
    Discrete Jitter          (DJ):    0.000ns
    Phase Error              (PE):    0.000ns

    Location             Delay type                Incr(ns)  Path(ns)    Netlist Resource(s)
  -------------------------------------------------------------------    -------------------
                         (clock sys_clk rise edge)    0.000     0.000 r
                                                      0.000     0.000 r  clk (IN)
                         net (fo=19601, unset)        0.973     0.973    u_fe/clk
    SLICE_X30Y28         FDCE                                         r  u_fe/helper_out_reg[117]/C
  -------------------------------------------------------------------    -------------------
    SLICE_X30Y28         FDCE (Prop_fdce_C_Q)         0.518     1.491 r  u_fe/helper_out_reg[117]/Q
                         net (fo=0)                   0.973     2.464    helper_out[117]
                                                                      r  helper_out[117] (OUT)
  -------------------------------------------------------------------    -------------------

Slack:                    inf
  Source:                 u_fe/helper_out_reg[119]/C
                            (rising edge-triggered cell FDCE clocked by sys_clk  {rise@0.000ns fall@5.000ns period=10.000ns})
  Destination:            helper_out[119]
                            (output port)
  Path Group:             (none)
  Path Type:              Max at Slow Process Corner
  Data Path Delay:        1.491ns  (logic 0.518ns (34.742%)  route 0.973ns (65.258%))
  Logic Levels:           0
  Clock Uncertainty:      0.025ns  ((TSJ^2 + TIJ^2)^1/2 + DJ) / 2 + PE
    Total System Jitter     (TSJ):    0.050ns
    Total Input Jitter      (TIJ):    0.000ns
    Discrete Jitter          (DJ):    0.000ns
    Phase Error              (PE):    0.000ns

    Location             Delay type                Incr(ns)  Path(ns)    Netlist Resource(s)
  -------------------------------------------------------------------    -------------------
                         (clock sys_clk rise edge)    0.000     0.000 r
                                                      0.000     0.000 r  clk (IN)
                         net (fo=19601, unset)        0.973     0.973    u_fe/clk
    SLICE_X30Y28         FDCE                                         r  u_fe/helper_out_reg[119]/C
  -------------------------------------------------------------------    -------------------
    SLICE_X30Y28         FDCE (Prop_fdce_C_Q)         0.518     1.491 r  u_fe/helper_out_reg[119]/Q
                         net (fo=0)                   0.973     2.464    helper_out[119]
                                                                      r  helper_out[119] (OUT)
  -------------------------------------------------------------------    -------------------

Slack:                    inf
  Source:                 u_fe/helper_out_reg[120]/C
                            (rising edge-triggered cell FDCE clocked by sys_clk  {rise@0.000ns fall@5.000ns period=10.000ns})
  Destination:            helper_out[120]
                            (output port)
  Path Group:             (none)
  Path Type:              Max at Slow Process Corner
  Data Path Delay:        1.491ns  (logic 0.518ns (34.742%)  route 0.973ns (65.258%))
  Logic Levels:           0
  Clock Uncertainty:      0.025ns  ((TSJ^2 + TIJ^2)^1/2 + DJ) / 2 + PE
    Total System Jitter     (TSJ):    0.050ns
    Total Input Jitter      (TIJ):    0.000ns
    Discrete Jitter          (DJ):    0.000ns
    Phase Error              (PE):    0.000ns

    Location             Delay type                Incr(ns)  Path(ns)    Netlist Resource(s)
  -------------------------------------------------------------------    -------------------
                         (clock sys_clk rise edge)    0.000     0.000 r
                                                      0.000     0.000 r  clk (IN)
                         net (fo=19601, unset)        0.973     0.973    u_fe/clk
    SLICE_X38Y31         FDCE                                         r  u_fe/helper_out_reg[120]/C
  -------------------------------------------------------------------    -------------------
    SLICE_X38Y31         FDCE (Prop_fdce_C_Q)         0.518     1.491 r  u_fe/helper_out_reg[120]/Q
                         net (fo=0)                   0.973     2.464    helper_out[120]
                                                                      r  helper_out[120] (OUT)
  -------------------------------------------------------------------    -------------------





Min Delay Paths
--------------------------------------------------------------------------------------
Slack:                    inf
  Source:                 u_edge/u_server/K_reg[184]/C
                            (rising edge-triggered cell FDRE clocked by sys_clk  {rise@0.000ns fall@5.000ns period=10.000ns})
  Destination:            shared_secret[184]
                            (output port)
  Path Group:             (none)
  Path Type:              Min at Fast Process Corner
  Data Path Delay:        0.538ns  (logic 0.128ns (23.786%)  route 0.410ns (76.214%))
  Logic Levels:           0
  Clock Uncertainty:      0.025ns  ((TSJ^2 + TIJ^2)^1/2 + DJ) / 2 + PE
    Total System Jitter     (TSJ):    0.050ns
    Total Input Jitter      (TIJ):    0.000ns
    Discrete Jitter          (DJ):    0.000ns
    Phase Error              (PE):    0.000ns

    Location             Delay type                Incr(ns)  Path(ns)    Netlist Resource(s)
  -------------------------------------------------------------------    -------------------
                         (clock sys_clk rise edge)    0.000     0.000 r
                                                      0.000     0.000 r  clk (IN)
                         net (fo=19601, unset)        0.410     0.410    u_edge/u_server/clk
    SLICE_X58Y69         FDRE                                         r  u_edge/u_server/K_reg[184]/C
  -------------------------------------------------------------------    -------------------
    SLICE_X58Y69         FDRE (Prop_fdre_C_Q)         0.128     0.538 r  u_edge/u_server/K_reg[184]/Q
                         net (fo=1, unset)            0.410     0.948    shared_secret[184]
                                                                      r  shared_secret[184] (OUT)
  -------------------------------------------------------------------    -------------------

Slack:                    inf
  Source:                 u_edge/u_server/K_reg[200]/C
                            (rising edge-triggered cell FDRE clocked by sys_clk  {rise@0.000ns fall@5.000ns period=10.000ns})
  Destination:            shared_secret[200]
                            (output port)
  Path Group:             (none)
  Path Type:              Min at Fast Process Corner
  Data Path Delay:        0.538ns  (logic 0.128ns (23.786%)  route 0.410ns (76.214%))
  Logic Levels:           0
  Clock Uncertainty:      0.025ns  ((TSJ^2 + TIJ^2)^1/2 + DJ) / 2 + PE
    Total System Jitter     (TSJ):    0.050ns
    Total Input Jitter      (TIJ):    0.000ns
    Discrete Jitter          (DJ):    0.000ns
    Phase Error              (PE):    0.000ns

    Location             Delay type                Incr(ns)  Path(ns)    Netlist Resource(s)
  -------------------------------------------------------------------    -------------------
                         (clock sys_clk rise edge)    0.000     0.000 r
                                                      0.000     0.000 r  clk (IN)
                         net (fo=19601, unset)        0.410     0.410    u_edge/u_server/clk
    SLICE_X58Y69         FDRE                                         r  u_edge/u_server/K_reg[200]/C
  -------------------------------------------------------------------    -------------------
    SLICE_X58Y69         FDRE (Prop_fdre_C_Q)         0.128     0.538 r  u_edge/u_server/K_reg[200]/Q
                         net (fo=1, unset)            0.410     0.948    shared_secret[200]
                                                                      r  shared_secret[200] (OUT)
  -------------------------------------------------------------------    -------------------

Slack:                    inf
  Source:                 u_edge/u_server/K_reg[203]/C
                            (rising edge-triggered cell FDRE clocked by sys_clk  {rise@0.000ns fall@5.000ns period=10.000ns})
  Destination:            shared_secret[203]
                            (output port)
  Path Group:             (none)
  Path Type:              Min at Fast Process Corner
  Data Path Delay:        0.538ns  (logic 0.128ns (23.786%)  route 0.410ns (76.214%))
  Logic Levels:           0
  Clock Uncertainty:      0.025ns  ((TSJ^2 + TIJ^2)^1/2 + DJ) / 2 + PE
    Total System Jitter     (TSJ):    0.050ns
    Total Input Jitter      (TIJ):    0.000ns
    Discrete Jitter          (DJ):    0.000ns
    Phase Error              (PE):    0.000ns

    Location             Delay type                Incr(ns)  Path(ns)    Netlist Resource(s)
  -------------------------------------------------------------------    -------------------
                         (clock sys_clk rise edge)    0.000     0.000 r
                                                      0.000     0.000 r  clk (IN)
                         net (fo=19601, unset)        0.410     0.410    u_edge/u_server/clk
    SLICE_X43Y80         FDRE                                         r  u_edge/u_server/K_reg[203]/C
  -------------------------------------------------------------------    -------------------
    SLICE_X43Y80         FDRE (Prop_fdre_C_Q)         0.128     0.538 r  u_edge/u_server/K_reg[203]/Q
                         net (fo=1, unset)            0.410     0.948    shared_secret[203]
                                                                      r  shared_secret[203] (OUT)
  -------------------------------------------------------------------    -------------------

Slack:                    inf
  Source:                 u_edge/u_server/K_reg[209]/C
                            (rising edge-triggered cell FDRE clocked by sys_clk  {rise@0.000ns fall@5.000ns period=10.000ns})
  Destination:            shared_secret[209]
                            (output port)
  Path Group:             (none)
  Path Type:              Min at Fast Process Corner
  Data Path Delay:        0.538ns  (logic 0.128ns (23.786%)  route 0.410ns (76.214%))
  Logic Levels:           0
  Clock Uncertainty:      0.025ns  ((TSJ^2 + TIJ^2)^1/2 + DJ) / 2 + PE
    Total System Jitter     (TSJ):    0.050ns
    Total Input Jitter      (TIJ):    0.000ns
    Discrete Jitter          (DJ):    0.000ns
    Phase Error              (PE):    0.000ns

    Location             Delay type                Incr(ns)  Path(ns)    Netlist Resource(s)
  -------------------------------------------------------------------    -------------------
                         (clock sys_clk rise edge)    0.000     0.000 r
                                                      0.000     0.000 r  clk (IN)
                         net (fo=19601, unset)        0.410     0.410    u_edge/u_server/clk
    SLICE_X44Y76         FDRE                                         r  u_edge/u_server/K_reg[209]/C
  -------------------------------------------------------------------    -------------------
    SLICE_X44Y76         FDRE (Prop_fdre_C_Q)         0.128     0.538 r  u_edge/u_server/K_reg[209]/Q
                         net (fo=1, unset)            0.410     0.948    shared_secret[209]
                                                                      r  shared_secret[209] (OUT)
  -------------------------------------------------------------------    -------------------

Slack:                    inf
  Source:                 u_edge/u_server/K_reg[215]/C
                            (rising edge-triggered cell FDRE clocked by sys_clk  {rise@0.000ns fall@5.000ns period=10.000ns})
  Destination:            shared_secret[215]
                            (output port)
  Path Group:             (none)
  Path Type:              Min at Fast Process Corner
  Data Path Delay:        0.538ns  (logic 0.128ns (23.786%)  route 0.410ns (76.214%))
  Logic Levels:           0
  Clock Uncertainty:      0.025ns  ((TSJ^2 + TIJ^2)^1/2 + DJ) / 2 + PE
    Total System Jitter     (TSJ):    0.050ns
    Total Input Jitter      (TIJ):    0.000ns
    Discrete Jitter          (DJ):    0.000ns
    Phase Error              (PE):    0.000ns

    Location             Delay type                Incr(ns)  Path(ns)    Netlist Resource(s)
  -------------------------------------------------------------------    -------------------
                         (clock sys_clk rise edge)    0.000     0.000 r
                                                      0.000     0.000 r  clk (IN)
                         net (fo=19601, unset)        0.410     0.410    u_edge/u_server/clk
    SLICE_X47Y79         FDRE                                         r  u_edge/u_server/K_reg[215]/C
  -------------------------------------------------------------------    -------------------
    SLICE_X47Y79         FDRE (Prop_fdre_C_Q)         0.128     0.538 r  u_edge/u_server/K_reg[215]/Q
                         net (fo=1, unset)            0.410     0.948    shared_secret[215]
                                                                      r  shared_secret[215] (OUT)
  -------------------------------------------------------------------    -------------------

Slack:                    inf
  Source:                 u_edge/u_server/K_reg[216]/C
                            (rising edge-triggered cell FDRE clocked by sys_clk  {rise@0.000ns fall@5.000ns period=10.000ns})
  Destination:            shared_secret[216]
                            (output port)
  Path Group:             (none)
  Path Type:              Min at Fast Process Corner
  Data Path Delay:        0.538ns  (logic 0.128ns (23.786%)  route 0.410ns (76.214%))
  Logic Levels:           0
  Clock Uncertainty:      0.025ns  ((TSJ^2 + TIJ^2)^1/2 + DJ) / 2 + PE
    Total System Jitter     (TSJ):    0.050ns
    Total Input Jitter      (TIJ):    0.000ns
    Discrete Jitter          (DJ):    0.000ns
    Phase Error              (PE):    0.000ns

    Location             Delay type                Incr(ns)  Path(ns)    Netlist Resource(s)
  -------------------------------------------------------------------    -------------------
                         (clock sys_clk rise edge)    0.000     0.000 r
                                                      0.000     0.000 r  clk (IN)
                         net (fo=19601, unset)        0.410     0.410    u_edge/u_server/clk
    SLICE_X58Y69         FDRE                                         r  u_edge/u_server/K_reg[216]/C
  -------------------------------------------------------------------    -------------------
    SLICE_X58Y69         FDRE (Prop_fdre_C_Q)         0.128     0.538 r  u_edge/u_server/K_reg[216]/Q
                         net (fo=1, unset)            0.410     0.948    shared_secret[216]
                                                                      r  shared_secret[216] (OUT)
  -------------------------------------------------------------------    -------------------

Slack:                    inf
  Source:                 u_edge/u_server/K_reg[218]/C
                            (rising edge-triggered cell FDRE clocked by sys_clk  {rise@0.000ns fall@5.000ns period=10.000ns})
  Destination:            shared_secret[218]
                            (output port)
  Path Group:             (none)
  Path Type:              Min at Fast Process Corner
  Data Path Delay:        0.538ns  (logic 0.128ns (23.786%)  route 0.410ns (76.214%))
  Logic Levels:           0
  Clock Uncertainty:      0.025ns  ((TSJ^2 + TIJ^2)^1/2 + DJ) / 2 + PE
    Total System Jitter     (TSJ):    0.050ns
    Total Input Jitter      (TIJ):    0.000ns
    Discrete Jitter          (DJ):    0.000ns
    Phase Error              (PE):    0.000ns

    Location             Delay type                Incr(ns)  Path(ns)    Netlist Resource(s)
  -------------------------------------------------------------------    -------------------
                         (clock sys_clk rise edge)    0.000     0.000 r
                                                      0.000     0.000 r  clk (IN)
                         net (fo=19601, unset)        0.410     0.410    u_edge/u_server/clk
    SLICE_X43Y80         FDRE                                         r  u_edge/u_server/K_reg[218]/C
  -------------------------------------------------------------------    -------------------
    SLICE_X43Y80         FDRE (Prop_fdre_C_Q)         0.128     0.538 r  u_edge/u_server/K_reg[218]/Q
                         net (fo=1, unset)            0.410     0.948    shared_secret[218]
                                                                      r  shared_secret[218] (OUT)
  -------------------------------------------------------------------    -------------------

Slack:                    inf
  Source:                 u_edge/u_server/K_reg[29]/C
                            (rising edge-triggered cell FDRE clocked by sys_clk  {rise@0.000ns fall@5.000ns period=10.000ns})
  Destination:            shared_secret[29]
                            (output port)
  Path Group:             (none)
  Path Type:              Min at Fast Process Corner
  Data Path Delay:        0.538ns  (logic 0.128ns (23.786%)  route 0.410ns (76.214%))
  Logic Levels:           0
  Clock Uncertainty:      0.025ns  ((TSJ^2 + TIJ^2)^1/2 + DJ) / 2 + PE
    Total System Jitter     (TSJ):    0.050ns
    Total Input Jitter      (TIJ):    0.000ns
    Discrete Jitter          (DJ):    0.000ns
    Phase Error              (PE):    0.000ns

    Location             Delay type                Incr(ns)  Path(ns)    Netlist Resource(s)
  -------------------------------------------------------------------    -------------------
                         (clock sys_clk rise edge)    0.000     0.000 r
                                                      0.000     0.000 r  clk (IN)
                         net (fo=19601, unset)        0.410     0.410    u_edge/u_server/clk
    SLICE_X48Y75         FDRE                                         r  u_edge/u_server/K_reg[29]/C
  -------------------------------------------------------------------    -------------------
    SLICE_X48Y75         FDRE (Prop_fdre_C_Q)         0.128     0.538 r  u_edge/u_server/K_reg[29]/Q
                         net (fo=2, unset)            0.410     0.948    shared_secret[29]
                                                                      r  shared_secret[29] (OUT)
  -------------------------------------------------------------------    -------------------

Slack:                    inf
  Source:                 u_edge/u_server/K_reg[37]/C
                            (rising edge-triggered cell FDRE clocked by sys_clk  {rise@0.000ns fall@5.000ns period=10.000ns})
  Destination:            shared_secret[37]
                            (output port)
  Path Group:             (none)
  Path Type:              Min at Fast Process Corner
  Data Path Delay:        0.538ns  (logic 0.128ns (23.786%)  route 0.410ns (76.214%))
  Logic Levels:           0
  Clock Uncertainty:      0.025ns  ((TSJ^2 + TIJ^2)^1/2 + DJ) / 2 + PE
    Total System Jitter     (TSJ):    0.050ns
    Total Input Jitter      (TIJ):    0.000ns
    Discrete Jitter          (DJ):    0.000ns
    Phase Error              (PE):    0.000ns

    Location             Delay type                Incr(ns)  Path(ns)    Netlist Resource(s)
  -------------------------------------------------------------------    -------------------
                         (clock sys_clk rise edge)    0.000     0.000 r
                                                      0.000     0.000 r  clk (IN)
                         net (fo=19601, unset)        0.410     0.410    u_edge/u_server/clk
    SLICE_X36Y79         FDRE                                         r  u_edge/u_server/K_reg[37]/C
  -------------------------------------------------------------------    -------------------
    SLICE_X36Y79         FDRE (Prop_fdre_C_Q)         0.128     0.538 r  u_edge/u_server/K_reg[37]/Q
                         net (fo=1, unset)            0.410     0.948    shared_secret[37]
                                                                      r  shared_secret[37] (OUT)
  -------------------------------------------------------------------    -------------------

Slack:                    inf
  Source:                 u_edge/u_server/K_reg[43]/C
                            (rising edge-triggered cell FDRE clocked by sys_clk  {rise@0.000ns fall@5.000ns period=10.000ns})
  Destination:            shared_secret[43]
                            (output port)
  Path Group:             (none)
  Path Type:              Min at Fast Process Corner
  Data Path Delay:        0.538ns  (logic 0.128ns (23.786%)  route 0.410ns (76.214%))
  Logic Levels:           0
  Clock Uncertainty:      0.025ns  ((TSJ^2 + TIJ^2)^1/2 + DJ) / 2 + PE
    Total System Jitter     (TSJ):    0.050ns
    Total Input Jitter      (TIJ):    0.000ns
    Discrete Jitter          (DJ):    0.000ns
    Phase Error              (PE):    0.000ns

    Location             Delay type                Incr(ns)  Path(ns)    Netlist Resource(s)
  -------------------------------------------------------------------    -------------------
                         (clock sys_clk rise edge)    0.000     0.000 r
                                                      0.000     0.000 r  clk (IN)
                         net (fo=19601, unset)        0.410     0.410    u_edge/u_server/clk
    SLICE_X43Y80         FDRE                                         r  u_edge/u_server/K_reg[43]/C
  -------------------------------------------------------------------    -------------------
    SLICE_X43Y80         FDRE (Prop_fdre_C_Q)         0.128     0.538 r  u_edge/u_server/K_reg[43]/Q
                         net (fo=1, unset)            0.410     0.948    shared_secret[43]
                                                                      r  shared_secret[43] (OUT)
  -------------------------------------------------------------------    -------------------

Slack:                    inf
  Source:                 u_edge/u_server/K_reg[46]/C
                            (rising edge-triggered cell FDRE clocked by sys_clk  {rise@0.000ns fall@5.000ns period=10.000ns})
  Destination:            shared_secret[46]
                            (output port)
  Path Group:             (none)
  Path Type:              Min at Fast Process Corner
  Data Path Delay:        0.538ns  (logic 0.128ns (23.786%)  route 0.410ns (76.214%))
  Logic Levels:           0
  Clock Uncertainty:      0.025ns  ((TSJ^2 + TIJ^2)^1/2 + DJ) / 2 + PE
    Total System Jitter     (TSJ):    0.050ns
    Total Input Jitter      (TIJ):    0.000ns
    Discrete Jitter          (DJ):    0.000ns
    Phase Error              (PE):    0.000ns

    Location             Delay type                Incr(ns)  Path(ns)    Netlist Resource(s)
  -------------------------------------------------------------------    -------------------
                         (clock sys_clk rise edge)    0.000     0.000 r
                                                      0.000     0.000 r  clk (IN)
                         net (fo=19601, unset)        0.410     0.410    u_edge/u_server/clk
    SLICE_X45Y80         FDRE                                         r  u_edge/u_server/K_reg[46]/C
  -------------------------------------------------------------------    -------------------
    SLICE_X45Y80         FDRE (Prop_fdre_C_Q)         0.128     0.538 r  u_edge/u_server/K_reg[46]/Q
                         net (fo=1, unset)            0.410     0.948    shared_secret[46]
                                                                      r  shared_secret[46] (OUT)
  -------------------------------------------------------------------    -------------------

Slack:                    inf
  Source:                 u_edge/u_server/K_reg[49]/C
                            (rising edge-triggered cell FDRE clocked by sys_clk  {rise@0.000ns fall@5.000ns period=10.000ns})
  Destination:            shared_secret[49]
                            (output port)
  Path Group:             (none)
  Path Type:              Min at Fast Process Corner
  Data Path Delay:        0.538ns  (logic 0.128ns (23.786%)  route 0.410ns (76.214%))
  Logic Levels:           0
  Clock Uncertainty:      0.025ns  ((TSJ^2 + TIJ^2)^1/2 + DJ) / 2 + PE
    Total System Jitter     (TSJ):    0.050ns
    Total Input Jitter      (TIJ):    0.000ns
    Discrete Jitter          (DJ):    0.000ns
    Phase Error              (PE):    0.000ns

    Location             Delay type                Incr(ns)  Path(ns)    Netlist Resource(s)
  -------------------------------------------------------------------    -------------------
                         (clock sys_clk rise edge)    0.000     0.000 r
                                                      0.000     0.000 r  clk (IN)
                         net (fo=19601, unset)        0.410     0.410    u_edge/u_server/clk
    SLICE_X44Y76         FDRE                                         r  u_edge/u_server/K_reg[49]/C
  -------------------------------------------------------------------    -------------------
    SLICE_X44Y76         FDRE (Prop_fdre_C_Q)         0.128     0.538 r  u_edge/u_server/K_reg[49]/Q
                         net (fo=1, unset)            0.410     0.948    shared_secret[49]
                                                                      r  shared_secret[49] (OUT)
  -------------------------------------------------------------------    -------------------

Slack:                    inf
  Source:                 u_edge/u_server/K_reg[52]/C
                            (rising edge-triggered cell FDRE clocked by sys_clk  {rise@0.000ns fall@5.000ns period=10.000ns})
  Destination:            shared_secret[52]
                            (output port)
  Path Group:             (none)
  Path Type:              Min at Fast Process Corner
  Data Path Delay:        0.538ns  (logic 0.128ns (23.786%)  route 0.410ns (76.214%))
  Logic Levels:           0
  Clock Uncertainty:      0.025ns  ((TSJ^2 + TIJ^2)^1/2 + DJ) / 2 + PE
    Total System Jitter     (TSJ):    0.050ns
    Total Input Jitter      (TIJ):    0.000ns
    Discrete Jitter          (DJ):    0.000ns
    Phase Error              (PE):    0.000ns

    Location             Delay type                Incr(ns)  Path(ns)    Netlist Resource(s)
  -------------------------------------------------------------------    -------------------
                         (clock sys_clk rise edge)    0.000     0.000 r
                                                      0.000     0.000 r  clk (IN)
                         net (fo=19601, unset)        0.410     0.410    u_edge/u_server/clk
    SLICE_X39Y80         FDRE                                         r  u_edge/u_server/K_reg[52]/C
  -------------------------------------------------------------------    -------------------
    SLICE_X39Y80         FDRE (Prop_fdre_C_Q)         0.128     0.538 r  u_edge/u_server/K_reg[52]/Q
                         net (fo=1, unset)            0.410     0.948    shared_secret[52]
                                                                      r  shared_secret[52] (OUT)
  -------------------------------------------------------------------    -------------------

Slack:                    inf
  Source:                 u_edge/u_server/K_reg[54]/C
                            (rising edge-triggered cell FDRE clocked by sys_clk  {rise@0.000ns fall@5.000ns period=10.000ns})
  Destination:            shared_secret[54]
                            (output port)
  Path Group:             (none)
  Path Type:              Min at Fast Process Corner
  Data Path Delay:        0.538ns  (logic 0.128ns (23.786%)  route 0.410ns (76.214%))
  Logic Levels:           0
  Clock Uncertainty:      0.025ns  ((TSJ^2 + TIJ^2)^1/2 + DJ) / 2 + PE
    Total System Jitter     (TSJ):    0.050ns
    Total Input Jitter      (TIJ):    0.000ns
    Discrete Jitter          (DJ):    0.000ns
    Phase Error              (PE):    0.000ns

    Location             Delay type                Incr(ns)  Path(ns)    Netlist Resource(s)
  -------------------------------------------------------------------    -------------------
                         (clock sys_clk rise edge)    0.000     0.000 r
                                                      0.000     0.000 r  clk (IN)
                         net (fo=19601, unset)        0.410     0.410    u_edge/u_server/clk
    SLICE_X40Y76         FDRE                                         r  u_edge/u_server/K_reg[54]/C
  -------------------------------------------------------------------    -------------------
    SLICE_X40Y76         FDRE (Prop_fdre_C_Q)         0.128     0.538 r  u_edge/u_server/K_reg[54]/Q
                         net (fo=1, unset)            0.410     0.948    shared_secret[54]
                                                                      r  shared_secret[54] (OUT)
  -------------------------------------------------------------------    -------------------

Slack:                    inf
  Source:                 u_edge/u_server/K_reg[55]/C
                            (rising edge-triggered cell FDRE clocked by sys_clk  {rise@0.000ns fall@5.000ns period=10.000ns})
  Destination:            shared_secret[55]
                            (output port)
  Path Group:             (none)
  Path Type:              Min at Fast Process Corner
  Data Path Delay:        0.538ns  (logic 0.128ns (23.786%)  route 0.410ns (76.214%))
  Logic Levels:           0
  Clock Uncertainty:      0.025ns  ((TSJ^2 + TIJ^2)^1/2 + DJ) / 2 + PE
    Total System Jitter     (TSJ):    0.050ns
    Total Input Jitter      (TIJ):    0.000ns
    Discrete Jitter          (DJ):    0.000ns
    Phase Error              (PE):    0.000ns

    Location             Delay type                Incr(ns)  Path(ns)    Netlist Resource(s)
  -------------------------------------------------------------------    -------------------
                         (clock sys_clk rise edge)    0.000     0.000 r
                                                      0.000     0.000 r  clk (IN)
                         net (fo=19601, unset)        0.410     0.410    u_edge/u_server/clk
    SLICE_X47Y79         FDRE                                         r  u_edge/u_server/K_reg[55]/C
  -------------------------------------------------------------------    -------------------
    SLICE_X47Y79         FDRE (Prop_fdre_C_Q)         0.128     0.538 r  u_edge/u_server/K_reg[55]/Q
                         net (fo=1, unset)            0.410     0.948    shared_secret[55]
                                                                      r  shared_secret[55] (OUT)
  -------------------------------------------------------------------    -------------------

Slack:                    inf
  Source:                 u_edge/u_server/K_reg[56]/C
                            (rising edge-triggered cell FDRE clocked by sys_clk  {rise@0.000ns fall@5.000ns period=10.000ns})
  Destination:            shared_secret[56]
                            (output port)
  Path Group:             (none)
  Path Type:              Min at Fast Process Corner
  Data Path Delay:        0.538ns  (logic 0.128ns (23.786%)  route 0.410ns (76.214%))
  Logic Levels:           0
  Clock Uncertainty:      0.025ns  ((TSJ^2 + TIJ^2)^1/2 + DJ) / 2 + PE
    Total System Jitter     (TSJ):    0.050ns
    Total Input Jitter      (TIJ):    0.000ns
    Discrete Jitter          (DJ):    0.000ns
    Phase Error              (PE):    0.000ns

    Location             Delay type                Incr(ns)  Path(ns)    Netlist Resource(s)
  -------------------------------------------------------------------    -------------------
                         (clock sys_clk rise edge)    0.000     0.000 r
                                                      0.000     0.000 r  clk (IN)
                         net (fo=19601, unset)        0.410     0.410    u_edge/u_server/clk
    SLICE_X57Y70         FDRE                                         r  u_edge/u_server/K_reg[56]/C
  -------------------------------------------------------------------    -------------------
    SLICE_X57Y70         FDRE (Prop_fdre_C_Q)         0.128     0.538 r  u_edge/u_server/K_reg[56]/Q
                         net (fo=1, unset)            0.410     0.948    shared_secret[56]
                                                                      r  shared_secret[56] (OUT)
  -------------------------------------------------------------------    -------------------

Slack:                    inf
  Source:                 u_edge/u_server/K_reg[5]/C
                            (rising edge-triggered cell FDRE clocked by sys_clk  {rise@0.000ns fall@5.000ns period=10.000ns})
  Destination:            shared_secret[5]
                            (output port)
  Path Group:             (none)
  Path Type:              Min at Fast Process Corner
  Data Path Delay:        0.538ns  (logic 0.128ns (23.786%)  route 0.410ns (76.214%))
  Logic Levels:           0
  Clock Uncertainty:      0.025ns  ((TSJ^2 + TIJ^2)^1/2 + DJ) / 2 + PE
    Total System Jitter     (TSJ):    0.050ns
    Total Input Jitter      (TIJ):    0.000ns
    Discrete Jitter          (DJ):    0.000ns
    Phase Error              (PE):    0.000ns

    Location             Delay type                Incr(ns)  Path(ns)    Netlist Resource(s)
  -------------------------------------------------------------------    -------------------
                         (clock sys_clk rise edge)    0.000     0.000 r
                                                      0.000     0.000 r  clk (IN)
                         net (fo=19601, unset)        0.410     0.410    u_edge/u_server/clk
    SLICE_X36Y79         FDRE                                         r  u_edge/u_server/K_reg[5]/C
  -------------------------------------------------------------------    -------------------
    SLICE_X36Y79         FDRE (Prop_fdre_C_Q)         0.128     0.538 r  u_edge/u_server/K_reg[5]/Q
                         net (fo=2, unset)            0.410     0.948    shared_secret[5]
                                                                      r  shared_secret[5] (OUT)
  -------------------------------------------------------------------    -------------------

Slack:                    inf
  Source:                 u_edge/u_server/K_reg[61]/C
                            (rising edge-triggered cell FDRE clocked by sys_clk  {rise@0.000ns fall@5.000ns period=10.000ns})
  Destination:            shared_secret[61]
                            (output port)
  Path Group:             (none)
  Path Type:              Min at Fast Process Corner
  Data Path Delay:        0.538ns  (logic 0.128ns (23.786%)  route 0.410ns (76.214%))
  Logic Levels:           0
  Clock Uncertainty:      0.025ns  ((TSJ^2 + TIJ^2)^1/2 + DJ) / 2 + PE
    Total System Jitter     (TSJ):    0.050ns
    Total Input Jitter      (TIJ):    0.000ns
    Discrete Jitter          (DJ):    0.000ns
    Phase Error              (PE):    0.000ns

    Location             Delay type                Incr(ns)  Path(ns)    Netlist Resource(s)
  -------------------------------------------------------------------    -------------------
                         (clock sys_clk rise edge)    0.000     0.000 r
                                                      0.000     0.000 r  clk (IN)
                         net (fo=19601, unset)        0.410     0.410    u_edge/u_server/clk
    SLICE_X48Y78         FDRE                                         r  u_edge/u_server/K_reg[61]/C
  -------------------------------------------------------------------    -------------------
    SLICE_X48Y78         FDRE (Prop_fdre_C_Q)         0.128     0.538 r  u_edge/u_server/K_reg[61]/Q
                         net (fo=1, unset)            0.410     0.948    shared_secret[61]
                                                                      r  shared_secret[61] (OUT)
  -------------------------------------------------------------------    -------------------

Slack:                    inf
  Source:                 u_edge/u_server/K_reg[63]/C
                            (rising edge-triggered cell FDRE clocked by sys_clk  {rise@0.000ns fall@5.000ns period=10.000ns})
  Destination:            shared_secret[63]
                            (output port)
  Path Group:             (none)
  Path Type:              Min at Fast Process Corner
  Data Path Delay:        0.538ns  (logic 0.128ns (23.786%)  route 0.410ns (76.214%))
  Logic Levels:           0
  Clock Uncertainty:      0.025ns  ((TSJ^2 + TIJ^2)^1/2 + DJ) / 2 + PE
    Total System Jitter     (TSJ):    0.050ns
    Total Input Jitter      (TIJ):    0.000ns
    Discrete Jitter          (DJ):    0.000ns
    Phase Error              (PE):    0.000ns

    Location             Delay type                Incr(ns)  Path(ns)    Netlist Resource(s)
  -------------------------------------------------------------------    -------------------
                         (clock sys_clk rise edge)    0.000     0.000 r
                                                      0.000     0.000 r  clk (IN)
                         net (fo=19601, unset)        0.410     0.410    u_edge/u_server/clk
    SLICE_X47Y77         FDRE                                         r  u_edge/u_server/K_reg[63]/C
  -------------------------------------------------------------------    -------------------
    SLICE_X47Y77         FDRE (Prop_fdre_C_Q)         0.128     0.538 r  u_edge/u_server/K_reg[63]/Q
                         net (fo=1, unset)            0.410     0.948    shared_secret[63]
                                                                      r  shared_secret[63] (OUT)
  -------------------------------------------------------------------    -------------------

Slack:                    inf
  Source:                 u_edge/u_server/K_reg[65]/C
                            (rising edge-triggered cell FDRE clocked by sys_clk  {rise@0.000ns fall@5.000ns period=10.000ns})
  Destination:            shared_secret[65]
                            (output port)
  Path Group:             (none)
  Path Type:              Min at Fast Process Corner
  Data Path Delay:        0.538ns  (logic 0.128ns (23.786%)  route 0.410ns (76.214%))
  Logic Levels:           0
  Clock Uncertainty:      0.025ns  ((TSJ^2 + TIJ^2)^1/2 + DJ) / 2 + PE
    Total System Jitter     (TSJ):    0.050ns
    Total Input Jitter      (TIJ):    0.000ns
    Discrete Jitter          (DJ):    0.000ns
    Phase Error              (PE):    0.000ns

    Location             Delay type                Incr(ns)  Path(ns)    Netlist Resource(s)
  -------------------------------------------------------------------    -------------------
                         (clock sys_clk rise edge)    0.000     0.000 r
                                                      0.000     0.000 r  clk (IN)
                         net (fo=19601, unset)        0.410     0.410    u_edge/u_server/clk
    SLICE_X49Y74         FDRE                                         r  u_edge/u_server/K_reg[65]/C
  -------------------------------------------------------------------    -------------------
    SLICE_X49Y74         FDRE (Prop_fdre_C_Q)         0.128     0.538 r  u_edge/u_server/K_reg[65]/Q
                         net (fo=1, unset)            0.410     0.948    shared_secret[65]
                                                                      r  shared_secret[65] (OUT)
  -------------------------------------------------------------------    -------------------





--------------------------------------------------------------------------------------
Path Group:  (none)
From Clock:
  To Clock:  sys_clk

Max Delay         32451 Endpoints
Min Delay         32451 Endpoints
--------------------------------------------------------------------------------------


Max Delay Paths
--------------------------------------------------------------------------------------
Slack:                    inf
  Source:                 rst_n
                            (input port)
  Destination:            u_fe/key_reg_reg[82]/CLR
                            (recovery check against rising-edge clock sys_clk  {rise@0.000ns fall@5.000ns period=10.000ns})
  Path Group:             (none)
  Path Type:              Recovery (Max at Slow Process Corner)
  Data Path Delay:        13.224ns  (logic 0.117ns (0.885%)  route 13.107ns (99.115%))
  Logic Levels:           1  (LUT1=1)
  Clock Path Skew:        0.924ns (DCD - SCD + CPR)
    Destination Clock Delay (DCD):    0.924ns
    Source Clock Delay      (SCD):    0.000ns
    Clock Pessimism Removal (CPR):    0.000ns

    Location             Delay type                Incr(ns)  Path(ns)    Netlist Resource(s)
  -------------------------------------------------------------------    -------------------
                                                      0.000     0.000 r  rst_n (IN)
                         net (fo=13, unset)           0.973     0.973    u_edge/u_control/rst_n
    SLICE_X50Y64         LUT1 (Prop_lut1_I0_O)        0.117     1.090 f  u_edge/u_control/helper_out[263]_i_3/O
                         net (fo=2512, routed)       12.134    13.224    u_fe/r_reg_reg[0]_0
    SLICE_X32Y36         FDCE                                         f  u_fe/key_reg_reg[82]/CLR
  -------------------------------------------------------------------    -------------------

                         (clock sys_clk rise edge)    0.000     0.000 r
                                                      0.000     0.000 r  clk (IN)
                         net (fo=19601, unset)        0.924     0.924    u_fe/clk
    SLICE_X32Y36         FDCE                                         r  u_fe/key_reg_reg[82]/C

Slack:                    inf
  Source:                 rst_n
                            (input port)
  Destination:            u_fe/key_reg_reg[90]/CLR
                            (recovery check against rising-edge clock sys_clk  {rise@0.000ns fall@5.000ns period=10.000ns})
  Path Group:             (none)
  Path Type:              Recovery (Max at Slow Process Corner)
  Data Path Delay:        13.224ns  (logic 0.117ns (0.885%)  route 13.107ns (99.115%))
  Logic Levels:           1  (LUT1=1)
  Clock Path Skew:        0.924ns (DCD - SCD + CPR)
    Destination Clock Delay (DCD):    0.924ns
    Source Clock Delay      (SCD):    0.000ns
    Clock Pessimism Removal (CPR):    0.000ns

    Location             Delay type                Incr(ns)  Path(ns)    Netlist Resource(s)
  -------------------------------------------------------------------    -------------------
                                                      0.000     0.000 r  rst_n (IN)
                         net (fo=13, unset)           0.973     0.973    u_edge/u_control/rst_n
    SLICE_X50Y64         LUT1 (Prop_lut1_I0_O)        0.117     1.090 f  u_edge/u_control/helper_out[263]_i_3/O
                         net (fo=2512, routed)       12.134    13.224    u_fe/r_reg_reg[0]_0
    SLICE_X32Y36         FDCE                                         f  u_fe/key_reg_reg[90]/CLR
  -------------------------------------------------------------------    -------------------

                         (clock sys_clk rise edge)    0.000     0.000 r
                                                      0.000     0.000 r  clk (IN)
                         net (fo=19601, unset)        0.924     0.924    u_fe/clk
    SLICE_X32Y36         FDCE                                         r  u_fe/key_reg_reg[90]/C

Slack:                    inf
  Source:                 rst_n
                            (input port)
  Destination:            u_fe/r_reg_reg[175]/CLR
                            (recovery check against rising-edge clock sys_clk  {rise@0.000ns fall@5.000ns period=10.000ns})
  Path Group:             (none)
  Path Type:              Recovery (Max at Slow Process Corner)
  Data Path Delay:        13.221ns  (logic 0.117ns (0.885%)  route 13.104ns (99.115%))
  Logic Levels:           1  (LUT1=1)
  Clock Path Skew:        0.924ns (DCD - SCD + CPR)
    Destination Clock Delay (DCD):    0.924ns
    Source Clock Delay      (SCD):    0.000ns
    Clock Pessimism Removal (CPR):    0.000ns

    Location             Delay type                Incr(ns)  Path(ns)    Netlist Resource(s)
  -------------------------------------------------------------------    -------------------
                                                      0.000     0.000 r  rst_n (IN)
                         net (fo=13, unset)           0.973     0.973    u_edge/u_control/rst_n
    SLICE_X50Y64         LUT1 (Prop_lut1_I0_O)        0.117     1.090 f  u_edge/u_control/helper_out[263]_i_3/O
                         net (fo=2512, routed)       12.131    13.221    u_fe/r_reg_reg[0]_0
    SLICE_X28Y38         FDCE                                         f  u_fe/r_reg_reg[175]/CLR
  -------------------------------------------------------------------    -------------------

                         (clock sys_clk rise edge)    0.000     0.000 r
                                                      0.000     0.000 r  clk (IN)
                         net (fo=19601, unset)        0.924     0.924    u_fe/clk
    SLICE_X28Y38         FDCE                                         r  u_fe/r_reg_reg[175]/C

Slack:                    inf
  Source:                 rst_n
                            (input port)
  Destination:            u_fe/key_reg_reg[72]/CLR
                            (recovery check against rising-edge clock sys_clk  {rise@0.000ns fall@5.000ns period=10.000ns})
  Path Group:             (none)
  Path Type:              Recovery (Max at Slow Process Corner)
  Data Path Delay:        13.219ns  (logic 0.117ns (0.885%)  route 13.102ns (99.115%))
  Logic Levels:           1  (LUT1=1)
  Clock Path Skew:        0.924ns (DCD - SCD + CPR)
    Destination Clock Delay (DCD):    0.924ns
    Source Clock Delay      (SCD):    0.000ns
    Clock Pessimism Removal (CPR):    0.000ns

    Location             Delay type                Incr(ns)  Path(ns)    Netlist Resource(s)
  -------------------------------------------------------------------    -------------------
                                                      0.000     0.000 r  rst_n (IN)
                         net (fo=13, unset)           0.973     0.973    u_edge/u_control/rst_n
    SLICE_X50Y64         LUT1 (Prop_lut1_I0_O)        0.117     1.090 f  u_edge/u_control/helper_out[263]_i_3/O
                         net (fo=2512, routed)       12.129    13.219    u_fe/r_reg_reg[0]_0
    SLICE_X33Y36         FDCE                                         f  u_fe/key_reg_reg[72]/CLR
  -------------------------------------------------------------------    -------------------

                         (clock sys_clk rise edge)    0.000     0.000 r
                                                      0.000     0.000 r  clk (IN)
                         net (fo=19601, unset)        0.924     0.924    u_fe/clk
    SLICE_X33Y36         FDCE                                         r  u_fe/key_reg_reg[72]/C

Slack:                    inf
  Source:                 rst_n
                            (input port)
  Destination:            u_fe/key_reg_reg[83]/CLR
                            (recovery check against rising-edge clock sys_clk  {rise@0.000ns fall@5.000ns period=10.000ns})
  Path Group:             (none)
  Path Type:              Recovery (Max at Slow Process Corner)
  Data Path Delay:        13.219ns  (logic 0.117ns (0.885%)  route 13.102ns (99.115%))
  Logic Levels:           1  (LUT1=1)
  Clock Path Skew:        0.924ns (DCD - SCD + CPR)
    Destination Clock Delay (DCD):    0.924ns
    Source Clock Delay      (SCD):    0.000ns
    Clock Pessimism Removal (CPR):    0.000ns

    Location             Delay type                Incr(ns)  Path(ns)    Netlist Resource(s)
  -------------------------------------------------------------------    -------------------
                                                      0.000     0.000 r  rst_n (IN)
                         net (fo=13, unset)           0.973     0.973    u_edge/u_control/rst_n
    SLICE_X50Y64         LUT1 (Prop_lut1_I0_O)        0.117     1.090 f  u_edge/u_control/helper_out[263]_i_3/O
                         net (fo=2512, routed)       12.129    13.219    u_fe/r_reg_reg[0]_0
    SLICE_X33Y36         FDCE                                         f  u_fe/key_reg_reg[83]/CLR
  -------------------------------------------------------------------    -------------------

                         (clock sys_clk rise edge)    0.000     0.000 r
                                                      0.000     0.000 r  clk (IN)
                         net (fo=19601, unset)        0.924     0.924    u_fe/clk
    SLICE_X33Y36         FDCE                                         r  u_fe/key_reg_reg[83]/C

Slack:                    inf
  Source:                 rst_n
                            (input port)
  Destination:            u_fe/key_reg_reg[91]/CLR
                            (recovery check against rising-edge clock sys_clk  {rise@0.000ns fall@5.000ns period=10.000ns})
  Path Group:             (none)
  Path Type:              Recovery (Max at Slow Process Corner)
  Data Path Delay:        13.219ns  (logic 0.117ns (0.885%)  route 13.102ns (99.115%))
  Logic Levels:           1  (LUT1=1)
  Clock Path Skew:        0.924ns (DCD - SCD + CPR)
    Destination Clock Delay (DCD):    0.924ns
    Source Clock Delay      (SCD):    0.000ns
    Clock Pessimism Removal (CPR):    0.000ns

    Location             Delay type                Incr(ns)  Path(ns)    Netlist Resource(s)
  -------------------------------------------------------------------    -------------------
                                                      0.000     0.000 r  rst_n (IN)
                         net (fo=13, unset)           0.973     0.973    u_edge/u_control/rst_n
    SLICE_X50Y64         LUT1 (Prop_lut1_I0_O)        0.117     1.090 f  u_edge/u_control/helper_out[263]_i_3/O
                         net (fo=2512, routed)       12.129    13.219    u_fe/r_reg_reg[0]_0
    SLICE_X33Y36         FDCE                                         f  u_fe/key_reg_reg[91]/CLR
  -------------------------------------------------------------------    -------------------

                         (clock sys_clk rise edge)    0.000     0.000 r
                                                      0.000     0.000 r  clk (IN)
                         net (fo=19601, unset)        0.924     0.924    u_fe/clk
    SLICE_X33Y36         FDCE                                         r  u_fe/key_reg_reg[91]/C

Slack:                    inf
  Source:                 rst_n
                            (input port)
  Destination:            u_fe/key_reg_reg[93]/CLR
                            (recovery check against rising-edge clock sys_clk  {rise@0.000ns fall@5.000ns period=10.000ns})
  Path Group:             (none)
  Path Type:              Recovery (Max at Slow Process Corner)
  Data Path Delay:        13.219ns  (logic 0.117ns (0.885%)  route 13.102ns (99.115%))
  Logic Levels:           1  (LUT1=1)
  Clock Path Skew:        0.924ns (DCD - SCD + CPR)
    Destination Clock Delay (DCD):    0.924ns
    Source Clock Delay      (SCD):    0.000ns
    Clock Pessimism Removal (CPR):    0.000ns

    Location             Delay type                Incr(ns)  Path(ns)    Netlist Resource(s)
  -------------------------------------------------------------------    -------------------
                                                      0.000     0.000 r  rst_n (IN)
                         net (fo=13, unset)           0.973     0.973    u_edge/u_control/rst_n
    SLICE_X50Y64         LUT1 (Prop_lut1_I0_O)        0.117     1.090 f  u_edge/u_control/helper_out[263]_i_3/O
                         net (fo=2512, routed)       12.129    13.219    u_fe/r_reg_reg[0]_0
    SLICE_X33Y36         FDCE                                         f  u_fe/key_reg_reg[93]/CLR
  -------------------------------------------------------------------    -------------------

                         (clock sys_clk rise edge)    0.000     0.000 r
                                                      0.000     0.000 r  clk (IN)
                         net (fo=19601, unset)        0.924     0.924    u_fe/clk
    SLICE_X33Y36         FDCE                                         r  u_fe/key_reg_reg[93]/C

Slack:                    inf
  Source:                 rst_n
                            (input port)
  Destination:            u_fe/err_reg_reg[176]/CLR
                            (recovery check against rising-edge clock sys_clk  {rise@0.000ns fall@5.000ns period=10.000ns})
  Path Group:             (none)
  Path Type:              Recovery (Max at Slow Process Corner)
  Data Path Delay:        13.216ns  (logic 0.117ns (0.885%)  route 13.099ns (99.115%))
  Logic Levels:           1  (LUT1=1)
  Clock Path Skew:        0.924ns (DCD - SCD + CPR)
    Destination Clock Delay (DCD):    0.924ns
    Source Clock Delay      (SCD):    0.000ns
    Clock Pessimism Removal (CPR):    0.000ns

    Location             Delay type                Incr(ns)  Path(ns)    Netlist Resource(s)
  -------------------------------------------------------------------    -------------------
                                                      0.000     0.000 r  rst_n (IN)
                         net (fo=13, unset)           0.973     0.973    u_edge/u_control/rst_n
    SLICE_X50Y64         LUT1 (Prop_lut1_I0_O)        0.117     1.090 f  u_edge/u_control/helper_out[263]_i_3/O
                         net (fo=2512, routed)       12.126    13.216    u_fe/r_reg_reg[0]_0
    SLICE_X29Y38         FDCE                                         f  u_fe/err_reg_reg[176]/CLR
  -------------------------------------------------------------------    -------------------

                         (clock sys_clk rise edge)    0.000     0.000 r
                                                      0.000     0.000 r  clk (IN)
                         net (fo=19601, unset)        0.924     0.924    u_fe/clk
    SLICE_X29Y38         FDCE                                         r  u_fe/err_reg_reg[176]/C

Slack:                    inf
  Source:                 rst_n
                            (input port)
  Destination:            u_fe/err_reg_reg[177]/CLR
                            (recovery check against rising-edge clock sys_clk  {rise@0.000ns fall@5.000ns period=10.000ns})
  Path Group:             (none)
  Path Type:              Recovery (Max at Slow Process Corner)
  Data Path Delay:        13.216ns  (logic 0.117ns (0.885%)  route 13.099ns (99.115%))
  Logic Levels:           1  (LUT1=1)
  Clock Path Skew:        0.924ns (DCD - SCD + CPR)
    Destination Clock Delay (DCD):    0.924ns
    Source Clock Delay      (SCD):    0.000ns
    Clock Pessimism Removal (CPR):    0.000ns

    Location             Delay type                Incr(ns)  Path(ns)    Netlist Resource(s)
  -------------------------------------------------------------------    -------------------
                                                      0.000     0.000 r  rst_n (IN)
                         net (fo=13, unset)           0.973     0.973    u_edge/u_control/rst_n
    SLICE_X50Y64         LUT1 (Prop_lut1_I0_O)        0.117     1.090 f  u_edge/u_control/helper_out[263]_i_3/O
                         net (fo=2512, routed)       12.126    13.216    u_fe/r_reg_reg[0]_0
    SLICE_X29Y38         FDCE                                         f  u_fe/err_reg_reg[177]/CLR
  -------------------------------------------------------------------    -------------------

                         (clock sys_clk rise edge)    0.000     0.000 r
                                                      0.000     0.000 r  clk (IN)
                         net (fo=19601, unset)        0.924     0.924    u_fe/clk
    SLICE_X29Y38         FDCE                                         r  u_fe/err_reg_reg[177]/C

Slack:                    inf
  Source:                 rst_n
                            (input port)
  Destination:            u_fe/err_reg_reg[156]/CLR
                            (recovery check against rising-edge clock sys_clk  {rise@0.000ns fall@5.000ns period=10.000ns})
  Path Group:             (none)
  Path Type:              Recovery (Max at Slow Process Corner)
  Data Path Delay:        13.078ns  (logic 0.117ns (0.895%)  route 12.961ns (99.105%))
  Logic Levels:           1  (LUT1=1)
  Clock Path Skew:        0.924ns (DCD - SCD + CPR)
    Destination Clock Delay (DCD):    0.924ns
    Source Clock Delay      (SCD):    0.000ns
    Clock Pessimism Removal (CPR):    0.000ns

    Location             Delay type                Incr(ns)  Path(ns)    Netlist Resource(s)
  -------------------------------------------------------------------    -------------------
                                                      0.000     0.000 r  rst_n (IN)
                         net (fo=13, unset)           0.973     0.973    u_edge/u_control/rst_n
    SLICE_X50Y64         LUT1 (Prop_lut1_I0_O)        0.117     1.090 f  u_edge/u_control/helper_out[263]_i_3/O
                         net (fo=2512, routed)       11.988    13.078    u_fe/r_reg_reg[0]_0
    SLICE_X32Y35         FDCE                                         f  u_fe/err_reg_reg[156]/CLR
  -------------------------------------------------------------------    -------------------

                         (clock sys_clk rise edge)    0.000     0.000 r
                                                      0.000     0.000 r  clk (IN)
                         net (fo=19601, unset)        0.924     0.924    u_fe/clk
    SLICE_X32Y35         FDCE                                         r  u_fe/err_reg_reg[156]/C

Slack:                    inf
  Source:                 rst_n
                            (input port)
  Destination:            u_fe/err_reg_reg[157]/CLR
                            (recovery check against rising-edge clock sys_clk  {rise@0.000ns fall@5.000ns period=10.000ns})
  Path Group:             (none)
  Path Type:              Recovery (Max at Slow Process Corner)
  Data Path Delay:        13.078ns  (logic 0.117ns (0.895%)  route 12.961ns (99.105%))
  Logic Levels:           1  (LUT1=1)
  Clock Path Skew:        0.924ns (DCD - SCD + CPR)
    Destination Clock Delay (DCD):    0.924ns
    Source Clock Delay      (SCD):    0.000ns
    Clock Pessimism Removal (CPR):    0.000ns

    Location             Delay type                Incr(ns)  Path(ns)    Netlist Resource(s)
  -------------------------------------------------------------------    -------------------
                                                      0.000     0.000 r  rst_n (IN)
                         net (fo=13, unset)           0.973     0.973    u_edge/u_control/rst_n
    SLICE_X50Y64         LUT1 (Prop_lut1_I0_O)        0.117     1.090 f  u_edge/u_control/helper_out[263]_i_3/O
                         net (fo=2512, routed)       11.988    13.078    u_fe/r_reg_reg[0]_0
    SLICE_X32Y35         FDCE                                         f  u_fe/err_reg_reg[157]/CLR
  -------------------------------------------------------------------    -------------------

                         (clock sys_clk rise edge)    0.000     0.000 r
                                                      0.000     0.000 r  clk (IN)
                         net (fo=19601, unset)        0.924     0.924    u_fe/clk
    SLICE_X32Y35         FDCE                                         r  u_fe/err_reg_reg[157]/C

Slack:                    inf
  Source:                 rst_n
                            (input port)
  Destination:            u_fe/err_reg_reg[162]/CLR
                            (recovery check against rising-edge clock sys_clk  {rise@0.000ns fall@5.000ns period=10.000ns})
  Path Group:             (none)
  Path Type:              Recovery (Max at Slow Process Corner)
  Data Path Delay:        13.078ns  (logic 0.117ns (0.895%)  route 12.961ns (99.105%))
  Logic Levels:           1  (LUT1=1)
  Clock Path Skew:        0.924ns (DCD - SCD + CPR)
    Destination Clock Delay (DCD):    0.924ns
    Source Clock Delay      (SCD):    0.000ns
    Clock Pessimism Removal (CPR):    0.000ns

    Location             Delay type                Incr(ns)  Path(ns)    Netlist Resource(s)
  -------------------------------------------------------------------    -------------------
                                                      0.000     0.000 r  rst_n (IN)
                         net (fo=13, unset)           0.973     0.973    u_edge/u_control/rst_n
    SLICE_X50Y64         LUT1 (Prop_lut1_I0_O)        0.117     1.090 f  u_edge/u_control/helper_out[263]_i_3/O
                         net (fo=2512, routed)       11.988    13.078    u_fe/r_reg_reg[0]_0
    SLICE_X32Y35         FDCE                                         f  u_fe/err_reg_reg[162]/CLR
  -------------------------------------------------------------------    -------------------

                         (clock sys_clk rise edge)    0.000     0.000 r
                                                      0.000     0.000 r  clk (IN)
                         net (fo=19601, unset)        0.924     0.924    u_fe/clk
    SLICE_X32Y35         FDCE                                         r  u_fe/err_reg_reg[162]/C

Slack:                    inf
  Source:                 rst_n
                            (input port)
  Destination:            u_fe/err_reg_reg[163]/CLR
                            (recovery check against rising-edge clock sys_clk  {rise@0.000ns fall@5.000ns period=10.000ns})
  Path Group:             (none)
  Path Type:              Recovery (Max at Slow Process Corner)
  Data Path Delay:        13.078ns  (logic 0.117ns (0.895%)  route 12.961ns (99.105%))
  Logic Levels:           1  (LUT1=1)
  Clock Path Skew:        0.924ns (DCD - SCD + CPR)
    Destination Clock Delay (DCD):    0.924ns
    Source Clock Delay      (SCD):    0.000ns
    Clock Pessimism Removal (CPR):    0.000ns

    Location             Delay type                Incr(ns)  Path(ns)    Netlist Resource(s)
  -------------------------------------------------------------------    -------------------
                                                      0.000     0.000 r  rst_n (IN)
                         net (fo=13, unset)           0.973     0.973    u_edge/u_control/rst_n
    SLICE_X50Y64         LUT1 (Prop_lut1_I0_O)        0.117     1.090 f  u_edge/u_control/helper_out[263]_i_3/O
                         net (fo=2512, routed)       11.988    13.078    u_fe/r_reg_reg[0]_0
    SLICE_X32Y35         FDCE                                         f  u_fe/err_reg_reg[163]/CLR
  -------------------------------------------------------------------    -------------------

                         (clock sys_clk rise edge)    0.000     0.000 r
                                                      0.000     0.000 r  clk (IN)
                         net (fo=19601, unset)        0.924     0.924    u_fe/clk
    SLICE_X32Y35         FDCE                                         r  u_fe/err_reg_reg[163]/C

Slack:                    inf
  Source:                 rst_n
                            (input port)
  Destination:            u_fe/err_reg_reg[164]/CLR
                            (recovery check against rising-edge clock sys_clk  {rise@0.000ns fall@5.000ns period=10.000ns})
  Path Group:             (none)
  Path Type:              Recovery (Max at Slow Process Corner)
  Data Path Delay:        13.078ns  (logic 0.117ns (0.895%)  route 12.961ns (99.105%))
  Logic Levels:           1  (LUT1=1)
  Clock Path Skew:        0.924ns (DCD - SCD + CPR)
    Destination Clock Delay (DCD):    0.924ns
    Source Clock Delay      (SCD):    0.000ns
    Clock Pessimism Removal (CPR):    0.000ns

    Location             Delay type                Incr(ns)  Path(ns)    Netlist Resource(s)
  -------------------------------------------------------------------    -------------------
                                                      0.000     0.000 r  rst_n (IN)
                         net (fo=13, unset)           0.973     0.973    u_edge/u_control/rst_n
    SLICE_X50Y64         LUT1 (Prop_lut1_I0_O)        0.117     1.090 f  u_edge/u_control/helper_out[263]_i_3/O
                         net (fo=2512, routed)       11.988    13.078    u_fe/r_reg_reg[0]_0
    SLICE_X32Y35         FDCE                                         f  u_fe/err_reg_reg[164]/CLR
  -------------------------------------------------------------------    -------------------

                         (clock sys_clk rise edge)    0.000     0.000 r
                                                      0.000     0.000 r  clk (IN)
                         net (fo=19601, unset)        0.924     0.924    u_fe/clk
    SLICE_X32Y35         FDCE                                         r  u_fe/err_reg_reg[164]/C

Slack:                    inf
  Source:                 rst_n
                            (input port)
  Destination:            u_fe/err_reg_reg[165]/CLR
                            (recovery check against rising-edge clock sys_clk  {rise@0.000ns fall@5.000ns period=10.000ns})
  Path Group:             (none)
  Path Type:              Recovery (Max at Slow Process Corner)
  Data Path Delay:        13.078ns  (logic 0.117ns (0.895%)  route 12.961ns (99.105%))
  Logic Levels:           1  (LUT1=1)
  Clock Path Skew:        0.924ns (DCD - SCD + CPR)
    Destination Clock Delay (DCD):    0.924ns
    Source Clock Delay      (SCD):    0.000ns
    Clock Pessimism Removal (CPR):    0.000ns

    Location             Delay type                Incr(ns)  Path(ns)    Netlist Resource(s)
  -------------------------------------------------------------------    -------------------
                                                      0.000     0.000 r  rst_n (IN)
                         net (fo=13, unset)           0.973     0.973    u_edge/u_control/rst_n
    SLICE_X50Y64         LUT1 (Prop_lut1_I0_O)        0.117     1.090 f  u_edge/u_control/helper_out[263]_i_3/O
                         net (fo=2512, routed)       11.988    13.078    u_fe/r_reg_reg[0]_0
    SLICE_X32Y35         FDCE                                         f  u_fe/err_reg_reg[165]/CLR
  -------------------------------------------------------------------    -------------------

                         (clock sys_clk rise edge)    0.000     0.000 r
                                                      0.000     0.000 r  clk (IN)
                         net (fo=19601, unset)        0.924     0.924    u_fe/clk
    SLICE_X32Y35         FDCE                                         r  u_fe/err_reg_reg[165]/C

Slack:                    inf
  Source:                 rst_n
                            (input port)
  Destination:            u_fe/key_reg_reg[103]/CLR
                            (recovery check against rising-edge clock sys_clk  {rise@0.000ns fall@5.000ns period=10.000ns})
  Path Group:             (none)
  Path Type:              Recovery (Max at Slow Process Corner)
  Data Path Delay:        13.072ns  (logic 0.117ns (0.895%)  route 12.955ns (99.105%))
  Logic Levels:           1  (LUT1=1)
  Clock Path Skew:        0.924ns (DCD - SCD + CPR)
    Destination Clock Delay (DCD):    0.924ns
    Source Clock Delay      (SCD):    0.000ns
    Clock Pessimism Removal (CPR):    0.000ns

    Location             Delay type                Incr(ns)  Path(ns)    Netlist Resource(s)
  -------------------------------------------------------------------    -------------------
                                                      0.000     0.000 r  rst_n (IN)
                         net (fo=13, unset)           0.973     0.973    u_edge/u_control/rst_n
    SLICE_X50Y64         LUT1 (Prop_lut1_I0_O)        0.117     1.090 f  u_edge/u_control/helper_out[263]_i_3/O
                         net (fo=2512, routed)       11.982    13.072    u_fe/r_reg_reg[0]_0
    SLICE_X28Y37         FDCE                                         f  u_fe/key_reg_reg[103]/CLR
  -------------------------------------------------------------------    -------------------

                         (clock sys_clk rise edge)    0.000     0.000 r
                                                      0.000     0.000 r  clk (IN)
                         net (fo=19601, unset)        0.924     0.924    u_fe/clk
    SLICE_X28Y37         FDCE                                         r  u_fe/key_reg_reg[103]/C

Slack:                    inf
  Source:                 rst_n
                            (input port)
  Destination:            u_fe/key_reg_reg[108]/CLR
                            (recovery check against rising-edge clock sys_clk  {rise@0.000ns fall@5.000ns period=10.000ns})
  Path Group:             (none)
  Path Type:              Recovery (Max at Slow Process Corner)
  Data Path Delay:        13.072ns  (logic 0.117ns (0.895%)  route 12.955ns (99.105%))
  Logic Levels:           1  (LUT1=1)
  Clock Path Skew:        0.924ns (DCD - SCD + CPR)
    Destination Clock Delay (DCD):    0.924ns
    Source Clock Delay      (SCD):    0.000ns
    Clock Pessimism Removal (CPR):    0.000ns

    Location             Delay type                Incr(ns)  Path(ns)    Netlist Resource(s)
  -------------------------------------------------------------------    -------------------
                                                      0.000     0.000 r  rst_n (IN)
                         net (fo=13, unset)           0.973     0.973    u_edge/u_control/rst_n
    SLICE_X50Y64         LUT1 (Prop_lut1_I0_O)        0.117     1.090 f  u_edge/u_control/helper_out[263]_i_3/O
                         net (fo=2512, routed)       11.982    13.072    u_fe/r_reg_reg[0]_0
    SLICE_X28Y37         FDCE                                         f  u_fe/key_reg_reg[108]/CLR
  -------------------------------------------------------------------    -------------------

                         (clock sys_clk rise edge)    0.000     0.000 r
                                                      0.000     0.000 r  clk (IN)
                         net (fo=19601, unset)        0.924     0.924    u_fe/clk
    SLICE_X28Y37         FDCE                                         r  u_fe/key_reg_reg[108]/C

Slack:                    inf
  Source:                 rst_n
                            (input port)
  Destination:            u_fe/key_reg_reg[115]/CLR
                            (recovery check against rising-edge clock sys_clk  {rise@0.000ns fall@5.000ns period=10.000ns})
  Path Group:             (none)
  Path Type:              Recovery (Max at Slow Process Corner)
  Data Path Delay:        13.072ns  (logic 0.117ns (0.895%)  route 12.955ns (99.105%))
  Logic Levels:           1  (LUT1=1)
  Clock Path Skew:        0.924ns (DCD - SCD + CPR)
    Destination Clock Delay (DCD):    0.924ns
    Source Clock Delay      (SCD):    0.000ns
    Clock Pessimism Removal (CPR):    0.000ns

    Location             Delay type                Incr(ns)  Path(ns)    Netlist Resource(s)
  -------------------------------------------------------------------    -------------------
                                                      0.000     0.000 r  rst_n (IN)
                         net (fo=13, unset)           0.973     0.973    u_edge/u_control/rst_n
    SLICE_X50Y64         LUT1 (Prop_lut1_I0_O)        0.117     1.090 f  u_edge/u_control/helper_out[263]_i_3/O
                         net (fo=2512, routed)       11.982    13.072    u_fe/r_reg_reg[0]_0
    SLICE_X28Y37         FDCE                                         f  u_fe/key_reg_reg[115]/CLR
  -------------------------------------------------------------------    -------------------

                         (clock sys_clk rise edge)    0.000     0.000 r
                                                      0.000     0.000 r  clk (IN)
                         net (fo=19601, unset)        0.924     0.924    u_fe/clk
    SLICE_X28Y37         FDCE                                         r  u_fe/key_reg_reg[115]/C

Slack:                    inf
  Source:                 rst_n
                            (input port)
  Destination:            u_fe/r_reg_reg[160]/CLR
                            (recovery check against rising-edge clock sys_clk  {rise@0.000ns fall@5.000ns period=10.000ns})
  Path Group:             (none)
  Path Type:              Recovery (Max at Slow Process Corner)
  Data Path Delay:        13.068ns  (logic 0.117ns (0.895%)  route 12.951ns (99.105%))
  Logic Levels:           1  (LUT1=1)
  Clock Path Skew:        0.924ns (DCD - SCD + CPR)
    Destination Clock Delay (DCD):    0.924ns
    Source Clock Delay      (SCD):    0.000ns
    Clock Pessimism Removal (CPR):    0.000ns

    Location             Delay type                Incr(ns)  Path(ns)    Netlist Resource(s)
  -------------------------------------------------------------------    -------------------
                                                      0.000     0.000 r  rst_n (IN)
                         net (fo=13, unset)           0.973     0.973    u_edge/u_control/rst_n
    SLICE_X50Y64         LUT1 (Prop_lut1_I0_O)        0.117     1.090 f  u_edge/u_control/helper_out[263]_i_3/O
                         net (fo=2512, routed)       11.978    13.068    u_fe/r_reg_reg[0]_0
    SLICE_X29Y37         FDCE                                         f  u_fe/r_reg_reg[160]/CLR
  -------------------------------------------------------------------    -------------------

                         (clock sys_clk rise edge)    0.000     0.000 r
                                                      0.000     0.000 r  clk (IN)
                         net (fo=19601, unset)        0.924     0.924    u_fe/clk
    SLICE_X29Y37         FDCE                                         r  u_fe/r_reg_reg[160]/C

Slack:                    inf
  Source:                 rst_n
                            (input port)
  Destination:            u_fe/r_reg_reg[164]/CLR
                            (recovery check against rising-edge clock sys_clk  {rise@0.000ns fall@5.000ns period=10.000ns})
  Path Group:             (none)
  Path Type:              Recovery (Max at Slow Process Corner)
  Data Path Delay:        13.068ns  (logic 0.117ns (0.895%)  route 12.951ns (99.105%))
  Logic Levels:           1  (LUT1=1)
  Clock Path Skew:        0.924ns (DCD - SCD + CPR)
    Destination Clock Delay (DCD):    0.924ns
    Source Clock Delay      (SCD):    0.000ns
    Clock Pessimism Removal (CPR):    0.000ns

    Location             Delay type                Incr(ns)  Path(ns)    Netlist Resource(s)
  -------------------------------------------------------------------    -------------------
                                                      0.000     0.000 r  rst_n (IN)
                         net (fo=13, unset)           0.973     0.973    u_edge/u_control/rst_n
    SLICE_X50Y64         LUT1 (Prop_lut1_I0_O)        0.117     1.090 f  u_edge/u_control/helper_out[263]_i_3/O
                         net (fo=2512, routed)       11.978    13.068    u_fe/r_reg_reg[0]_0
    SLICE_X29Y37         FDCE                                         f  u_fe/r_reg_reg[164]/CLR
  -------------------------------------------------------------------    -------------------

                         (clock sys_clk rise edge)    0.000     0.000 r
                                                      0.000     0.000 r  clk (IN)
                         net (fo=19601, unset)        0.924     0.924    u_fe/clk
    SLICE_X29Y37         FDCE                                         r  u_fe/r_reg_reg[164]/C





Min Delay Paths
--------------------------------------------------------------------------------------
Slack:                    inf
  Source:                 peer_req_pk
                            (input port)
  Destination:            u_edge/u_server/req_pk_r1_reg/D
                            (rising edge-triggered cell FDRE clocked by sys_clk  {rise@0.000ns fall@5.000ns period=10.000ns})
  Path Group:             (none)
  Path Type:              Hold (Min at Fast Process Corner)
  Data Path Delay:        0.410ns  (logic 0.000ns (0.000%)  route 0.410ns (100.000%))
  Logic Levels:           0
  Clock Path Skew:        0.432ns (DCD - SCD - CPR)
    Destination Clock Delay (DCD):    0.432ns
    Source Clock Delay      (SCD):    0.000ns
    Clock Pessimism Removal (CPR):    -0.000ns

    Location             Delay type                Incr(ns)  Path(ns)    Netlist Resource(s)
  -------------------------------------------------------------------    -------------------
                                                      0.000     0.000 r  peer_req_pk (IN)
                         net (fo=1, unset)            0.410     0.410    u_edge/u_server/peer_req_pk
    SLICE_X40Y75         FDRE                                         r  u_edge/u_server/req_pk_r1_reg/D
  -------------------------------------------------------------------    -------------------

                         (clock sys_clk rise edge)    0.000     0.000 r
                                                      0.000     0.000 r  clk (IN)
                         net (fo=19601, unset)        0.432     0.432    u_edge/u_server/clk
    SLICE_X40Y75         FDRE                                         r  u_edge/u_server/req_pk_r1_reg/C

Slack:                    inf
  Source:                 zeroize
                            (input port)
  Destination:            u_edge/u_control/u_seed/seed_d_reg[135]/D
                            (rising edge-triggered cell FDCE clocked by sys_clk  {rise@0.000ns fall@5.000ns period=10.000ns})
  Path Group:             (none)
  Path Type:              Hold (Min at Fast Process Corner)
  Data Path Delay:        0.454ns  (logic 0.044ns (9.689%)  route 0.410ns (90.311%))
  Logic Levels:           1  (LUT4=1)
  Clock Path Skew:        0.432ns (DCD - SCD - CPR)
    Destination Clock Delay (DCD):    0.432ns
    Source Clock Delay      (SCD):    0.000ns
    Clock Pessimism Removal (CPR):    -0.000ns

    Location             Delay type                Incr(ns)  Path(ns)    Netlist Resource(s)
  -------------------------------------------------------------------    -------------------
                                                      0.000     0.000 f  zeroize (IN)
                         net (fo=539, unset)          0.410     0.410    u_edge/u_control/zeroize
    SLICE_X36Y63         LUT4 (Prop_lut4_I2_O)        0.044     0.454 r  u_edge/u_control/i___472/O
                         net (fo=1, routed)           0.000     0.454    u_edge/u_control/u_seed/D[135]
    SLICE_X36Y63         FDCE                                         r  u_edge/u_control/u_seed/seed_d_reg[135]/D
  -------------------------------------------------------------------    -------------------

                         (clock sys_clk rise edge)    0.000     0.000 r
                                                      0.000     0.000 r  clk (IN)
                         net (fo=19601, unset)        0.432     0.432    u_edge/u_control/u_seed/clk
    SLICE_X36Y63         FDCE                                         r  u_edge/u_control/u_seed/seed_d_reg[135]/C

Slack:                    inf
  Source:                 zeroize
                            (input port)
  Destination:            u_edge/u_control/u_seed/seed_d_reg[13]/D
                            (rising edge-triggered cell FDCE clocked by sys_clk  {rise@0.000ns fall@5.000ns period=10.000ns})
  Path Group:             (none)
  Path Type:              Hold (Min at Fast Process Corner)
  Data Path Delay:        0.454ns  (logic 0.044ns (9.689%)  route 0.410ns (90.311%))
  Logic Levels:           1  (LUT4=1)
  Clock Path Skew:        0.432ns (DCD - SCD - CPR)
    Destination Clock Delay (DCD):    0.432ns
    Source Clock Delay      (SCD):    0.000ns
    Clock Pessimism Removal (CPR):    -0.000ns

    Location             Delay type                Incr(ns)  Path(ns)    Netlist Resource(s)
  -------------------------------------------------------------------    -------------------
                                                      0.000     0.000 f  zeroize (IN)
                         net (fo=539, unset)          0.410     0.410    u_edge/u_control/zeroize
    SLICE_X36Y59         LUT4 (Prop_lut4_I2_O)        0.044     0.454 r  u_edge/u_control/i___594/O
                         net (fo=1, routed)           0.000     0.454    u_edge/u_control/u_seed/D[13]
    SLICE_X36Y59         FDCE                                         r  u_edge/u_control/u_seed/seed_d_reg[13]/D
  -------------------------------------------------------------------    -------------------

                         (clock sys_clk rise edge)    0.000     0.000 r
                                                      0.000     0.000 r  clk (IN)
                         net (fo=19601, unset)        0.432     0.432    u_edge/u_control/u_seed/clk
    SLICE_X36Y59         FDCE                                         r  u_edge/u_control/u_seed/seed_d_reg[13]/C

Slack:                    inf
  Source:                 zeroize
                            (input port)
  Destination:            u_edge/u_control/u_seed/seed_d_reg[163]/D
                            (rising edge-triggered cell FDCE clocked by sys_clk  {rise@0.000ns fall@5.000ns period=10.000ns})
  Path Group:             (none)
  Path Type:              Hold (Min at Fast Process Corner)
  Data Path Delay:        0.454ns  (logic 0.044ns (9.689%)  route 0.410ns (90.311%))
  Logic Levels:           1  (LUT4=1)
  Clock Path Skew:        0.432ns (DCD - SCD - CPR)
    Destination Clock Delay (DCD):    0.432ns
    Source Clock Delay      (SCD):    0.000ns
    Clock Pessimism Removal (CPR):    -0.000ns

    Location             Delay type                Incr(ns)  Path(ns)    Netlist Resource(s)
  -------------------------------------------------------------------    -------------------
                                                      0.000     0.000 f  zeroize (IN)
                         net (fo=539, unset)          0.410     0.410    u_edge/u_control/zeroize
    SLICE_X31Y65         LUT4 (Prop_lut4_I2_O)        0.044     0.454 r  u_edge/u_control/i___444/O
                         net (fo=1, routed)           0.000     0.454    u_edge/u_control/u_seed/D[163]
    SLICE_X31Y65         FDCE                                         r  u_edge/u_control/u_seed/seed_d_reg[163]/D
  -------------------------------------------------------------------    -------------------

                         (clock sys_clk rise edge)    0.000     0.000 r
                                                      0.000     0.000 r  clk (IN)
                         net (fo=19601, unset)        0.432     0.432    u_edge/u_control/u_seed/clk
    SLICE_X31Y65         FDCE                                         r  u_edge/u_control/u_seed/seed_d_reg[163]/C

Slack:                    inf
  Source:                 zeroize
                            (input port)
  Destination:            u_edge/u_control/u_seed/seed_d_reg[27]/D
                            (rising edge-triggered cell FDCE clocked by sys_clk  {rise@0.000ns fall@5.000ns period=10.000ns})
  Path Group:             (none)
  Path Type:              Hold (Min at Fast Process Corner)
  Data Path Delay:        0.454ns  (logic 0.044ns (9.689%)  route 0.410ns (90.311%))
  Logic Levels:           1  (LUT4=1)
  Clock Path Skew:        0.432ns (DCD - SCD - CPR)
    Destination Clock Delay (DCD):    0.432ns
    Source Clock Delay      (SCD):    0.000ns
    Clock Pessimism Removal (CPR):    -0.000ns

    Location             Delay type                Incr(ns)  Path(ns)    Netlist Resource(s)
  -------------------------------------------------------------------    -------------------
                                                      0.000     0.000 f  zeroize (IN)
                         net (fo=539, unset)          0.410     0.410    u_edge/u_control/zeroize
    SLICE_X40Y62         LUT4 (Prop_lut4_I2_O)        0.044     0.454 r  u_edge/u_control/i___580/O
                         net (fo=1, routed)           0.000     0.454    u_edge/u_control/u_seed/D[27]
    SLICE_X40Y62         FDCE                                         r  u_edge/u_control/u_seed/seed_d_reg[27]/D
  -------------------------------------------------------------------    -------------------

                         (clock sys_clk rise edge)    0.000     0.000 r
                                                      0.000     0.000 r  clk (IN)
                         net (fo=19601, unset)        0.432     0.432    u_edge/u_control/u_seed/clk
    SLICE_X40Y62         FDCE                                         r  u_edge/u_control/u_seed/seed_d_reg[27]/C

Slack:                    inf
  Source:                 zeroize
                            (input port)
  Destination:            u_edge/u_control/u_seed/seed_d_reg[35]/D
                            (rising edge-triggered cell FDCE clocked by sys_clk  {rise@0.000ns fall@5.000ns period=10.000ns})
  Path Group:             (none)
  Path Type:              Hold (Min at Fast Process Corner)
  Data Path Delay:        0.454ns  (logic 0.044ns (9.689%)  route 0.410ns (90.311%))
  Logic Levels:           1  (LUT4=1)
  Clock Path Skew:        0.432ns (DCD - SCD - CPR)
    Destination Clock Delay (DCD):    0.432ns
    Source Clock Delay      (SCD):    0.000ns
    Clock Pessimism Removal (CPR):    -0.000ns

    Location             Delay type                Incr(ns)  Path(ns)    Netlist Resource(s)
  -------------------------------------------------------------------    -------------------
                                                      0.000     0.000 f  zeroize (IN)
                         net (fo=539, unset)          0.410     0.410    u_edge/u_control/zeroize
    SLICE_X37Y66         LUT4 (Prop_lut4_I2_O)        0.044     0.454 r  u_edge/u_control/i___572/O
                         net (fo=1, routed)           0.000     0.454    u_edge/u_control/u_seed/D[35]
    SLICE_X37Y66         FDCE                                         r  u_edge/u_control/u_seed/seed_d_reg[35]/D
  -------------------------------------------------------------------    -------------------

                         (clock sys_clk rise edge)    0.000     0.000 r
                                                      0.000     0.000 r  clk (IN)
                         net (fo=19601, unset)        0.432     0.432    u_edge/u_control/u_seed/clk
    SLICE_X37Y66         FDCE                                         r  u_edge/u_control/u_seed/seed_d_reg[35]/C

Slack:                    inf
  Source:                 zeroize
                            (input port)
  Destination:            u_edge/u_control/u_seed/seed_d_reg[61]/D
                            (rising edge-triggered cell FDCE clocked by sys_clk  {rise@0.000ns fall@5.000ns period=10.000ns})
  Path Group:             (none)
  Path Type:              Hold (Min at Fast Process Corner)
  Data Path Delay:        0.454ns  (logic 0.044ns (9.689%)  route 0.410ns (90.311%))
  Logic Levels:           1  (LUT4=1)
  Clock Path Skew:        0.432ns (DCD - SCD - CPR)
    Destination Clock Delay (DCD):    0.432ns
    Source Clock Delay      (SCD):    0.000ns
    Clock Pessimism Removal (CPR):    -0.000ns

    Location             Delay type                Incr(ns)  Path(ns)    Netlist Resource(s)
  -------------------------------------------------------------------    -------------------
                                                      0.000     0.000 f  zeroize (IN)
                         net (fo=539, unset)          0.410     0.410    u_edge/u_control/zeroize
    SLICE_X36Y61         LUT4 (Prop_lut4_I2_O)        0.044     0.454 r  u_edge/u_control/i___546/O
                         net (fo=1, routed)           0.000     0.454    u_edge/u_control/u_seed/D[61]
    SLICE_X36Y61         FDCE                                         r  u_edge/u_control/u_seed/seed_d_reg[61]/D
  -------------------------------------------------------------------    -------------------

                         (clock sys_clk rise edge)    0.000     0.000 r
                                                      0.000     0.000 r  clk (IN)
                         net (fo=19601, unset)        0.432     0.432    u_edge/u_control/u_seed/clk
    SLICE_X36Y61         FDCE                                         r  u_edge/u_control/u_seed/seed_d_reg[61]/C

Slack:                    inf
  Source:                 zeroize
                            (input port)
  Destination:            u_edge/u_control/u_seed/seed_d_reg[75]/D
                            (rising edge-triggered cell FDCE clocked by sys_clk  {rise@0.000ns fall@5.000ns period=10.000ns})
  Path Group:             (none)
  Path Type:              Hold (Min at Fast Process Corner)
  Data Path Delay:        0.454ns  (logic 0.044ns (9.689%)  route 0.410ns (90.311%))
  Logic Levels:           1  (LUT4=1)
  Clock Path Skew:        0.432ns (DCD - SCD - CPR)
    Destination Clock Delay (DCD):    0.432ns
    Source Clock Delay      (SCD):    0.000ns
    Clock Pessimism Removal (CPR):    -0.000ns

    Location             Delay type                Incr(ns)  Path(ns)    Netlist Resource(s)
  -------------------------------------------------------------------    -------------------
                                                      0.000     0.000 f  zeroize (IN)
                         net (fo=539, unset)          0.410     0.410    u_edge/u_control/zeroize
    SLICE_X39Y59         LUT4 (Prop_lut4_I2_O)        0.044     0.454 r  u_edge/u_control/i___532/O
                         net (fo=1, routed)           0.000     0.454    u_edge/u_control/u_seed/D[75]
    SLICE_X39Y59         FDCE                                         r  u_edge/u_control/u_seed/seed_d_reg[75]/D
  -------------------------------------------------------------------    -------------------

                         (clock sys_clk rise edge)    0.000     0.000 r
                                                      0.000     0.000 r  clk (IN)
                         net (fo=19601, unset)        0.432     0.432    u_edge/u_control/u_seed/clk
    SLICE_X39Y59         FDCE                                         r  u_edge/u_control/u_seed/seed_d_reg[75]/C

Slack:                    inf
  Source:                 zeroize
                            (input port)
  Destination:            u_edge/u_control/u_seed/seed_d_reg[97]/D
                            (rising edge-triggered cell FDCE clocked by sys_clk  {rise@0.000ns fall@5.000ns period=10.000ns})
  Path Group:             (none)
  Path Type:              Hold (Min at Fast Process Corner)
  Data Path Delay:        0.454ns  (logic 0.044ns (9.689%)  route 0.410ns (90.311%))
  Logic Levels:           1  (LUT4=1)
  Clock Path Skew:        0.432ns (DCD - SCD - CPR)
    Destination Clock Delay (DCD):    0.432ns
    Source Clock Delay      (SCD):    0.000ns
    Clock Pessimism Removal (CPR):    -0.000ns

    Location             Delay type                Incr(ns)  Path(ns)    Netlist Resource(s)
  -------------------------------------------------------------------    -------------------
                                                      0.000     0.000 f  zeroize (IN)
                         net (fo=539, unset)          0.410     0.410    u_edge/u_control/zeroize
    SLICE_X31Y61         LUT4 (Prop_lut4_I2_O)        0.044     0.454 r  u_edge/u_control/i___510/O
                         net (fo=1, routed)           0.000     0.454    u_edge/u_control/u_seed/D[97]
    SLICE_X31Y61         FDCE                                         r  u_edge/u_control/u_seed/seed_d_reg[97]/D
  -------------------------------------------------------------------    -------------------

                         (clock sys_clk rise edge)    0.000     0.000 r
                                                      0.000     0.000 r  clk (IN)
                         net (fo=19601, unset)        0.432     0.432    u_edge/u_control/u_seed/clk
    SLICE_X31Y61         FDCE                                         r  u_edge/u_control/u_seed/seed_d_reg[97]/C

Slack:                    inf
  Source:                 zeroize
                            (input port)
  Destination:            u_edge/u_control/u_seed/seed_d_reg[99]/D
                            (rising edge-triggered cell FDCE clocked by sys_clk  {rise@0.000ns fall@5.000ns period=10.000ns})
  Path Group:             (none)
  Path Type:              Hold (Min at Fast Process Corner)
  Data Path Delay:        0.454ns  (logic 0.044ns (9.689%)  route 0.410ns (90.311%))
  Logic Levels:           1  (LUT4=1)
  Clock Path Skew:        0.432ns (DCD - SCD - CPR)
    Destination Clock Delay (DCD):    0.432ns
    Source Clock Delay      (SCD):    0.000ns
    Clock Pessimism Removal (CPR):    -0.000ns

    Location             Delay type                Incr(ns)  Path(ns)    Netlist Resource(s)
  -------------------------------------------------------------------    -------------------
                                                      0.000     0.000 f  zeroize (IN)
                         net (fo=539, unset)          0.410     0.410    u_edge/u_control/zeroize
    SLICE_X33Y64         LUT4 (Prop_lut4_I2_O)        0.044     0.454 r  u_edge/u_control/i___508/O
                         net (fo=1, routed)           0.000     0.454    u_edge/u_control/u_seed/D[99]
    SLICE_X33Y64         FDCE                                         r  u_edge/u_control/u_seed/seed_d_reg[99]/D
  -------------------------------------------------------------------    -------------------

                         (clock sys_clk rise edge)    0.000     0.000 r
                                                      0.000     0.000 r  clk (IN)
                         net (fo=19601, unset)        0.432     0.432    u_edge/u_control/u_seed/clk
    SLICE_X33Y64         FDCE                                         r  u_edge/u_control/u_seed/seed_d_reg[99]/C

Slack:                    inf
  Source:                 zeroize
                            (input port)
  Destination:            u_edge/u_control/u_seed/seed_z_reg[109]/D
                            (rising edge-triggered cell FDCE clocked by sys_clk  {rise@0.000ns fall@5.000ns period=10.000ns})
  Path Group:             (none)
  Path Type:              Hold (Min at Fast Process Corner)
  Data Path Delay:        0.454ns  (logic 0.044ns (9.689%)  route 0.410ns (90.311%))
  Logic Levels:           1  (LUT4=1)
  Clock Path Skew:        0.432ns (DCD - SCD - CPR)
    Destination Clock Delay (DCD):    0.432ns
    Source Clock Delay      (SCD):    0.000ns
    Clock Pessimism Removal (CPR):    -0.000ns

    Location             Delay type                Incr(ns)  Path(ns)    Netlist Resource(s)
  -------------------------------------------------------------------    -------------------
                                                      0.000     0.000 f  zeroize (IN)
                         net (fo=539, unset)          0.410     0.410    u_edge/u_control/zeroize
    SLICE_X49Y62         LUT4 (Prop_lut4_I2_O)        0.044     0.454 r  u_edge/u_control/i___754/O
                         net (fo=1, routed)           0.000     0.454    u_edge/u_control/u_seed/seed_z_reg[255]_1[109]
    SLICE_X49Y62         FDCE                                         r  u_edge/u_control/u_seed/seed_z_reg[109]/D
  -------------------------------------------------------------------    -------------------

                         (clock sys_clk rise edge)    0.000     0.000 r
                                                      0.000     0.000 r  clk (IN)
                         net (fo=19601, unset)        0.432     0.432    u_edge/u_control/u_seed/clk
    SLICE_X49Y62         FDCE                                         r  u_edge/u_control/u_seed/seed_z_reg[109]/C

Slack:                    inf
  Source:                 zeroize
                            (input port)
  Destination:            u_edge/u_control/u_seed/seed_z_reg[127]/D
                            (rising edge-triggered cell FDCE clocked by sys_clk  {rise@0.000ns fall@5.000ns period=10.000ns})
  Path Group:             (none)
  Path Type:              Hold (Min at Fast Process Corner)
  Data Path Delay:        0.454ns  (logic 0.044ns (9.689%)  route 0.410ns (90.311%))
  Logic Levels:           1  (LUT4=1)
  Clock Path Skew:        0.432ns (DCD - SCD - CPR)
    Destination Clock Delay (DCD):    0.432ns
    Source Clock Delay      (SCD):    0.000ns
    Clock Pessimism Removal (CPR):    -0.000ns

    Location             Delay type                Incr(ns)  Path(ns)    Netlist Resource(s)
  -------------------------------------------------------------------    -------------------
                                                      0.000     0.000 f  zeroize (IN)
                         net (fo=539, unset)          0.410     0.410    u_edge/u_control/zeroize
    SLICE_X37Y62         LUT4 (Prop_lut4_I2_O)        0.044     0.454 r  u_edge/u_control/i___736/O
                         net (fo=1, routed)           0.000     0.454    u_edge/u_control/u_seed/seed_z_reg[255]_1[127]
    SLICE_X37Y62         FDCE                                         r  u_edge/u_control/u_seed/seed_z_reg[127]/D
  -------------------------------------------------------------------    -------------------

                         (clock sys_clk rise edge)    0.000     0.000 r
                                                      0.000     0.000 r  clk (IN)
                         net (fo=19601, unset)        0.432     0.432    u_edge/u_control/u_seed/clk
    SLICE_X37Y62         FDCE                                         r  u_edge/u_control/u_seed/seed_z_reg[127]/C

Slack:                    inf
  Source:                 zeroize
                            (input port)
  Destination:            u_edge/u_control/u_seed/seed_z_reg[135]/D
                            (rising edge-triggered cell FDCE clocked by sys_clk  {rise@0.000ns fall@5.000ns period=10.000ns})
  Path Group:             (none)
  Path Type:              Hold (Min at Fast Process Corner)
  Data Path Delay:        0.454ns  (logic 0.044ns (9.689%)  route 0.410ns (90.311%))
  Logic Levels:           1  (LUT4=1)
  Clock Path Skew:        0.432ns (DCD - SCD - CPR)
    Destination Clock Delay (DCD):    0.432ns
    Source Clock Delay      (SCD):    0.000ns
    Clock Pessimism Removal (CPR):    -0.000ns

    Location             Delay type                Incr(ns)  Path(ns)    Netlist Resource(s)
  -------------------------------------------------------------------    -------------------
                                                      0.000     0.000 f  zeroize (IN)
                         net (fo=539, unset)          0.410     0.410    u_edge/u_control/zeroize
    SLICE_X40Y64         LUT4 (Prop_lut4_I2_O)        0.044     0.454 r  u_edge/u_control/i___728/O
                         net (fo=1, routed)           0.000     0.454    u_edge/u_control/u_seed/seed_z_reg[255]_1[135]
    SLICE_X40Y64         FDCE                                         r  u_edge/u_control/u_seed/seed_z_reg[135]/D
  -------------------------------------------------------------------    -------------------

                         (clock sys_clk rise edge)    0.000     0.000 r
                                                      0.000     0.000 r  clk (IN)
                         net (fo=19601, unset)        0.432     0.432    u_edge/u_control/u_seed/clk
    SLICE_X40Y64         FDCE                                         r  u_edge/u_control/u_seed/seed_z_reg[135]/C

Slack:                    inf
  Source:                 zeroize
                            (input port)
  Destination:            u_edge/u_control/u_seed/seed_z_reg[155]/D
                            (rising edge-triggered cell FDCE clocked by sys_clk  {rise@0.000ns fall@5.000ns period=10.000ns})
  Path Group:             (none)
  Path Type:              Hold (Min at Fast Process Corner)
  Data Path Delay:        0.454ns  (logic 0.044ns (9.689%)  route 0.410ns (90.311%))
  Logic Levels:           1  (LUT4=1)
  Clock Path Skew:        0.432ns (DCD - SCD - CPR)
    Destination Clock Delay (DCD):    0.432ns
    Source Clock Delay      (SCD):    0.000ns
    Clock Pessimism Removal (CPR):    -0.000ns

    Location             Delay type                Incr(ns)  Path(ns)    Netlist Resource(s)
  -------------------------------------------------------------------    -------------------
                                                      0.000     0.000 f  zeroize (IN)
                         net (fo=539, unset)          0.410     0.410    u_edge/u_control/zeroize
    SLICE_X47Y61         LUT4 (Prop_lut4_I2_O)        0.044     0.454 r  u_edge/u_control/i___708/O
                         net (fo=1, routed)           0.000     0.454    u_edge/u_control/u_seed/seed_z_reg[255]_1[155]
    SLICE_X47Y61         FDCE                                         r  u_edge/u_control/u_seed/seed_z_reg[155]/D
  -------------------------------------------------------------------    -------------------

                         (clock sys_clk rise edge)    0.000     0.000 r
                                                      0.000     0.000 r  clk (IN)
                         net (fo=19601, unset)        0.432     0.432    u_edge/u_control/u_seed/clk
    SLICE_X47Y61         FDCE                                         r  u_edge/u_control/u_seed/seed_z_reg[155]/C

Slack:                    inf
  Source:                 zeroize
                            (input port)
  Destination:            u_edge/u_control/u_seed/seed_z_reg[15]/D
                            (rising edge-triggered cell FDCE clocked by sys_clk  {rise@0.000ns fall@5.000ns period=10.000ns})
  Path Group:             (none)
  Path Type:              Hold (Min at Fast Process Corner)
  Data Path Delay:        0.454ns  (logic 0.044ns (9.689%)  route 0.410ns (90.311%))
  Logic Levels:           1  (LUT4=1)
  Clock Path Skew:        0.432ns (DCD - SCD - CPR)
    Destination Clock Delay (DCD):    0.432ns
    Source Clock Delay      (SCD):    0.000ns
    Clock Pessimism Removal (CPR):    -0.000ns

    Location             Delay type                Incr(ns)  Path(ns)    Netlist Resource(s)
  -------------------------------------------------------------------    -------------------
                                                      0.000     0.000 f  zeroize (IN)
                         net (fo=539, unset)          0.410     0.410    u_edge/u_control/zeroize
    SLICE_X44Y65         LUT4 (Prop_lut4_I2_O)        0.044     0.454 r  u_edge/u_control/i___848/O
                         net (fo=1, routed)           0.000     0.454    u_edge/u_control/u_seed/seed_z_reg[255]_1[15]
    SLICE_X44Y65         FDCE                                         r  u_edge/u_control/u_seed/seed_z_reg[15]/D
  -------------------------------------------------------------------    -------------------

                         (clock sys_clk rise edge)    0.000     0.000 r
                                                      0.000     0.000 r  clk (IN)
                         net (fo=19601, unset)        0.432     0.432    u_edge/u_control/u_seed/clk
    SLICE_X44Y65         FDCE                                         r  u_edge/u_control/u_seed/seed_z_reg[15]/C

Slack:                    inf
  Source:                 zeroize
                            (input port)
  Destination:            u_edge/u_control/u_seed/seed_z_reg[183]/D
                            (rising edge-triggered cell FDCE clocked by sys_clk  {rise@0.000ns fall@5.000ns period=10.000ns})
  Path Group:             (none)
  Path Type:              Hold (Min at Fast Process Corner)
  Data Path Delay:        0.454ns  (logic 0.044ns (9.689%)  route 0.410ns (90.311%))
  Logic Levels:           1  (LUT4=1)
  Clock Path Skew:        0.432ns (DCD - SCD - CPR)
    Destination Clock Delay (DCD):    0.432ns
    Source Clock Delay      (SCD):    0.000ns
    Clock Pessimism Removal (CPR):    -0.000ns

    Location             Delay type                Incr(ns)  Path(ns)    Netlist Resource(s)
  -------------------------------------------------------------------    -------------------
                                                      0.000     0.000 f  zeroize (IN)
                         net (fo=539, unset)          0.410     0.410    u_edge/u_control/zeroize
    SLICE_X36Y67         LUT4 (Prop_lut4_I2_O)        0.044     0.454 r  u_edge/u_control/i___680/O
                         net (fo=1, routed)           0.000     0.454    u_edge/u_control/u_seed/seed_z_reg[255]_1[183]
    SLICE_X36Y67         FDCE                                         r  u_edge/u_control/u_seed/seed_z_reg[183]/D
  -------------------------------------------------------------------    -------------------

                         (clock sys_clk rise edge)    0.000     0.000 r
                                                      0.000     0.000 r  clk (IN)
                         net (fo=19601, unset)        0.432     0.432    u_edge/u_control/u_seed/clk
    SLICE_X36Y67         FDCE                                         r  u_edge/u_control/u_seed/seed_z_reg[183]/C

Slack:                    inf
  Source:                 zeroize
                            (input port)
  Destination:            u_edge/u_control/u_seed/seed_z_reg[191]/D
                            (rising edge-triggered cell FDCE clocked by sys_clk  {rise@0.000ns fall@5.000ns period=10.000ns})
  Path Group:             (none)
  Path Type:              Hold (Min at Fast Process Corner)
  Data Path Delay:        0.454ns  (logic 0.044ns (9.689%)  route 0.410ns (90.311%))
  Logic Levels:           1  (LUT4=1)
  Clock Path Skew:        0.432ns (DCD - SCD - CPR)
    Destination Clock Delay (DCD):    0.432ns
    Source Clock Delay      (SCD):    0.000ns
    Clock Pessimism Removal (CPR):    -0.000ns

    Location             Delay type                Incr(ns)  Path(ns)    Netlist Resource(s)
  -------------------------------------------------------------------    -------------------
                                                      0.000     0.000 f  zeroize (IN)
                         net (fo=539, unset)          0.410     0.410    u_edge/u_control/zeroize
    SLICE_X36Y64         LUT4 (Prop_lut4_I2_O)        0.044     0.454 r  u_edge/u_control/i___672/O
                         net (fo=1, routed)           0.000     0.454    u_edge/u_control/u_seed/seed_z_reg[255]_1[191]
    SLICE_X36Y64         FDCE                                         r  u_edge/u_control/u_seed/seed_z_reg[191]/D
  -------------------------------------------------------------------    -------------------

                         (clock sys_clk rise edge)    0.000     0.000 r
                                                      0.000     0.000 r  clk (IN)
                         net (fo=19601, unset)        0.432     0.432    u_edge/u_control/u_seed/clk
    SLICE_X36Y64         FDCE                                         r  u_edge/u_control/u_seed/seed_z_reg[191]/C

Slack:                    inf
  Source:                 zeroize
                            (input port)
  Destination:            u_edge/u_control/u_seed/seed_z_reg[1]/D
                            (rising edge-triggered cell FDCE clocked by sys_clk  {rise@0.000ns fall@5.000ns period=10.000ns})
  Path Group:             (none)
  Path Type:              Hold (Min at Fast Process Corner)
  Data Path Delay:        0.454ns  (logic 0.044ns (9.689%)  route 0.410ns (90.311%))
  Logic Levels:           1  (LUT4=1)
  Clock Path Skew:        0.432ns (DCD - SCD - CPR)
    Destination Clock Delay (DCD):    0.432ns
    Source Clock Delay      (SCD):    0.000ns
    Clock Pessimism Removal (CPR):    -0.000ns

    Location             Delay type                Incr(ns)  Path(ns)    Netlist Resource(s)
  -------------------------------------------------------------------    -------------------
                                                      0.000     0.000 f  zeroize (IN)
                         net (fo=539, unset)          0.410     0.410    u_edge/u_control/zeroize
    SLICE_X40Y63         LUT4 (Prop_lut4_I2_O)        0.044     0.454 r  u_edge/u_control/i___862/O
                         net (fo=1, routed)           0.000     0.454    u_edge/u_control/u_seed/seed_z_reg[255]_1[1]
    SLICE_X40Y63         FDCE                                         r  u_edge/u_control/u_seed/seed_z_reg[1]/D
  -------------------------------------------------------------------    -------------------

                         (clock sys_clk rise edge)    0.000     0.000 r
                                                      0.000     0.000 r  clk (IN)
                         net (fo=19601, unset)        0.432     0.432    u_edge/u_control/u_seed/clk
    SLICE_X40Y63         FDCE                                         r  u_edge/u_control/u_seed/seed_z_reg[1]/C

Slack:                    inf
  Source:                 zeroize
                            (input port)
  Destination:            u_edge/u_control/u_seed/seed_z_reg[233]/D
                            (rising edge-triggered cell FDCE clocked by sys_clk  {rise@0.000ns fall@5.000ns period=10.000ns})
  Path Group:             (none)
  Path Type:              Hold (Min at Fast Process Corner)
  Data Path Delay:        0.454ns  (logic 0.044ns (9.689%)  route 0.410ns (90.311%))
  Logic Levels:           1  (LUT4=1)
  Clock Path Skew:        0.432ns (DCD - SCD - CPR)
    Destination Clock Delay (DCD):    0.432ns
    Source Clock Delay      (SCD):    0.000ns
    Clock Pessimism Removal (CPR):    -0.000ns

    Location             Delay type                Incr(ns)  Path(ns)    Netlist Resource(s)
  -------------------------------------------------------------------    -------------------
                                                      0.000     0.000 f  zeroize (IN)
                         net (fo=539, unset)          0.410     0.410    u_edge/u_control/zeroize
    SLICE_X37Y68         LUT4 (Prop_lut4_I2_O)        0.044     0.454 r  u_edge/u_control/i___630/O
                         net (fo=1, routed)           0.000     0.454    u_edge/u_control/u_seed/seed_z_reg[255]_1[233]
    SLICE_X37Y68         FDCE                                         r  u_edge/u_control/u_seed/seed_z_reg[233]/D
  -------------------------------------------------------------------    -------------------

                         (clock sys_clk rise edge)    0.000     0.000 r
                                                      0.000     0.000 r  clk (IN)
                         net (fo=19601, unset)        0.432     0.432    u_edge/u_control/u_seed/clk
    SLICE_X37Y68         FDCE                                         r  u_edge/u_control/u_seed/seed_z_reg[233]/C

Slack:                    inf
  Source:                 zeroize
                            (input port)
  Destination:            u_edge/u_control/u_seed/seed_z_reg[239]/D
                            (rising edge-triggered cell FDCE clocked by sys_clk  {rise@0.000ns fall@5.000ns period=10.000ns})
  Path Group:             (none)
  Path Type:              Hold (Min at Fast Process Corner)
  Data Path Delay:        0.454ns  (logic 0.044ns (9.689%)  route 0.410ns (90.311%))
  Logic Levels:           1  (LUT4=1)
  Clock Path Skew:        0.432ns (DCD - SCD - CPR)
    Destination Clock Delay (DCD):    0.432ns
    Source Clock Delay      (SCD):    0.000ns
    Clock Pessimism Removal (CPR):    -0.000ns

    Location             Delay type                Incr(ns)  Path(ns)    Netlist Resource(s)
  -------------------------------------------------------------------    -------------------
                                                      0.000     0.000 f  zeroize (IN)
                         net (fo=539, unset)          0.410     0.410    u_edge/u_control/zeroize
    SLICE_X37Y65         LUT4 (Prop_lut4_I2_O)        0.044     0.454 r  u_edge/u_control/i___624/O
                         net (fo=1, routed)           0.000     0.454    u_edge/u_control/u_seed/seed_z_reg[255]_1[239]
    SLICE_X37Y65         FDCE                                         r  u_edge/u_control/u_seed/seed_z_reg[239]/D
  -------------------------------------------------------------------    -------------------

                         (clock sys_clk rise edge)    0.000     0.000 r
                                                      0.000     0.000 r  clk (IN)
                         net (fo=19601, unset)        0.432     0.432    u_edge/u_control/u_seed/clk
    SLICE_X37Y65         FDCE                                         r  u_edge/u_control/u_seed/seed_z_reg[239]/C
