Copyright 1986-2020 Xilinx, Inc. All Rights Reserved.
-----------------------------------------------------------------------------------------------------------------------------------------------------------------------------------------------------------------------------------------------------------------------
| Tool Version : Vivado v.2020.1 (lin64) Build 2902540 Wed May 27 19:54:35 MDT 2020
| Date         : Thu Sep 17 14:47:55 2026
| Host         : donglong-P7xxTM-1 running 64-bit Ubuntu 22.04.5 LTS
| Command      : report_timing_summary -delay_type min_max -report_unconstrained -max_paths 20 -file /home/donglong/Documents/Duy_prj/KECCAK_OPTIMIZE_POWER/OPTIMIZE_POWER/kyber_puf_mlkem_novelty/build/fpga_100mhz/zynq7020_readyhold_20260917/post_route_timing.rpt
| Design       : Edge_Zynq_Diagnostic_100MHz_Top
| Device       : 7z020-clg400
| Speed File   : -2  PRODUCTION 1.12 2019-11-22
-----------------------------------------------------------------------------------------------------------------------------------------------------------------------------------------------------------------------------------------------------------------------

Timing Summary Report

------------------------------------------------------------------------------------------------
| Timer Settings
| --------------
------------------------------------------------------------------------------------------------

  Enable Multi Corner Analysis               :  Yes
  Enable Pessimism Removal                   :  Yes
  Pessimism Removal Resolution               :  Nearest Common Node
  Enable Input Delay Default Clock           :  No
  Enable Preset / Clear Arcs                 :  No
  Disable Flight Delays                      :  No
  Ignore I/O Paths                           :  No
  Timing Early Launch at Borrowing Latches   :  No
  Borrow Time for Max Delay Exceptions       :  Yes
  Merge Timing Exceptions                    :  Yes

  Corner  Analyze    Analyze    
  Name    Max Paths  Min Paths  
  ------  ---------  ---------  
  Slow    Yes        Yes        
  Fast    Yes        Yes        



check_timing report

Table of Contents
-----------------
1. checking no_clock (360)
2. checking constant_clock (0)
3. checking pulse_width_clock (0)
4. checking unconstrained_internal_endpoints (206)
5. checking no_input_delay (2)
6. checking no_output_delay (3)
7. checking multiple_clock (0)
8. checking generated_clocks (0)
9. checking loops (32)
10. checking partial_input_delay (0)
11. checking partial_output_delay (0)
12. checking latch_loops (0)

1. checking no_clock (360)
--------------------------
 There are 72 register/latch pins with no clock driven by root clock pin: u_core/u_puf/ctrl_inst/FSM_onehot_state_reg[3]/Q (HIGH)

 There are 36 register/latch pins with no clock driven by root clock pin: u_core/u_puf/lfsr_inst/r_lfsr_reg[1]/Q (HIGH)

 There are 36 register/latch pins with no clock driven by root clock pin: u_core/u_puf/lfsr_inst/r_lfsr_reg[2]/Q (HIGH)

 There are 36 register/latch pins with no clock driven by root clock pin: u_core/u_puf/lfsr_inst/r_lfsr_reg[3]/Q (HIGH)

 There are 36 register/latch pins with no clock driven by root clock pin: u_core/u_puf/lfsr_inst/r_lfsr_reg[4]/Q (HIGH)

 There are 36 register/latch pins with no clock driven by root clock pin: u_core/u_puf/lfsr_inst/r_lfsr_reg[5]/Q (HIGH)

 There are 36 register/latch pins with no clock driven by root clock pin: u_core/u_puf/lfsr_inst/r_lfsr_reg[6]/Q (HIGH)

 There are 36 register/latch pins with no clock driven by root clock pin: u_core/u_puf/lfsr_inst/r_lfsr_reg[7]/Q (HIGH)

 There are 36 register/latch pins with no clock driven by root clock pin: u_core/u_puf/lfsr_inst/r_lfsr_reg[8]/Q (HIGH)


2. checking constant_clock (0)
------------------------------
 There are 0 register/latch pins with constant_clock.


3. checking pulse_width_clock (0)
---------------------------------
 There are 0 register/latch pins which need pulse_width check


4. checking unconstrained_internal_endpoints (206)
--------------------------------------------------
 There are 206 pins that are not constrained for maximum delay. (HIGH)

 There are 0 pins that are not constrained for maximum delay due to constant clock.


5. checking no_input_delay (2)
------------------------------
 There are 2 input ports with no input delay specified. (HIGH)

 There are 0 input ports with no input delay but user has a false path constraint.


6. checking no_output_delay (3)
-------------------------------
 There are 3 ports with no output delay specified. (HIGH)

 There are 0 ports with no output delay but user has a false path constraint

 There are 0 ports with no output delay but with a timing clock defined on it or propagating through it


7. checking multiple_clock (0)
------------------------------
 There are 0 register/latch pins with multiple clocks.


8. checking generated_clocks (0)
--------------------------------
 There are 0 generated clocks that are not connected to a clock source.


9. checking loops (32)
----------------------
 There are 32 combinational loops in the design. (HIGH)


10. checking partial_input_delay (0)
------------------------------------
 There are 0 input ports with partial input delay specified.


11. checking partial_output_delay (0)
-------------------------------------
 There are 0 ports with partial output delay specified.


12. checking latch_loops (0)
----------------------------
 There are 0 combinational latch loops in the design through latch input



------------------------------------------------------------------------------------------------
| Design Timing Summary
| ---------------------
------------------------------------------------------------------------------------------------

    WNS(ns)      TNS(ns)  TNS Failing Endpoints  TNS Total Endpoints      WHS(ns)      THS(ns)  THS Failing Endpoints  THS Total Endpoints     WPWS(ns)     TPWS(ns)  TPWS Failing Endpoints  TPWS Total Endpoints  
    -------      -------  ---------------------  -------------------      -------      -------  ---------------------  -------------------     --------     --------  ----------------------  --------------------  
      0.562        0.000                      0                58581        0.045        0.000                      0                58581        3.870        0.000                       0                 20214  


All user specified timing constraints are met.


------------------------------------------------------------------------------------------------
| Clock Summary
| -------------
------------------------------------------------------------------------------------------------

Clock               Waveform(ns)       Period(ns)      Frequency(MHz)
-----               ------------       ----------      --------------
clk_in_50           {0.000 10.000}     20.000          50.000          
  clk_100_raw       {0.000 5.000}      10.000          100.000         
  pll_feedback_raw  {0.000 10.000}     20.000          50.000          


------------------------------------------------------------------------------------------------
| Intra Clock Table
| -----------------
------------------------------------------------------------------------------------------------

Clock                   WNS(ns)      TNS(ns)  TNS Failing Endpoints  TNS Total Endpoints      WHS(ns)      THS(ns)  THS Failing Endpoints  THS Total Endpoints     WPWS(ns)     TPWS(ns)  TPWS Failing Endpoints  TPWS Total Endpoints  
-----                   -------      -------  ---------------------  -------------------      -------      -------  ---------------------  -------------------     --------     --------  ----------------------  --------------------  
clk_in_50                                                                                                                                                             7.000        0.000                       0                     1  
  clk_100_raw             0.562        0.000                      0                50087        0.045        0.000                      0                50087        3.870        0.000                       0                 20210  
  pll_feedback_raw                                                                                                                                                   18.408        0.000                       0                     3  


------------------------------------------------------------------------------------------------
| Inter Clock Table
| -----------------
------------------------------------------------------------------------------------------------

From Clock    To Clock          WNS(ns)      TNS(ns)  TNS Failing Endpoints  TNS Total Endpoints      WHS(ns)      THS(ns)  THS Failing Endpoints  THS Total Endpoints  
----------    --------          -------      -------  ---------------------  -------------------      -------      -------  ---------------------  -------------------  


------------------------------------------------------------------------------------------------
| Other Path Groups Table
| -----------------------
------------------------------------------------------------------------------------------------

Path Group         From Clock         To Clock               WNS(ns)      TNS(ns)  TNS Failing Endpoints  TNS Total Endpoints      WHS(ns)      THS(ns)  THS Failing Endpoints  THS Total Endpoints  
----------         ----------         --------               -------      -------  ---------------------  -------------------      -------      -------  ---------------------  -------------------  
**async_default**  clk_100_raw        clk_100_raw              1.583        0.000                      0                 8494        0.714        0.000                      0                 8494  


------------------------------------------------------------------------------------------------
| User Ignored Path Table
| -----------------------
------------------------------------------------------------------------------------------------

Path Group    From Clock    To Clock    
----------    ----------    --------    


------------------------------------------------------------------------------------------------
| Unconstrained Path Table
| ------------------------
------------------------------------------------------------------------------------------------

Path Group        From Clock        To Clock        
----------        ----------        --------        
(none)                                                
(none)            clk_100_raw                         
(none)            pll_feedback_raw                    
(none)                              clk_100_raw       


------------------------------------------------------------------------------------------------
| Timing Details
| --------------
------------------------------------------------------------------------------------------------


---------------------------------------------------------------------------------------------------
From Clock:  clk_in_50
  To Clock:  clk_in_50

Setup :           NA  Failing Endpoints,  Worst Slack           NA  ,  Total Violation           NA
Hold  :           NA  Failing Endpoints,  Worst Slack           NA  ,  Total Violation           NA
PW    :            0  Failing Endpoints,  Worst Slack        7.000ns,  Total Violation        0.000ns
---------------------------------------------------------------------------------------------------


Pulse Width Checks
--------------------------------------------------------------------------------------
Clock Name:         clk_in_50
Waveform(ns):       { 0.000 10.000 }
Period(ns):         20.000
Sources:            { CLK50MHZ }

Check Type        Corner  Lib Pin           Reference Pin  Required(ns)  Actual(ns)  Slack(ns)  Location        Pin
Min Period        n/a     PLLE2_ADV/CLKIN1  n/a            1.249         20.000      18.751     PLLE2_ADV_X1Y1  u_pll/CLKIN1
Max Period        n/a     PLLE2_ADV/CLKIN1  n/a            52.633        20.000      32.633     PLLE2_ADV_X1Y1  u_pll/CLKIN1
Low Pulse Width   Fast    PLLE2_ADV/CLKIN1  n/a            3.000         10.000      7.000      PLLE2_ADV_X1Y1  u_pll/CLKIN1
Low Pulse Width   Slow    PLLE2_ADV/CLKIN1  n/a            3.000         10.000      7.000      PLLE2_ADV_X1Y1  u_pll/CLKIN1
High Pulse Width  Slow    PLLE2_ADV/CLKIN1  n/a            3.000         10.000      7.000      PLLE2_ADV_X1Y1  u_pll/CLKIN1
High Pulse Width  Fast    PLLE2_ADV/CLKIN1  n/a            3.000         10.000      7.000      PLLE2_ADV_X1Y1  u_pll/CLKIN1



---------------------------------------------------------------------------------------------------
From Clock:  clk_100_raw
  To Clock:  clk_100_raw

Setup :            0  Failing Endpoints,  Worst Slack        0.562ns,  Total Violation        0.000ns
Hold  :            0  Failing Endpoints,  Worst Slack        0.045ns,  Total Violation        0.000ns
PW    :            0  Failing Endpoints,  Worst Slack        3.870ns,  Total Violation        0.000ns
---------------------------------------------------------------------------------------------------


Max Delay Paths
--------------------------------------------------------------------------------------
Slack (MET) :             0.562ns  (required time - arrival time)
  Source:                 u_core/u_edge/u_server/hash/ofifo1_inst/inst/wr_ptr_reg[3]/C
                            (rising edge-triggered cell FDRE clocked by clk_100_raw  {rise@0.000ns fall@5.000ns period=10.000ns})
  Destination:            u_core/u_edge/u_server/hash/sponge/base_state_reg[1060]/R
                            (rising edge-triggered cell FDRE clocked by clk_100_raw  {rise@0.000ns fall@5.000ns period=10.000ns})
  Path Group:             clk_100_raw
  Path Type:              Setup (Max at Slow Process Corner)
  Requirement:            10.000ns  (clk_100_raw rise@10.000ns - clk_100_raw rise@0.000ns)
  Data Path Delay:        8.583ns  (logic 1.499ns (17.464%)  route 7.084ns (82.536%))
  Logic Levels:           9  (LUT2=1 LUT3=1 LUT4=1 LUT6=6)
  Clock Path Skew:        -0.223ns (DCD - SCD + CPR)
    Destination Clock Delay (DCD):    -1.588ns = ( 8.412 - 10.000 ) 
    Source Clock Delay      (SCD):    -1.915ns
    Clock Pessimism Removal (CPR):    -0.550ns
  Clock Uncertainty:      0.047ns  ((TSJ^2 + DJ^2)^1/2) / 2 + PE
    Total System Jitter     (TSJ):    0.071ns
    Discrete Jitter          (DJ):    0.063ns
    Phase Error              (PE):    0.000ns

    Location             Delay type                Incr(ns)  Path(ns)    Netlist Resource(s)
  -------------------------------------------------------------------    -------------------
                         (clock clk_100_raw rise edge)
                                                      0.000     0.000 r  
    N18                                               0.000     0.000 r  CLK50MHZ (IN)
                         net (fo=0)                   0.000     0.000    CLK50MHZ
    N18                  IBUF (Prop_ibuf_I_O)         1.392     1.392 r  CLK50MHZ_IBUF_inst/O
                         net (fo=1, routed)           1.126     2.518    CLK50MHZ_IBUF
    PLLE2_ADV_X1Y1       PLLE2_ADV (Prop_plle2_adv_CLKIN1_CLKOUT0)
                                                     -7.569    -5.051 r  u_pll/CLKOUT0
                         net (fo=1, routed)           1.594    -3.457    clk_100_raw
    BUFGCTRL_X0Y16       BUFG (Prop_bufg_I_O)         0.085    -3.372 r  u_clk_100_bufg/O
                         net (fo=20208, routed)       1.457    -1.915    u_core/u_edge/u_server/hash/ofifo1_inst/inst/clk_100
    SLICE_X78Y17         FDRE                                         r  u_core/u_edge/u_server/hash/ofifo1_inst/inst/wr_ptr_reg[3]/C
  -------------------------------------------------------------------    -------------------
    SLICE_X78Y17         FDRE (Prop_fdre_C_Q)         0.379    -1.536 r  u_core/u_edge/u_server/hash/ofifo1_inst/inst/wr_ptr_reg[3]/Q
                         net (fo=9, routed)           0.601    -0.935    u_core/u_edge/u_server/hash/ofifo1_inst/inst/Q[3]
    SLICE_X78Y17         LUT4 (Prop_lut4_I0_O)        0.115    -0.820 r  u_core/u_edge/u_server/hash/ofifo1_inst/inst/wr_ptr[8]_i_7__0/O
                         net (fo=1, routed)           0.671    -0.149    u_core/u_edge/u_server/hash/ofifo1_inst/inst/wr_ptr[8]_i_7__0_n_2
    SLICE_X78Y17         LUT6 (Prop_lut6_I4_O)        0.267     0.118 r  u_core/u_edge/u_server/hash/ofifo1_inst/inst/wr_ptr[8]_i_3__0/O
                         net (fo=5, routed)           0.623     0.741    u_core/u_edge/u_server/hash/ofifo0_inst/inst/ofifo1_full
    SLICE_X70Y18         LUT6 (Prop_lut6_I0_O)        0.105     0.846 r  u_core/u_edge/u_server/hash/ofifo0_inst/inst/state[5]_i_14/O
                         net (fo=4, routed)           0.619     1.464    u_core/u_edge/u_server/hash/ofifo0_inst/inst/state[5]_i_14_n_2
    SLICE_X70Y21         LUT6 (Prop_lut6_I2_O)        0.105     1.569 f  u_core/u_edge/u_server/hash/ofifo0_inst/inst/state[0]_i_2__1/O
                         net (fo=1, routed)           0.438     2.008    u_core/u_edge/u_server/hash/ofifo0_inst/inst/state[0]_i_2__1_n_2
    SLICE_X70Y22         LUT6 (Prop_lut6_I0_O)        0.105     2.113 r  u_core/u_edge/u_server/hash/ofifo0_inst/inst/state[0]_i_1__2/O
                         net (fo=6, routed)           0.672     2.784    u_core/u_edge/u_server/hash/ofifo0_inst/inst/state_reg[5]
    SLICE_X71Y24         LUT6 (Prop_lut6_I0_O)        0.105     2.889 f  u_core/u_edge/u_server/hash/ofifo0_inst/inst/group_eta3_i_5/O
                         net (fo=3, routed)           0.400     3.290    u_core/u_edge/u_server/hash/ofifo0_inst/inst/group_eta3_i_5_n_2
    SLICE_X68Y25         LUT6 (Prop_lut6_I0_O)        0.105     3.395 r  u_core/u_edge/u_server/hash/ofifo0_inst/inst/ready_flag_i_2/O
                         net (fo=5, routed)           0.374     3.769    u_core/u_edge/u_server/ntt/init_clears
    SLICE_X71Y25         LUT2 (Prop_lut2_I1_O)        0.105     3.874 r  u_core/u_edge/u_server/ntt/mode_latched[1]_i_3/O
                         net (fo=7, routed)           1.078     4.953    u_core/u_edge/u_control/u_scrub/squeeze_reg_reg[0]
    SLICE_X68Y43         LUT3 (Prop_lut3_I2_O)        0.108     5.061 r  u_core/u_edge/u_control/u_scrub/block_perm_src[1599]_i_1/O
                         net (fo=3200, routed)        1.608     6.668    u_core/u_edge/u_server/hash/sponge/block_perm_src_reg[1599]_0[0]
    SLICE_X46Y57         FDRE                                         r  u_core/u_edge/u_server/hash/sponge/base_state_reg[1060]/R
  -------------------------------------------------------------------    -------------------

                         (clock clk_100_raw rise edge)
                                                     10.000    10.000 r  
    N18                                               0.000    10.000 r  CLK50MHZ (IN)
                         net (fo=0)                   0.000    10.000    CLK50MHZ
    N18                  IBUF (Prop_ibuf_I_O)         1.327    11.327 r  CLK50MHZ_IBUF_inst/O
                         net (fo=1, routed)           1.019    12.345    CLK50MHZ_IBUF
    PLLE2_ADV_X1Y1       PLLE2_ADV (Prop_plle2_adv_CLKIN1_CLKOUT0)
                                                     -6.696     5.650 r  u_pll/CLKOUT0
                         net (fo=1, routed)           1.451     7.101    clk_100_raw
    BUFGCTRL_X0Y16       BUFG (Prop_bufg_I_O)         0.077     7.178 r  u_clk_100_bufg/O
                         net (fo=20208, routed)       1.234     8.412    u_core/u_edge/u_server/hash/sponge/clk_100
    SLICE_X46Y57         FDRE                                         r  u_core/u_edge/u_server/hash/sponge/base_state_reg[1060]/C
                         clock pessimism             -0.550     7.862    
                         clock uncertainty           -0.047     7.815    
    SLICE_X46Y57         FDRE (Setup_fdre_C_R)       -0.585     7.230    u_core/u_edge/u_server/hash/sponge/base_state_reg[1060]
  -------------------------------------------------------------------
                         required time                          7.230    
                         arrival time                          -6.668    
  -------------------------------------------------------------------
                         slack                                  0.562    

Slack (MET) :             0.562ns  (required time - arrival time)
  Source:                 u_core/u_edge/u_server/hash/ofifo1_inst/inst/wr_ptr_reg[3]/C
                            (rising edge-triggered cell FDRE clocked by clk_100_raw  {rise@0.000ns fall@5.000ns period=10.000ns})
  Destination:            u_core/u_edge/u_server/hash/sponge/base_state_reg[1062]/R
                            (rising edge-triggered cell FDRE clocked by clk_100_raw  {rise@0.000ns fall@5.000ns period=10.000ns})
  Path Group:             clk_100_raw
  Path Type:              Setup (Max at Slow Process Corner)
  Requirement:            10.000ns  (clk_100_raw rise@10.000ns - clk_100_raw rise@0.000ns)
  Data Path Delay:        8.583ns  (logic 1.499ns (17.464%)  route 7.084ns (82.536%))
  Logic Levels:           9  (LUT2=1 LUT3=1 LUT4=1 LUT6=6)
  Clock Path Skew:        -0.223ns (DCD - SCD + CPR)
    Destination Clock Delay (DCD):    -1.588ns = ( 8.412 - 10.000 ) 
    Source Clock Delay      (SCD):    -1.915ns
    Clock Pessimism Removal (CPR):    -0.550ns
  Clock Uncertainty:      0.047ns  ((TSJ^2 + DJ^2)^1/2) / 2 + PE
    Total System Jitter     (TSJ):    0.071ns
    Discrete Jitter          (DJ):    0.063ns
    Phase Error              (PE):    0.000ns

    Location             Delay type                Incr(ns)  Path(ns)    Netlist Resource(s)
  -------------------------------------------------------------------    -------------------
                         (clock clk_100_raw rise edge)
                                                      0.000     0.000 r  
    N18                                               0.000     0.000 r  CLK50MHZ (IN)
                         net (fo=0)                   0.000     0.000    CLK50MHZ
    N18                  IBUF (Prop_ibuf_I_O)         1.392     1.392 r  CLK50MHZ_IBUF_inst/O
                         net (fo=1, routed)           1.126     2.518    CLK50MHZ_IBUF
    PLLE2_ADV_X1Y1       PLLE2_ADV (Prop_plle2_adv_CLKIN1_CLKOUT0)
                                                     -7.569    -5.051 r  u_pll/CLKOUT0
                         net (fo=1, routed)           1.594    -3.457    clk_100_raw
    BUFGCTRL_X0Y16       BUFG (Prop_bufg_I_O)         0.085    -3.372 r  u_clk_100_bufg/O
                         net (fo=20208, routed)       1.457    -1.915    u_core/u_edge/u_server/hash/ofifo1_inst/inst/clk_100
    SLICE_X78Y17         FDRE                                         r  u_core/u_edge/u_server/hash/ofifo1_inst/inst/wr_ptr_reg[3]/C
  -------------------------------------------------------------------    -------------------
    SLICE_X78Y17         FDRE (Prop_fdre_C_Q)         0.379    -1.536 r  u_core/u_edge/u_server/hash/ofifo1_inst/inst/wr_ptr_reg[3]/Q
                         net (fo=9, routed)           0.601    -0.935    u_core/u_edge/u_server/hash/ofifo1_inst/inst/Q[3]
    SLICE_X78Y17         LUT4 (Prop_lut4_I0_O)        0.115    -0.820 r  u_core/u_edge/u_server/hash/ofifo1_inst/inst/wr_ptr[8]_i_7__0/O
                         net (fo=1, routed)           0.671    -0.149    u_core/u_edge/u_server/hash/ofifo1_inst/inst/wr_ptr[8]_i_7__0_n_2
    SLICE_X78Y17         LUT6 (Prop_lut6_I4_O)        0.267     0.118 r  u_core/u_edge/u_server/hash/ofifo1_inst/inst/wr_ptr[8]_i_3__0/O
                         net (fo=5, routed)           0.623     0.741    u_core/u_edge/u_server/hash/ofifo0_inst/inst/ofifo1_full
    SLICE_X70Y18         LUT6 (Prop_lut6_I0_O)        0.105     0.846 r  u_core/u_edge/u_server/hash/ofifo0_inst/inst/state[5]_i_14/O
                         net (fo=4, routed)           0.619     1.464    u_core/u_edge/u_server/hash/ofifo0_inst/inst/state[5]_i_14_n_2
    SLICE_X70Y21         LUT6 (Prop_lut6_I2_O)        0.105     1.569 f  u_core/u_edge/u_server/hash/ofifo0_inst/inst/state[0]_i_2__1/O
                         net (fo=1, routed)           0.438     2.008    u_core/u_edge/u_server/hash/ofifo0_inst/inst/state[0]_i_2__1_n_2
    SLICE_X70Y22         LUT6 (Prop_lut6_I0_O)        0.105     2.113 r  u_core/u_edge/u_server/hash/ofifo0_inst/inst/state[0]_i_1__2/O
                         net (fo=6, routed)           0.672     2.784    u_core/u_edge/u_server/hash/ofifo0_inst/inst/state_reg[5]
    SLICE_X71Y24         LUT6 (Prop_lut6_I0_O)        0.105     2.889 f  u_core/u_edge/u_server/hash/ofifo0_inst/inst/group_eta3_i_5/O
                         net (fo=3, routed)           0.400     3.290    u_core/u_edge/u_server/hash/ofifo0_inst/inst/group_eta3_i_5_n_2
    SLICE_X68Y25         LUT6 (Prop_lut6_I0_O)        0.105     3.395 r  u_core/u_edge/u_server/hash/ofifo0_inst/inst/ready_flag_i_2/O
                         net (fo=5, routed)           0.374     3.769    u_core/u_edge/u_server/ntt/init_clears
    SLICE_X71Y25         LUT2 (Prop_lut2_I1_O)        0.105     3.874 r  u_core/u_edge/u_server/ntt/mode_latched[1]_i_3/O
                         net (fo=7, routed)           1.078     4.953    u_core/u_edge/u_control/u_scrub/squeeze_reg_reg[0]
    SLICE_X68Y43         LUT3 (Prop_lut3_I2_O)        0.108     5.061 r  u_core/u_edge/u_control/u_scrub/block_perm_src[1599]_i_1/O
                         net (fo=3200, routed)        1.608     6.668    u_core/u_edge/u_server/hash/sponge/block_perm_src_reg[1599]_0[0]
    SLICE_X46Y57         FDRE                                         r  u_core/u_edge/u_server/hash/sponge/base_state_reg[1062]/R
  -------------------------------------------------------------------    -------------------

                         (clock clk_100_raw rise edge)
                                                     10.000    10.000 r  
    N18                                               0.000    10.000 r  CLK50MHZ (IN)
                         net (fo=0)                   0.000    10.000    CLK50MHZ
    N18                  IBUF (Prop_ibuf_I_O)         1.327    11.327 r  CLK50MHZ_IBUF_inst/O
                         net (fo=1, routed)           1.019    12.345    CLK50MHZ_IBUF
    PLLE2_ADV_X1Y1       PLLE2_ADV (Prop_plle2_adv_CLKIN1_CLKOUT0)
                                                     -6.696     5.650 r  u_pll/CLKOUT0
                         net (fo=1, routed)           1.451     7.101    clk_100_raw
    BUFGCTRL_X0Y16       BUFG (Prop_bufg_I_O)         0.077     7.178 r  u_clk_100_bufg/O
                         net (fo=20208, routed)       1.234     8.412    u_core/u_edge/u_server/hash/sponge/clk_100
    SLICE_X46Y57         FDRE                                         r  u_core/u_edge/u_server/hash/sponge/base_state_reg[1062]/C
                         clock pessimism             -0.550     7.862    
                         clock uncertainty           -0.047     7.815    
    SLICE_X46Y57         FDRE (Setup_fdre_C_R)       -0.585     7.230    u_core/u_edge/u_server/hash/sponge/base_state_reg[1062]
  -------------------------------------------------------------------
                         required time                          7.230    
                         arrival time                          -6.668    
  -------------------------------------------------------------------
                         slack                                  0.562    

Slack (MET) :             0.568ns  (required time - arrival time)
  Source:                 u_core/u_edge/u_server/hash/ofifo1_inst/inst/wr_ptr_reg[3]/C
                            (rising edge-triggered cell FDRE clocked by clk_100_raw  {rise@0.000ns fall@5.000ns period=10.000ns})
  Destination:            u_core/u_edge/u_server/hash/sponge/base_state_reg[1254]/R
                            (rising edge-triggered cell FDRE clocked by clk_100_raw  {rise@0.000ns fall@5.000ns period=10.000ns})
  Path Group:             clk_100_raw
  Path Type:              Setup (Max at Slow Process Corner)
  Requirement:            10.000ns  (clk_100_raw rise@10.000ns - clk_100_raw rise@0.000ns)
  Data Path Delay:        8.579ns  (logic 1.499ns (17.473%)  route 7.080ns (82.527%))
  Logic Levels:           9  (LUT2=1 LUT3=1 LUT4=1 LUT6=6)
  Clock Path Skew:        -0.221ns (DCD - SCD + CPR)
    Destination Clock Delay (DCD):    -1.586ns = ( 8.414 - 10.000 ) 
    Source Clock Delay      (SCD):    -1.915ns
    Clock Pessimism Removal (CPR):    -0.550ns
  Clock Uncertainty:      0.047ns  ((TSJ^2 + DJ^2)^1/2) / 2 + PE
    Total System Jitter     (TSJ):    0.071ns
    Discrete Jitter          (DJ):    0.063ns
    Phase Error              (PE):    0.000ns

    Location             Delay type                Incr(ns)  Path(ns)    Netlist Resource(s)
  -------------------------------------------------------------------    -------------------
                         (clock clk_100_raw rise edge)
                                                      0.000     0.000 r  
    N18                                               0.000     0.000 r  CLK50MHZ (IN)
                         net (fo=0)                   0.000     0.000    CLK50MHZ
    N18                  IBUF (Prop_ibuf_I_O)         1.392     1.392 r  CLK50MHZ_IBUF_inst/O
                         net (fo=1, routed)           1.126     2.518    CLK50MHZ_IBUF
    PLLE2_ADV_X1Y1       PLLE2_ADV (Prop_plle2_adv_CLKIN1_CLKOUT0)
                                                     -7.569    -5.051 r  u_pll/CLKOUT0
                         net (fo=1, routed)           1.594    -3.457    clk_100_raw
    BUFGCTRL_X0Y16       BUFG (Prop_bufg_I_O)         0.085    -3.372 r  u_clk_100_bufg/O
                         net (fo=20208, routed)       1.457    -1.915    u_core/u_edge/u_server/hash/ofifo1_inst/inst/clk_100
    SLICE_X78Y17         FDRE                                         r  u_core/u_edge/u_server/hash/ofifo1_inst/inst/wr_ptr_reg[3]/C
  -------------------------------------------------------------------    -------------------
    SLICE_X78Y17         FDRE (Prop_fdre_C_Q)         0.379    -1.536 r  u_core/u_edge/u_server/hash/ofifo1_inst/inst/wr_ptr_reg[3]/Q
                         net (fo=9, routed)           0.601    -0.935    u_core/u_edge/u_server/hash/ofifo1_inst/inst/Q[3]
    SLICE_X78Y17         LUT4 (Prop_lut4_I0_O)        0.115    -0.820 r  u_core/u_edge/u_server/hash/ofifo1_inst/inst/wr_ptr[8]_i_7__0/O
                         net (fo=1, routed)           0.671    -0.149    u_core/u_edge/u_server/hash/ofifo1_inst/inst/wr_ptr[8]_i_7__0_n_2
    SLICE_X78Y17         LUT6 (Prop_lut6_I4_O)        0.267     0.118 r  u_core/u_edge/u_server/hash/ofifo1_inst/inst/wr_ptr[8]_i_3__0/O
                         net (fo=5, routed)           0.623     0.741    u_core/u_edge/u_server/hash/ofifo0_inst/inst/ofifo1_full
    SLICE_X70Y18         LUT6 (Prop_lut6_I0_O)        0.105     0.846 r  u_core/u_edge/u_server/hash/ofifo0_inst/inst/state[5]_i_14/O
                         net (fo=4, routed)           0.619     1.464    u_core/u_edge/u_server/hash/ofifo0_inst/inst/state[5]_i_14_n_2
    SLICE_X70Y21         LUT6 (Prop_lut6_I2_O)        0.105     1.569 f  u_core/u_edge/u_server/hash/ofifo0_inst/inst/state[0]_i_2__1/O
                         net (fo=1, routed)           0.438     2.008    u_core/u_edge/u_server/hash/ofifo0_inst/inst/state[0]_i_2__1_n_2
    SLICE_X70Y22         LUT6 (Prop_lut6_I0_O)        0.105     2.113 r  u_core/u_edge/u_server/hash/ofifo0_inst/inst/state[0]_i_1__2/O
                         net (fo=6, routed)           0.672     2.784    u_core/u_edge/u_server/hash/ofifo0_inst/inst/state_reg[5]
    SLICE_X71Y24         LUT6 (Prop_lut6_I0_O)        0.105     2.889 f  u_core/u_edge/u_server/hash/ofifo0_inst/inst/group_eta3_i_5/O
                         net (fo=3, routed)           0.400     3.290    u_core/u_edge/u_server/hash/ofifo0_inst/inst/group_eta3_i_5_n_2
    SLICE_X68Y25         LUT6 (Prop_lut6_I0_O)        0.105     3.395 r  u_core/u_edge/u_server/hash/ofifo0_inst/inst/ready_flag_i_2/O
                         net (fo=5, routed)           0.374     3.769    u_core/u_edge/u_server/ntt/init_clears
    SLICE_X71Y25         LUT2 (Prop_lut2_I1_O)        0.105     3.874 r  u_core/u_edge/u_server/ntt/mode_latched[1]_i_3/O
                         net (fo=7, routed)           1.078     4.953    u_core/u_edge/u_control/u_scrub/squeeze_reg_reg[0]
    SLICE_X68Y43         LUT3 (Prop_lut3_I2_O)        0.108     5.061 r  u_core/u_edge/u_control/u_scrub/block_perm_src[1599]_i_1/O
                         net (fo=3200, routed)        1.604     6.664    u_core/u_edge/u_server/hash/sponge/block_perm_src_reg[1599]_0[0]
    SLICE_X38Y53         FDRE                                         r  u_core/u_edge/u_server/hash/sponge/base_state_reg[1254]/R
  -------------------------------------------------------------------    -------------------

                         (clock clk_100_raw rise edge)
                                                     10.000    10.000 r  
    N18                                               0.000    10.000 r  CLK50MHZ (IN)
                         net (fo=0)                   0.000    10.000    CLK50MHZ
    N18                  IBUF (Prop_ibuf_I_O)         1.327    11.327 r  CLK50MHZ_IBUF_inst/O
                         net (fo=1, routed)           1.019    12.345    CLK50MHZ_IBUF
    PLLE2_ADV_X1Y1       PLLE2_ADV (Prop_plle2_adv_CLKIN1_CLKOUT0)
                                                     -6.696     5.650 r  u_pll/CLKOUT0
                         net (fo=1, routed)           1.451     7.101    clk_100_raw
    BUFGCTRL_X0Y16       BUFG (Prop_bufg_I_O)         0.077     7.178 r  u_clk_100_bufg/O
                         net (fo=20208, routed)       1.236     8.414    u_core/u_edge/u_server/hash/sponge/clk_100
    SLICE_X38Y53         FDRE                                         r  u_core/u_edge/u_server/hash/sponge/base_state_reg[1254]/C
                         clock pessimism             -0.550     7.864    
                         clock uncertainty           -0.047     7.817    
    SLICE_X38Y53         FDRE (Setup_fdre_C_R)       -0.585     7.232    u_core/u_edge/u_server/hash/sponge/base_state_reg[1254]
  -------------------------------------------------------------------
                         required time                          7.232    
                         arrival time                          -6.664    
  -------------------------------------------------------------------
                         slack                                  0.568    

Slack (MET) :             0.597ns  (required time - arrival time)
  Source:                 u_core/u_edge/u_server/hash/ofifo1_inst/inst/wr_ptr_reg[3]/C
                            (rising edge-triggered cell FDRE clocked by clk_100_raw  {rise@0.000ns fall@5.000ns period=10.000ns})
  Destination:            u_core/u_edge/u_server/hash/sponge/base_state_reg[1382]/R
                            (rising edge-triggered cell FDRE clocked by clk_100_raw  {rise@0.000ns fall@5.000ns period=10.000ns})
  Path Group:             clk_100_raw
  Path Type:              Setup (Max at Slow Process Corner)
  Requirement:            10.000ns  (clk_100_raw rise@10.000ns - clk_100_raw rise@0.000ns)
  Data Path Delay:        8.550ns  (logic 1.499ns (17.532%)  route 7.051ns (82.468%))
  Logic Levels:           9  (LUT2=1 LUT3=1 LUT4=1 LUT6=6)
  Clock Path Skew:        -0.221ns (DCD - SCD + CPR)
    Destination Clock Delay (DCD):    -1.586ns = ( 8.414 - 10.000 ) 
    Source Clock Delay      (SCD):    -1.915ns
    Clock Pessimism Removal (CPR):    -0.550ns
  Clock Uncertainty:      0.047ns  ((TSJ^2 + DJ^2)^1/2) / 2 + PE
    Total System Jitter     (TSJ):    0.071ns
    Discrete Jitter          (DJ):    0.063ns
    Phase Error              (PE):    0.000ns

    Location             Delay type                Incr(ns)  Path(ns)    Netlist Resource(s)
  -------------------------------------------------------------------    -------------------
                         (clock clk_100_raw rise edge)
                                                      0.000     0.000 r  
    N18                                               0.000     0.000 r  CLK50MHZ (IN)
                         net (fo=0)                   0.000     0.000    CLK50MHZ
    N18                  IBUF (Prop_ibuf_I_O)         1.392     1.392 r  CLK50MHZ_IBUF_inst/O
                         net (fo=1, routed)           1.126     2.518    CLK50MHZ_IBUF
    PLLE2_ADV_X1Y1       PLLE2_ADV (Prop_plle2_adv_CLKIN1_CLKOUT0)
                                                     -7.569    -5.051 r  u_pll/CLKOUT0
                         net (fo=1, routed)           1.594    -3.457    clk_100_raw
    BUFGCTRL_X0Y16       BUFG (Prop_bufg_I_O)         0.085    -3.372 r  u_clk_100_bufg/O
                         net (fo=20208, routed)       1.457    -1.915    u_core/u_edge/u_server/hash/ofifo1_inst/inst/clk_100
    SLICE_X78Y17         FDRE                                         r  u_core/u_edge/u_server/hash/ofifo1_inst/inst/wr_ptr_reg[3]/C
  -------------------------------------------------------------------    -------------------
    SLICE_X78Y17         FDRE (Prop_fdre_C_Q)         0.379    -1.536 r  u_core/u_edge/u_server/hash/ofifo1_inst/inst/wr_ptr_reg[3]/Q
                         net (fo=9, routed)           0.601    -0.935    u_core/u_edge/u_server/hash/ofifo1_inst/inst/Q[3]
    SLICE_X78Y17         LUT4 (Prop_lut4_I0_O)        0.115    -0.820 r  u_core/u_edge/u_server/hash/ofifo1_inst/inst/wr_ptr[8]_i_7__0/O
                         net (fo=1, routed)           0.671    -0.149    u_core/u_edge/u_server/hash/ofifo1_inst/inst/wr_ptr[8]_i_7__0_n_2
    SLICE_X78Y17         LUT6 (Prop_lut6_I4_O)        0.267     0.118 r  u_core/u_edge/u_server/hash/ofifo1_inst/inst/wr_ptr[8]_i_3__0/O
                         net (fo=5, routed)           0.623     0.741    u_core/u_edge/u_server/hash/ofifo0_inst/inst/ofifo1_full
    SLICE_X70Y18         LUT6 (Prop_lut6_I0_O)        0.105     0.846 r  u_core/u_edge/u_server/hash/ofifo0_inst/inst/state[5]_i_14/O
                         net (fo=4, routed)           0.619     1.464    u_core/u_edge/u_server/hash/ofifo0_inst/inst/state[5]_i_14_n_2
    SLICE_X70Y21         LUT6 (Prop_lut6_I2_O)        0.105     1.569 f  u_core/u_edge/u_server/hash/ofifo0_inst/inst/state[0]_i_2__1/O
                         net (fo=1, routed)           0.438     2.008    u_core/u_edge/u_server/hash/ofifo0_inst/inst/state[0]_i_2__1_n_2
    SLICE_X70Y22         LUT6 (Prop_lut6_I0_O)        0.105     2.113 r  u_core/u_edge/u_server/hash/ofifo0_inst/inst/state[0]_i_1__2/O
                         net (fo=6, routed)           0.672     2.784    u_core/u_edge/u_server/hash/ofifo0_inst/inst/state_reg[5]
    SLICE_X71Y24         LUT6 (Prop_lut6_I0_O)        0.105     2.889 f  u_core/u_edge/u_server/hash/ofifo0_inst/inst/group_eta3_i_5/O
                         net (fo=3, routed)           0.400     3.290    u_core/u_edge/u_server/hash/ofifo0_inst/inst/group_eta3_i_5_n_2
    SLICE_X68Y25         LUT6 (Prop_lut6_I0_O)        0.105     3.395 r  u_core/u_edge/u_server/hash/ofifo0_inst/inst/ready_flag_i_2/O
                         net (fo=5, routed)           0.374     3.769    u_core/u_edge/u_server/ntt/init_clears
    SLICE_X71Y25         LUT2 (Prop_lut2_I1_O)        0.105     3.874 r  u_core/u_edge/u_server/ntt/mode_latched[1]_i_3/O
                         net (fo=7, routed)           1.078     4.953    u_core/u_edge/u_control/u_scrub/squeeze_reg_reg[0]
    SLICE_X68Y43         LUT3 (Prop_lut3_I2_O)        0.108     5.061 r  u_core/u_edge/u_control/u_scrub/block_perm_src[1599]_i_1/O
                         net (fo=3200, routed)        1.575     6.635    u_core/u_edge/u_server/hash/sponge/block_perm_src_reg[1599]_0[0]
    SLICE_X38Y52         FDRE                                         r  u_core/u_edge/u_server/hash/sponge/base_state_reg[1382]/R
  -------------------------------------------------------------------    -------------------

                         (clock clk_100_raw rise edge)
                                                     10.000    10.000 r  
    N18                                               0.000    10.000 r  CLK50MHZ (IN)
                         net (fo=0)                   0.000    10.000    CLK50MHZ
    N18                  IBUF (Prop_ibuf_I_O)         1.327    11.327 r  CLK50MHZ_IBUF_inst/O
                         net (fo=1, routed)           1.019    12.345    CLK50MHZ_IBUF
    PLLE2_ADV_X1Y1       PLLE2_ADV (Prop_plle2_adv_CLKIN1_CLKOUT0)
                                                     -6.696     5.650 r  u_pll/CLKOUT0
                         net (fo=1, routed)           1.451     7.101    clk_100_raw
    BUFGCTRL_X0Y16       BUFG (Prop_bufg_I_O)         0.077     7.178 r  u_clk_100_bufg/O
                         net (fo=20208, routed)       1.236     8.414    u_core/u_edge/u_server/hash/sponge/clk_100
    SLICE_X38Y52         FDRE                                         r  u_core/u_edge/u_server/hash/sponge/base_state_reg[1382]/C
                         clock pessimism             -0.550     7.864    
                         clock uncertainty           -0.047     7.817    
    SLICE_X38Y52         FDRE (Setup_fdre_C_R)       -0.585     7.232    u_core/u_edge/u_server/hash/sponge/base_state_reg[1382]
  -------------------------------------------------------------------
                         required time                          7.232    
                         arrival time                          -6.635    
  -------------------------------------------------------------------
                         slack                                  0.597    

Slack (MET) :             0.597ns  (required time - arrival time)
  Source:                 u_core/u_edge/u_server/hash/ofifo1_inst/inst/wr_ptr_reg[3]/C
                            (rising edge-triggered cell FDRE clocked by clk_100_raw  {rise@0.000ns fall@5.000ns period=10.000ns})
  Destination:            u_core/u_edge/u_server/hash/sponge/base_state_reg[1446]/R
                            (rising edge-triggered cell FDRE clocked by clk_100_raw  {rise@0.000ns fall@5.000ns period=10.000ns})
  Path Group:             clk_100_raw
  Path Type:              Setup (Max at Slow Process Corner)
  Requirement:            10.000ns  (clk_100_raw rise@10.000ns - clk_100_raw rise@0.000ns)
  Data Path Delay:        8.550ns  (logic 1.499ns (17.532%)  route 7.051ns (82.468%))
  Logic Levels:           9  (LUT2=1 LUT3=1 LUT4=1 LUT6=6)
  Clock Path Skew:        -0.221ns (DCD - SCD + CPR)
    Destination Clock Delay (DCD):    -1.586ns = ( 8.414 - 10.000 ) 
    Source Clock Delay      (SCD):    -1.915ns
    Clock Pessimism Removal (CPR):    -0.550ns
  Clock Uncertainty:      0.047ns  ((TSJ^2 + DJ^2)^1/2) / 2 + PE
    Total System Jitter     (TSJ):    0.071ns
    Discrete Jitter          (DJ):    0.063ns
    Phase Error              (PE):    0.000ns

    Location             Delay type                Incr(ns)  Path(ns)    Netlist Resource(s)
  -------------------------------------------------------------------    -------------------
                         (clock clk_100_raw rise edge)
                                                      0.000     0.000 r  
    N18                                               0.000     0.000 r  CLK50MHZ (IN)
                         net (fo=0)                   0.000     0.000    CLK50MHZ
    N18                  IBUF (Prop_ibuf_I_O)         1.392     1.392 r  CLK50MHZ_IBUF_inst/O
                         net (fo=1, routed)           1.126     2.518    CLK50MHZ_IBUF
    PLLE2_ADV_X1Y1       PLLE2_ADV (Prop_plle2_adv_CLKIN1_CLKOUT0)
                                                     -7.569    -5.051 r  u_pll/CLKOUT0
                         net (fo=1, routed)           1.594    -3.457    clk_100_raw
    BUFGCTRL_X0Y16       BUFG (Prop_bufg_I_O)         0.085    -3.372 r  u_clk_100_bufg/O
                         net (fo=20208, routed)       1.457    -1.915    u_core/u_edge/u_server/hash/ofifo1_inst/inst/clk_100
    SLICE_X78Y17         FDRE                                         r  u_core/u_edge/u_server/hash/ofifo1_inst/inst/wr_ptr_reg[3]/C
  -------------------------------------------------------------------    -------------------
    SLICE_X78Y17         FDRE (Prop_fdre_C_Q)         0.379    -1.536 r  u_core/u_edge/u_server/hash/ofifo1_inst/inst/wr_ptr_reg[3]/Q
                         net (fo=9, routed)           0.601    -0.935    u_core/u_edge/u_server/hash/ofifo1_inst/inst/Q[3]
    SLICE_X78Y17         LUT4 (Prop_lut4_I0_O)        0.115    -0.820 r  u_core/u_edge/u_server/hash/ofifo1_inst/inst/wr_ptr[8]_i_7__0/O
                         net (fo=1, routed)           0.671    -0.149    u_core/u_edge/u_server/hash/ofifo1_inst/inst/wr_ptr[8]_i_7__0_n_2
    SLICE_X78Y17         LUT6 (Prop_lut6_I4_O)        0.267     0.118 r  u_core/u_edge/u_server/hash/ofifo1_inst/inst/wr_ptr[8]_i_3__0/O
                         net (fo=5, routed)           0.623     0.741    u_core/u_edge/u_server/hash/ofifo0_inst/inst/ofifo1_full
    SLICE_X70Y18         LUT6 (Prop_lut6_I0_O)        0.105     0.846 r  u_core/u_edge/u_server/hash/ofifo0_inst/inst/state[5]_i_14/O
                         net (fo=4, routed)           0.619     1.464    u_core/u_edge/u_server/hash/ofifo0_inst/inst/state[5]_i_14_n_2
    SLICE_X70Y21         LUT6 (Prop_lut6_I2_O)        0.105     1.569 f  u_core/u_edge/u_server/hash/ofifo0_inst/inst/state[0]_i_2__1/O
                         net (fo=1, routed)           0.438     2.008    u_core/u_edge/u_server/hash/ofifo0_inst/inst/state[0]_i_2__1_n_2
    SLICE_X70Y22         LUT6 (Prop_lut6_I0_O)        0.105     2.113 r  u_core/u_edge/u_server/hash/ofifo0_inst/inst/state[0]_i_1__2/O
                         net (fo=6, routed)           0.672     2.784    u_core/u_edge/u_server/hash/ofifo0_inst/inst/state_reg[5]
    SLICE_X71Y24         LUT6 (Prop_lut6_I0_O)        0.105     2.889 f  u_core/u_edge/u_server/hash/ofifo0_inst/inst/group_eta3_i_5/O
                         net (fo=3, routed)           0.400     3.290    u_core/u_edge/u_server/hash/ofifo0_inst/inst/group_eta3_i_5_n_2
    SLICE_X68Y25         LUT6 (Prop_lut6_I0_O)        0.105     3.395 r  u_core/u_edge/u_server/hash/ofifo0_inst/inst/ready_flag_i_2/O
                         net (fo=5, routed)           0.374     3.769    u_core/u_edge/u_server/ntt/init_clears
    SLICE_X71Y25         LUT2 (Prop_lut2_I1_O)        0.105     3.874 r  u_core/u_edge/u_server/ntt/mode_latched[1]_i_3/O
                         net (fo=7, routed)           1.078     4.953    u_core/u_edge/u_control/u_scrub/squeeze_reg_reg[0]
    SLICE_X68Y43         LUT3 (Prop_lut3_I2_O)        0.108     5.061 r  u_core/u_edge/u_control/u_scrub/block_perm_src[1599]_i_1/O
                         net (fo=3200, routed)        1.575     6.635    u_core/u_edge/u_server/hash/sponge/block_perm_src_reg[1599]_0[0]
    SLICE_X38Y52         FDRE                                         r  u_core/u_edge/u_server/hash/sponge/base_state_reg[1446]/R
  -------------------------------------------------------------------    -------------------

                         (clock clk_100_raw rise edge)
                                                     10.000    10.000 r  
    N18                                               0.000    10.000 r  CLK50MHZ (IN)
                         net (fo=0)                   0.000    10.000    CLK50MHZ
    N18                  IBUF (Prop_ibuf_I_O)         1.327    11.327 r  CLK50MHZ_IBUF_inst/O
                         net (fo=1, routed)           1.019    12.345    CLK50MHZ_IBUF
    PLLE2_ADV_X1Y1       PLLE2_ADV (Prop_plle2_adv_CLKIN1_CLKOUT0)
                                                     -6.696     5.650 r  u_pll/CLKOUT0
                         net (fo=1, routed)           1.451     7.101    clk_100_raw
    BUFGCTRL_X0Y16       BUFG (Prop_bufg_I_O)         0.077     7.178 r  u_clk_100_bufg/O
                         net (fo=20208, routed)       1.236     8.414    u_core/u_edge/u_server/hash/sponge/clk_100
    SLICE_X38Y52         FDRE                                         r  u_core/u_edge/u_server/hash/sponge/base_state_reg[1446]/C
                         clock pessimism             -0.550     7.864    
                         clock uncertainty           -0.047     7.817    
    SLICE_X38Y52         FDRE (Setup_fdre_C_R)       -0.585     7.232    u_core/u_edge/u_server/hash/sponge/base_state_reg[1446]
  -------------------------------------------------------------------
                         required time                          7.232    
                         arrival time                          -6.635    
  -------------------------------------------------------------------
                         slack                                  0.597    

Slack (MET) :             0.597ns  (required time - arrival time)
  Source:                 u_core/u_edge/u_server/hash/ofifo1_inst/inst/wr_ptr_reg[3]/C
                            (rising edge-triggered cell FDRE clocked by clk_100_raw  {rise@0.000ns fall@5.000ns period=10.000ns})
  Destination:            u_core/u_edge/u_server/hash/sponge/base_state_reg[1479]/R
                            (rising edge-triggered cell FDRE clocked by clk_100_raw  {rise@0.000ns fall@5.000ns period=10.000ns})
  Path Group:             clk_100_raw
  Path Type:              Setup (Max at Slow Process Corner)
  Requirement:            10.000ns  (clk_100_raw rise@10.000ns - clk_100_raw rise@0.000ns)
  Data Path Delay:        8.550ns  (logic 1.499ns (17.532%)  route 7.051ns (82.468%))
  Logic Levels:           9  (LUT2=1 LUT3=1 LUT4=1 LUT6=6)
  Clock Path Skew:        -0.221ns (DCD - SCD + CPR)
    Destination Clock Delay (DCD):    -1.586ns = ( 8.414 - 10.000 ) 
    Source Clock Delay      (SCD):    -1.915ns
    Clock Pessimism Removal (CPR):    -0.550ns
  Clock Uncertainty:      0.047ns  ((TSJ^2 + DJ^2)^1/2) / 2 + PE
    Total System Jitter     (TSJ):    0.071ns
    Discrete Jitter          (DJ):    0.063ns
    Phase Error              (PE):    0.000ns

    Location             Delay type                Incr(ns)  Path(ns)    Netlist Resource(s)
  -------------------------------------------------------------------    -------------------
                         (clock clk_100_raw rise edge)
                                                      0.000     0.000 r  
    N18                                               0.000     0.000 r  CLK50MHZ (IN)
                         net (fo=0)                   0.000     0.000    CLK50MHZ
    N18                  IBUF (Prop_ibuf_I_O)         1.392     1.392 r  CLK50MHZ_IBUF_inst/O
                         net (fo=1, routed)           1.126     2.518    CLK50MHZ_IBUF
    PLLE2_ADV_X1Y1       PLLE2_ADV (Prop_plle2_adv_CLKIN1_CLKOUT0)
                                                     -7.569    -5.051 r  u_pll/CLKOUT0
                         net (fo=1, routed)           1.594    -3.457    clk_100_raw
    BUFGCTRL_X0Y16       BUFG (Prop_bufg_I_O)         0.085    -3.372 r  u_clk_100_bufg/O
                         net (fo=20208, routed)       1.457    -1.915    u_core/u_edge/u_server/hash/ofifo1_inst/inst/clk_100
    SLICE_X78Y17         FDRE                                         r  u_core/u_edge/u_server/hash/ofifo1_inst/inst/wr_ptr_reg[3]/C
  -------------------------------------------------------------------    -------------------
    SLICE_X78Y17         FDRE (Prop_fdre_C_Q)         0.379    -1.536 r  u_core/u_edge/u_server/hash/ofifo1_inst/inst/wr_ptr_reg[3]/Q
                         net (fo=9, routed)           0.601    -0.935    u_core/u_edge/u_server/hash/ofifo1_inst/inst/Q[3]
    SLICE_X78Y17         LUT4 (Prop_lut4_I0_O)        0.115    -0.820 r  u_core/u_edge/u_server/hash/ofifo1_inst/inst/wr_ptr[8]_i_7__0/O
                         net (fo=1, routed)           0.671    -0.149    u_core/u_edge/u_server/hash/ofifo1_inst/inst/wr_ptr[8]_i_7__0_n_2
    SLICE_X78Y17         LUT6 (Prop_lut6_I4_O)        0.267     0.118 r  u_core/u_edge/u_server/hash/ofifo1_inst/inst/wr_ptr[8]_i_3__0/O
                         net (fo=5, routed)           0.623     0.741    u_core/u_edge/u_server/hash/ofifo0_inst/inst/ofifo1_full
    SLICE_X70Y18         LUT6 (Prop_lut6_I0_O)        0.105     0.846 r  u_core/u_edge/u_server/hash/ofifo0_inst/inst/state[5]_i_14/O
                         net (fo=4, routed)           0.619     1.464    u_core/u_edge/u_server/hash/ofifo0_inst/inst/state[5]_i_14_n_2
    SLICE_X70Y21         LUT6 (Prop_lut6_I2_O)        0.105     1.569 f  u_core/u_edge/u_server/hash/ofifo0_inst/inst/state[0]_i_2__1/O
                         net (fo=1, routed)           0.438     2.008    u_core/u_edge/u_server/hash/ofifo0_inst/inst/state[0]_i_2__1_n_2
    SLICE_X70Y22         LUT6 (Prop_lut6_I0_O)        0.105     2.113 r  u_core/u_edge/u_server/hash/ofifo0_inst/inst/state[0]_i_1__2/O
                         net (fo=6, routed)           0.672     2.784    u_core/u_edge/u_server/hash/ofifo0_inst/inst/state_reg[5]
    SLICE_X71Y24         LUT6 (Prop_lut6_I0_O)        0.105     2.889 f  u_core/u_edge/u_server/hash/ofifo0_inst/inst/group_eta3_i_5/O
                         net (fo=3, routed)           0.400     3.290    u_core/u_edge/u_server/hash/ofifo0_inst/inst/group_eta3_i_5_n_2
    SLICE_X68Y25         LUT6 (Prop_lut6_I0_O)        0.105     3.395 r  u_core/u_edge/u_server/hash/ofifo0_inst/inst/ready_flag_i_2/O
                         net (fo=5, routed)           0.374     3.769    u_core/u_edge/u_server/ntt/init_clears
    SLICE_X71Y25         LUT2 (Prop_lut2_I1_O)        0.105     3.874 r  u_core/u_edge/u_server/ntt/mode_latched[1]_i_3/O
                         net (fo=7, routed)           1.078     4.953    u_core/u_edge/u_control/u_scrub/squeeze_reg_reg[0]
    SLICE_X68Y43         LUT3 (Prop_lut3_I2_O)        0.108     5.061 r  u_core/u_edge/u_control/u_scrub/block_perm_src[1599]_i_1/O
                         net (fo=3200, routed)        1.575     6.635    u_core/u_edge/u_server/hash/sponge/block_perm_src_reg[1599]_0[0]
    SLICE_X38Y52         FDRE                                         r  u_core/u_edge/u_server/hash/sponge/base_state_reg[1479]/R
  -------------------------------------------------------------------    -------------------

                         (clock clk_100_raw rise edge)
                                                     10.000    10.000 r  
    N18                                               0.000    10.000 r  CLK50MHZ (IN)
                         net (fo=0)                   0.000    10.000    CLK50MHZ
    N18                  IBUF (Prop_ibuf_I_O)         1.327    11.327 r  CLK50MHZ_IBUF_inst/O
                         net (fo=1, routed)           1.019    12.345    CLK50MHZ_IBUF
    PLLE2_ADV_X1Y1       PLLE2_ADV (Prop_plle2_adv_CLKIN1_CLKOUT0)
                                                     -6.696     5.650 r  u_pll/CLKOUT0
                         net (fo=1, routed)           1.451     7.101    clk_100_raw
    BUFGCTRL_X0Y16       BUFG (Prop_bufg_I_O)         0.077     7.178 r  u_clk_100_bufg/O
                         net (fo=20208, routed)       1.236     8.414    u_core/u_edge/u_server/hash/sponge/clk_100
    SLICE_X38Y52         FDRE                                         r  u_core/u_edge/u_server/hash/sponge/base_state_reg[1479]/C
                         clock pessimism             -0.550     7.864    
                         clock uncertainty           -0.047     7.817    
    SLICE_X38Y52         FDRE (Setup_fdre_C_R)       -0.585     7.232    u_core/u_edge/u_server/hash/sponge/base_state_reg[1479]
  -------------------------------------------------------------------
                         required time                          7.232    
                         arrival time                          -6.635    
  -------------------------------------------------------------------
                         slack                                  0.597    

Slack (MET) :             0.600ns  (required time - arrival time)
  Source:                 u_core/u_edge/u_server/hash/ofifo1_inst/inst/wr_ptr_reg[3]/C
                            (rising edge-triggered cell FDRE clocked by clk_100_raw  {rise@0.000ns fall@5.000ns period=10.000ns})
  Destination:            u_core/u_edge/u_server/hash/sponge/block_perm_src_reg[1104]/R
                            (rising edge-triggered cell FDRE clocked by clk_100_raw  {rise@0.000ns fall@5.000ns period=10.000ns})
  Path Group:             clk_100_raw
  Path Type:              Setup (Max at Slow Process Corner)
  Requirement:            10.000ns  (clk_100_raw rise@10.000ns - clk_100_raw rise@0.000ns)
  Data Path Delay:        8.565ns  (logic 1.499ns (17.502%)  route 7.066ns (82.498%))
  Logic Levels:           9  (LUT2=1 LUT3=1 LUT4=1 LUT6=6)
  Clock Path Skew:        -0.203ns (DCD - SCD + CPR)
    Destination Clock Delay (DCD):    -1.580ns = ( 8.420 - 10.000 ) 
    Source Clock Delay      (SCD):    -1.915ns
    Clock Pessimism Removal (CPR):    -0.538ns
  Clock Uncertainty:      0.047ns  ((TSJ^2 + DJ^2)^1/2) / 2 + PE
    Total System Jitter     (TSJ):    0.071ns
    Discrete Jitter          (DJ):    0.063ns
    Phase Error              (PE):    0.000ns

    Location             Delay type                Incr(ns)  Path(ns)    Netlist Resource(s)
  -------------------------------------------------------------------    -------------------
                         (clock clk_100_raw rise edge)
                                                      0.000     0.000 r  
    N18                                               0.000     0.000 r  CLK50MHZ (IN)
                         net (fo=0)                   0.000     0.000    CLK50MHZ
    N18                  IBUF (Prop_ibuf_I_O)         1.392     1.392 r  CLK50MHZ_IBUF_inst/O
                         net (fo=1, routed)           1.126     2.518    CLK50MHZ_IBUF
    PLLE2_ADV_X1Y1       PLLE2_ADV (Prop_plle2_adv_CLKIN1_CLKOUT0)
                                                     -7.569    -5.051 r  u_pll/CLKOUT0
                         net (fo=1, routed)           1.594    -3.457    clk_100_raw
    BUFGCTRL_X0Y16       BUFG (Prop_bufg_I_O)         0.085    -3.372 r  u_clk_100_bufg/O
                         net (fo=20208, routed)       1.457    -1.915    u_core/u_edge/u_server/hash/ofifo1_inst/inst/clk_100
    SLICE_X78Y17         FDRE                                         r  u_core/u_edge/u_server/hash/ofifo1_inst/inst/wr_ptr_reg[3]/C
  -------------------------------------------------------------------    -------------------
    SLICE_X78Y17         FDRE (Prop_fdre_C_Q)         0.379    -1.536 r  u_core/u_edge/u_server/hash/ofifo1_inst/inst/wr_ptr_reg[3]/Q
                         net (fo=9, routed)           0.601    -0.935    u_core/u_edge/u_server/hash/ofifo1_inst/inst/Q[3]
    SLICE_X78Y17         LUT4 (Prop_lut4_I0_O)        0.115    -0.820 r  u_core/u_edge/u_server/hash/ofifo1_inst/inst/wr_ptr[8]_i_7__0/O
                         net (fo=1, routed)           0.671    -0.149    u_core/u_edge/u_server/hash/ofifo1_inst/inst/wr_ptr[8]_i_7__0_n_2
    SLICE_X78Y17         LUT6 (Prop_lut6_I4_O)        0.267     0.118 r  u_core/u_edge/u_server/hash/ofifo1_inst/inst/wr_ptr[8]_i_3__0/O
                         net (fo=5, routed)           0.623     0.741    u_core/u_edge/u_server/hash/ofifo0_inst/inst/ofifo1_full
    SLICE_X70Y18         LUT6 (Prop_lut6_I0_O)        0.105     0.846 r  u_core/u_edge/u_server/hash/ofifo0_inst/inst/state[5]_i_14/O
                         net (fo=4, routed)           0.619     1.464    u_core/u_edge/u_server/hash/ofifo0_inst/inst/state[5]_i_14_n_2
    SLICE_X70Y21         LUT6 (Prop_lut6_I2_O)        0.105     1.569 f  u_core/u_edge/u_server/hash/ofifo0_inst/inst/state[0]_i_2__1/O
                         net (fo=1, routed)           0.438     2.008    u_core/u_edge/u_server/hash/ofifo0_inst/inst/state[0]_i_2__1_n_2
    SLICE_X70Y22         LUT6 (Prop_lut6_I0_O)        0.105     2.113 r  u_core/u_edge/u_server/hash/ofifo0_inst/inst/state[0]_i_1__2/O
                         net (fo=6, routed)           0.672     2.784    u_core/u_edge/u_server/hash/ofifo0_inst/inst/state_reg[5]
    SLICE_X71Y24         LUT6 (Prop_lut6_I0_O)        0.105     2.889 f  u_core/u_edge/u_server/hash/ofifo0_inst/inst/group_eta3_i_5/O
                         net (fo=3, routed)           0.400     3.290    u_core/u_edge/u_server/hash/ofifo0_inst/inst/group_eta3_i_5_n_2
    SLICE_X68Y25         LUT6 (Prop_lut6_I0_O)        0.105     3.395 r  u_core/u_edge/u_server/hash/ofifo0_inst/inst/ready_flag_i_2/O
                         net (fo=5, routed)           0.374     3.769    u_core/u_edge/u_server/ntt/init_clears
    SLICE_X71Y25         LUT2 (Prop_lut2_I1_O)        0.105     3.874 r  u_core/u_edge/u_server/ntt/mode_latched[1]_i_3/O
                         net (fo=7, routed)           1.078     4.953    u_core/u_edge/u_control/u_scrub/squeeze_reg_reg[0]
    SLICE_X68Y43         LUT3 (Prop_lut3_I2_O)        0.108     5.061 r  u_core/u_edge/u_control/u_scrub/block_perm_src[1599]_i_1/O
                         net (fo=3200, routed)        1.589     6.650    u_core/u_edge/u_server/hash/sponge/block_perm_src_reg[1599]_0[0]
    SLICE_X46Y29         FDRE                                         r  u_core/u_edge/u_server/hash/sponge/block_perm_src_reg[1104]/R
  -------------------------------------------------------------------    -------------------

                         (clock clk_100_raw rise edge)
                                                     10.000    10.000 r  
    N18                                               0.000    10.000 r  CLK50MHZ (IN)
                         net (fo=0)                   0.000    10.000    CLK50MHZ
    N18                  IBUF (Prop_ibuf_I_O)         1.327    11.327 r  CLK50MHZ_IBUF_inst/O
                         net (fo=1, routed)           1.019    12.345    CLK50MHZ_IBUF
    PLLE2_ADV_X1Y1       PLLE2_ADV (Prop_plle2_adv_CLKIN1_CLKOUT0)
                                                     -6.696     5.650 r  u_pll/CLKOUT0
                         net (fo=1, routed)           1.451     7.101    clk_100_raw
    BUFGCTRL_X0Y16       BUFG (Prop_bufg_I_O)         0.077     7.178 r  u_clk_100_bufg/O
                         net (fo=20208, routed)       1.242     8.420    u_core/u_edge/u_server/hash/sponge/clk_100
    SLICE_X46Y29         FDRE                                         r  u_core/u_edge/u_server/hash/sponge/block_perm_src_reg[1104]/C
                         clock pessimism             -0.538     7.882    
                         clock uncertainty           -0.047     7.835    
    SLICE_X46Y29         FDRE (Setup_fdre_C_R)       -0.585     7.250    u_core/u_edge/u_server/hash/sponge/block_perm_src_reg[1104]
  -------------------------------------------------------------------
                         required time                          7.250    
                         arrival time                          -6.650    
  -------------------------------------------------------------------
                         slack                                  0.600    

Slack (MET) :             0.600ns  (required time - arrival time)
  Source:                 u_core/u_edge/u_server/hash/ofifo1_inst/inst/wr_ptr_reg[3]/C
                            (rising edge-triggered cell FDRE clocked by clk_100_raw  {rise@0.000ns fall@5.000ns period=10.000ns})
  Destination:            u_core/u_edge/u_server/hash/sponge/block_perm_src_reg[1105]/R
                            (rising edge-triggered cell FDRE clocked by clk_100_raw  {rise@0.000ns fall@5.000ns period=10.000ns})
  Path Group:             clk_100_raw
  Path Type:              Setup (Max at Slow Process Corner)
  Requirement:            10.000ns  (clk_100_raw rise@10.000ns - clk_100_raw rise@0.000ns)
  Data Path Delay:        8.565ns  (logic 1.499ns (17.502%)  route 7.066ns (82.498%))
  Logic Levels:           9  (LUT2=1 LUT3=1 LUT4=1 LUT6=6)
  Clock Path Skew:        -0.203ns (DCD - SCD + CPR)
    Destination Clock Delay (DCD):    -1.580ns = ( 8.420 - 10.000 ) 
    Source Clock Delay      (SCD):    -1.915ns
    Clock Pessimism Removal (CPR):    -0.538ns
  Clock Uncertainty:      0.047ns  ((TSJ^2 + DJ^2)^1/2) / 2 + PE
    Total System Jitter     (TSJ):    0.071ns
    Discrete Jitter          (DJ):    0.063ns
    Phase Error              (PE):    0.000ns

    Location             Delay type                Incr(ns)  Path(ns)    Netlist Resource(s)
  -------------------------------------------------------------------    -------------------
                         (clock clk_100_raw rise edge)
                                                      0.000     0.000 r  
    N18                                               0.000     0.000 r  CLK50MHZ (IN)
                         net (fo=0)                   0.000     0.000    CLK50MHZ
    N18                  IBUF (Prop_ibuf_I_O)         1.392     1.392 r  CLK50MHZ_IBUF_inst/O
                         net (fo=1, routed)           1.126     2.518    CLK50MHZ_IBUF
    PLLE2_ADV_X1Y1       PLLE2_ADV (Prop_plle2_adv_CLKIN1_CLKOUT0)
                                                     -7.569    -5.051 r  u_pll/CLKOUT0
                         net (fo=1, routed)           1.594    -3.457    clk_100_raw
    BUFGCTRL_X0Y16       BUFG (Prop_bufg_I_O)         0.085    -3.372 r  u_clk_100_bufg/O
                         net (fo=20208, routed)       1.457    -1.915    u_core/u_edge/u_server/hash/ofifo1_inst/inst/clk_100
    SLICE_X78Y17         FDRE                                         r  u_core/u_edge/u_server/hash/ofifo1_inst/inst/wr_ptr_reg[3]/C
  -------------------------------------------------------------------    -------------------
    SLICE_X78Y17         FDRE (Prop_fdre_C_Q)         0.379    -1.536 r  u_core/u_edge/u_server/hash/ofifo1_inst/inst/wr_ptr_reg[3]/Q
                         net (fo=9, routed)           0.601    -0.935    u_core/u_edge/u_server/hash/ofifo1_inst/inst/Q[3]
    SLICE_X78Y17         LUT4 (Prop_lut4_I0_O)        0.115    -0.820 r  u_core/u_edge/u_server/hash/ofifo1_inst/inst/wr_ptr[8]_i_7__0/O
                         net (fo=1, routed)           0.671    -0.149    u_core/u_edge/u_server/hash/ofifo1_inst/inst/wr_ptr[8]_i_7__0_n_2
    SLICE_X78Y17         LUT6 (Prop_lut6_I4_O)        0.267     0.118 r  u_core/u_edge/u_server/hash/ofifo1_inst/inst/wr_ptr[8]_i_3__0/O
                         net (fo=5, routed)           0.623     0.741    u_core/u_edge/u_server/hash/ofifo0_inst/inst/ofifo1_full
    SLICE_X70Y18         LUT6 (Prop_lut6_I0_O)        0.105     0.846 r  u_core/u_edge/u_server/hash/ofifo0_inst/inst/state[5]_i_14/O
                         net (fo=4, routed)           0.619     1.464    u_core/u_edge/u_server/hash/ofifo0_inst/inst/state[5]_i_14_n_2
    SLICE_X70Y21         LUT6 (Prop_lut6_I2_O)        0.105     1.569 f  u_core/u_edge/u_server/hash/ofifo0_inst/inst/state[0]_i_2__1/O
                         net (fo=1, routed)           0.438     2.008    u_core/u_edge/u_server/hash/ofifo0_inst/inst/state[0]_i_2__1_n_2
    SLICE_X70Y22         LUT6 (Prop_lut6_I0_O)        0.105     2.113 r  u_core/u_edge/u_server/hash/ofifo0_inst/inst/state[0]_i_1__2/O
                         net (fo=6, routed)           0.672     2.784    u_core/u_edge/u_server/hash/ofifo0_inst/inst/state_reg[5]
    SLICE_X71Y24         LUT6 (Prop_lut6_I0_O)        0.105     2.889 f  u_core/u_edge/u_server/hash/ofifo0_inst/inst/group_eta3_i_5/O
                         net (fo=3, routed)           0.400     3.290    u_core/u_edge/u_server/hash/ofifo0_inst/inst/group_eta3_i_5_n_2
    SLICE_X68Y25         LUT6 (Prop_lut6_I0_O)        0.105     3.395 r  u_core/u_edge/u_server/hash/ofifo0_inst/inst/ready_flag_i_2/O
                         net (fo=5, routed)           0.374     3.769    u_core/u_edge/u_server/ntt/init_clears
    SLICE_X71Y25         LUT2 (Prop_lut2_I1_O)        0.105     3.874 r  u_core/u_edge/u_server/ntt/mode_latched[1]_i_3/O
                         net (fo=7, routed)           1.078     4.953    u_core/u_edge/u_control/u_scrub/squeeze_reg_reg[0]
    SLICE_X68Y43         LUT3 (Prop_lut3_I2_O)        0.108     5.061 r  u_core/u_edge/u_control/u_scrub/block_perm_src[1599]_i_1/O
                         net (fo=3200, routed)        1.589     6.650    u_core/u_edge/u_server/hash/sponge/block_perm_src_reg[1599]_0[0]
    SLICE_X46Y29         FDRE                                         r  u_core/u_edge/u_server/hash/sponge/block_perm_src_reg[1105]/R
  -------------------------------------------------------------------    -------------------

                         (clock clk_100_raw rise edge)
                                                     10.000    10.000 r  
    N18                                               0.000    10.000 r  CLK50MHZ (IN)
                         net (fo=0)                   0.000    10.000    CLK50MHZ
    N18                  IBUF (Prop_ibuf_I_O)         1.327    11.327 r  CLK50MHZ_IBUF_inst/O
                         net (fo=1, routed)           1.019    12.345    CLK50MHZ_IBUF
    PLLE2_ADV_X1Y1       PLLE2_ADV (Prop_plle2_adv_CLKIN1_CLKOUT0)
                                                     -6.696     5.650 r  u_pll/CLKOUT0
                         net (fo=1, routed)           1.451     7.101    clk_100_raw
    BUFGCTRL_X0Y16       BUFG (Prop_bufg_I_O)         0.077     7.178 r  u_clk_100_bufg/O
                         net (fo=20208, routed)       1.242     8.420    u_core/u_edge/u_server/hash/sponge/clk_100
    SLICE_X46Y29         FDRE                                         r  u_core/u_edge/u_server/hash/sponge/block_perm_src_reg[1105]/C
                         clock pessimism             -0.538     7.882    
                         clock uncertainty           -0.047     7.835    
    SLICE_X46Y29         FDRE (Setup_fdre_C_R)       -0.585     7.250    u_core/u_edge/u_server/hash/sponge/block_perm_src_reg[1105]
  -------------------------------------------------------------------
                         required time                          7.250    
                         arrival time                          -6.650    
  -------------------------------------------------------------------
                         slack                                  0.600    

Slack (MET) :             0.600ns  (required time - arrival time)
  Source:                 u_core/u_edge/u_server/hash/ofifo1_inst/inst/wr_ptr_reg[3]/C
                            (rising edge-triggered cell FDRE clocked by clk_100_raw  {rise@0.000ns fall@5.000ns period=10.000ns})
  Destination:            u_core/u_edge/u_server/hash/sponge/block_perm_src_reg[1168]/R
                            (rising edge-triggered cell FDRE clocked by clk_100_raw  {rise@0.000ns fall@5.000ns period=10.000ns})
  Path Group:             clk_100_raw
  Path Type:              Setup (Max at Slow Process Corner)
  Requirement:            10.000ns  (clk_100_raw rise@10.000ns - clk_100_raw rise@0.000ns)
  Data Path Delay:        8.565ns  (logic 1.499ns (17.502%)  route 7.066ns (82.498%))
  Logic Levels:           9  (LUT2=1 LUT3=1 LUT4=1 LUT6=6)
  Clock Path Skew:        -0.203ns (DCD - SCD + CPR)
    Destination Clock Delay (DCD):    -1.580ns = ( 8.420 - 10.000 ) 
    Source Clock Delay      (SCD):    -1.915ns
    Clock Pessimism Removal (CPR):    -0.538ns
  Clock Uncertainty:      0.047ns  ((TSJ^2 + DJ^2)^1/2) / 2 + PE
    Total System Jitter     (TSJ):    0.071ns
    Discrete Jitter          (DJ):    0.063ns
    Phase Error              (PE):    0.000ns

    Location             Delay type                Incr(ns)  Path(ns)    Netlist Resource(s)
  -------------------------------------------------------------------    -------------------
                         (clock clk_100_raw rise edge)
                                                      0.000     0.000 r  
    N18                                               0.000     0.000 r  CLK50MHZ (IN)
                         net (fo=0)                   0.000     0.000    CLK50MHZ
    N18                  IBUF (Prop_ibuf_I_O)         1.392     1.392 r  CLK50MHZ_IBUF_inst/O
                         net (fo=1, routed)           1.126     2.518    CLK50MHZ_IBUF
    PLLE2_ADV_X1Y1       PLLE2_ADV (Prop_plle2_adv_CLKIN1_CLKOUT0)
                                                     -7.569    -5.051 r  u_pll/CLKOUT0
                         net (fo=1, routed)           1.594    -3.457    clk_100_raw
    BUFGCTRL_X0Y16       BUFG (Prop_bufg_I_O)         0.085    -3.372 r  u_clk_100_bufg/O
                         net (fo=20208, routed)       1.457    -1.915    u_core/u_edge/u_server/hash/ofifo1_inst/inst/clk_100
    SLICE_X78Y17         FDRE                                         r  u_core/u_edge/u_server/hash/ofifo1_inst/inst/wr_ptr_reg[3]/C
  -------------------------------------------------------------------    -------------------
    SLICE_X78Y17         FDRE (Prop_fdre_C_Q)         0.379    -1.536 r  u_core/u_edge/u_server/hash/ofifo1_inst/inst/wr_ptr_reg[3]/Q
                         net (fo=9, routed)           0.601    -0.935    u_core/u_edge/u_server/hash/ofifo1_inst/inst/Q[3]
    SLICE_X78Y17         LUT4 (Prop_lut4_I0_O)        0.115    -0.820 r  u_core/u_edge/u_server/hash/ofifo1_inst/inst/wr_ptr[8]_i_7__0/O
                         net (fo=1, routed)           0.671    -0.149    u_core/u_edge/u_server/hash/ofifo1_inst/inst/wr_ptr[8]_i_7__0_n_2
    SLICE_X78Y17         LUT6 (Prop_lut6_I4_O)        0.267     0.118 r  u_core/u_edge/u_server/hash/ofifo1_inst/inst/wr_ptr[8]_i_3__0/O
                         net (fo=5, routed)           0.623     0.741    u_core/u_edge/u_server/hash/ofifo0_inst/inst/ofifo1_full
    SLICE_X70Y18         LUT6 (Prop_lut6_I0_O)        0.105     0.846 r  u_core/u_edge/u_server/hash/ofifo0_inst/inst/state[5]_i_14/O
                         net (fo=4, routed)           0.619     1.464    u_core/u_edge/u_server/hash/ofifo0_inst/inst/state[5]_i_14_n_2
    SLICE_X70Y21         LUT6 (Prop_lut6_I2_O)        0.105     1.569 f  u_core/u_edge/u_server/hash/ofifo0_inst/inst/state[0]_i_2__1/O
                         net (fo=1, routed)           0.438     2.008    u_core/u_edge/u_server/hash/ofifo0_inst/inst/state[0]_i_2__1_n_2
    SLICE_X70Y22         LUT6 (Prop_lut6_I0_O)        0.105     2.113 r  u_core/u_edge/u_server/hash/ofifo0_inst/inst/state[0]_i_1__2/O
                         net (fo=6, routed)           0.672     2.784    u_core/u_edge/u_server/hash/ofifo0_inst/inst/state_reg[5]
    SLICE_X71Y24         LUT6 (Prop_lut6_I0_O)        0.105     2.889 f  u_core/u_edge/u_server/hash/ofifo0_inst/inst/group_eta3_i_5/O
                         net (fo=3, routed)           0.400     3.290    u_core/u_edge/u_server/hash/ofifo0_inst/inst/group_eta3_i_5_n_2
    SLICE_X68Y25         LUT6 (Prop_lut6_I0_O)        0.105     3.395 r  u_core/u_edge/u_server/hash/ofifo0_inst/inst/ready_flag_i_2/O
                         net (fo=5, routed)           0.374     3.769    u_core/u_edge/u_server/ntt/init_clears
    SLICE_X71Y25         LUT2 (Prop_lut2_I1_O)        0.105     3.874 r  u_core/u_edge/u_server/ntt/mode_latched[1]_i_3/O
                         net (fo=7, routed)           1.078     4.953    u_core/u_edge/u_control/u_scrub/squeeze_reg_reg[0]
    SLICE_X68Y43         LUT3 (Prop_lut3_I2_O)        0.108     5.061 r  u_core/u_edge/u_control/u_scrub/block_perm_src[1599]_i_1/O
                         net (fo=3200, routed)        1.589     6.650    u_core/u_edge/u_server/hash/sponge/block_perm_src_reg[1599]_0[0]
    SLICE_X46Y29         FDRE                                         r  u_core/u_edge/u_server/hash/sponge/block_perm_src_reg[1168]/R
  -------------------------------------------------------------------    -------------------

                         (clock clk_100_raw rise edge)
                                                     10.000    10.000 r  
    N18                                               0.000    10.000 r  CLK50MHZ (IN)
                         net (fo=0)                   0.000    10.000    CLK50MHZ
    N18                  IBUF (Prop_ibuf_I_O)         1.327    11.327 r  CLK50MHZ_IBUF_inst/O
                         net (fo=1, routed)           1.019    12.345    CLK50MHZ_IBUF
    PLLE2_ADV_X1Y1       PLLE2_ADV (Prop_plle2_adv_CLKIN1_CLKOUT0)
                                                     -6.696     5.650 r  u_pll/CLKOUT0
                         net (fo=1, routed)           1.451     7.101    clk_100_raw
    BUFGCTRL_X0Y16       BUFG (Prop_bufg_I_O)         0.077     7.178 r  u_clk_100_bufg/O
                         net (fo=20208, routed)       1.242     8.420    u_core/u_edge/u_server/hash/sponge/clk_100
    SLICE_X46Y29         FDRE                                         r  u_core/u_edge/u_server/hash/sponge/block_perm_src_reg[1168]/C
                         clock pessimism             -0.538     7.882    
                         clock uncertainty           -0.047     7.835    
    SLICE_X46Y29         FDRE (Setup_fdre_C_R)       -0.585     7.250    u_core/u_edge/u_server/hash/sponge/block_perm_src_reg[1168]
  -------------------------------------------------------------------
                         required time                          7.250    
                         arrival time                          -6.650    
  -------------------------------------------------------------------
                         slack                                  0.600    

Slack (MET) :             0.600ns  (required time - arrival time)
  Source:                 u_core/u_edge/u_server/hash/ofifo1_inst/inst/wr_ptr_reg[3]/C
                            (rising edge-triggered cell FDRE clocked by clk_100_raw  {rise@0.000ns fall@5.000ns period=10.000ns})
  Destination:            u_core/u_edge/u_server/hash/sponge/block_perm_src_reg[1410]/R
                            (rising edge-triggered cell FDRE clocked by clk_100_raw  {rise@0.000ns fall@5.000ns period=10.000ns})
  Path Group:             clk_100_raw
  Path Type:              Setup (Max at Slow Process Corner)
  Requirement:            10.000ns  (clk_100_raw rise@10.000ns - clk_100_raw rise@0.000ns)
  Data Path Delay:        8.565ns  (logic 1.499ns (17.502%)  route 7.066ns (82.498%))
  Logic Levels:           9  (LUT2=1 LUT3=1 LUT4=1 LUT6=6)
  Clock Path Skew:        -0.203ns (DCD - SCD + CPR)
    Destination Clock Delay (DCD):    -1.580ns = ( 8.420 - 10.000 ) 
    Source Clock Delay      (SCD):    -1.915ns
    Clock Pessimism Removal (CPR):    -0.538ns
  Clock Uncertainty:      0.047ns  ((TSJ^2 + DJ^2)^1/2) / 2 + PE
    Total System Jitter     (TSJ):    0.071ns
    Discrete Jitter          (DJ):    0.063ns
    Phase Error              (PE):    0.000ns

    Location             Delay type                Incr(ns)  Path(ns)    Netlist Resource(s)
  -------------------------------------------------------------------    -------------------
                         (clock clk_100_raw rise edge)
                                                      0.000     0.000 r  
    N18                                               0.000     0.000 r  CLK50MHZ (IN)
                         net (fo=0)                   0.000     0.000    CLK50MHZ
    N18                  IBUF (Prop_ibuf_I_O)         1.392     1.392 r  CLK50MHZ_IBUF_inst/O
                         net (fo=1, routed)           1.126     2.518    CLK50MHZ_IBUF
    PLLE2_ADV_X1Y1       PLLE2_ADV (Prop_plle2_adv_CLKIN1_CLKOUT0)
                                                     -7.569    -5.051 r  u_pll/CLKOUT0
                         net (fo=1, routed)           1.594    -3.457    clk_100_raw
    BUFGCTRL_X0Y16       BUFG (Prop_bufg_I_O)         0.085    -3.372 r  u_clk_100_bufg/O
                         net (fo=20208, routed)       1.457    -1.915    u_core/u_edge/u_server/hash/ofifo1_inst/inst/clk_100
    SLICE_X78Y17         FDRE                                         r  u_core/u_edge/u_server/hash/ofifo1_inst/inst/wr_ptr_reg[3]/C
  -------------------------------------------------------------------    -------------------
    SLICE_X78Y17         FDRE (Prop_fdre_C_Q)         0.379    -1.536 r  u_core/u_edge/u_server/hash/ofifo1_inst/inst/wr_ptr_reg[3]/Q
                         net (fo=9, routed)           0.601    -0.935    u_core/u_edge/u_server/hash/ofifo1_inst/inst/Q[3]
    SLICE_X78Y17         LUT4 (Prop_lut4_I0_O)        0.115    -0.820 r  u_core/u_edge/u_server/hash/ofifo1_inst/inst/wr_ptr[8]_i_7__0/O
                         net (fo=1, routed)           0.671    -0.149    u_core/u_edge/u_server/hash/ofifo1_inst/inst/wr_ptr[8]_i_7__0_n_2
    SLICE_X78Y17         LUT6 (Prop_lut6_I4_O)        0.267     0.118 r  u_core/u_edge/u_server/hash/ofifo1_inst/inst/wr_ptr[8]_i_3__0/O
                         net (fo=5, routed)           0.623     0.741    u_core/u_edge/u_server/hash/ofifo0_inst/inst/ofifo1_full
    SLICE_X70Y18         LUT6 (Prop_lut6_I0_O)        0.105     0.846 r  u_core/u_edge/u_server/hash/ofifo0_inst/inst/state[5]_i_14/O
                         net (fo=4, routed)           0.619     1.464    u_core/u_edge/u_server/hash/ofifo0_inst/inst/state[5]_i_14_n_2
    SLICE_X70Y21         LUT6 (Prop_lut6_I2_O)        0.105     1.569 f  u_core/u_edge/u_server/hash/ofifo0_inst/inst/state[0]_i_2__1/O
                         net (fo=1, routed)           0.438     2.008    u_core/u_edge/u_server/hash/ofifo0_inst/inst/state[0]_i_2__1_n_2
    SLICE_X70Y22         LUT6 (Prop_lut6_I0_O)        0.105     2.113 r  u_core/u_edge/u_server/hash/ofifo0_inst/inst/state[0]_i_1__2/O
                         net (fo=6, routed)           0.672     2.784    u_core/u_edge/u_server/hash/ofifo0_inst/inst/state_reg[5]
    SLICE_X71Y24         LUT6 (Prop_lut6_I0_O)        0.105     2.889 f  u_core/u_edge/u_server/hash/ofifo0_inst/inst/group_eta3_i_5/O
                         net (fo=3, routed)           0.400     3.290    u_core/u_edge/u_server/hash/ofifo0_inst/inst/group_eta3_i_5_n_2
    SLICE_X68Y25         LUT6 (Prop_lut6_I0_O)        0.105     3.395 r  u_core/u_edge/u_server/hash/ofifo0_inst/inst/ready_flag_i_2/O
                         net (fo=5, routed)           0.374     3.769    u_core/u_edge/u_server/ntt/init_clears
    SLICE_X71Y25         LUT2 (Prop_lut2_I1_O)        0.105     3.874 r  u_core/u_edge/u_server/ntt/mode_latched[1]_i_3/O
                         net (fo=7, routed)           1.078     4.953    u_core/u_edge/u_control/u_scrub/squeeze_reg_reg[0]
    SLICE_X68Y43         LUT3 (Prop_lut3_I2_O)        0.108     5.061 r  u_core/u_edge/u_control/u_scrub/block_perm_src[1599]_i_1/O
                         net (fo=3200, routed)        1.589     6.650    u_core/u_edge/u_server/hash/sponge/block_perm_src_reg[1599]_0[0]
    SLICE_X46Y29         FDRE                                         r  u_core/u_edge/u_server/hash/sponge/block_perm_src_reg[1410]/R
  -------------------------------------------------------------------    -------------------

                         (clock clk_100_raw rise edge)
                                                     10.000    10.000 r  
    N18                                               0.000    10.000 r  CLK50MHZ (IN)
                         net (fo=0)                   0.000    10.000    CLK50MHZ
    N18                  IBUF (Prop_ibuf_I_O)         1.327    11.327 r  CLK50MHZ_IBUF_inst/O
                         net (fo=1, routed)           1.019    12.345    CLK50MHZ_IBUF
    PLLE2_ADV_X1Y1       PLLE2_ADV (Prop_plle2_adv_CLKIN1_CLKOUT0)
                                                     -6.696     5.650 r  u_pll/CLKOUT0
                         net (fo=1, routed)           1.451     7.101    clk_100_raw
    BUFGCTRL_X0Y16       BUFG (Prop_bufg_I_O)         0.077     7.178 r  u_clk_100_bufg/O
                         net (fo=20208, routed)       1.242     8.420    u_core/u_edge/u_server/hash/sponge/clk_100
    SLICE_X46Y29         FDRE                                         r  u_core/u_edge/u_server/hash/sponge/block_perm_src_reg[1410]/C
                         clock pessimism             -0.538     7.882    
                         clock uncertainty           -0.047     7.835    
    SLICE_X46Y29         FDRE (Setup_fdre_C_R)       -0.585     7.250    u_core/u_edge/u_server/hash/sponge/block_perm_src_reg[1410]
  -------------------------------------------------------------------
                         required time                          7.250    
                         arrival time                          -6.650    
  -------------------------------------------------------------------
                         slack                                  0.600    

Slack (MET) :             0.600ns  (required time - arrival time)
  Source:                 u_core/u_edge/u_server/hash/ofifo1_inst/inst/wr_ptr_reg[3]/C
                            (rising edge-triggered cell FDRE clocked by clk_100_raw  {rise@0.000ns fall@5.000ns period=10.000ns})
  Destination:            u_core/u_edge/u_server/hash/sponge/block_perm_src_reg[1489]/R
                            (rising edge-triggered cell FDRE clocked by clk_100_raw  {rise@0.000ns fall@5.000ns period=10.000ns})
  Path Group:             clk_100_raw
  Path Type:              Setup (Max at Slow Process Corner)
  Requirement:            10.000ns  (clk_100_raw rise@10.000ns - clk_100_raw rise@0.000ns)
  Data Path Delay:        8.565ns  (logic 1.499ns (17.502%)  route 7.066ns (82.498%))
  Logic Levels:           9  (LUT2=1 LUT3=1 LUT4=1 LUT6=6)
  Clock Path Skew:        -0.203ns (DCD - SCD + CPR)
    Destination Clock Delay (DCD):    -1.580ns = ( 8.420 - 10.000 ) 
    Source Clock Delay      (SCD):    -1.915ns
    Clock Pessimism Removal (CPR):    -0.538ns
  Clock Uncertainty:      0.047ns  ((TSJ^2 + DJ^2)^1/2) / 2 + PE
    Total System Jitter     (TSJ):    0.071ns
    Discrete Jitter          (DJ):    0.063ns
    Phase Error              (PE):    0.000ns

    Location             Delay type                Incr(ns)  Path(ns)    Netlist Resource(s)
  -------------------------------------------------------------------    -------------------
                         (clock clk_100_raw rise edge)
                                                      0.000     0.000 r  
    N18                                               0.000     0.000 r  CLK50MHZ (IN)
                         net (fo=0)                   0.000     0.000    CLK50MHZ
    N18                  IBUF (Prop_ibuf_I_O)         1.392     1.392 r  CLK50MHZ_IBUF_inst/O
                         net (fo=1, routed)           1.126     2.518    CLK50MHZ_IBUF
    PLLE2_ADV_X1Y1       PLLE2_ADV (Prop_plle2_adv_CLKIN1_CLKOUT0)
                                                     -7.569    -5.051 r  u_pll/CLKOUT0
                         net (fo=1, routed)           1.594    -3.457    clk_100_raw
    BUFGCTRL_X0Y16       BUFG (Prop_bufg_I_O)         0.085    -3.372 r  u_clk_100_bufg/O
                         net (fo=20208, routed)       1.457    -1.915    u_core/u_edge/u_server/hash/ofifo1_inst/inst/clk_100
    SLICE_X78Y17         FDRE                                         r  u_core/u_edge/u_server/hash/ofifo1_inst/inst/wr_ptr_reg[3]/C
  -------------------------------------------------------------------    -------------------
    SLICE_X78Y17         FDRE (Prop_fdre_C_Q)         0.379    -1.536 r  u_core/u_edge/u_server/hash/ofifo1_inst/inst/wr_ptr_reg[3]/Q
                         net (fo=9, routed)           0.601    -0.935    u_core/u_edge/u_server/hash/ofifo1_inst/inst/Q[3]
    SLICE_X78Y17         LUT4 (Prop_lut4_I0_O)        0.115    -0.820 r  u_core/u_edge/u_server/hash/ofifo1_inst/inst/wr_ptr[8]_i_7__0/O
                         net (fo=1, routed)           0.671    -0.149    u_core/u_edge/u_server/hash/ofifo1_inst/inst/wr_ptr[8]_i_7__0_n_2
    SLICE_X78Y17         LUT6 (Prop_lut6_I4_O)        0.267     0.118 r  u_core/u_edge/u_server/hash/ofifo1_inst/inst/wr_ptr[8]_i_3__0/O
                         net (fo=5, routed)           0.623     0.741    u_core/u_edge/u_server/hash/ofifo0_inst/inst/ofifo1_full
    SLICE_X70Y18         LUT6 (Prop_lut6_I0_O)        0.105     0.846 r  u_core/u_edge/u_server/hash/ofifo0_inst/inst/state[5]_i_14/O
                         net (fo=4, routed)           0.619     1.464    u_core/u_edge/u_server/hash/ofifo0_inst/inst/state[5]_i_14_n_2
    SLICE_X70Y21         LUT6 (Prop_lut6_I2_O)        0.105     1.569 f  u_core/u_edge/u_server/hash/ofifo0_inst/inst/state[0]_i_2__1/O
                         net (fo=1, routed)           0.438     2.008    u_core/u_edge/u_server/hash/ofifo0_inst/inst/state[0]_i_2__1_n_2
    SLICE_X70Y22         LUT6 (Prop_lut6_I0_O)        0.105     2.113 r  u_core/u_edge/u_server/hash/ofifo0_inst/inst/state[0]_i_1__2/O
                         net (fo=6, routed)           0.672     2.784    u_core/u_edge/u_server/hash/ofifo0_inst/inst/state_reg[5]
    SLICE_X71Y24         LUT6 (Prop_lut6_I0_O)        0.105     2.889 f  u_core/u_edge/u_server/hash/ofifo0_inst/inst/group_eta3_i_5/O
                         net (fo=3, routed)           0.400     3.290    u_core/u_edge/u_server/hash/ofifo0_inst/inst/group_eta3_i_5_n_2
    SLICE_X68Y25         LUT6 (Prop_lut6_I0_O)        0.105     3.395 r  u_core/u_edge/u_server/hash/ofifo0_inst/inst/ready_flag_i_2/O
                         net (fo=5, routed)           0.374     3.769    u_core/u_edge/u_server/ntt/init_clears
    SLICE_X71Y25         LUT2 (Prop_lut2_I1_O)        0.105     3.874 r  u_core/u_edge/u_server/ntt/mode_latched[1]_i_3/O
                         net (fo=7, routed)           1.078     4.953    u_core/u_edge/u_control/u_scrub/squeeze_reg_reg[0]
    SLICE_X68Y43         LUT3 (Prop_lut3_I2_O)        0.108     5.061 r  u_core/u_edge/u_control/u_scrub/block_perm_src[1599]_i_1/O
                         net (fo=3200, routed)        1.589     6.650    u_core/u_edge/u_server/hash/sponge/block_perm_src_reg[1599]_0[0]
    SLICE_X46Y29         FDRE                                         r  u_core/u_edge/u_server/hash/sponge/block_perm_src_reg[1489]/R
  -------------------------------------------------------------------    -------------------

                         (clock clk_100_raw rise edge)
                                                     10.000    10.000 r  
    N18                                               0.000    10.000 r  CLK50MHZ (IN)
                         net (fo=0)                   0.000    10.000    CLK50MHZ
    N18                  IBUF (Prop_ibuf_I_O)         1.327    11.327 r  CLK50MHZ_IBUF_inst/O
                         net (fo=1, routed)           1.019    12.345    CLK50MHZ_IBUF
    PLLE2_ADV_X1Y1       PLLE2_ADV (Prop_plle2_adv_CLKIN1_CLKOUT0)
                                                     -6.696     5.650 r  u_pll/CLKOUT0
                         net (fo=1, routed)           1.451     7.101    clk_100_raw
    BUFGCTRL_X0Y16       BUFG (Prop_bufg_I_O)         0.077     7.178 r  u_clk_100_bufg/O
                         net (fo=20208, routed)       1.242     8.420    u_core/u_edge/u_server/hash/sponge/clk_100
    SLICE_X46Y29         FDRE                                         r  u_core/u_edge/u_server/hash/sponge/block_perm_src_reg[1489]/C
                         clock pessimism             -0.538     7.882    
                         clock uncertainty           -0.047     7.835    
    SLICE_X46Y29         FDRE (Setup_fdre_C_R)       -0.585     7.250    u_core/u_edge/u_server/hash/sponge/block_perm_src_reg[1489]
  -------------------------------------------------------------------
                         required time                          7.250    
                         arrival time                          -6.650    
  -------------------------------------------------------------------
                         slack                                  0.600    

Slack (MET) :             0.600ns  (required time - arrival time)
  Source:                 u_core/u_edge/u_server/hash/ofifo1_inst/inst/wr_ptr_reg[3]/C
                            (rising edge-triggered cell FDRE clocked by clk_100_raw  {rise@0.000ns fall@5.000ns period=10.000ns})
  Destination:            u_core/u_edge/u_server/hash/sponge/block_perm_src_reg[1520]/R
                            (rising edge-triggered cell FDRE clocked by clk_100_raw  {rise@0.000ns fall@5.000ns period=10.000ns})
  Path Group:             clk_100_raw
  Path Type:              Setup (Max at Slow Process Corner)
  Requirement:            10.000ns  (clk_100_raw rise@10.000ns - clk_100_raw rise@0.000ns)
  Data Path Delay:        8.565ns  (logic 1.499ns (17.502%)  route 7.066ns (82.498%))
  Logic Levels:           9  (LUT2=1 LUT3=1 LUT4=1 LUT6=6)
  Clock Path Skew:        -0.203ns (DCD - SCD + CPR)
    Destination Clock Delay (DCD):    -1.580ns = ( 8.420 - 10.000 ) 
    Source Clock Delay      (SCD):    -1.915ns
    Clock Pessimism Removal (CPR):    -0.538ns
  Clock Uncertainty:      0.047ns  ((TSJ^2 + DJ^2)^1/2) / 2 + PE
    Total System Jitter     (TSJ):    0.071ns
    Discrete Jitter          (DJ):    0.063ns
    Phase Error              (PE):    0.000ns

    Location             Delay type                Incr(ns)  Path(ns)    Netlist Resource(s)
  -------------------------------------------------------------------    -------------------
                         (clock clk_100_raw rise edge)
                                                      0.000     0.000 r  
    N18                                               0.000     0.000 r  CLK50MHZ (IN)
                         net (fo=0)                   0.000     0.000    CLK50MHZ
    N18                  IBUF (Prop_ibuf_I_O)         1.392     1.392 r  CLK50MHZ_IBUF_inst/O
                         net (fo=1, routed)           1.126     2.518    CLK50MHZ_IBUF
    PLLE2_ADV_X1Y1       PLLE2_ADV (Prop_plle2_adv_CLKIN1_CLKOUT0)
                                                     -7.569    -5.051 r  u_pll/CLKOUT0
                         net (fo=1, routed)           1.594    -3.457    clk_100_raw
    BUFGCTRL_X0Y16       BUFG (Prop_bufg_I_O)         0.085    -3.372 r  u_clk_100_bufg/O
                         net (fo=20208, routed)       1.457    -1.915    u_core/u_edge/u_server/hash/ofifo1_inst/inst/clk_100
    SLICE_X78Y17         FDRE                                         r  u_core/u_edge/u_server/hash/ofifo1_inst/inst/wr_ptr_reg[3]/C
  -------------------------------------------------------------------    -------------------
    SLICE_X78Y17         FDRE (Prop_fdre_C_Q)         0.379    -1.536 r  u_core/u_edge/u_server/hash/ofifo1_inst/inst/wr_ptr_reg[3]/Q
                         net (fo=9, routed)           0.601    -0.935    u_core/u_edge/u_server/hash/ofifo1_inst/inst/Q[3]
    SLICE_X78Y17         LUT4 (Prop_lut4_I0_O)        0.115    -0.820 r  u_core/u_edge/u_server/hash/ofifo1_inst/inst/wr_ptr[8]_i_7__0/O
                         net (fo=1, routed)           0.671    -0.149    u_core/u_edge/u_server/hash/ofifo1_inst/inst/wr_ptr[8]_i_7__0_n_2
    SLICE_X78Y17         LUT6 (Prop_lut6_I4_O)        0.267     0.118 r  u_core/u_edge/u_server/hash/ofifo1_inst/inst/wr_ptr[8]_i_3__0/O
                         net (fo=5, routed)           0.623     0.741    u_core/u_edge/u_server/hash/ofifo0_inst/inst/ofifo1_full
    SLICE_X70Y18         LUT6 (Prop_lut6_I0_O)        0.105     0.846 r  u_core/u_edge/u_server/hash/ofifo0_inst/inst/state[5]_i_14/O
                         net (fo=4, routed)           0.619     1.464    u_core/u_edge/u_server/hash/ofifo0_inst/inst/state[5]_i_14_n_2
    SLICE_X70Y21         LUT6 (Prop_lut6_I2_O)        0.105     1.569 f  u_core/u_edge/u_server/hash/ofifo0_inst/inst/state[0]_i_2__1/O
                         net (fo=1, routed)           0.438     2.008    u_core/u_edge/u_server/hash/ofifo0_inst/inst/state[0]_i_2__1_n_2
    SLICE_X70Y22         LUT6 (Prop_lut6_I0_O)        0.105     2.113 r  u_core/u_edge/u_server/hash/ofifo0_inst/inst/state[0]_i_1__2/O
                         net (fo=6, routed)           0.672     2.784    u_core/u_edge/u_server/hash/ofifo0_inst/inst/state_reg[5]
    SLICE_X71Y24         LUT6 (Prop_lut6_I0_O)        0.105     2.889 f  u_core/u_edge/u_server/hash/ofifo0_inst/inst/group_eta3_i_5/O
                         net (fo=3, routed)           0.400     3.290    u_core/u_edge/u_server/hash/ofifo0_inst/inst/group_eta3_i_5_n_2
    SLICE_X68Y25         LUT6 (Prop_lut6_I0_O)        0.105     3.395 r  u_core/u_edge/u_server/hash/ofifo0_inst/inst/ready_flag_i_2/O
                         net (fo=5, routed)           0.374     3.769    u_core/u_edge/u_server/ntt/init_clears
    SLICE_X71Y25         LUT2 (Prop_lut2_I1_O)        0.105     3.874 r  u_core/u_edge/u_server/ntt/mode_latched[1]_i_3/O
                         net (fo=7, routed)           1.078     4.953    u_core/u_edge/u_control/u_scrub/squeeze_reg_reg[0]
    SLICE_X68Y43         LUT3 (Prop_lut3_I2_O)        0.108     5.061 r  u_core/u_edge/u_control/u_scrub/block_perm_src[1599]_i_1/O
                         net (fo=3200, routed)        1.589     6.650    u_core/u_edge/u_server/hash/sponge/block_perm_src_reg[1599]_0[0]
    SLICE_X46Y29         FDRE                                         r  u_core/u_edge/u_server/hash/sponge/block_perm_src_reg[1520]/R
  -------------------------------------------------------------------    -------------------

                         (clock clk_100_raw rise edge)
                                                     10.000    10.000 r  
    N18                                               0.000    10.000 r  CLK50MHZ (IN)
                         net (fo=0)                   0.000    10.000    CLK50MHZ
    N18                  IBUF (Prop_ibuf_I_O)         1.327    11.327 r  CLK50MHZ_IBUF_inst/O
                         net (fo=1, routed)           1.019    12.345    CLK50MHZ_IBUF
    PLLE2_ADV_X1Y1       PLLE2_ADV (Prop_plle2_adv_CLKIN1_CLKOUT0)
                                                     -6.696     5.650 r  u_pll/CLKOUT0
                         net (fo=1, routed)           1.451     7.101    clk_100_raw
    BUFGCTRL_X0Y16       BUFG (Prop_bufg_I_O)         0.077     7.178 r  u_clk_100_bufg/O
                         net (fo=20208, routed)       1.242     8.420    u_core/u_edge/u_server/hash/sponge/clk_100
    SLICE_X46Y29         FDRE                                         r  u_core/u_edge/u_server/hash/sponge/block_perm_src_reg[1520]/C
                         clock pessimism             -0.538     7.882    
                         clock uncertainty           -0.047     7.835    
    SLICE_X46Y29         FDRE (Setup_fdre_C_R)       -0.585     7.250    u_core/u_edge/u_server/hash/sponge/block_perm_src_reg[1520]
  -------------------------------------------------------------------
                         required time                          7.250    
                         arrival time                          -6.650    
  -------------------------------------------------------------------
                         slack                                  0.600    

Slack (MET) :             0.607ns  (required time - arrival time)
  Source:                 u_core/u_edge/u_server/hash/ofifo1_inst/inst/wr_ptr_reg[3]/C
                            (rising edge-triggered cell FDRE clocked by clk_100_raw  {rise@0.000ns fall@5.000ns period=10.000ns})
  Destination:            u_core/u_edge/u_server/hash/sponge/block_perm_src_reg[1190]/R
                            (rising edge-triggered cell FDRE clocked by clk_100_raw  {rise@0.000ns fall@5.000ns period=10.000ns})
  Path Group:             clk_100_raw
  Path Type:              Setup (Max at Slow Process Corner)
  Requirement:            10.000ns  (clk_100_raw rise@10.000ns - clk_100_raw rise@0.000ns)
  Data Path Delay:        8.610ns  (logic 1.499ns (17.410%)  route 7.111ns (82.590%))
  Logic Levels:           9  (LUT2=1 LUT3=1 LUT4=1 LUT6=6)
  Clock Path Skew:        -0.222ns (DCD - SCD + CPR)
    Destination Clock Delay (DCD):    -1.587ns = ( 8.413 - 10.000 ) 
    Source Clock Delay      (SCD):    -1.915ns
    Clock Pessimism Removal (CPR):    -0.550ns
  Clock Uncertainty:      0.047ns  ((TSJ^2 + DJ^2)^1/2) / 2 + PE
    Total System Jitter     (TSJ):    0.071ns
    Discrete Jitter          (DJ):    0.063ns
    Phase Error              (PE):    0.000ns

    Location             Delay type                Incr(ns)  Path(ns)    Netlist Resource(s)
  -------------------------------------------------------------------    -------------------
                         (clock clk_100_raw rise edge)
                                                      0.000     0.000 r  
    N18                                               0.000     0.000 r  CLK50MHZ (IN)
                         net (fo=0)                   0.000     0.000    CLK50MHZ
    N18                  IBUF (Prop_ibuf_I_O)         1.392     1.392 r  CLK50MHZ_IBUF_inst/O
                         net (fo=1, routed)           1.126     2.518    CLK50MHZ_IBUF
    PLLE2_ADV_X1Y1       PLLE2_ADV (Prop_plle2_adv_CLKIN1_CLKOUT0)
                                                     -7.569    -5.051 r  u_pll/CLKOUT0
                         net (fo=1, routed)           1.594    -3.457    clk_100_raw
    BUFGCTRL_X0Y16       BUFG (Prop_bufg_I_O)         0.085    -3.372 r  u_clk_100_bufg/O
                         net (fo=20208, routed)       1.457    -1.915    u_core/u_edge/u_server/hash/ofifo1_inst/inst/clk_100
    SLICE_X78Y17         FDRE                                         r  u_core/u_edge/u_server/hash/ofifo1_inst/inst/wr_ptr_reg[3]/C
  -------------------------------------------------------------------    -------------------
    SLICE_X78Y17         FDRE (Prop_fdre_C_Q)         0.379    -1.536 r  u_core/u_edge/u_server/hash/ofifo1_inst/inst/wr_ptr_reg[3]/Q
                         net (fo=9, routed)           0.601    -0.935    u_core/u_edge/u_server/hash/ofifo1_inst/inst/Q[3]
    SLICE_X78Y17         LUT4 (Prop_lut4_I0_O)        0.115    -0.820 r  u_core/u_edge/u_server/hash/ofifo1_inst/inst/wr_ptr[8]_i_7__0/O
                         net (fo=1, routed)           0.671    -0.149    u_core/u_edge/u_server/hash/ofifo1_inst/inst/wr_ptr[8]_i_7__0_n_2
    SLICE_X78Y17         LUT6 (Prop_lut6_I4_O)        0.267     0.118 r  u_core/u_edge/u_server/hash/ofifo1_inst/inst/wr_ptr[8]_i_3__0/O
                         net (fo=5, routed)           0.623     0.741    u_core/u_edge/u_server/hash/ofifo0_inst/inst/ofifo1_full
    SLICE_X70Y18         LUT6 (Prop_lut6_I0_O)        0.105     0.846 r  u_core/u_edge/u_server/hash/ofifo0_inst/inst/state[5]_i_14/O
                         net (fo=4, routed)           0.619     1.464    u_core/u_edge/u_server/hash/ofifo0_inst/inst/state[5]_i_14_n_2
    SLICE_X70Y21         LUT6 (Prop_lut6_I2_O)        0.105     1.569 f  u_core/u_edge/u_server/hash/ofifo0_inst/inst/state[0]_i_2__1/O
                         net (fo=1, routed)           0.438     2.008    u_core/u_edge/u_server/hash/ofifo0_inst/inst/state[0]_i_2__1_n_2
    SLICE_X70Y22         LUT6 (Prop_lut6_I0_O)        0.105     2.113 r  u_core/u_edge/u_server/hash/ofifo0_inst/inst/state[0]_i_1__2/O
                         net (fo=6, routed)           0.672     2.784    u_core/u_edge/u_server/hash/ofifo0_inst/inst/state_reg[5]
    SLICE_X71Y24         LUT6 (Prop_lut6_I0_O)        0.105     2.889 f  u_core/u_edge/u_server/hash/ofifo0_inst/inst/group_eta3_i_5/O
                         net (fo=3, routed)           0.400     3.290    u_core/u_edge/u_server/hash/ofifo0_inst/inst/group_eta3_i_5_n_2
    SLICE_X68Y25         LUT6 (Prop_lut6_I0_O)        0.105     3.395 r  u_core/u_edge/u_server/hash/ofifo0_inst/inst/ready_flag_i_2/O
                         net (fo=5, routed)           0.374     3.769    u_core/u_edge/u_server/ntt/init_clears
    SLICE_X71Y25         LUT2 (Prop_lut2_I1_O)        0.105     3.874 r  u_core/u_edge/u_server/ntt/mode_latched[1]_i_3/O
                         net (fo=7, routed)           1.078     4.953    u_core/u_edge/u_control/u_scrub/squeeze_reg_reg[0]
    SLICE_X68Y43         LUT3 (Prop_lut3_I2_O)        0.108     5.061 r  u_core/u_edge/u_control/u_scrub/block_perm_src[1599]_i_1/O
                         net (fo=3200, routed)        1.635     6.695    u_core/u_edge/u_server/hash/sponge/block_perm_src_reg[1599]_0[0]
    SLICE_X43Y57         FDRE                                         r  u_core/u_edge/u_server/hash/sponge/block_perm_src_reg[1190]/R
  -------------------------------------------------------------------    -------------------

                         (clock clk_100_raw rise edge)
                                                     10.000    10.000 r  
    N18                                               0.000    10.000 r  CLK50MHZ (IN)
                         net (fo=0)                   0.000    10.000    CLK50MHZ
    N18                  IBUF (Prop_ibuf_I_O)         1.327    11.327 r  CLK50MHZ_IBUF_inst/O
                         net (fo=1, routed)           1.019    12.345    CLK50MHZ_IBUF
    PLLE2_ADV_X1Y1       PLLE2_ADV (Prop_plle2_adv_CLKIN1_CLKOUT0)
                                                     -6.696     5.650 r  u_pll/CLKOUT0
                         net (fo=1, routed)           1.451     7.101    clk_100_raw
    BUFGCTRL_X0Y16       BUFG (Prop_bufg_I_O)         0.077     7.178 r  u_clk_100_bufg/O
                         net (fo=20208, routed)       1.235     8.413    u_core/u_edge/u_server/hash/sponge/clk_100
    SLICE_X43Y57         FDRE                                         r  u_core/u_edge/u_server/hash/sponge/block_perm_src_reg[1190]/C
                         clock pessimism             -0.550     7.863    
                         clock uncertainty           -0.047     7.816    
    SLICE_X43Y57         FDRE (Setup_fdre_C_R)       -0.514     7.302    u_core/u_edge/u_server/hash/sponge/block_perm_src_reg[1190]
  -------------------------------------------------------------------
                         required time                          7.302    
                         arrival time                          -6.695    
  -------------------------------------------------------------------
                         slack                                  0.607    

Slack (MET) :             0.607ns  (required time - arrival time)
  Source:                 u_core/u_edge/u_server/hash/ofifo1_inst/inst/wr_ptr_reg[3]/C
                            (rising edge-triggered cell FDRE clocked by clk_100_raw  {rise@0.000ns fall@5.000ns period=10.000ns})
  Destination:            u_core/u_edge/u_server/hash/sponge/block_perm_src_reg[1254]/R
                            (rising edge-triggered cell FDRE clocked by clk_100_raw  {rise@0.000ns fall@5.000ns period=10.000ns})
  Path Group:             clk_100_raw
  Path Type:              Setup (Max at Slow Process Corner)
  Requirement:            10.000ns  (clk_100_raw rise@10.000ns - clk_100_raw rise@0.000ns)
  Data Path Delay:        8.610ns  (logic 1.499ns (17.410%)  route 7.111ns (82.590%))
  Logic Levels:           9  (LUT2=1 LUT3=1 LUT4=1 LUT6=6)
  Clock Path Skew:        -0.222ns (DCD - SCD + CPR)
    Destination Clock Delay (DCD):    -1.587ns = ( 8.413 - 10.000 ) 
    Source Clock Delay      (SCD):    -1.915ns
    Clock Pessimism Removal (CPR):    -0.550ns
  Clock Uncertainty:      0.047ns  ((TSJ^2 + DJ^2)^1/2) / 2 + PE
    Total System Jitter     (TSJ):    0.071ns
    Discrete Jitter          (DJ):    0.063ns
    Phase Error              (PE):    0.000ns

    Location             Delay type                Incr(ns)  Path(ns)    Netlist Resource(s)
  -------------------------------------------------------------------    -------------------
                         (clock clk_100_raw rise edge)
                                                      0.000     0.000 r  
    N18                                               0.000     0.000 r  CLK50MHZ (IN)
                         net (fo=0)                   0.000     0.000    CLK50MHZ
    N18                  IBUF (Prop_ibuf_I_O)         1.392     1.392 r  CLK50MHZ_IBUF_inst/O
                         net (fo=1, routed)           1.126     2.518    CLK50MHZ_IBUF
    PLLE2_ADV_X1Y1       PLLE2_ADV (Prop_plle2_adv_CLKIN1_CLKOUT0)
                                                     -7.569    -5.051 r  u_pll/CLKOUT0
                         net (fo=1, routed)           1.594    -3.457    clk_100_raw
    BUFGCTRL_X0Y16       BUFG (Prop_bufg_I_O)         0.085    -3.372 r  u_clk_100_bufg/O
                         net (fo=20208, routed)       1.457    -1.915    u_core/u_edge/u_server/hash/ofifo1_inst/inst/clk_100
    SLICE_X78Y17         FDRE                                         r  u_core/u_edge/u_server/hash/ofifo1_inst/inst/wr_ptr_reg[3]/C
  -------------------------------------------------------------------    -------------------
    SLICE_X78Y17         FDRE (Prop_fdre_C_Q)         0.379    -1.536 r  u_core/u_edge/u_server/hash/ofifo1_inst/inst/wr_ptr_reg[3]/Q
                         net (fo=9, routed)           0.601    -0.935    u_core/u_edge/u_server/hash/ofifo1_inst/inst/Q[3]
    SLICE_X78Y17         LUT4 (Prop_lut4_I0_O)        0.115    -0.820 r  u_core/u_edge/u_server/hash/ofifo1_inst/inst/wr_ptr[8]_i_7__0/O
                         net (fo=1, routed)           0.671    -0.149    u_core/u_edge/u_server/hash/ofifo1_inst/inst/wr_ptr[8]_i_7__0_n_2
    SLICE_X78Y17         LUT6 (Prop_lut6_I4_O)        0.267     0.118 r  u_core/u_edge/u_server/hash/ofifo1_inst/inst/wr_ptr[8]_i_3__0/O
                         net (fo=5, routed)           0.623     0.741    u_core/u_edge/u_server/hash/ofifo0_inst/inst/ofifo1_full
    SLICE_X70Y18         LUT6 (Prop_lut6_I0_O)        0.105     0.846 r  u_core/u_edge/u_server/hash/ofifo0_inst/inst/state[5]_i_14/O
                         net (fo=4, routed)           0.619     1.464    u_core/u_edge/u_server/hash/ofifo0_inst/inst/state[5]_i_14_n_2
    SLICE_X70Y21         LUT6 (Prop_lut6_I2_O)        0.105     1.569 f  u_core/u_edge/u_server/hash/ofifo0_inst/inst/state[0]_i_2__1/O
                         net (fo=1, routed)           0.438     2.008    u_core/u_edge/u_server/hash/ofifo0_inst/inst/state[0]_i_2__1_n_2
    SLICE_X70Y22         LUT6 (Prop_lut6_I0_O)        0.105     2.113 r  u_core/u_edge/u_server/hash/ofifo0_inst/inst/state[0]_i_1__2/O
                         net (fo=6, routed)           0.672     2.784    u_core/u_edge/u_server/hash/ofifo0_inst/inst/state_reg[5]
    SLICE_X71Y24         LUT6 (Prop_lut6_I0_O)        0.105     2.889 f  u_core/u_edge/u_server/hash/ofifo0_inst/inst/group_eta3_i_5/O
                         net (fo=3, routed)           0.400     3.290    u_core/u_edge/u_server/hash/ofifo0_inst/inst/group_eta3_i_5_n_2
    SLICE_X68Y25         LUT6 (Prop_lut6_I0_O)        0.105     3.395 r  u_core/u_edge/u_server/hash/ofifo0_inst/inst/ready_flag_i_2/O
                         net (fo=5, routed)           0.374     3.769    u_core/u_edge/u_server/ntt/init_clears
    SLICE_X71Y25         LUT2 (Prop_lut2_I1_O)        0.105     3.874 r  u_core/u_edge/u_server/ntt/mode_latched[1]_i_3/O
                         net (fo=7, routed)           1.078     4.953    u_core/u_edge/u_control/u_scrub/squeeze_reg_reg[0]
    SLICE_X68Y43         LUT3 (Prop_lut3_I2_O)        0.108     5.061 r  u_core/u_edge/u_control/u_scrub/block_perm_src[1599]_i_1/O
                         net (fo=3200, routed)        1.635     6.695    u_core/u_edge/u_server/hash/sponge/block_perm_src_reg[1599]_0[0]
    SLICE_X43Y57         FDRE                                         r  u_core/u_edge/u_server/hash/sponge/block_perm_src_reg[1254]/R
  -------------------------------------------------------------------    -------------------

                         (clock clk_100_raw rise edge)
                                                     10.000    10.000 r  
    N18                                               0.000    10.000 r  CLK50MHZ (IN)
                         net (fo=0)                   0.000    10.000    CLK50MHZ
    N18                  IBUF (Prop_ibuf_I_O)         1.327    11.327 r  CLK50MHZ_IBUF_inst/O
                         net (fo=1, routed)           1.019    12.345    CLK50MHZ_IBUF
    PLLE2_ADV_X1Y1       PLLE2_ADV (Prop_plle2_adv_CLKIN1_CLKOUT0)
                                                     -6.696     5.650 r  u_pll/CLKOUT0
                         net (fo=1, routed)           1.451     7.101    clk_100_raw
    BUFGCTRL_X0Y16       BUFG (Prop_bufg_I_O)         0.077     7.178 r  u_clk_100_bufg/O
                         net (fo=20208, routed)       1.235     8.413    u_core/u_edge/u_server/hash/sponge/clk_100
    SLICE_X43Y57         FDRE                                         r  u_core/u_edge/u_server/hash/sponge/block_perm_src_reg[1254]/C
                         clock pessimism             -0.550     7.863    
                         clock uncertainty           -0.047     7.816    
    SLICE_X43Y57         FDRE (Setup_fdre_C_R)       -0.514     7.302    u_core/u_edge/u_server/hash/sponge/block_perm_src_reg[1254]
  -------------------------------------------------------------------
                         required time                          7.302    
                         arrival time                          -6.695    
  -------------------------------------------------------------------
                         slack                                  0.607    

Slack (MET) :             0.607ns  (required time - arrival time)
  Source:                 u_core/u_edge/u_server/hash/ofifo1_inst/inst/wr_ptr_reg[3]/C
                            (rising edge-triggered cell FDRE clocked by clk_100_raw  {rise@0.000ns fall@5.000ns period=10.000ns})
  Destination:            u_core/u_edge/u_server/hash/sponge/block_perm_src_reg[848]/R
                            (rising edge-triggered cell FDRE clocked by clk_100_raw  {rise@0.000ns fall@5.000ns period=10.000ns})
  Path Group:             clk_100_raw
  Path Type:              Setup (Max at Slow Process Corner)
  Requirement:            10.000ns  (clk_100_raw rise@10.000ns - clk_100_raw rise@0.000ns)
  Data Path Delay:        8.562ns  (logic 1.499ns (17.508%)  route 7.063ns (82.492%))
  Logic Levels:           9  (LUT2=1 LUT3=1 LUT4=1 LUT6=6)
  Clock Path Skew:        -0.198ns (DCD - SCD + CPR)
    Destination Clock Delay (DCD):    -1.575ns = ( 8.425 - 10.000 ) 
    Source Clock Delay      (SCD):    -1.915ns
    Clock Pessimism Removal (CPR):    -0.538ns
  Clock Uncertainty:      0.047ns  ((TSJ^2 + DJ^2)^1/2) / 2 + PE
    Total System Jitter     (TSJ):    0.071ns
    Discrete Jitter          (DJ):    0.063ns
    Phase Error              (PE):    0.000ns

    Location             Delay type                Incr(ns)  Path(ns)    Netlist Resource(s)
  -------------------------------------------------------------------    -------------------
                         (clock clk_100_raw rise edge)
                                                      0.000     0.000 r  
    N18                                               0.000     0.000 r  CLK50MHZ (IN)
                         net (fo=0)                   0.000     0.000    CLK50MHZ
    N18                  IBUF (Prop_ibuf_I_O)         1.392     1.392 r  CLK50MHZ_IBUF_inst/O
                         net (fo=1, routed)           1.126     2.518    CLK50MHZ_IBUF
    PLLE2_ADV_X1Y1       PLLE2_ADV (Prop_plle2_adv_CLKIN1_CLKOUT0)
                                                     -7.569    -5.051 r  u_pll/CLKOUT0
                         net (fo=1, routed)           1.594    -3.457    clk_100_raw
    BUFGCTRL_X0Y16       BUFG (Prop_bufg_I_O)         0.085    -3.372 r  u_clk_100_bufg/O
                         net (fo=20208, routed)       1.457    -1.915    u_core/u_edge/u_server/hash/ofifo1_inst/inst/clk_100
    SLICE_X78Y17         FDRE                                         r  u_core/u_edge/u_server/hash/ofifo1_inst/inst/wr_ptr_reg[3]/C
  -------------------------------------------------------------------    -------------------
    SLICE_X78Y17         FDRE (Prop_fdre_C_Q)         0.379    -1.536 r  u_core/u_edge/u_server/hash/ofifo1_inst/inst/wr_ptr_reg[3]/Q
                         net (fo=9, routed)           0.601    -0.935    u_core/u_edge/u_server/hash/ofifo1_inst/inst/Q[3]
    SLICE_X78Y17         LUT4 (Prop_lut4_I0_O)        0.115    -0.820 r  u_core/u_edge/u_server/hash/ofifo1_inst/inst/wr_ptr[8]_i_7__0/O
                         net (fo=1, routed)           0.671    -0.149    u_core/u_edge/u_server/hash/ofifo1_inst/inst/wr_ptr[8]_i_7__0_n_2
    SLICE_X78Y17         LUT6 (Prop_lut6_I4_O)        0.267     0.118 r  u_core/u_edge/u_server/hash/ofifo1_inst/inst/wr_ptr[8]_i_3__0/O
                         net (fo=5, routed)           0.623     0.741    u_core/u_edge/u_server/hash/ofifo0_inst/inst/ofifo1_full
    SLICE_X70Y18         LUT6 (Prop_lut6_I0_O)        0.105     0.846 r  u_core/u_edge/u_server/hash/ofifo0_inst/inst/state[5]_i_14/O
                         net (fo=4, routed)           0.619     1.464    u_core/u_edge/u_server/hash/ofifo0_inst/inst/state[5]_i_14_n_2
    SLICE_X70Y21         LUT6 (Prop_lut6_I2_O)        0.105     1.569 f  u_core/u_edge/u_server/hash/ofifo0_inst/inst/state[0]_i_2__1/O
                         net (fo=1, routed)           0.438     2.008    u_core/u_edge/u_server/hash/ofifo0_inst/inst/state[0]_i_2__1_n_2
    SLICE_X70Y22         LUT6 (Prop_lut6_I0_O)        0.105     2.113 r  u_core/u_edge/u_server/hash/ofifo0_inst/inst/state[0]_i_1__2/O
                         net (fo=6, routed)           0.672     2.784    u_core/u_edge/u_server/hash/ofifo0_inst/inst/state_reg[5]
    SLICE_X71Y24         LUT6 (Prop_lut6_I0_O)        0.105     2.889 f  u_core/u_edge/u_server/hash/ofifo0_inst/inst/group_eta3_i_5/O
                         net (fo=3, routed)           0.400     3.290    u_core/u_edge/u_server/hash/ofifo0_inst/inst/group_eta3_i_5_n_2
    SLICE_X68Y25         LUT6 (Prop_lut6_I0_O)        0.105     3.395 r  u_core/u_edge/u_server/hash/ofifo0_inst/inst/ready_flag_i_2/O
                         net (fo=5, routed)           0.374     3.769    u_core/u_edge/u_server/ntt/init_clears
    SLICE_X71Y25         LUT2 (Prop_lut2_I1_O)        0.105     3.874 r  u_core/u_edge/u_server/ntt/mode_latched[1]_i_3/O
                         net (fo=7, routed)           1.078     4.953    u_core/u_edge/u_control/u_scrub/squeeze_reg_reg[0]
    SLICE_X68Y43         LUT3 (Prop_lut3_I2_O)        0.108     5.061 r  u_core/u_edge/u_control/u_scrub/block_perm_src[1599]_i_1/O
                         net (fo=3200, routed)        1.587     6.647    u_core/u_edge/u_server/hash/sponge/block_perm_src_reg[1599]_0[0]
    SLICE_X42Y34         FDRE                                         r  u_core/u_edge/u_server/hash/sponge/block_perm_src_reg[848]/R
  -------------------------------------------------------------------    -------------------

                         (clock clk_100_raw rise edge)
                                                     10.000    10.000 r  
    N18                                               0.000    10.000 r  CLK50MHZ (IN)
                         net (fo=0)                   0.000    10.000    CLK50MHZ
    N18                  IBUF (Prop_ibuf_I_O)         1.327    11.327 r  CLK50MHZ_IBUF_inst/O
                         net (fo=1, routed)           1.019    12.345    CLK50MHZ_IBUF
    PLLE2_ADV_X1Y1       PLLE2_ADV (Prop_plle2_adv_CLKIN1_CLKOUT0)
                                                     -6.696     5.650 r  u_pll/CLKOUT0
                         net (fo=1, routed)           1.451     7.101    clk_100_raw
    BUFGCTRL_X0Y16       BUFG (Prop_bufg_I_O)         0.077     7.178 r  u_clk_100_bufg/O
                         net (fo=20208, routed)       1.247     8.425    u_core/u_edge/u_server/hash/sponge/clk_100
    SLICE_X42Y34         FDRE                                         r  u_core/u_edge/u_server/hash/sponge/block_perm_src_reg[848]/C
                         clock pessimism             -0.538     7.887    
                         clock uncertainty           -0.047     7.840    
    SLICE_X42Y34         FDRE (Setup_fdre_C_R)       -0.585     7.255    u_core/u_edge/u_server/hash/sponge/block_perm_src_reg[848]
  -------------------------------------------------------------------
                         required time                          7.255    
                         arrival time                          -6.647    
  -------------------------------------------------------------------
                         slack                                  0.607    

Slack (MET) :             0.614ns  (required time - arrival time)
  Source:                 u_core/u_edge/u_server/hash/ofifo1_inst/inst/wr_ptr_reg[3]/C
                            (rising edge-triggered cell FDRE clocked by clk_100_raw  {rise@0.000ns fall@5.000ns period=10.000ns})
  Destination:            u_core/u_edge/u_server/hash/sponge/block_perm_src_reg[388]/R
                            (rising edge-triggered cell FDRE clocked by clk_100_raw  {rise@0.000ns fall@5.000ns period=10.000ns})
  Path Group:             clk_100_raw
  Path Type:              Setup (Max at Slow Process Corner)
  Requirement:            10.000ns  (clk_100_raw rise@10.000ns - clk_100_raw rise@0.000ns)
  Data Path Delay:        8.633ns  (logic 1.499ns (17.363%)  route 7.134ns (82.637%))
  Logic Levels:           9  (LUT2=1 LUT3=1 LUT4=1 LUT6=6)
  Clock Path Skew:        -0.191ns (DCD - SCD + CPR)
    Destination Clock Delay (DCD):    -1.568ns = ( 8.432 - 10.000 ) 
    Source Clock Delay      (SCD):    -1.915ns
    Clock Pessimism Removal (CPR):    -0.538ns
  Clock Uncertainty:      0.047ns  ((TSJ^2 + DJ^2)^1/2) / 2 + PE
    Total System Jitter     (TSJ):    0.071ns
    Discrete Jitter          (DJ):    0.063ns
    Phase Error              (PE):    0.000ns

    Location             Delay type                Incr(ns)  Path(ns)    Netlist Resource(s)
  -------------------------------------------------------------------    -------------------
                         (clock clk_100_raw rise edge)
                                                      0.000     0.000 r  
    N18                                               0.000     0.000 r  CLK50MHZ (IN)
                         net (fo=0)                   0.000     0.000    CLK50MHZ
    N18                  IBUF (Prop_ibuf_I_O)         1.392     1.392 r  CLK50MHZ_IBUF_inst/O
                         net (fo=1, routed)           1.126     2.518    CLK50MHZ_IBUF
    PLLE2_ADV_X1Y1       PLLE2_ADV (Prop_plle2_adv_CLKIN1_CLKOUT0)
                                                     -7.569    -5.051 r  u_pll/CLKOUT0
                         net (fo=1, routed)           1.594    -3.457    clk_100_raw
    BUFGCTRL_X0Y16       BUFG (Prop_bufg_I_O)         0.085    -3.372 r  u_clk_100_bufg/O
                         net (fo=20208, routed)       1.457    -1.915    u_core/u_edge/u_server/hash/ofifo1_inst/inst/clk_100
    SLICE_X78Y17         FDRE                                         r  u_core/u_edge/u_server/hash/ofifo1_inst/inst/wr_ptr_reg[3]/C
  -------------------------------------------------------------------    -------------------
    SLICE_X78Y17         FDRE (Prop_fdre_C_Q)         0.379    -1.536 r  u_core/u_edge/u_server/hash/ofifo1_inst/inst/wr_ptr_reg[3]/Q
                         net (fo=9, routed)           0.601    -0.935    u_core/u_edge/u_server/hash/ofifo1_inst/inst/Q[3]
    SLICE_X78Y17         LUT4 (Prop_lut4_I0_O)        0.115    -0.820 r  u_core/u_edge/u_server/hash/ofifo1_inst/inst/wr_ptr[8]_i_7__0/O
                         net (fo=1, routed)           0.671    -0.149    u_core/u_edge/u_server/hash/ofifo1_inst/inst/wr_ptr[8]_i_7__0_n_2
    SLICE_X78Y17         LUT6 (Prop_lut6_I4_O)        0.267     0.118 r  u_core/u_edge/u_server/hash/ofifo1_inst/inst/wr_ptr[8]_i_3__0/O
                         net (fo=5, routed)           0.623     0.741    u_core/u_edge/u_server/hash/ofifo0_inst/inst/ofifo1_full
    SLICE_X70Y18         LUT6 (Prop_lut6_I0_O)        0.105     0.846 r  u_core/u_edge/u_server/hash/ofifo0_inst/inst/state[5]_i_14/O
                         net (fo=4, routed)           0.619     1.464    u_core/u_edge/u_server/hash/ofifo0_inst/inst/state[5]_i_14_n_2
    SLICE_X70Y21         LUT6 (Prop_lut6_I2_O)        0.105     1.569 f  u_core/u_edge/u_server/hash/ofifo0_inst/inst/state[0]_i_2__1/O
                         net (fo=1, routed)           0.438     2.008    u_core/u_edge/u_server/hash/ofifo0_inst/inst/state[0]_i_2__1_n_2
    SLICE_X70Y22         LUT6 (Prop_lut6_I0_O)        0.105     2.113 r  u_core/u_edge/u_server/hash/ofifo0_inst/inst/state[0]_i_1__2/O
                         net (fo=6, routed)           0.672     2.784    u_core/u_edge/u_server/hash/ofifo0_inst/inst/state_reg[5]
    SLICE_X71Y24         LUT6 (Prop_lut6_I0_O)        0.105     2.889 f  u_core/u_edge/u_server/hash/ofifo0_inst/inst/group_eta3_i_5/O
                         net (fo=3, routed)           0.400     3.290    u_core/u_edge/u_server/hash/ofifo0_inst/inst/group_eta3_i_5_n_2
    SLICE_X68Y25         LUT6 (Prop_lut6_I0_O)        0.105     3.395 r  u_core/u_edge/u_server/hash/ofifo0_inst/inst/ready_flag_i_2/O
                         net (fo=5, routed)           0.374     3.769    u_core/u_edge/u_server/ntt/init_clears
    SLICE_X71Y25         LUT2 (Prop_lut2_I1_O)        0.105     3.874 r  u_core/u_edge/u_server/ntt/mode_latched[1]_i_3/O
                         net (fo=7, routed)           1.078     4.953    u_core/u_edge/u_control/u_scrub/squeeze_reg_reg[0]
    SLICE_X68Y43         LUT3 (Prop_lut3_I2_O)        0.108     5.061 r  u_core/u_edge/u_control/u_scrub/block_perm_src[1599]_i_1/O
                         net (fo=3200, routed)        1.658     6.718    u_core/u_edge/u_server/hash/sponge/block_perm_src_reg[1599]_0[0]
    SLICE_X39Y49         FDRE                                         r  u_core/u_edge/u_server/hash/sponge/block_perm_src_reg[388]/R
  -------------------------------------------------------------------    -------------------

                         (clock clk_100_raw rise edge)
                                                     10.000    10.000 r  
    N18                                               0.000    10.000 r  CLK50MHZ (IN)
                         net (fo=0)                   0.000    10.000    CLK50MHZ
    N18                  IBUF (Prop_ibuf_I_O)         1.327    11.327 r  CLK50MHZ_IBUF_inst/O
                         net (fo=1, routed)           1.019    12.345    CLK50MHZ_IBUF
    PLLE2_ADV_X1Y1       PLLE2_ADV (Prop_plle2_adv_CLKIN1_CLKOUT0)
                                                     -6.696     5.650 r  u_pll/CLKOUT0
                         net (fo=1, routed)           1.451     7.101    clk_100_raw
    BUFGCTRL_X0Y16       BUFG (Prop_bufg_I_O)         0.077     7.178 r  u_clk_100_bufg/O
                         net (fo=20208, routed)       1.254     8.432    u_core/u_edge/u_server/hash/sponge/clk_100
    SLICE_X39Y49         FDRE                                         r  u_core/u_edge/u_server/hash/sponge/block_perm_src_reg[388]/C
                         clock pessimism             -0.538     7.894    
                         clock uncertainty           -0.047     7.847    
    SLICE_X39Y49         FDRE (Setup_fdre_C_R)       -0.514     7.333    u_core/u_edge/u_server/hash/sponge/block_perm_src_reg[388]
  -------------------------------------------------------------------
                         required time                          7.333    
                         arrival time                          -6.718    
  -------------------------------------------------------------------
                         slack                                  0.614    

Slack (MET) :             0.614ns  (required time - arrival time)
  Source:                 u_core/u_edge/u_server/hash/ofifo1_inst/inst/wr_ptr_reg[3]/C
                            (rising edge-triggered cell FDRE clocked by clk_100_raw  {rise@0.000ns fall@5.000ns period=10.000ns})
  Destination:            u_core/u_edge/u_server/hash/sponge/block_perm_src_reg[455]/R
                            (rising edge-triggered cell FDRE clocked by clk_100_raw  {rise@0.000ns fall@5.000ns period=10.000ns})
  Path Group:             clk_100_raw
  Path Type:              Setup (Max at Slow Process Corner)
  Requirement:            10.000ns  (clk_100_raw rise@10.000ns - clk_100_raw rise@0.000ns)
  Data Path Delay:        8.633ns  (logic 1.499ns (17.363%)  route 7.134ns (82.637%))
  Logic Levels:           9  (LUT2=1 LUT3=1 LUT4=1 LUT6=6)
  Clock Path Skew:        -0.191ns (DCD - SCD + CPR)
    Destination Clock Delay (DCD):    -1.568ns = ( 8.432 - 10.000 ) 
    Source Clock Delay      (SCD):    -1.915ns
    Clock Pessimism Removal (CPR):    -0.538ns
  Clock Uncertainty:      0.047ns  ((TSJ^2 + DJ^2)^1/2) / 2 + PE
    Total System Jitter     (TSJ):    0.071ns
    Discrete Jitter          (DJ):    0.063ns
    Phase Error              (PE):    0.000ns

    Location             Delay type                Incr(ns)  Path(ns)    Netlist Resource(s)
  -------------------------------------------------------------------    -------------------
                         (clock clk_100_raw rise edge)
                                                      0.000     0.000 r  
    N18                                               0.000     0.000 r  CLK50MHZ (IN)
                         net (fo=0)                   0.000     0.000    CLK50MHZ
    N18                  IBUF (Prop_ibuf_I_O)         1.392     1.392 r  CLK50MHZ_IBUF_inst/O
                         net (fo=1, routed)           1.126     2.518    CLK50MHZ_IBUF
    PLLE2_ADV_X1Y1       PLLE2_ADV (Prop_plle2_adv_CLKIN1_CLKOUT0)
                                                     -7.569    -5.051 r  u_pll/CLKOUT0
                         net (fo=1, routed)           1.594    -3.457    clk_100_raw
    BUFGCTRL_X0Y16       BUFG (Prop_bufg_I_O)         0.085    -3.372 r  u_clk_100_bufg/O
                         net (fo=20208, routed)       1.457    -1.915    u_core/u_edge/u_server/hash/ofifo1_inst/inst/clk_100
    SLICE_X78Y17         FDRE                                         r  u_core/u_edge/u_server/hash/ofifo1_inst/inst/wr_ptr_reg[3]/C
  -------------------------------------------------------------------    -------------------
    SLICE_X78Y17         FDRE (Prop_fdre_C_Q)         0.379    -1.536 r  u_core/u_edge/u_server/hash/ofifo1_inst/inst/wr_ptr_reg[3]/Q
                         net (fo=9, routed)           0.601    -0.935    u_core/u_edge/u_server/hash/ofifo1_inst/inst/Q[3]
    SLICE_X78Y17         LUT4 (Prop_lut4_I0_O)        0.115    -0.820 r  u_core/u_edge/u_server/hash/ofifo1_inst/inst/wr_ptr[8]_i_7__0/O
                         net (fo=1, routed)           0.671    -0.149    u_core/u_edge/u_server/hash/ofifo1_inst/inst/wr_ptr[8]_i_7__0_n_2
    SLICE_X78Y17         LUT6 (Prop_lut6_I4_O)        0.267     0.118 r  u_core/u_edge/u_server/hash/ofifo1_inst/inst/wr_ptr[8]_i_3__0/O
                         net (fo=5, routed)           0.623     0.741    u_core/u_edge/u_server/hash/ofifo0_inst/inst/ofifo1_full
    SLICE_X70Y18         LUT6 (Prop_lut6_I0_O)        0.105     0.846 r  u_core/u_edge/u_server/hash/ofifo0_inst/inst/state[5]_i_14/O
                         net (fo=4, routed)           0.619     1.464    u_core/u_edge/u_server/hash/ofifo0_inst/inst/state[5]_i_14_n_2
    SLICE_X70Y21         LUT6 (Prop_lut6_I2_O)        0.105     1.569 f  u_core/u_edge/u_server/hash/ofifo0_inst/inst/state[0]_i_2__1/O
                         net (fo=1, routed)           0.438     2.008    u_core/u_edge/u_server/hash/ofifo0_inst/inst/state[0]_i_2__1_n_2
    SLICE_X70Y22         LUT6 (Prop_lut6_I0_O)        0.105     2.113 r  u_core/u_edge/u_server/hash/ofifo0_inst/inst/state[0]_i_1__2/O
                         net (fo=6, routed)           0.672     2.784    u_core/u_edge/u_server/hash/ofifo0_inst/inst/state_reg[5]
    SLICE_X71Y24         LUT6 (Prop_lut6_I0_O)        0.105     2.889 f  u_core/u_edge/u_server/hash/ofifo0_inst/inst/group_eta3_i_5/O
                         net (fo=3, routed)           0.400     3.290    u_core/u_edge/u_server/hash/ofifo0_inst/inst/group_eta3_i_5_n_2
    SLICE_X68Y25         LUT6 (Prop_lut6_I0_O)        0.105     3.395 r  u_core/u_edge/u_server/hash/ofifo0_inst/inst/ready_flag_i_2/O
                         net (fo=5, routed)           0.374     3.769    u_core/u_edge/u_server/ntt/init_clears
    SLICE_X71Y25         LUT2 (Prop_lut2_I1_O)        0.105     3.874 r  u_core/u_edge/u_server/ntt/mode_latched[1]_i_3/O
                         net (fo=7, routed)           1.078     4.953    u_core/u_edge/u_control/u_scrub/squeeze_reg_reg[0]
    SLICE_X68Y43         LUT3 (Prop_lut3_I2_O)        0.108     5.061 r  u_core/u_edge/u_control/u_scrub/block_perm_src[1599]_i_1/O
                         net (fo=3200, routed)        1.658     6.718    u_core/u_edge/u_server/hash/sponge/block_perm_src_reg[1599]_0[0]
    SLICE_X39Y49         FDRE                                         r  u_core/u_edge/u_server/hash/sponge/block_perm_src_reg[455]/R
  -------------------------------------------------------------------    -------------------

                         (clock clk_100_raw rise edge)
                                                     10.000    10.000 r  
    N18                                               0.000    10.000 r  CLK50MHZ (IN)
                         net (fo=0)                   0.000    10.000    CLK50MHZ
    N18                  IBUF (Prop_ibuf_I_O)         1.327    11.327 r  CLK50MHZ_IBUF_inst/O
                         net (fo=1, routed)           1.019    12.345    CLK50MHZ_IBUF
    PLLE2_ADV_X1Y1       PLLE2_ADV (Prop_plle2_adv_CLKIN1_CLKOUT0)
                                                     -6.696     5.650 r  u_pll/CLKOUT0
                         net (fo=1, routed)           1.451     7.101    clk_100_raw
    BUFGCTRL_X0Y16       BUFG (Prop_bufg_I_O)         0.077     7.178 r  u_clk_100_bufg/O
                         net (fo=20208, routed)       1.254     8.432    u_core/u_edge/u_server/hash/sponge/clk_100
    SLICE_X39Y49         FDRE                                         r  u_core/u_edge/u_server/hash/sponge/block_perm_src_reg[455]/C
                         clock pessimism             -0.538     7.894    
                         clock uncertainty           -0.047     7.847    
    SLICE_X39Y49         FDRE (Setup_fdre_C_R)       -0.514     7.333    u_core/u_edge/u_server/hash/sponge/block_perm_src_reg[455]
  -------------------------------------------------------------------
                         required time                          7.333    
                         arrival time                          -6.718    
  -------------------------------------------------------------------
                         slack                                  0.614    

Slack (MET) :             0.614ns  (required time - arrival time)
  Source:                 u_core/u_edge/u_server/hash/ofifo1_inst/inst/wr_ptr_reg[3]/C
                            (rising edge-triggered cell FDRE clocked by clk_100_raw  {rise@0.000ns fall@5.000ns period=10.000ns})
  Destination:            u_core/u_edge/u_server/hash/sponge/block_perm_src_reg[871]/R
                            (rising edge-triggered cell FDRE clocked by clk_100_raw  {rise@0.000ns fall@5.000ns period=10.000ns})
  Path Group:             clk_100_raw
  Path Type:              Setup (Max at Slow Process Corner)
  Requirement:            10.000ns  (clk_100_raw rise@10.000ns - clk_100_raw rise@0.000ns)
  Data Path Delay:        8.633ns  (logic 1.499ns (17.363%)  route 7.134ns (82.637%))
  Logic Levels:           9  (LUT2=1 LUT3=1 LUT4=1 LUT6=6)
  Clock Path Skew:        -0.191ns (DCD - SCD + CPR)
    Destination Clock Delay (DCD):    -1.568ns = ( 8.432 - 10.000 ) 
    Source Clock Delay      (SCD):    -1.915ns
    Clock Pessimism Removal (CPR):    -0.538ns
  Clock Uncertainty:      0.047ns  ((TSJ^2 + DJ^2)^1/2) / 2 + PE
    Total System Jitter     (TSJ):    0.071ns
    Discrete Jitter          (DJ):    0.063ns
    Phase Error              (PE):    0.000ns

    Location             Delay type                Incr(ns)  Path(ns)    Netlist Resource(s)
  -------------------------------------------------------------------    -------------------
                         (clock clk_100_raw rise edge)
                                                      0.000     0.000 r  
    N18                                               0.000     0.000 r  CLK50MHZ (IN)
                         net (fo=0)                   0.000     0.000    CLK50MHZ
    N18                  IBUF (Prop_ibuf_I_O)         1.392     1.392 r  CLK50MHZ_IBUF_inst/O
                         net (fo=1, routed)           1.126     2.518    CLK50MHZ_IBUF
    PLLE2_ADV_X1Y1       PLLE2_ADV (Prop_plle2_adv_CLKIN1_CLKOUT0)
                                                     -7.569    -5.051 r  u_pll/CLKOUT0
                         net (fo=1, routed)           1.594    -3.457    clk_100_raw
    BUFGCTRL_X0Y16       BUFG (Prop_bufg_I_O)         0.085    -3.372 r  u_clk_100_bufg/O
                         net (fo=20208, routed)       1.457    -1.915    u_core/u_edge/u_server/hash/ofifo1_inst/inst/clk_100
    SLICE_X78Y17         FDRE                                         r  u_core/u_edge/u_server/hash/ofifo1_inst/inst/wr_ptr_reg[3]/C
  -------------------------------------------------------------------    -------------------
    SLICE_X78Y17         FDRE (Prop_fdre_C_Q)         0.379    -1.536 r  u_core/u_edge/u_server/hash/ofifo1_inst/inst/wr_ptr_reg[3]/Q
                         net (fo=9, routed)           0.601    -0.935    u_core/u_edge/u_server/hash/ofifo1_inst/inst/Q[3]
    SLICE_X78Y17         LUT4 (Prop_lut4_I0_O)        0.115    -0.820 r  u_core/u_edge/u_server/hash/ofifo1_inst/inst/wr_ptr[8]_i_7__0/O
                         net (fo=1, routed)           0.671    -0.149    u_core/u_edge/u_server/hash/ofifo1_inst/inst/wr_ptr[8]_i_7__0_n_2
    SLICE_X78Y17         LUT6 (Prop_lut6_I4_O)        0.267     0.118 r  u_core/u_edge/u_server/hash/ofifo1_inst/inst/wr_ptr[8]_i_3__0/O
                         net (fo=5, routed)           0.623     0.741    u_core/u_edge/u_server/hash/ofifo0_inst/inst/ofifo1_full
    SLICE_X70Y18         LUT6 (Prop_lut6_I0_O)        0.105     0.846 r  u_core/u_edge/u_server/hash/ofifo0_inst/inst/state[5]_i_14/O
                         net (fo=4, routed)           0.619     1.464    u_core/u_edge/u_server/hash/ofifo0_inst/inst/state[5]_i_14_n_2
    SLICE_X70Y21         LUT6 (Prop_lut6_I2_O)        0.105     1.569 f  u_core/u_edge/u_server/hash/ofifo0_inst/inst/state[0]_i_2__1/O
                         net (fo=1, routed)           0.438     2.008    u_core/u_edge/u_server/hash/ofifo0_inst/inst/state[0]_i_2__1_n_2
    SLICE_X70Y22         LUT6 (Prop_lut6_I0_O)        0.105     2.113 r  u_core/u_edge/u_server/hash/ofifo0_inst/inst/state[0]_i_1__2/O
                         net (fo=6, routed)           0.672     2.784    u_core/u_edge/u_server/hash/ofifo0_inst/inst/state_reg[5]
    SLICE_X71Y24         LUT6 (Prop_lut6_I0_O)        0.105     2.889 f  u_core/u_edge/u_server/hash/ofifo0_inst/inst/group_eta3_i_5/O
                         net (fo=3, routed)           0.400     3.290    u_core/u_edge/u_server/hash/ofifo0_inst/inst/group_eta3_i_5_n_2
    SLICE_X68Y25         LUT6 (Prop_lut6_I0_O)        0.105     3.395 r  u_core/u_edge/u_server/hash/ofifo0_inst/inst/ready_flag_i_2/O
                         net (fo=5, routed)           0.374     3.769    u_core/u_edge/u_server/ntt/init_clears
    SLICE_X71Y25         LUT2 (Prop_lut2_I1_O)        0.105     3.874 r  u_core/u_edge/u_server/ntt/mode_latched[1]_i_3/O
                         net (fo=7, routed)           1.078     4.953    u_core/u_edge/u_control/u_scrub/squeeze_reg_reg[0]
    SLICE_X68Y43         LUT3 (Prop_lut3_I2_O)        0.108     5.061 r  u_core/u_edge/u_control/u_scrub/block_perm_src[1599]_i_1/O
                         net (fo=3200, routed)        1.658     6.718    u_core/u_edge/u_server/hash/sponge/block_perm_src_reg[1599]_0[0]
    SLICE_X39Y49         FDRE                                         r  u_core/u_edge/u_server/hash/sponge/block_perm_src_reg[871]/R
  -------------------------------------------------------------------    -------------------

                         (clock clk_100_raw rise edge)
                                                     10.000    10.000 r  
    N18                                               0.000    10.000 r  CLK50MHZ (IN)
                         net (fo=0)                   0.000    10.000    CLK50MHZ
    N18                  IBUF (Prop_ibuf_I_O)         1.327    11.327 r  CLK50MHZ_IBUF_inst/O
                         net (fo=1, routed)           1.019    12.345    CLK50MHZ_IBUF
    PLLE2_ADV_X1Y1       PLLE2_ADV (Prop_plle2_adv_CLKIN1_CLKOUT0)
                                                     -6.696     5.650 r  u_pll/CLKOUT0
                         net (fo=1, routed)           1.451     7.101    clk_100_raw
    BUFGCTRL_X0Y16       BUFG (Prop_bufg_I_O)         0.077     7.178 r  u_clk_100_bufg/O
                         net (fo=20208, routed)       1.254     8.432    u_core/u_edge/u_server/hash/sponge/clk_100
    SLICE_X39Y49         FDRE                                         r  u_core/u_edge/u_server/hash/sponge/block_perm_src_reg[871]/C
                         clock pessimism             -0.538     7.894    
                         clock uncertainty           -0.047     7.847    
    SLICE_X39Y49         FDRE (Setup_fdre_C_R)       -0.514     7.333    u_core/u_edge/u_server/hash/sponge/block_perm_src_reg[871]
  -------------------------------------------------------------------
                         required time                          7.333    
                         arrival time                          -6.718    
  -------------------------------------------------------------------
                         slack                                  0.614    

Slack (MET) :             0.614ns  (required time - arrival time)
  Source:                 u_core/u_edge/u_server/hash/ofifo1_inst/inst/wr_ptr_reg[3]/C
                            (rising edge-triggered cell FDRE clocked by clk_100_raw  {rise@0.000ns fall@5.000ns period=10.000ns})
  Destination:            u_core/u_edge/u_server/hash/sponge/block_perm_src_reg[999]/R
                            (rising edge-triggered cell FDRE clocked by clk_100_raw  {rise@0.000ns fall@5.000ns period=10.000ns})
  Path Group:             clk_100_raw
  Path Type:              Setup (Max at Slow Process Corner)
  Requirement:            10.000ns  (clk_100_raw rise@10.000ns - clk_100_raw rise@0.000ns)
  Data Path Delay:        8.633ns  (logic 1.499ns (17.363%)  route 7.134ns (82.637%))
  Logic Levels:           9  (LUT2=1 LUT3=1 LUT4=1 LUT6=6)
  Clock Path Skew:        -0.191ns (DCD - SCD + CPR)
    Destination Clock Delay (DCD):    -1.568ns = ( 8.432 - 10.000 ) 
    Source Clock Delay      (SCD):    -1.915ns
    Clock Pessimism Removal (CPR):    -0.538ns
  Clock Uncertainty:      0.047ns  ((TSJ^2 + DJ^2)^1/2) / 2 + PE
    Total System Jitter     (TSJ):    0.071ns
    Discrete Jitter          (DJ):    0.063ns
    Phase Error              (PE):    0.000ns

    Location             Delay type                Incr(ns)  Path(ns)    Netlist Resource(s)
  -------------------------------------------------------------------    -------------------
                         (clock clk_100_raw rise edge)
                                                      0.000     0.000 r  
    N18                                               0.000     0.000 r  CLK50MHZ (IN)
                         net (fo=0)                   0.000     0.000    CLK50MHZ
    N18                  IBUF (Prop_ibuf_I_O)         1.392     1.392 r  CLK50MHZ_IBUF_inst/O
                         net (fo=1, routed)           1.126     2.518    CLK50MHZ_IBUF
    PLLE2_ADV_X1Y1       PLLE2_ADV (Prop_plle2_adv_CLKIN1_CLKOUT0)
                                                     -7.569    -5.051 r  u_pll/CLKOUT0
                         net (fo=1, routed)           1.594    -3.457    clk_100_raw
    BUFGCTRL_X0Y16       BUFG (Prop_bufg_I_O)         0.085    -3.372 r  u_clk_100_bufg/O
                         net (fo=20208, routed)       1.457    -1.915    u_core/u_edge/u_server/hash/ofifo1_inst/inst/clk_100
    SLICE_X78Y17         FDRE                                         r  u_core/u_edge/u_server/hash/ofifo1_inst/inst/wr_ptr_reg[3]/C
  -------------------------------------------------------------------    -------------------
    SLICE_X78Y17         FDRE (Prop_fdre_C_Q)         0.379    -1.536 r  u_core/u_edge/u_server/hash/ofifo1_inst/inst/wr_ptr_reg[3]/Q
                         net (fo=9, routed)           0.601    -0.935    u_core/u_edge/u_server/hash/ofifo1_inst/inst/Q[3]
    SLICE_X78Y17         LUT4 (Prop_lut4_I0_O)        0.115    -0.820 r  u_core/u_edge/u_server/hash/ofifo1_inst/inst/wr_ptr[8]_i_7__0/O
                         net (fo=1, routed)           0.671    -0.149    u_core/u_edge/u_server/hash/ofifo1_inst/inst/wr_ptr[8]_i_7__0_n_2
    SLICE_X78Y17         LUT6 (Prop_lut6_I4_O)        0.267     0.118 r  u_core/u_edge/u_server/hash/ofifo1_inst/inst/wr_ptr[8]_i_3__0/O
                         net (fo=5, routed)           0.623     0.741    u_core/u_edge/u_server/hash/ofifo0_inst/inst/ofifo1_full
    SLICE_X70Y18         LUT6 (Prop_lut6_I0_O)        0.105     0.846 r  u_core/u_edge/u_server/hash/ofifo0_inst/inst/state[5]_i_14/O
                         net (fo=4, routed)           0.619     1.464    u_core/u_edge/u_server/hash/ofifo0_inst/inst/state[5]_i_14_n_2
    SLICE_X70Y21         LUT6 (Prop_lut6_I2_O)        0.105     1.569 f  u_core/u_edge/u_server/hash/ofifo0_inst/inst/state[0]_i_2__1/O
                         net (fo=1, routed)           0.438     2.008    u_core/u_edge/u_server/hash/ofifo0_inst/inst/state[0]_i_2__1_n_2
    SLICE_X70Y22         LUT6 (Prop_lut6_I0_O)        0.105     2.113 r  u_core/u_edge/u_server/hash/ofifo0_inst/inst/state[0]_i_1__2/O
                         net (fo=6, routed)           0.672     2.784    u_core/u_edge/u_server/hash/ofifo0_inst/inst/state_reg[5]
    SLICE_X71Y24         LUT6 (Prop_lut6_I0_O)        0.105     2.889 f  u_core/u_edge/u_server/hash/ofifo0_inst/inst/group_eta3_i_5/O
                         net (fo=3, routed)           0.400     3.290    u_core/u_edge/u_server/hash/ofifo0_inst/inst/group_eta3_i_5_n_2
    SLICE_X68Y25         LUT6 (Prop_lut6_I0_O)        0.105     3.395 r  u_core/u_edge/u_server/hash/ofifo0_inst/inst/ready_flag_i_2/O
                         net (fo=5, routed)           0.374     3.769    u_core/u_edge/u_server/ntt/init_clears
    SLICE_X71Y25         LUT2 (Prop_lut2_I1_O)        0.105     3.874 r  u_core/u_edge/u_server/ntt/mode_latched[1]_i_3/O
                         net (fo=7, routed)           1.078     4.953    u_core/u_edge/u_control/u_scrub/squeeze_reg_reg[0]
    SLICE_X68Y43         LUT3 (Prop_lut3_I2_O)        0.108     5.061 r  u_core/u_edge/u_control/u_scrub/block_perm_src[1599]_i_1/O
                         net (fo=3200, routed)        1.658     6.718    u_core/u_edge/u_server/hash/sponge/block_perm_src_reg[1599]_0[0]
    SLICE_X39Y49         FDRE                                         r  u_core/u_edge/u_server/hash/sponge/block_perm_src_reg[999]/R
  -------------------------------------------------------------------    -------------------

                         (clock clk_100_raw rise edge)
                                                     10.000    10.000 r  
    N18                                               0.000    10.000 r  CLK50MHZ (IN)
                         net (fo=0)                   0.000    10.000    CLK50MHZ
    N18                  IBUF (Prop_ibuf_I_O)         1.327    11.327 r  CLK50MHZ_IBUF_inst/O
                         net (fo=1, routed)           1.019    12.345    CLK50MHZ_IBUF
    PLLE2_ADV_X1Y1       PLLE2_ADV (Prop_plle2_adv_CLKIN1_CLKOUT0)
                                                     -6.696     5.650 r  u_pll/CLKOUT0
                         net (fo=1, routed)           1.451     7.101    clk_100_raw
    BUFGCTRL_X0Y16       BUFG (Prop_bufg_I_O)         0.077     7.178 r  u_clk_100_bufg/O
                         net (fo=20208, routed)       1.254     8.432    u_core/u_edge/u_server/hash/sponge/clk_100
    SLICE_X39Y49         FDRE                                         r  u_core/u_edge/u_server/hash/sponge/block_perm_src_reg[999]/C
                         clock pessimism             -0.538     7.894    
                         clock uncertainty           -0.047     7.847    
    SLICE_X39Y49         FDRE (Setup_fdre_C_R)       -0.514     7.333    u_core/u_edge/u_server/hash/sponge/block_perm_src_reg[999]
  -------------------------------------------------------------------
                         required time                          7.333    
                         arrival time                          -6.718    
  -------------------------------------------------------------------
                         slack                                  0.614    

Slack (MET) :             0.621ns  (required time - arrival time)
  Source:                 u_core/u_edge/u_server/hash/ofifo1_inst/inst/wr_ptr_reg[3]/C
                            (rising edge-triggered cell FDRE clocked by clk_100_raw  {rise@0.000ns fall@5.000ns period=10.000ns})
  Destination:            u_core/u_edge/u_server/hash/sponge/block_perm_src_reg[1213]/R
                            (rising edge-triggered cell FDRE clocked by clk_100_raw  {rise@0.000ns fall@5.000ns period=10.000ns})
  Path Group:             clk_100_raw
  Path Type:              Setup (Max at Slow Process Corner)
  Requirement:            10.000ns  (clk_100_raw rise@10.000ns - clk_100_raw rise@0.000ns)
  Data Path Delay:        8.636ns  (logic 1.499ns (17.358%)  route 7.137ns (82.642%))
  Logic Levels:           9  (LUT2=1 LUT3=1 LUT4=1 LUT6=6)
  Clock Path Skew:        -0.111ns (DCD - SCD + CPR)
    Destination Clock Delay (DCD):    -1.476ns = ( 8.524 - 10.000 ) 
    Source Clock Delay      (SCD):    -1.915ns
    Clock Pessimism Removal (CPR):    -0.550ns
  Clock Uncertainty:      0.047ns  ((TSJ^2 + DJ^2)^1/2) / 2 + PE
    Total System Jitter     (TSJ):    0.071ns
    Discrete Jitter          (DJ):    0.063ns
    Phase Error              (PE):    0.000ns

    Location             Delay type                Incr(ns)  Path(ns)    Netlist Resource(s)
  -------------------------------------------------------------------    -------------------
                         (clock clk_100_raw rise edge)
                                                      0.000     0.000 r  
    N18                                               0.000     0.000 r  CLK50MHZ (IN)
                         net (fo=0)                   0.000     0.000    CLK50MHZ
    N18                  IBUF (Prop_ibuf_I_O)         1.392     1.392 r  CLK50MHZ_IBUF_inst/O
                         net (fo=1, routed)           1.126     2.518    CLK50MHZ_IBUF
    PLLE2_ADV_X1Y1       PLLE2_ADV (Prop_plle2_adv_CLKIN1_CLKOUT0)
                                                     -7.569    -5.051 r  u_pll/CLKOUT0
                         net (fo=1, routed)           1.594    -3.457    clk_100_raw
    BUFGCTRL_X0Y16       BUFG (Prop_bufg_I_O)         0.085    -3.372 r  u_clk_100_bufg/O
                         net (fo=20208, routed)       1.457    -1.915    u_core/u_edge/u_server/hash/ofifo1_inst/inst/clk_100
    SLICE_X78Y17         FDRE                                         r  u_core/u_edge/u_server/hash/ofifo1_inst/inst/wr_ptr_reg[3]/C
  -------------------------------------------------------------------    -------------------
    SLICE_X78Y17         FDRE (Prop_fdre_C_Q)         0.379    -1.536 r  u_core/u_edge/u_server/hash/ofifo1_inst/inst/wr_ptr_reg[3]/Q
                         net (fo=9, routed)           0.601    -0.935    u_core/u_edge/u_server/hash/ofifo1_inst/inst/Q[3]
    SLICE_X78Y17         LUT4 (Prop_lut4_I0_O)        0.115    -0.820 r  u_core/u_edge/u_server/hash/ofifo1_inst/inst/wr_ptr[8]_i_7__0/O
                         net (fo=1, routed)           0.671    -0.149    u_core/u_edge/u_server/hash/ofifo1_inst/inst/wr_ptr[8]_i_7__0_n_2
    SLICE_X78Y17         LUT6 (Prop_lut6_I4_O)        0.267     0.118 r  u_core/u_edge/u_server/hash/ofifo1_inst/inst/wr_ptr[8]_i_3__0/O
                         net (fo=5, routed)           0.623     0.741    u_core/u_edge/u_server/hash/ofifo0_inst/inst/ofifo1_full
    SLICE_X70Y18         LUT6 (Prop_lut6_I0_O)        0.105     0.846 r  u_core/u_edge/u_server/hash/ofifo0_inst/inst/state[5]_i_14/O
                         net (fo=4, routed)           0.619     1.464    u_core/u_edge/u_server/hash/ofifo0_inst/inst/state[5]_i_14_n_2
    SLICE_X70Y21         LUT6 (Prop_lut6_I2_O)        0.105     1.569 f  u_core/u_edge/u_server/hash/ofifo0_inst/inst/state[0]_i_2__1/O
                         net (fo=1, routed)           0.438     2.008    u_core/u_edge/u_server/hash/ofifo0_inst/inst/state[0]_i_2__1_n_2
    SLICE_X70Y22         LUT6 (Prop_lut6_I0_O)        0.105     2.113 r  u_core/u_edge/u_server/hash/ofifo0_inst/inst/state[0]_i_1__2/O
                         net (fo=6, routed)           0.672     2.784    u_core/u_edge/u_server/hash/ofifo0_inst/inst/state_reg[5]
    SLICE_X71Y24         LUT6 (Prop_lut6_I0_O)        0.105     2.889 f  u_core/u_edge/u_server/hash/ofifo0_inst/inst/group_eta3_i_5/O
                         net (fo=3, routed)           0.400     3.290    u_core/u_edge/u_server/hash/ofifo0_inst/inst/group_eta3_i_5_n_2
    SLICE_X68Y25         LUT6 (Prop_lut6_I0_O)        0.105     3.395 r  u_core/u_edge/u_server/hash/ofifo0_inst/inst/ready_flag_i_2/O
                         net (fo=5, routed)           0.374     3.769    u_core/u_edge/u_server/ntt/init_clears
    SLICE_X71Y25         LUT2 (Prop_lut2_I1_O)        0.105     3.874 r  u_core/u_edge/u_server/ntt/mode_latched[1]_i_3/O
                         net (fo=7, routed)           1.078     4.953    u_core/u_edge/u_control/u_scrub/squeeze_reg_reg[0]
    SLICE_X68Y43         LUT3 (Prop_lut3_I2_O)        0.108     5.061 r  u_core/u_edge/u_control/u_scrub/block_perm_src[1599]_i_1/O
                         net (fo=3200, routed)        1.661     6.721    u_core/u_edge/u_server/hash/sponge/block_perm_src_reg[1599]_0[0]
    SLICE_X94Y56         FDRE                                         r  u_core/u_edge/u_server/hash/sponge/block_perm_src_reg[1213]/R
  -------------------------------------------------------------------    -------------------

                         (clock clk_100_raw rise edge)
                                                     10.000    10.000 r  
    N18                                               0.000    10.000 r  CLK50MHZ (IN)
                         net (fo=0)                   0.000    10.000    CLK50MHZ
    N18                  IBUF (Prop_ibuf_I_O)         1.327    11.327 r  CLK50MHZ_IBUF_inst/O
                         net (fo=1, routed)           1.019    12.345    CLK50MHZ_IBUF
    PLLE2_ADV_X1Y1       PLLE2_ADV (Prop_plle2_adv_CLKIN1_CLKOUT0)
                                                     -6.696     5.650 r  u_pll/CLKOUT0
                         net (fo=1, routed)           1.451     7.101    clk_100_raw
    BUFGCTRL_X0Y16       BUFG (Prop_bufg_I_O)         0.077     7.178 r  u_clk_100_bufg/O
                         net (fo=20208, routed)       1.346     8.524    u_core/u_edge/u_server/hash/sponge/clk_100
    SLICE_X94Y56         FDRE                                         r  u_core/u_edge/u_server/hash/sponge/block_perm_src_reg[1213]/C
                         clock pessimism             -0.550     7.974    
                         clock uncertainty           -0.047     7.927    
    SLICE_X94Y56         FDRE (Setup_fdre_C_R)       -0.585     7.342    u_core/u_edge/u_server/hash/sponge/block_perm_src_reg[1213]
  -------------------------------------------------------------------
                         required time                          7.342    
                         arrival time                          -6.721    
  -------------------------------------------------------------------
                         slack                                  0.621    





Min Delay Paths
--------------------------------------------------------------------------------------
Slack (MET) :             0.045ns  (arrival time - required time)
  Source:                 u_core/u_edge/u_control/u_seed/seed_z_reg[79]/C
                            (rising edge-triggered cell FDCE clocked by clk_100_raw  {rise@0.000ns fall@5.000ns period=10.000ns})
  Destination:            u_core/u_edge/u_server/z_reg[79]/D
                            (rising edge-triggered cell FDRE clocked by clk_100_raw  {rise@0.000ns fall@5.000ns period=10.000ns})
  Path Group:             clk_100_raw
  Path Type:              Hold (Min at Fast Process Corner)
  Requirement:            0.000ns  (clk_100_raw rise@0.000ns - clk_100_raw rise@0.000ns)
  Data Path Delay:        0.348ns  (logic 0.209ns (59.989%)  route 0.139ns (40.011%))
  Logic Levels:           1  (LUT3=1)
  Clock Path Skew:        0.182ns (DCD - SCD - CPR)
    Destination Clock Delay (DCD):    -0.359ns
    Source Clock Delay      (SCD):    -0.505ns
    Clock Pessimism Removal (CPR):    -0.036ns

    Location             Delay type                Incr(ns)  Path(ns)    Netlist Resource(s)
  -------------------------------------------------------------------    -------------------
                         (clock clk_100_raw rise edge)
                                                      0.000     0.000 r  
    N18                                               0.000     0.000 r  CLK50MHZ (IN)
                         net (fo=0)                   0.000     0.000    CLK50MHZ
    N18                  IBUF (Prop_ibuf_I_O)         0.229     0.229 r  CLK50MHZ_IBUF_inst/O
                         net (fo=1, routed)           0.440     0.669    CLK50MHZ_IBUF
    PLLE2_ADV_X1Y1       PLLE2_ADV (Prop_plle2_adv_CLKIN1_CLKOUT0)
                                                     -2.407    -1.737 r  u_pll/CLKOUT0
                         net (fo=1, routed)           0.544    -1.193    clk_100_raw
    BUFGCTRL_X0Y16       BUFG (Prop_bufg_I_O)         0.026    -1.167 r  u_clk_100_bufg/O
                         net (fo=20208, routed)       0.662    -0.505    u_core/u_edge/u_control/u_seed/clk_100
    SLICE_X66Y100        FDCE                                         r  u_core/u_edge/u_control/u_seed/seed_z_reg[79]/C
  -------------------------------------------------------------------    -------------------
    SLICE_X66Y100        FDCE (Prop_fdce_C_Q)         0.164    -0.341 r  u_core/u_edge/u_control/u_seed/seed_z_reg[79]/Q
                         net (fo=1, routed)           0.139    -0.202    u_core/u_edge/u_server/z_reg[255]_0[79]
    SLICE_X66Y99         LUT3 (Prop_lut3_I2_O)        0.045    -0.157 r  u_core/u_edge/u_server/z[79]_i_1/O
                         net (fo=1, routed)           0.000    -0.157    u_core/u_edge/u_server/z[79]_i_1_n_2
    SLICE_X66Y99         FDRE                                         r  u_core/u_edge/u_server/z_reg[79]/D
  -------------------------------------------------------------------    -------------------

                         (clock clk_100_raw rise edge)
                                                      0.000     0.000 r  
    N18                                               0.000     0.000 r  CLK50MHZ (IN)
                         net (fo=0)                   0.000     0.000    CLK50MHZ
    N18                  IBUF (Prop_ibuf_I_O)         0.417     0.417 r  CLK50MHZ_IBUF_inst/O
                         net (fo=1, routed)           0.481     0.898    CLK50MHZ_IBUF
    PLLE2_ADV_X1Y1       PLLE2_ADV (Prop_plle2_adv_CLKIN1_CLKOUT0)
                                                     -2.727    -1.829 r  u_pll/CLKOUT0
                         net (fo=1, routed)           0.592    -1.237    clk_100_raw
    BUFGCTRL_X0Y16       BUFG (Prop_bufg_I_O)         0.029    -1.208 r  u_clk_100_bufg/O
                         net (fo=20208, routed)       0.849    -0.359    u_core/u_edge/u_server/clk_100
    SLICE_X66Y99         FDRE                                         r  u_core/u_edge/u_server/z_reg[79]/C
                         clock pessimism              0.036    -0.323    
    SLICE_X66Y99         FDRE (Hold_fdre_C_D)         0.121    -0.202    u_core/u_edge/u_server/z_reg[79]
  -------------------------------------------------------------------
                         required time                          0.202    
                         arrival time                          -0.157    
  -------------------------------------------------------------------
                         slack                                  0.045    

Slack (MET) :             0.048ns  (arrival time - required time)
  Source:                 u_core/u_edge/u_server/hash/sponge/squeeze_reg_reg[748]/C
                            (rising edge-triggered cell FDRE clocked by clk_100_raw  {rise@0.000ns fall@5.000ns period=10.000ns})
  Destination:            u_core/u_edge/u_server/hash/sponge/squeeze_reg_reg[716]/D
                            (rising edge-triggered cell FDRE clocked by clk_100_raw  {rise@0.000ns fall@5.000ns period=10.000ns})
  Path Group:             clk_100_raw
  Path Type:              Hold (Min at Fast Process Corner)
  Requirement:            0.000ns  (clk_100_raw rise@0.000ns - clk_100_raw rise@0.000ns)
  Data Path Delay:        0.432ns  (logic 0.186ns (43.039%)  route 0.246ns (56.961%))
  Logic Levels:           1  (LUT3=1)
  Clock Path Skew:        0.263ns (DCD - SCD - CPR)
    Destination Clock Delay (DCD):    -0.355ns
    Source Clock Delay      (SCD):    -0.578ns
    Clock Pessimism Removal (CPR):    -0.041ns

    Location             Delay type                Incr(ns)  Path(ns)    Netlist Resource(s)
  -------------------------------------------------------------------    -------------------
                         (clock clk_100_raw rise edge)
                                                      0.000     0.000 r  
    N18                                               0.000     0.000 r  CLK50MHZ (IN)
                         net (fo=0)                   0.000     0.000    CLK50MHZ
    N18                  IBUF (Prop_ibuf_I_O)         0.229     0.229 r  CLK50MHZ_IBUF_inst/O
                         net (fo=1, routed)           0.440     0.669    CLK50MHZ_IBUF
    PLLE2_ADV_X1Y1       PLLE2_ADV (Prop_plle2_adv_CLKIN1_CLKOUT0)
                                                     -2.407    -1.737 r  u_pll/CLKOUT0
                         net (fo=1, routed)           0.544    -1.193    clk_100_raw
    BUFGCTRL_X0Y16       BUFG (Prop_bufg_I_O)         0.026    -1.167 r  u_clk_100_bufg/O
                         net (fo=20208, routed)       0.590    -0.578    u_core/u_edge/u_server/hash/sponge/clk_100
    SLICE_X80Y48         FDRE                                         r  u_core/u_edge/u_server/hash/sponge/squeeze_reg_reg[748]/C
  -------------------------------------------------------------------    -------------------
    SLICE_X80Y48         FDRE (Prop_fdre_C_Q)         0.141    -0.437 r  u_core/u_edge/u_server/hash/sponge/squeeze_reg_reg[748]/Q
                         net (fo=1, routed)           0.246    -0.190    u_core/u_edge/u_server/hash/sponge/algo_inst/STEP_MAPPING_5/squeeze_reg_reg[1567][748]
    SLICE_X82Y51         LUT3 (Prop_lut3_I0_O)        0.045    -0.145 r  u_core/u_edge/u_server/hash/sponge/algo_inst/STEP_MAPPING_5/squeeze_reg[716]_i_1/O
                         net (fo=1, routed)           0.000    -0.145    u_core/u_edge/u_server/hash/sponge/squeeze_reg0_out[716]
    SLICE_X82Y51         FDRE                                         r  u_core/u_edge/u_server/hash/sponge/squeeze_reg_reg[716]/D
  -------------------------------------------------------------------    -------------------

                         (clock clk_100_raw rise edge)
                                                      0.000     0.000 r  
    N18                                               0.000     0.000 r  CLK50MHZ (IN)
                         net (fo=0)                   0.000     0.000    CLK50MHZ
    N18                  IBUF (Prop_ibuf_I_O)         0.417     0.417 r  CLK50MHZ_IBUF_inst/O
                         net (fo=1, routed)           0.481     0.898    CLK50MHZ_IBUF
    PLLE2_ADV_X1Y1       PLLE2_ADV (Prop_plle2_adv_CLKIN1_CLKOUT0)
                                                     -2.727    -1.829 r  u_pll/CLKOUT0
                         net (fo=1, routed)           0.592    -1.237    clk_100_raw
    BUFGCTRL_X0Y16       BUFG (Prop_bufg_I_O)         0.029    -1.208 r  u_clk_100_bufg/O
                         net (fo=20208, routed)       0.853    -0.355    u_core/u_edge/u_server/hash/sponge/clk_100
    SLICE_X82Y51         FDRE                                         r  u_core/u_edge/u_server/hash/sponge/squeeze_reg_reg[716]/C
                         clock pessimism              0.041    -0.314    
    SLICE_X82Y51         FDRE (Hold_fdre_C_D)         0.121    -0.193    u_core/u_edge/u_server/hash/sponge/squeeze_reg_reg[716]
  -------------------------------------------------------------------
                         required time                          0.193    
                         arrival time                          -0.145    
  -------------------------------------------------------------------
                         slack                                  0.048    

Slack (MET) :             0.052ns  (arrival time - required time)
  Source:                 u_core/u_edge/u_control/u_seed/u_kdf/seed_out_reg[299]/C
                            (rising edge-triggered cell FDCE clocked by clk_100_raw  {rise@0.000ns fall@5.000ns period=10.000ns})
  Destination:            u_core/u_edge/u_control/u_seed/seed_z_reg[43]/D
                            (rising edge-triggered cell FDCE clocked by clk_100_raw  {rise@0.000ns fall@5.000ns period=10.000ns})
  Path Group:             clk_100_raw
  Path Type:              Hold (Min at Fast Process Corner)
  Requirement:            0.000ns  (clk_100_raw rise@0.000ns - clk_100_raw rise@0.000ns)
  Data Path Delay:        0.365ns  (logic 0.229ns (62.746%)  route 0.136ns (37.254%))
  Logic Levels:           1  (LUT4=1)
  Clock Path Skew:        0.182ns (DCD - SCD - CPR)
    Destination Clock Delay (DCD):    -0.359ns
    Source Clock Delay      (SCD):    -0.505ns
    Clock Pessimism Removal (CPR):    -0.036ns

    Location             Delay type                Incr(ns)  Path(ns)    Netlist Resource(s)
  -------------------------------------------------------------------    -------------------
                         (clock clk_100_raw rise edge)
                                                      0.000     0.000 r  
    N18                                               0.000     0.000 r  CLK50MHZ (IN)
                         net (fo=0)                   0.000     0.000    CLK50MHZ
    N18                  IBUF (Prop_ibuf_I_O)         0.229     0.229 r  CLK50MHZ_IBUF_inst/O
                         net (fo=1, routed)           0.440     0.669    CLK50MHZ_IBUF
    PLLE2_ADV_X1Y1       PLLE2_ADV (Prop_plle2_adv_CLKIN1_CLKOUT0)
                                                     -2.407    -1.737 r  u_pll/CLKOUT0
                         net (fo=1, routed)           0.544    -1.193    clk_100_raw
    BUFGCTRL_X0Y16       BUFG (Prop_bufg_I_O)         0.026    -1.167 r  u_clk_100_bufg/O
                         net (fo=20208, routed)       0.662    -0.505    u_core/u_edge/u_control/u_seed/u_kdf/clk_100
    SLICE_X61Y100        FDCE                                         r  u_core/u_edge/u_control/u_seed/u_kdf/seed_out_reg[299]/C
  -------------------------------------------------------------------    -------------------
    SLICE_X61Y100        FDCE (Prop_fdce_C_Q)         0.128    -0.377 r  u_core/u_edge/u_control/u_seed/u_kdf/seed_out_reg[299]/Q
                         net (fo=1, routed)           0.136    -0.241    u_core/u_edge/u_control/kdf_seed[299]
    SLICE_X62Y99         LUT4 (Prop_lut4_I3_O)        0.101    -0.140 r  u_core/u_edge/u_control/i___820/O
                         net (fo=1, routed)           0.000    -0.140    u_core/u_edge/u_control/u_seed/seed_z_reg[255]_1[43]
    SLICE_X62Y99         FDCE                                         r  u_core/u_edge/u_control/u_seed/seed_z_reg[43]/D
  -------------------------------------------------------------------    -------------------

                         (clock clk_100_raw rise edge)
                                                      0.000     0.000 r  
    N18                                               0.000     0.000 r  CLK50MHZ (IN)
                         net (fo=0)                   0.000     0.000    CLK50MHZ
    N18                  IBUF (Prop_ibuf_I_O)         0.417     0.417 r  CLK50MHZ_IBUF_inst/O
                         net (fo=1, routed)           0.481     0.898    CLK50MHZ_IBUF
    PLLE2_ADV_X1Y1       PLLE2_ADV (Prop_plle2_adv_CLKIN1_CLKOUT0)
                                                     -2.727    -1.829 r  u_pll/CLKOUT0
                         net (fo=1, routed)           0.592    -1.237    clk_100_raw
    BUFGCTRL_X0Y16       BUFG (Prop_bufg_I_O)         0.029    -1.208 r  u_clk_100_bufg/O
                         net (fo=20208, routed)       0.849    -0.359    u_core/u_edge/u_control/u_seed/clk_100
    SLICE_X62Y99         FDCE                                         r  u_core/u_edge/u_control/u_seed/seed_z_reg[43]/C
                         clock pessimism              0.036    -0.323    
    SLICE_X62Y99         FDCE (Hold_fdce_C_D)         0.131    -0.192    u_core/u_edge/u_control/u_seed/seed_z_reg[43]
  -------------------------------------------------------------------
                         required time                          0.192    
                         arrival time                          -0.140    
  -------------------------------------------------------------------
                         slack                                  0.052    

Slack (MET) :             0.063ns  (arrival time - required time)
  Source:                 u_core/u_edge/u_server/hash/sponge/squeeze_reg_reg[759]/C
                            (rising edge-triggered cell FDRE clocked by clk_100_raw  {rise@0.000ns fall@5.000ns period=10.000ns})
  Destination:            u_core/u_edge/u_server/hash/sponge/squeeze_reg_reg[727]/D
                            (rising edge-triggered cell FDRE clocked by clk_100_raw  {rise@0.000ns fall@5.000ns period=10.000ns})
  Path Group:             clk_100_raw
  Path Type:              Hold (Min at Fast Process Corner)
  Requirement:            0.000ns  (clk_100_raw rise@0.000ns - clk_100_raw rise@0.000ns)
  Data Path Delay:        0.445ns  (logic 0.223ns (50.119%)  route 0.222ns (49.881%))
  Logic Levels:           1  (LUT3=1)
  Clock Path Skew:        0.275ns (DCD - SCD - CPR)
    Destination Clock Delay (DCD):    -0.349ns
    Source Clock Delay      (SCD):    -0.584ns
    Clock Pessimism Removal (CPR):    -0.041ns

    Location             Delay type                Incr(ns)  Path(ns)    Netlist Resource(s)
  -------------------------------------------------------------------    -------------------
                         (clock clk_100_raw rise edge)
                                                      0.000     0.000 r  
    N18                                               0.000     0.000 r  CLK50MHZ (IN)
                         net (fo=0)                   0.000     0.000    CLK50MHZ
    N18                  IBUF (Prop_ibuf_I_O)         0.229     0.229 r  CLK50MHZ_IBUF_inst/O
                         net (fo=1, routed)           0.440     0.669    CLK50MHZ_IBUF
    PLLE2_ADV_X1Y1       PLLE2_ADV (Prop_plle2_adv_CLKIN1_CLKOUT0)
                                                     -2.407    -1.737 r  u_pll/CLKOUT0
                         net (fo=1, routed)           0.544    -1.193    clk_100_raw
    BUFGCTRL_X0Y16       BUFG (Prop_bufg_I_O)         0.026    -1.167 r  u_clk_100_bufg/O
                         net (fo=20208, routed)       0.584    -0.584    u_core/u_edge/u_server/hash/sponge/clk_100
    SLICE_X84Y50         FDRE                                         r  u_core/u_edge/u_server/hash/sponge/squeeze_reg_reg[759]/C
  -------------------------------------------------------------------    -------------------
    SLICE_X84Y50         FDRE (Prop_fdre_C_Q)         0.128    -0.456 r  u_core/u_edge/u_server/hash/sponge/squeeze_reg_reg[759]/Q
                         net (fo=1, routed)           0.222    -0.234    u_core/u_edge/u_server/hash/sponge/algo_inst/STEP_MAPPING_5/squeeze_reg_reg[1567][759]
    SLICE_X84Y49         LUT3 (Prop_lut3_I0_O)        0.095    -0.139 r  u_core/u_edge/u_server/hash/sponge/algo_inst/STEP_MAPPING_5/squeeze_reg[727]_i_1/O
                         net (fo=1, routed)           0.000    -0.139    u_core/u_edge/u_server/hash/sponge/squeeze_reg0_out[727]
    SLICE_X84Y49         FDRE                                         r  u_core/u_edge/u_server/hash/sponge/squeeze_reg_reg[727]/D
  -------------------------------------------------------------------    -------------------

                         (clock clk_100_raw rise edge)
                                                      0.000     0.000 r  
    N18                                               0.000     0.000 r  CLK50MHZ (IN)
                         net (fo=0)                   0.000     0.000    CLK50MHZ
    N18                  IBUF (Prop_ibuf_I_O)         0.417     0.417 r  CLK50MHZ_IBUF_inst/O
                         net (fo=1, routed)           0.481     0.898    CLK50MHZ_IBUF
    PLLE2_ADV_X1Y1       PLLE2_ADV (Prop_plle2_adv_CLKIN1_CLKOUT0)
                                                     -2.727    -1.829 r  u_pll/CLKOUT0
                         net (fo=1, routed)           0.592    -1.237    clk_100_raw
    BUFGCTRL_X0Y16       BUFG (Prop_bufg_I_O)         0.029    -1.208 r  u_clk_100_bufg/O
                         net (fo=20208, routed)       0.859    -0.349    u_core/u_edge/u_server/hash/sponge/clk_100
    SLICE_X84Y49         FDRE                                         r  u_core/u_edge/u_server/hash/sponge/squeeze_reg_reg[727]/C
                         clock pessimism              0.041    -0.308    
    SLICE_X84Y49         FDRE (Hold_fdre_C_D)         0.107    -0.201    u_core/u_edge/u_server/hash/sponge/squeeze_reg_reg[727]
  -------------------------------------------------------------------
                         required time                          0.201    
                         arrival time                          -0.139    
  -------------------------------------------------------------------
                         slack                                  0.063    

Slack (MET) :             0.066ns  (arrival time - required time)
  Source:                 u_core/u_edge/u_server/patt_r_reg[66]/C
                            (rising edge-triggered cell FDSE clocked by clk_100_raw  {rise@0.000ns fall@5.000ns period=10.000ns})
  Destination:            u_core/u_edge/u_server/patt_r_reg[69]_srl3___u_core_u_edge_u_server_endp_r_reg_r_1/D
                            (rising edge-triggered cell SRL16E clocked by clk_100_raw  {rise@0.000ns fall@5.000ns period=10.000ns})
  Path Group:             clk_100_raw
  Path Type:              Hold (Min at Fast Process Corner)
  Requirement:            0.000ns  (clk_100_raw rise@0.000ns - clk_100_raw rise@0.000ns)
  Data Path Delay:        0.196ns  (logic 0.141ns (71.838%)  route 0.055ns (28.162%))
  Logic Levels:           0  
  Clock Path Skew:        0.013ns (DCD - SCD - CPR)
    Destination Clock Delay (DCD):    -0.365ns
    Source Clock Delay      (SCD):    -0.591ns
    Clock Pessimism Removal (CPR):    0.213ns

    Location             Delay type                Incr(ns)  Path(ns)    Netlist Resource(s)
  -------------------------------------------------------------------    -------------------
                         (clock clk_100_raw rise edge)
                                                      0.000     0.000 r  
    N18                                               0.000     0.000 r  CLK50MHZ (IN)
                         net (fo=0)                   0.000     0.000    CLK50MHZ
    N18                  IBUF (Prop_ibuf_I_O)         0.229     0.229 r  CLK50MHZ_IBUF_inst/O
                         net (fo=1, routed)           0.440     0.669    CLK50MHZ_IBUF
    PLLE2_ADV_X1Y1       PLLE2_ADV (Prop_plle2_adv_CLKIN1_CLKOUT0)
                                                     -2.407    -1.737 r  u_pll/CLKOUT0
                         net (fo=1, routed)           0.544    -1.193    clk_100_raw
    BUFGCTRL_X0Y16       BUFG (Prop_bufg_I_O)         0.026    -1.167 r  u_clk_100_bufg/O
                         net (fo=20208, routed)       0.577    -0.591    u_core/u_edge/u_server/clk_100
    SLICE_X67Y19         FDSE                                         r  u_core/u_edge/u_server/patt_r_reg[66]/C
  -------------------------------------------------------------------    -------------------
    SLICE_X67Y19         FDSE (Prop_fdse_C_Q)         0.141    -0.450 r  u_core/u_edge/u_server/patt_r_reg[66]/Q
                         net (fo=1, routed)           0.055    -0.394    u_core/u_edge/u_server/patt_r__0[66]
    SLICE_X66Y19         SRL16E                                       r  u_core/u_edge/u_server/patt_r_reg[69]_srl3___u_core_u_edge_u_server_endp_r_reg_r_1/D
  -------------------------------------------------------------------    -------------------

                         (clock clk_100_raw rise edge)
                                                      0.000     0.000 r  
    N18                                               0.000     0.000 r  CLK50MHZ (IN)
                         net (fo=0)                   0.000     0.000    CLK50MHZ
    N18                  IBUF (Prop_ibuf_I_O)         0.417     0.417 r  CLK50MHZ_IBUF_inst/O
                         net (fo=1, routed)           0.481     0.898    CLK50MHZ_IBUF
    PLLE2_ADV_X1Y1       PLLE2_ADV (Prop_plle2_adv_CLKIN1_CLKOUT0)
                                                     -2.727    -1.829 r  u_pll/CLKOUT0
                         net (fo=1, routed)           0.592    -1.237    clk_100_raw
    BUFGCTRL_X0Y16       BUFG (Prop_bufg_I_O)         0.029    -1.208 r  u_clk_100_bufg/O
                         net (fo=20208, routed)       0.843    -0.365    u_core/u_edge/u_server/clk_100
    SLICE_X66Y19         SRL16E                                       r  u_core/u_edge/u_server/patt_r_reg[69]_srl3___u_core_u_edge_u_server_endp_r_reg_r_1/CLK
                         clock pessimism             -0.213    -0.578    
    SLICE_X66Y19         SRL16E (Hold_srl16e_CLK_D)
                                                      0.117    -0.461    u_core/u_edge/u_server/patt_r_reg[69]_srl3___u_core_u_edge_u_server_endp_r_reg_r_1
  -------------------------------------------------------------------
                         required time                          0.461    
                         arrival time                          -0.394    
  -------------------------------------------------------------------
                         slack                                  0.066    

Slack (MET) :             0.069ns  (arrival time - required time)
  Source:                 u_core/u_edge/u_control/u_seed/u_kdf/seed_out_reg[269]/C
                            (rising edge-triggered cell FDCE clocked by clk_100_raw  {rise@0.000ns fall@5.000ns period=10.000ns})
  Destination:            u_core/u_edge/u_control/u_seed/seed_z_reg[13]/D
                            (rising edge-triggered cell FDCE clocked by clk_100_raw  {rise@0.000ns fall@5.000ns period=10.000ns})
  Path Group:             clk_100_raw
  Path Type:              Hold (Min at Fast Process Corner)
  Requirement:            0.000ns  (clk_100_raw rise@0.000ns - clk_100_raw rise@0.000ns)
  Data Path Delay:        0.358ns  (logic 0.190ns (53.093%)  route 0.168ns (46.907%))
  Logic Levels:           1  (LUT4=1)
  Clock Path Skew:        0.182ns (DCD - SCD - CPR)
    Destination Clock Delay (DCD):    -0.359ns
    Source Clock Delay      (SCD):    -0.505ns
    Clock Pessimism Removal (CPR):    -0.036ns

    Location             Delay type                Incr(ns)  Path(ns)    Netlist Resource(s)
  -------------------------------------------------------------------    -------------------
                         (clock clk_100_raw rise edge)
                                                      0.000     0.000 r  
    N18                                               0.000     0.000 r  CLK50MHZ (IN)
                         net (fo=0)                   0.000     0.000    CLK50MHZ
    N18                  IBUF (Prop_ibuf_I_O)         0.229     0.229 r  CLK50MHZ_IBUF_inst/O
                         net (fo=1, routed)           0.440     0.669    CLK50MHZ_IBUF
    PLLE2_ADV_X1Y1       PLLE2_ADV (Prop_plle2_adv_CLKIN1_CLKOUT0)
                                                     -2.407    -1.737 r  u_pll/CLKOUT0
                         net (fo=1, routed)           0.544    -1.193    clk_100_raw
    BUFGCTRL_X0Y16       BUFG (Prop_bufg_I_O)         0.026    -1.167 r  u_clk_100_bufg/O
                         net (fo=20208, routed)       0.662    -0.505    u_core/u_edge/u_control/u_seed/u_kdf/clk_100
    SLICE_X65Y100        FDCE                                         r  u_core/u_edge/u_control/u_seed/u_kdf/seed_out_reg[269]/C
  -------------------------------------------------------------------    -------------------
    SLICE_X65Y100        FDCE (Prop_fdce_C_Q)         0.141    -0.364 r  u_core/u_edge/u_control/u_seed/u_kdf/seed_out_reg[269]/Q
                         net (fo=1, routed)           0.168    -0.196    u_core/u_edge/u_control/kdf_seed[269]
    SLICE_X65Y98         LUT4 (Prop_lut4_I3_O)        0.049    -0.147 r  u_core/u_edge/u_control/i___850/O
                         net (fo=1, routed)           0.000    -0.147    u_core/u_edge/u_control/u_seed/seed_z_reg[255]_1[13]
    SLICE_X65Y98         FDCE                                         r  u_core/u_edge/u_control/u_seed/seed_z_reg[13]/D
  -------------------------------------------------------------------    -------------------

                         (clock clk_100_raw rise edge)
                                                      0.000     0.000 r  
    N18                                               0.000     0.000 r  CLK50MHZ (IN)
                         net (fo=0)                   0.000     0.000    CLK50MHZ
    N18                  IBUF (Prop_ibuf_I_O)         0.417     0.417 r  CLK50MHZ_IBUF_inst/O
                         net (fo=1, routed)           0.481     0.898    CLK50MHZ_IBUF
    PLLE2_ADV_X1Y1       PLLE2_ADV (Prop_plle2_adv_CLKIN1_CLKOUT0)
                                                     -2.727    -1.829 r  u_pll/CLKOUT0
                         net (fo=1, routed)           0.592    -1.237    clk_100_raw
    BUFGCTRL_X0Y16       BUFG (Prop_bufg_I_O)         0.029    -1.208 r  u_clk_100_bufg/O
                         net (fo=20208, routed)       0.849    -0.359    u_core/u_edge/u_control/u_seed/clk_100
    SLICE_X65Y98         FDCE                                         r  u_core/u_edge/u_control/u_seed/seed_z_reg[13]/C
                         clock pessimism              0.036    -0.323    
    SLICE_X65Y98         FDCE (Hold_fdce_C_D)         0.107    -0.216    u_core/u_edge/u_control/u_seed/seed_z_reg[13]
  -------------------------------------------------------------------
                         required time                          0.216    
                         arrival time                          -0.147    
  -------------------------------------------------------------------
                         slack                                  0.069    

Slack (MET) :             0.072ns  (arrival time - required time)
  Source:                 u_core/u_edge/u_control/u_seed/u_kdf/lane_a_reg[2][35]/C
                            (rising edge-triggered cell FDCE clocked by clk_100_raw  {rise@0.000ns fall@5.000ns period=10.000ns})
  Destination:            u_core/u_edge/u_control/u_seed/u_kdf/seed_out_reg[163]/D
                            (rising edge-triggered cell FDCE clocked by clk_100_raw  {rise@0.000ns fall@5.000ns period=10.000ns})
  Path Group:             clk_100_raw
  Path Type:              Hold (Min at Fast Process Corner)
  Requirement:            0.000ns  (clk_100_raw rise@0.000ns - clk_100_raw rise@0.000ns)
  Data Path Delay:        0.425ns  (logic 0.227ns (53.415%)  route 0.198ns (46.585%))
  Logic Levels:           1  (LUT2=1)
  Clock Path Skew:        0.261ns (DCD - SCD - CPR)
    Destination Clock Delay (DCD):    -0.390ns
    Source Clock Delay      (SCD):    -0.616ns
    Clock Pessimism Removal (CPR):    -0.036ns

    Location             Delay type                Incr(ns)  Path(ns)    Netlist Resource(s)
  -------------------------------------------------------------------    -------------------
                         (clock clk_100_raw rise edge)
                                                      0.000     0.000 r  
    N18                                               0.000     0.000 r  CLK50MHZ (IN)
                         net (fo=0)                   0.000     0.000    CLK50MHZ
    N18                  IBUF (Prop_ibuf_I_O)         0.229     0.229 r  CLK50MHZ_IBUF_inst/O
                         net (fo=1, routed)           0.440     0.669    CLK50MHZ_IBUF
    PLLE2_ADV_X1Y1       PLLE2_ADV (Prop_plle2_adv_CLKIN1_CLKOUT0)
                                                     -2.407    -1.737 r  u_pll/CLKOUT0
                         net (fo=1, routed)           0.544    -1.193    clk_100_raw
    BUFGCTRL_X0Y16       BUFG (Prop_bufg_I_O)         0.026    -1.167 r  u_clk_100_bufg/O
                         net (fo=20208, routed)       0.552    -0.616    u_core/u_edge/u_control/u_seed/u_kdf/clk_100
    SLICE_X48Y87         FDCE                                         r  u_core/u_edge/u_control/u_seed/u_kdf/lane_a_reg[2][35]/C
  -------------------------------------------------------------------    -------------------
    SLICE_X48Y87         FDCE (Prop_fdce_C_Q)         0.128    -0.488 r  u_core/u_edge/u_control/u_seed/u_kdf/lane_a_reg[2][35]/Q
                         net (fo=4, routed)           0.198    -0.290    u_core/u_edge/u_control/u_seed/u_kdf/lane_a_reg[2][63]_0[35]
    SLICE_X51Y88         LUT2 (Prop_lut2_I0_O)        0.099    -0.191 r  u_core/u_edge/u_control/u_seed/u_kdf/seed_out[163]_i_1/O
                         net (fo=1, routed)           0.000    -0.191    u_core/u_edge/u_control/u_seed/u_kdf/p_2_in[163]
    SLICE_X51Y88         FDCE                                         r  u_core/u_edge/u_control/u_seed/u_kdf/seed_out_reg[163]/D
  -------------------------------------------------------------------    -------------------

                         (clock clk_100_raw rise edge)
                                                      0.000     0.000 r  
    N18                                               0.000     0.000 r  CLK50MHZ (IN)
                         net (fo=0)                   0.000     0.000    CLK50MHZ
    N18                  IBUF (Prop_ibuf_I_O)         0.417     0.417 r  CLK50MHZ_IBUF_inst/O
                         net (fo=1, routed)           0.481     0.898    CLK50MHZ_IBUF
    PLLE2_ADV_X1Y1       PLLE2_ADV (Prop_plle2_adv_CLKIN1_CLKOUT0)
                                                     -2.727    -1.829 r  u_pll/CLKOUT0
                         net (fo=1, routed)           0.592    -1.237    clk_100_raw
    BUFGCTRL_X0Y16       BUFG (Prop_bufg_I_O)         0.029    -1.208 r  u_clk_100_bufg/O
                         net (fo=20208, routed)       0.818    -0.390    u_core/u_edge/u_control/u_seed/u_kdf/clk_100
    SLICE_X51Y88         FDCE                                         r  u_core/u_edge/u_control/u_seed/u_kdf/seed_out_reg[163]/C
                         clock pessimism              0.036    -0.354    
    SLICE_X51Y88         FDCE (Hold_fdce_C_D)         0.092    -0.262    u_core/u_edge/u_control/u_seed/u_kdf/seed_out_reg[163]
  -------------------------------------------------------------------
                         required time                          0.262    
                         arrival time                          -0.191    
  -------------------------------------------------------------------
                         slack                                  0.072    

Slack (MET) :             0.072ns  (arrival time - required time)
  Source:                 u_core/u_edge/u_server/d_reg[121]/C
                            (rising edge-triggered cell FDRE clocked by clk_100_raw  {rise@0.000ns fall@5.000ns period=10.000ns})
  Destination:            u_core/u_edge/u_server/d_reg[89]/D
                            (rising edge-triggered cell FDRE clocked by clk_100_raw  {rise@0.000ns fall@5.000ns period=10.000ns})
  Path Group:             clk_100_raw
  Path Type:              Hold (Min at Fast Process Corner)
  Requirement:            0.000ns  (clk_100_raw rise@0.000ns - clk_100_raw rise@0.000ns)
  Data Path Delay:        0.424ns  (logic 0.186ns (43.891%)  route 0.238ns (56.109%))
  Logic Levels:           1  (LUT3=1)
  Clock Path Skew:        0.259ns (DCD - SCD - CPR)
    Destination Clock Delay (DCD):    -0.393ns
    Source Clock Delay      (SCD):    -0.617ns
    Clock Pessimism Removal (CPR):    -0.036ns

    Location             Delay type                Incr(ns)  Path(ns)    Netlist Resource(s)
  -------------------------------------------------------------------    -------------------
                         (clock clk_100_raw rise edge)
                                                      0.000     0.000 r  
    N18                                               0.000     0.000 r  CLK50MHZ (IN)
                         net (fo=0)                   0.000     0.000    CLK50MHZ
    N18                  IBUF (Prop_ibuf_I_O)         0.229     0.229 r  CLK50MHZ_IBUF_inst/O
                         net (fo=1, routed)           0.440     0.669    CLK50MHZ_IBUF
    PLLE2_ADV_X1Y1       PLLE2_ADV (Prop_plle2_adv_CLKIN1_CLKOUT0)
                                                     -2.407    -1.737 r  u_pll/CLKOUT0
                         net (fo=1, routed)           0.544    -1.193    clk_100_raw
    BUFGCTRL_X0Y16       BUFG (Prop_bufg_I_O)         0.026    -1.167 r  u_clk_100_bufg/O
                         net (fo=20208, routed)       0.551    -0.617    u_core/u_edge/u_server/clk_100
    SLICE_X48Y84         FDRE                                         r  u_core/u_edge/u_server/d_reg[121]/C
  -------------------------------------------------------------------    -------------------
    SLICE_X48Y84         FDRE (Prop_fdre_C_Q)         0.141    -0.476 r  u_core/u_edge/u_server/d_reg[121]/Q
                         net (fo=1, routed)           0.238    -0.238    u_core/u_edge/u_server/d[121]
    SLICE_X51Y85         LUT3 (Prop_lut3_I0_O)        0.045    -0.193 r  u_core/u_edge/u_server/d[89]_i_1/O
                         net (fo=1, routed)           0.000    -0.193    u_core/u_edge/u_server/d[89]_i_1_n_2
    SLICE_X51Y85         FDRE                                         r  u_core/u_edge/u_server/d_reg[89]/D
  -------------------------------------------------------------------    -------------------

                         (clock clk_100_raw rise edge)
                                                      0.000     0.000 r  
    N18                                               0.000     0.000 r  CLK50MHZ (IN)
                         net (fo=0)                   0.000     0.000    CLK50MHZ
    N18                  IBUF (Prop_ibuf_I_O)         0.417     0.417 r  CLK50MHZ_IBUF_inst/O
                         net (fo=1, routed)           0.481     0.898    CLK50MHZ_IBUF
    PLLE2_ADV_X1Y1       PLLE2_ADV (Prop_plle2_adv_CLKIN1_CLKOUT0)
                                                     -2.727    -1.829 r  u_pll/CLKOUT0
                         net (fo=1, routed)           0.592    -1.237    clk_100_raw
    BUFGCTRL_X0Y16       BUFG (Prop_bufg_I_O)         0.029    -1.208 r  u_clk_100_bufg/O
                         net (fo=20208, routed)       0.815    -0.393    u_core/u_edge/u_server/clk_100
    SLICE_X51Y85         FDRE                                         r  u_core/u_edge/u_server/d_reg[89]/C
                         clock pessimism              0.036    -0.357    
    SLICE_X51Y85         FDRE (Hold_fdre_C_D)         0.092    -0.265    u_core/u_edge/u_server/d_reg[89]
  -------------------------------------------------------------------
                         required time                          0.265    
                         arrival time                          -0.193    
  -------------------------------------------------------------------
                         slack                                  0.072    

Slack (MET) :             0.074ns  (arrival time - required time)
  Source:                 u_core/u_edge/u_control/u_seed/u_kdf/column_reg[2][60]/C
                            (rising edge-triggered cell FDCE clocked by clk_100_raw  {rise@0.000ns fall@5.000ns period=10.000ns})
  Destination:            u_core/u_edge/u_control/u_seed/u_kdf/lane_a_reg[18][60]/D
                            (rising edge-triggered cell FDCE clocked by clk_100_raw  {rise@0.000ns fall@5.000ns period=10.000ns})
  Path Group:             clk_100_raw
  Path Type:              Hold (Min at Fast Process Corner)
  Requirement:            0.000ns  (clk_100_raw rise@0.000ns - clk_100_raw rise@0.000ns)
  Data Path Delay:        0.463ns  (logic 0.209ns (45.120%)  route 0.254ns (54.880%))
  Logic Levels:           1  (LUT6=1)
  Clock Path Skew:        0.268ns (DCD - SCD - CPR)
    Destination Clock Delay (DCD):    -0.384ns
    Source Clock Delay      (SCD):    -0.617ns
    Clock Pessimism Removal (CPR):    -0.036ns

    Location             Delay type                Incr(ns)  Path(ns)    Netlist Resource(s)
  -------------------------------------------------------------------    -------------------
                         (clock clk_100_raw rise edge)
                                                      0.000     0.000 r  
    N18                                               0.000     0.000 r  CLK50MHZ (IN)
                         net (fo=0)                   0.000     0.000    CLK50MHZ
    N18                  IBUF (Prop_ibuf_I_O)         0.229     0.229 r  CLK50MHZ_IBUF_inst/O
                         net (fo=1, routed)           0.440     0.669    CLK50MHZ_IBUF
    PLLE2_ADV_X1Y1       PLLE2_ADV (Prop_plle2_adv_CLKIN1_CLKOUT0)
                                                     -2.407    -1.737 r  u_pll/CLKOUT0
                         net (fo=1, routed)           0.544    -1.193    clk_100_raw
    BUFGCTRL_X0Y16       BUFG (Prop_bufg_I_O)         0.026    -1.167 r  u_clk_100_bufg/O
                         net (fo=20208, routed)       0.551    -0.617    u_core/u_edge/u_control/u_seed/u_kdf/clk_100
    SLICE_X50Y90         FDCE                                         r  u_core/u_edge/u_control/u_seed/u_kdf/column_reg[2][60]/C
  -------------------------------------------------------------------    -------------------
    SLICE_X50Y90         FDCE (Prop_fdce_C_Q)         0.164    -0.453 r  u_core/u_edge/u_control/u_seed/u_kdf/column_reg[2][60]/Q
                         net (fo=10, routed)          0.254    -0.198    u_core/u_edge/u_control/u_seed/u_kdf/column_reg[2]_34[60]
    SLICE_X46Y94         LUT6 (Prop_lut6_I2_O)        0.045    -0.153 r  u_core/u_edge/u_control/u_seed/u_kdf/lane_a[18][60]_i_1/O
                         net (fo=1, routed)           0.000    -0.153    u_core/u_edge/u_control/u_seed/u_kdf/lane_a[18][60]_i_1_n_2
    SLICE_X46Y94         FDCE                                         r  u_core/u_edge/u_control/u_seed/u_kdf/lane_a_reg[18][60]/D
  -------------------------------------------------------------------    -------------------

                         (clock clk_100_raw rise edge)
                                                      0.000     0.000 r  
    N18                                               0.000     0.000 r  CLK50MHZ (IN)
                         net (fo=0)                   0.000     0.000    CLK50MHZ
    N18                  IBUF (Prop_ibuf_I_O)         0.417     0.417 r  CLK50MHZ_IBUF_inst/O
                         net (fo=1, routed)           0.481     0.898    CLK50MHZ_IBUF
    PLLE2_ADV_X1Y1       PLLE2_ADV (Prop_plle2_adv_CLKIN1_CLKOUT0)
                                                     -2.727    -1.829 r  u_pll/CLKOUT0
                         net (fo=1, routed)           0.592    -1.237    clk_100_raw
    BUFGCTRL_X0Y16       BUFG (Prop_bufg_I_O)         0.029    -1.208 r  u_clk_100_bufg/O
                         net (fo=20208, routed)       0.824    -0.384    u_core/u_edge/u_control/u_seed/u_kdf/clk_100
    SLICE_X46Y94         FDCE                                         r  u_core/u_edge/u_control/u_seed/u_kdf/lane_a_reg[18][60]/C
                         clock pessimism              0.036    -0.348    
    SLICE_X46Y94         FDCE (Hold_fdce_C_D)         0.121    -0.227    u_core/u_edge/u_control/u_seed/u_kdf/lane_a_reg[18][60]
  -------------------------------------------------------------------
                         required time                          0.227    
                         arrival time                          -0.153    
  -------------------------------------------------------------------
                         slack                                  0.074    

Slack (MET) :             0.074ns  (arrival time - required time)
  Source:                 u_core/u_edge/u_control/u_seed/seed_d_reg[185]/C
                            (rising edge-triggered cell FDCE clocked by clk_100_raw  {rise@0.000ns fall@5.000ns period=10.000ns})
  Destination:            u_core/u_edge/u_server/d_reg[185]/D
                            (rising edge-triggered cell FDRE clocked by clk_100_raw  {rise@0.000ns fall@5.000ns period=10.000ns})
  Path Group:             clk_100_raw
  Path Type:              Hold (Min at Fast Process Corner)
  Requirement:            0.000ns  (clk_100_raw rise@0.000ns - clk_100_raw rise@0.000ns)
  Data Path Delay:        0.432ns  (logic 0.227ns (52.590%)  route 0.205ns (47.410%))
  Logic Levels:           1  (LUT3=1)
  Clock Path Skew:        0.265ns (DCD - SCD - CPR)
    Destination Clock Delay (DCD):    -0.390ns
    Source Clock Delay      (SCD):    -0.620ns
    Clock Pessimism Removal (CPR):    -0.036ns

    Location             Delay type                Incr(ns)  Path(ns)    Netlist Resource(s)
  -------------------------------------------------------------------    -------------------
                         (clock clk_100_raw rise edge)
                                                      0.000     0.000 r  
    N18                                               0.000     0.000 r  CLK50MHZ (IN)
                         net (fo=0)                   0.000     0.000    CLK50MHZ
    N18                  IBUF (Prop_ibuf_I_O)         0.229     0.229 r  CLK50MHZ_IBUF_inst/O
                         net (fo=1, routed)           0.440     0.669    CLK50MHZ_IBUF
    PLLE2_ADV_X1Y1       PLLE2_ADV (Prop_plle2_adv_CLKIN1_CLKOUT0)
                                                     -2.407    -1.737 r  u_pll/CLKOUT0
                         net (fo=1, routed)           0.544    -1.193    clk_100_raw
    BUFGCTRL_X0Y16       BUFG (Prop_bufg_I_O)         0.026    -1.167 r  u_clk_100_bufg/O
                         net (fo=20208, routed)       0.548    -0.620    u_core/u_edge/u_control/u_seed/clk_100
    SLICE_X52Y84         FDCE                                         r  u_core/u_edge/u_control/u_seed/seed_d_reg[185]/C
  -------------------------------------------------------------------    -------------------
    SLICE_X52Y84         FDCE (Prop_fdce_C_Q)         0.128    -0.492 r  u_core/u_edge/u_control/u_seed/seed_d_reg[185]/Q
                         net (fo=1, routed)           0.205    -0.287    u_core/u_edge/u_server/d_reg[255]_0[185]
    SLICE_X48Y84         LUT3 (Prop_lut3_I2_O)        0.099    -0.188 r  u_core/u_edge/u_server/d[185]_i_1/O
                         net (fo=1, routed)           0.000    -0.188    u_core/u_edge/u_server/d[185]_i_1_n_2
    SLICE_X48Y84         FDRE                                         r  u_core/u_edge/u_server/d_reg[185]/D
  -------------------------------------------------------------------    -------------------

                         (clock clk_100_raw rise edge)
                                                      0.000     0.000 r  
    N18                                               0.000     0.000 r  CLK50MHZ (IN)
                         net (fo=0)                   0.000     0.000    CLK50MHZ
    N18                  IBUF (Prop_ibuf_I_O)         0.417     0.417 r  CLK50MHZ_IBUF_inst/O
                         net (fo=1, routed)           0.481     0.898    CLK50MHZ_IBUF
    PLLE2_ADV_X1Y1       PLLE2_ADV (Prop_plle2_adv_CLKIN1_CLKOUT0)
                                                     -2.727    -1.829 r  u_pll/CLKOUT0
                         net (fo=1, routed)           0.592    -1.237    clk_100_raw
    BUFGCTRL_X0Y16       BUFG (Prop_bufg_I_O)         0.029    -1.208 r  u_clk_100_bufg/O
                         net (fo=20208, routed)       0.818    -0.390    u_core/u_edge/u_server/clk_100
    SLICE_X48Y84         FDRE                                         r  u_core/u_edge/u_server/d_reg[185]/C
                         clock pessimism              0.036    -0.354    
    SLICE_X48Y84         FDRE (Hold_fdre_C_D)         0.092    -0.262    u_core/u_edge/u_server/d_reg[185]
  -------------------------------------------------------------------
                         required time                          0.262    
                         arrival time                          -0.188    
  -------------------------------------------------------------------
                         slack                                  0.074    

Slack (MET) :             0.075ns  (arrival time - required time)
  Source:                 u_core/u_edge/u_server/hash/sponge/squeeze_reg_reg[936]/C
                            (rising edge-triggered cell FDRE clocked by clk_100_raw  {rise@0.000ns fall@5.000ns period=10.000ns})
  Destination:            u_core/u_edge/u_server/hash/sponge/squeeze_reg_reg[904]/D
                            (rising edge-triggered cell FDRE clocked by clk_100_raw  {rise@0.000ns fall@5.000ns period=10.000ns})
  Path Group:             clk_100_raw
  Path Type:              Hold (Min at Fast Process Corner)
  Requirement:            0.000ns  (clk_100_raw rise@0.000ns - clk_100_raw rise@0.000ns)
  Data Path Delay:        0.427ns  (logic 0.186ns (43.574%)  route 0.241ns (56.426%))
  Logic Levels:           1  (LUT3=1)
  Clock Path Skew:        0.259ns (DCD - SCD - CPR)
    Destination Clock Delay (DCD):    -0.384ns
    Source Clock Delay      (SCD):    -0.608ns
    Clock Pessimism Removal (CPR):    -0.036ns

    Location             Delay type                Incr(ns)  Path(ns)    Netlist Resource(s)
  -------------------------------------------------------------------    -------------------
                         (clock clk_100_raw rise edge)
                                                      0.000     0.000 r  
    N18                                               0.000     0.000 r  CLK50MHZ (IN)
                         net (fo=0)                   0.000     0.000    CLK50MHZ
    N18                  IBUF (Prop_ibuf_I_O)         0.229     0.229 r  CLK50MHZ_IBUF_inst/O
                         net (fo=1, routed)           0.440     0.669    CLK50MHZ_IBUF
    PLLE2_ADV_X1Y1       PLLE2_ADV (Prop_plle2_adv_CLKIN1_CLKOUT0)
                                                     -2.407    -1.737 r  u_pll/CLKOUT0
                         net (fo=1, routed)           0.544    -1.193    clk_100_raw
    BUFGCTRL_X0Y16       BUFG (Prop_bufg_I_O)         0.026    -1.167 r  u_clk_100_bufg/O
                         net (fo=20208, routed)       0.560    -0.608    u_core/u_edge/u_server/hash/sponge/clk_100
    SLICE_X49Y41         FDRE                                         r  u_core/u_edge/u_server/hash/sponge/squeeze_reg_reg[936]/C
  -------------------------------------------------------------------    -------------------
    SLICE_X49Y41         FDRE (Prop_fdre_C_Q)         0.141    -0.467 r  u_core/u_edge/u_server/hash/sponge/squeeze_reg_reg[936]/Q
                         net (fo=1, routed)           0.241    -0.226    u_core/u_edge/u_server/hash/sponge/algo_inst/STEP_MAPPING_5/squeeze_reg_reg[1567][936]
    SLICE_X52Y40         LUT3 (Prop_lut3_I0_O)        0.045    -0.181 r  u_core/u_edge/u_server/hash/sponge/algo_inst/STEP_MAPPING_5/squeeze_reg[904]_i_1/O
                         net (fo=1, routed)           0.000    -0.181    u_core/u_edge/u_server/hash/sponge/squeeze_reg0_out[904]
    SLICE_X52Y40         FDRE                                         r  u_core/u_edge/u_server/hash/sponge/squeeze_reg_reg[904]/D
  -------------------------------------------------------------------    -------------------

                         (clock clk_100_raw rise edge)
                                                      0.000     0.000 r  
    N18                                               0.000     0.000 r  CLK50MHZ (IN)
                         net (fo=0)                   0.000     0.000    CLK50MHZ
    N18                  IBUF (Prop_ibuf_I_O)         0.417     0.417 r  CLK50MHZ_IBUF_inst/O
                         net (fo=1, routed)           0.481     0.898    CLK50MHZ_IBUF
    PLLE2_ADV_X1Y1       PLLE2_ADV (Prop_plle2_adv_CLKIN1_CLKOUT0)
                                                     -2.727    -1.829 r  u_pll/CLKOUT0
                         net (fo=1, routed)           0.592    -1.237    clk_100_raw
    BUFGCTRL_X0Y16       BUFG (Prop_bufg_I_O)         0.029    -1.208 r  u_clk_100_bufg/O
                         net (fo=20208, routed)       0.824    -0.384    u_core/u_edge/u_server/hash/sponge/clk_100
    SLICE_X52Y40         FDRE                                         r  u_core/u_edge/u_server/hash/sponge/squeeze_reg_reg[904]/C
                         clock pessimism              0.036    -0.348    
    SLICE_X52Y40         FDRE (Hold_fdre_C_D)         0.092    -0.256    u_core/u_edge/u_server/hash/sponge/squeeze_reg_reg[904]
  -------------------------------------------------------------------
                         required time                          0.256    
                         arrival time                          -0.181    
  -------------------------------------------------------------------
                         slack                                  0.075    

Slack (MET) :             0.078ns  (arrival time - required time)
  Source:                 u_core/u_edge/u_control/u_seed/seed_z_reg[76]/C
                            (rising edge-triggered cell FDCE clocked by clk_100_raw  {rise@0.000ns fall@5.000ns period=10.000ns})
  Destination:            u_core/u_edge/u_server/z_reg[76]/D
                            (rising edge-triggered cell FDRE clocked by clk_100_raw  {rise@0.000ns fall@5.000ns period=10.000ns})
  Path Group:             clk_100_raw
  Path Type:              Hold (Min at Fast Process Corner)
  Requirement:            0.000ns  (clk_100_raw rise@0.000ns - clk_100_raw rise@0.000ns)
  Data Path Delay:        0.391ns  (logic 0.213ns (54.487%)  route 0.178ns (45.513%))
  Logic Levels:           1  (LUT3=1)
  Clock Path Skew:        0.182ns (DCD - SCD - CPR)
    Destination Clock Delay (DCD):    -0.359ns
    Source Clock Delay      (SCD):    -0.505ns
    Clock Pessimism Removal (CPR):    -0.036ns

    Location             Delay type                Incr(ns)  Path(ns)    Netlist Resource(s)
  -------------------------------------------------------------------    -------------------
                         (clock clk_100_raw rise edge)
                                                      0.000     0.000 r  
    N18                                               0.000     0.000 r  CLK50MHZ (IN)
                         net (fo=0)                   0.000     0.000    CLK50MHZ
    N18                  IBUF (Prop_ibuf_I_O)         0.229     0.229 r  CLK50MHZ_IBUF_inst/O
                         net (fo=1, routed)           0.440     0.669    CLK50MHZ_IBUF
    PLLE2_ADV_X1Y1       PLLE2_ADV (Prop_plle2_adv_CLKIN1_CLKOUT0)
                                                     -2.407    -1.737 r  u_pll/CLKOUT0
                         net (fo=1, routed)           0.544    -1.193    clk_100_raw
    BUFGCTRL_X0Y16       BUFG (Prop_bufg_I_O)         0.026    -1.167 r  u_clk_100_bufg/O
                         net (fo=20208, routed)       0.662    -0.505    u_core/u_edge/u_control/u_seed/clk_100
    SLICE_X66Y100        FDCE                                         r  u_core/u_edge/u_control/u_seed/seed_z_reg[76]/C
  -------------------------------------------------------------------    -------------------
    SLICE_X66Y100        FDCE (Prop_fdce_C_Q)         0.164    -0.341 r  u_core/u_edge/u_control/u_seed/seed_z_reg[76]/Q
                         net (fo=1, routed)           0.178    -0.163    u_core/u_edge/u_server/z_reg[255]_0[76]
    SLICE_X66Y99         LUT3 (Prop_lut3_I2_O)        0.049    -0.114 r  u_core/u_edge/u_server/z[76]_i_1/O
                         net (fo=1, routed)           0.000    -0.114    u_core/u_edge/u_server/z[76]_i_1_n_2
    SLICE_X66Y99         FDRE                                         r  u_core/u_edge/u_server/z_reg[76]/D
  -------------------------------------------------------------------    -------------------

                         (clock clk_100_raw rise edge)
                                                      0.000     0.000 r  
    N18                                               0.000     0.000 r  CLK50MHZ (IN)
                         net (fo=0)                   0.000     0.000    CLK50MHZ
    N18                  IBUF (Prop_ibuf_I_O)         0.417     0.417 r  CLK50MHZ_IBUF_inst/O
                         net (fo=1, routed)           0.481     0.898    CLK50MHZ_IBUF
    PLLE2_ADV_X1Y1       PLLE2_ADV (Prop_plle2_adv_CLKIN1_CLKOUT0)
                                                     -2.727    -1.829 r  u_pll/CLKOUT0
                         net (fo=1, routed)           0.592    -1.237    clk_100_raw
    BUFGCTRL_X0Y16       BUFG (Prop_bufg_I_O)         0.029    -1.208 r  u_clk_100_bufg/O
                         net (fo=20208, routed)       0.849    -0.359    u_core/u_edge/u_server/clk_100
    SLICE_X66Y99         FDRE                                         r  u_core/u_edge/u_server/z_reg[76]/C
                         clock pessimism              0.036    -0.323    
    SLICE_X66Y99         FDRE (Hold_fdre_C_D)         0.131    -0.192    u_core/u_edge/u_server/z_reg[76]
  -------------------------------------------------------------------
                         required time                          0.192    
                         arrival time                          -0.114    
  -------------------------------------------------------------------
                         slack                                  0.078    

Slack (MET) :             0.079ns  (arrival time - required time)
  Source:                 u_transport/helper_in_reg[99]/C
                            (rising edge-triggered cell FDRE clocked by clk_100_raw  {rise@0.000ns fall@5.000ns period=10.000ns})
  Destination:            u_core/u_fe/r_reg_reg[99]/D
                            (rising edge-triggered cell FDCE clocked by clk_100_raw  {rise@0.000ns fall@5.000ns period=10.000ns})
  Path Group:             clk_100_raw
  Path Type:              Hold (Min at Fast Process Corner)
  Requirement:            0.000ns  (clk_100_raw rise@0.000ns - clk_100_raw rise@0.000ns)
  Data Path Delay:        0.430ns  (logic 0.186ns (43.230%)  route 0.244ns (56.770%))
  Logic Levels:           1  (LUT3=1)
  Clock Path Skew:        0.259ns (DCD - SCD - CPR)
    Destination Clock Delay (DCD):    -0.393ns
    Source Clock Delay      (SCD):    -0.617ns
    Clock Pessimism Removal (CPR):    -0.036ns

    Location             Delay type                Incr(ns)  Path(ns)    Netlist Resource(s)
  -------------------------------------------------------------------    -------------------
                         (clock clk_100_raw rise edge)
                                                      0.000     0.000 r  
    N18                                               0.000     0.000 r  CLK50MHZ (IN)
                         net (fo=0)                   0.000     0.000    CLK50MHZ
    N18                  IBUF (Prop_ibuf_I_O)         0.229     0.229 r  CLK50MHZ_IBUF_inst/O
                         net (fo=1, routed)           0.440     0.669    CLK50MHZ_IBUF
    PLLE2_ADV_X1Y1       PLLE2_ADV (Prop_plle2_adv_CLKIN1_CLKOUT0)
                                                     -2.407    -1.737 r  u_pll/CLKOUT0
                         net (fo=1, routed)           0.544    -1.193    clk_100_raw
    BUFGCTRL_X0Y16       BUFG (Prop_bufg_I_O)         0.026    -1.167 r  u_clk_100_bufg/O
                         net (fo=20208, routed)       0.551    -0.617    u_transport/clk_100
    SLICE_X48Y64         FDRE                                         r  u_transport/helper_in_reg[99]/C
  -------------------------------------------------------------------    -------------------
    SLICE_X48Y64         FDRE (Prop_fdre_C_Q)         0.141    -0.476 r  u_transport/helper_in_reg[99]/Q
                         net (fo=1, routed)           0.244    -0.231    u_core/u_puf/shiftreg_inst/r_reg_reg[263][99]
    SLICE_X52Y64         LUT3 (Prop_lut3_I1_O)        0.045    -0.186 r  u_core/u_puf/shiftreg_inst/r_reg[99]_i_1/O
                         net (fo=1, routed)           0.000    -0.186    u_core/u_fe/r_reg_reg[263]_0[99]
    SLICE_X52Y64         FDCE                                         r  u_core/u_fe/r_reg_reg[99]/D
  -------------------------------------------------------------------    -------------------

                         (clock clk_100_raw rise edge)
                                                      0.000     0.000 r  
    N18                                               0.000     0.000 r  CLK50MHZ (IN)
                         net (fo=0)                   0.000     0.000    CLK50MHZ
    N18                  IBUF (Prop_ibuf_I_O)         0.417     0.417 r  CLK50MHZ_IBUF_inst/O
                         net (fo=1, routed)           0.481     0.898    CLK50MHZ_IBUF
    PLLE2_ADV_X1Y1       PLLE2_ADV (Prop_plle2_adv_CLKIN1_CLKOUT0)
                                                     -2.727    -1.829 r  u_pll/CLKOUT0
                         net (fo=1, routed)           0.592    -1.237    clk_100_raw
    BUFGCTRL_X0Y16       BUFG (Prop_bufg_I_O)         0.029    -1.208 r  u_clk_100_bufg/O
                         net (fo=20208, routed)       0.815    -0.393    u_core/u_fe/clk_100
    SLICE_X52Y64         FDCE                                         r  u_core/u_fe/r_reg_reg[99]/C
                         clock pessimism              0.036    -0.357    
    SLICE_X52Y64         FDCE (Hold_fdce_C_D)         0.092    -0.265    u_core/u_fe/r_reg_reg[99]
  -------------------------------------------------------------------
                         required time                          0.265    
                         arrival time                          -0.186    
  -------------------------------------------------------------------
                         slack                                  0.079    

Slack (MET) :             0.082ns  (arrival time - required time)
  Source:                 u_core/u_edge/u_server/hash/sponge/squeeze_reg_reg[516]/C
                            (rising edge-triggered cell FDRE clocked by clk_100_raw  {rise@0.000ns fall@5.000ns period=10.000ns})
  Destination:            u_core/u_edge/u_server/hash/sponge/squeeze_reg_reg[484]/D
                            (rising edge-triggered cell FDRE clocked by clk_100_raw  {rise@0.000ns fall@5.000ns period=10.000ns})
  Path Group:             clk_100_raw
  Path Type:              Hold (Min at Fast Process Corner)
  Requirement:            0.000ns  (clk_100_raw rise@0.000ns - clk_100_raw rise@0.000ns)
  Data Path Delay:        0.447ns  (logic 0.186ns (41.576%)  route 0.261ns (58.424%))
  Logic Levels:           1  (LUT3=1)
  Clock Path Skew:        0.273ns (DCD - SCD - CPR)
    Destination Clock Delay (DCD):    -0.378ns
    Source Clock Delay      (SCD):    -0.611ns
    Clock Pessimism Removal (CPR):    -0.041ns

    Location             Delay type                Incr(ns)  Path(ns)    Netlist Resource(s)
  -------------------------------------------------------------------    -------------------
                         (clock clk_100_raw rise edge)
                                                      0.000     0.000 r  
    N18                                               0.000     0.000 r  CLK50MHZ (IN)
                         net (fo=0)                   0.000     0.000    CLK50MHZ
    N18                  IBUF (Prop_ibuf_I_O)         0.229     0.229 r  CLK50MHZ_IBUF_inst/O
                         net (fo=1, routed)           0.440     0.669    CLK50MHZ_IBUF
    PLLE2_ADV_X1Y1       PLLE2_ADV (Prop_plle2_adv_CLKIN1_CLKOUT0)
                                                     -2.407    -1.737 r  u_pll/CLKOUT0
                         net (fo=1, routed)           0.544    -1.193    clk_100_raw
    BUFGCTRL_X0Y16       BUFG (Prop_bufg_I_O)         0.026    -1.167 r  u_clk_100_bufg/O
                         net (fo=20208, routed)       0.557    -0.611    u_core/u_edge/u_server/hash/sponge/clk_100
    SLICE_X40Y50         FDRE                                         r  u_core/u_edge/u_server/hash/sponge/squeeze_reg_reg[516]/C
  -------------------------------------------------------------------    -------------------
    SLICE_X40Y50         FDRE (Prop_fdre_C_Q)         0.141    -0.470 r  u_core/u_edge/u_server/hash/sponge/squeeze_reg_reg[516]/Q
                         net (fo=1, routed)           0.261    -0.208    u_core/u_edge/u_server/hash/sponge/algo_inst/STEP_MAPPING_5/squeeze_reg_reg[1567][516]
    SLICE_X40Y49         LUT3 (Prop_lut3_I0_O)        0.045    -0.163 r  u_core/u_edge/u_server/hash/sponge/algo_inst/STEP_MAPPING_5/squeeze_reg[484]_i_1/O
                         net (fo=1, routed)           0.000    -0.163    u_core/u_edge/u_server/hash/sponge/squeeze_reg0_out[484]
    SLICE_X40Y49         FDRE                                         r  u_core/u_edge/u_server/hash/sponge/squeeze_reg_reg[484]/D
  -------------------------------------------------------------------    -------------------

                         (clock clk_100_raw rise edge)
                                                      0.000     0.000 r  
    N18                                               0.000     0.000 r  CLK50MHZ (IN)
                         net (fo=0)                   0.000     0.000    CLK50MHZ
    N18                  IBUF (Prop_ibuf_I_O)         0.417     0.417 r  CLK50MHZ_IBUF_inst/O
                         net (fo=1, routed)           0.481     0.898    CLK50MHZ_IBUF
    PLLE2_ADV_X1Y1       PLLE2_ADV (Prop_plle2_adv_CLKIN1_CLKOUT0)
                                                     -2.727    -1.829 r  u_pll/CLKOUT0
                         net (fo=1, routed)           0.592    -1.237    clk_100_raw
    BUFGCTRL_X0Y16       BUFG (Prop_bufg_I_O)         0.029    -1.208 r  u_clk_100_bufg/O
                         net (fo=20208, routed)       0.830    -0.378    u_core/u_edge/u_server/hash/sponge/clk_100
    SLICE_X40Y49         FDRE                                         r  u_core/u_edge/u_server/hash/sponge/squeeze_reg_reg[484]/C
                         clock pessimism              0.041    -0.337    
    SLICE_X40Y49         FDRE (Hold_fdre_C_D)         0.092    -0.245    u_core/u_edge/u_server/hash/sponge/squeeze_reg_reg[484]
  -------------------------------------------------------------------
                         required time                          0.245    
                         arrival time                          -0.163    
  -------------------------------------------------------------------
                         slack                                  0.082    

Slack (MET) :             0.083ns  (arrival time - required time)
  Source:                 u_core/u_fe/resp_reg_reg[119]/C
                            (rising edge-triggered cell FDCE clocked by clk_100_raw  {rise@0.000ns fall@5.000ns period=10.000ns})
  Destination:            u_core/u_fe/helper_out_reg[119]/D
                            (rising edge-triggered cell FDCE clocked by clk_100_raw  {rise@0.000ns fall@5.000ns period=10.000ns})
  Path Group:             clk_100_raw
  Path Type:              Hold (Min at Fast Process Corner)
  Requirement:            0.000ns  (clk_100_raw rise@0.000ns - clk_100_raw rise@0.000ns)
  Data Path Delay:        0.430ns  (logic 0.226ns (52.577%)  route 0.204ns (47.423%))
  Logic Levels:           1  (LUT2=1)
  Clock Path Skew:        0.256ns (DCD - SCD - CPR)
    Destination Clock Delay (DCD):    -0.400ns
    Source Clock Delay      (SCD):    -0.621ns
    Clock Pessimism Removal (CPR):    -0.036ns

    Location             Delay type                Incr(ns)  Path(ns)    Netlist Resource(s)
  -------------------------------------------------------------------    -------------------
                         (clock clk_100_raw rise edge)
                                                      0.000     0.000 r  
    N18                                               0.000     0.000 r  CLK50MHZ (IN)
                         net (fo=0)                   0.000     0.000    CLK50MHZ
    N18                  IBUF (Prop_ibuf_I_O)         0.229     0.229 r  CLK50MHZ_IBUF_inst/O
                         net (fo=1, routed)           0.440     0.669    CLK50MHZ_IBUF
    PLLE2_ADV_X1Y1       PLLE2_ADV (Prop_plle2_adv_CLKIN1_CLKOUT0)
                                                     -2.407    -1.737 r  u_pll/CLKOUT0
                         net (fo=1, routed)           0.544    -1.193    clk_100_raw
    BUFGCTRL_X0Y16       BUFG (Prop_bufg_I_O)         0.026    -1.167 r  u_clk_100_bufg/O
                         net (fo=20208, routed)       0.547    -0.621    u_core/u_fe/clk_100
    SLICE_X49Y69         FDCE                                         r  u_core/u_fe/resp_reg_reg[119]/C
  -------------------------------------------------------------------    -------------------
    SLICE_X49Y69         FDCE (Prop_fdce_C_Q)         0.128    -0.493 r  u_core/u_fe/resp_reg_reg[119]/Q
                         net (fo=1, routed)           0.204    -0.289    u_core/u_fe/resp_reg_reg_n_2_[119]
    SLICE_X51Y71         LUT2 (Prop_lut2_I1_O)        0.098    -0.191 r  u_core/u_fe/helper_out[119]_i_1/O
                         net (fo=1, routed)           0.000    -0.191    u_core/u_fe/helper_out0[119]
    SLICE_X51Y71         FDCE                                         r  u_core/u_fe/helper_out_reg[119]/D
  -------------------------------------------------------------------    -------------------

                         (clock clk_100_raw rise edge)
                                                      0.000     0.000 r  
    N18                                               0.000     0.000 r  CLK50MHZ (IN)
                         net (fo=0)                   0.000     0.000    CLK50MHZ
    N18                  IBUF (Prop_ibuf_I_O)         0.417     0.417 r  CLK50MHZ_IBUF_inst/O
                         net (fo=1, routed)           0.481     0.898    CLK50MHZ_IBUF
    PLLE2_ADV_X1Y1       PLLE2_ADV (Prop_plle2_adv_CLKIN1_CLKOUT0)
                                                     -2.727    -1.829 r  u_pll/CLKOUT0
                         net (fo=1, routed)           0.592    -1.237    clk_100_raw
    BUFGCTRL_X0Y16       BUFG (Prop_bufg_I_O)         0.029    -1.208 r  u_clk_100_bufg/O
                         net (fo=20208, routed)       0.808    -0.400    u_core/u_fe/clk_100
    SLICE_X51Y71         FDCE                                         r  u_core/u_fe/helper_out_reg[119]/C
                         clock pessimism              0.036    -0.364    
    SLICE_X51Y71         FDCE (Hold_fdce_C_D)         0.091    -0.273    u_core/u_fe/helper_out_reg[119]
  -------------------------------------------------------------------
                         required time                          0.273    
                         arrival time                          -0.191    
  -------------------------------------------------------------------
                         slack                                  0.083    

Slack (MET) :             0.083ns  (arrival time - required time)
  Source:                 u_core/u_edge/u_server/ntt/BU/dec0_reg[7]__0/C
                            (rising edge-triggered cell FDRE clocked by clk_100_raw  {rise@0.000ns fall@5.000ns period=10.000ns})
  Destination:            u_core/u_edge/u_server/ntt/BU/S12/inst/gen_depth_gt1.shift_reg_reg[4][7]_srl5/D
                            (rising edge-triggered cell SRL16E clocked by clk_100_raw  {rise@0.000ns fall@5.000ns period=10.000ns})
  Path Group:             clk_100_raw
  Path Type:              Hold (Min at Fast Process Corner)
  Requirement:            0.000ns  (clk_100_raw rise@0.000ns - clk_100_raw rise@0.000ns)
  Data Path Delay:        0.299ns  (logic 0.141ns (47.175%)  route 0.158ns (52.825%))
  Logic Levels:           0  
  Clock Path Skew:        0.033ns (DCD - SCD - CPR)
    Destination Clock Delay (DCD):    -0.385ns
    Source Clock Delay      (SCD):    -0.611ns
    Clock Pessimism Removal (CPR):    0.193ns

    Location             Delay type                Incr(ns)  Path(ns)    Netlist Resource(s)
  -------------------------------------------------------------------    -------------------
                         (clock clk_100_raw rise edge)
                                                      0.000     0.000 r  
    N18                                               0.000     0.000 r  CLK50MHZ (IN)
                         net (fo=0)                   0.000     0.000    CLK50MHZ
    N18                  IBUF (Prop_ibuf_I_O)         0.229     0.229 r  CLK50MHZ_IBUF_inst/O
                         net (fo=1, routed)           0.440     0.669    CLK50MHZ_IBUF
    PLLE2_ADV_X1Y1       PLLE2_ADV (Prop_plle2_adv_CLKIN1_CLKOUT0)
                                                     -2.407    -1.737 r  u_pll/CLKOUT0
                         net (fo=1, routed)           0.544    -1.193    clk_100_raw
    BUFGCTRL_X0Y16       BUFG (Prop_bufg_I_O)         0.026    -1.167 r  u_clk_100_bufg/O
                         net (fo=20208, routed)       0.557    -0.611    u_core/u_edge/u_server/ntt/BU/clk_100
    SLICE_X37Y16         FDRE                                         r  u_core/u_edge/u_server/ntt/BU/dec0_reg[7]__0/C
  -------------------------------------------------------------------    -------------------
    SLICE_X37Y16         FDRE (Prop_fdre_C_Q)         0.141    -0.470 r  u_core/u_edge/u_server/ntt/BU/dec0_reg[7]__0/Q
                         net (fo=1, routed)           0.158    -0.312    u_core/u_edge/u_server/ntt/BU/S12/inst/decomp0_butt_r1_reg[7]__0
    SLICE_X42Y15         SRL16E                                       r  u_core/u_edge/u_server/ntt/BU/S12/inst/gen_depth_gt1.shift_reg_reg[4][7]_srl5/D
  -------------------------------------------------------------------    -------------------

                         (clock clk_100_raw rise edge)
                                                      0.000     0.000 r  
    N18                                               0.000     0.000 r  CLK50MHZ (IN)
                         net (fo=0)                   0.000     0.000    CLK50MHZ
    N18                  IBUF (Prop_ibuf_I_O)         0.417     0.417 r  CLK50MHZ_IBUF_inst/O
                         net (fo=1, routed)           0.481     0.898    CLK50MHZ_IBUF
    PLLE2_ADV_X1Y1       PLLE2_ADV (Prop_plle2_adv_CLKIN1_CLKOUT0)
                                                     -2.727    -1.829 r  u_pll/CLKOUT0
                         net (fo=1, routed)           0.592    -1.237    clk_100_raw
    BUFGCTRL_X0Y16       BUFG (Prop_bufg_I_O)         0.029    -1.208 r  u_clk_100_bufg/O
                         net (fo=20208, routed)       0.823    -0.385    u_core/u_edge/u_server/ntt/BU/S12/inst/clk_100
    SLICE_X42Y15         SRL16E                                       r  u_core/u_edge/u_server/ntt/BU/S12/inst/gen_depth_gt1.shift_reg_reg[4][7]_srl5/CLK
                         clock pessimism             -0.193    -0.578    
    SLICE_X42Y15         SRL16E (Hold_srl16e_CLK_D)
                                                      0.183    -0.395    u_core/u_edge/u_server/ntt/BU/S12/inst/gen_depth_gt1.shift_reg_reg[4][7]_srl5
  -------------------------------------------------------------------
                         required time                          0.395    
                         arrival time                          -0.312    
  -------------------------------------------------------------------
                         slack                                  0.083    

Slack (MET) :             0.083ns  (arrival time - required time)
  Source:                 u_core/u_edge/u_server/hash/sponge/squeeze_reg_reg[591]/C
                            (rising edge-triggered cell FDRE clocked by clk_100_raw  {rise@0.000ns fall@5.000ns period=10.000ns})
  Destination:            u_core/u_edge/u_server/hash/sponge/squeeze_reg_reg[559]/D
                            (rising edge-triggered cell FDRE clocked by clk_100_raw  {rise@0.000ns fall@5.000ns period=10.000ns})
  Path Group:             clk_100_raw
  Path Type:              Hold (Min at Fast Process Corner)
  Requirement:            0.000ns  (clk_100_raw rise@0.000ns - clk_100_raw rise@0.000ns)
  Data Path Delay:        0.498ns  (logic 0.230ns (46.144%)  route 0.268ns (53.856%))
  Logic Levels:           1  (LUT3=1)
  Clock Path Skew:        0.284ns (DCD - SCD - CPR)
    Destination Clock Delay (DCD):    -0.357ns
    Source Clock Delay      (SCD):    -0.606ns
    Clock Pessimism Removal (CPR):    -0.036ns

    Location             Delay type                Incr(ns)  Path(ns)    Netlist Resource(s)
  -------------------------------------------------------------------    -------------------
                         (clock clk_100_raw rise edge)
                                                      0.000     0.000 r  
    N18                                               0.000     0.000 r  CLK50MHZ (IN)
                         net (fo=0)                   0.000     0.000    CLK50MHZ
    N18                  IBUF (Prop_ibuf_I_O)         0.229     0.229 r  CLK50MHZ_IBUF_inst/O
                         net (fo=1, routed)           0.440     0.669    CLK50MHZ_IBUF
    PLLE2_ADV_X1Y1       PLLE2_ADV (Prop_plle2_adv_CLKIN1_CLKOUT0)
                                                     -2.407    -1.737 r  u_pll/CLKOUT0
                         net (fo=1, routed)           0.544    -1.193    clk_100_raw
    BUFGCTRL_X0Y16       BUFG (Prop_bufg_I_O)         0.026    -1.167 r  u_clk_100_bufg/O
                         net (fo=20208, routed)       0.562    -0.606    u_core/u_edge/u_server/hash/sponge/clk_100
    SLICE_X49Y49         FDRE                                         r  u_core/u_edge/u_server/hash/sponge/squeeze_reg_reg[591]/C
  -------------------------------------------------------------------    -------------------
    SLICE_X49Y49         FDRE (Prop_fdre_C_Q)         0.128    -0.478 r  u_core/u_edge/u_server/hash/sponge/squeeze_reg_reg[591]/Q
                         net (fo=1, routed)           0.268    -0.209    u_core/u_edge/u_server/hash/sponge/algo_inst/STEP_MAPPING_5/squeeze_reg_reg[1567][591]
    SLICE_X54Y48         LUT3 (Prop_lut3_I0_O)        0.102    -0.107 r  u_core/u_edge/u_server/hash/sponge/algo_inst/STEP_MAPPING_5/squeeze_reg[559]_i_1/O
                         net (fo=1, routed)           0.000    -0.107    u_core/u_edge/u_server/hash/sponge/squeeze_reg0_out[559]
    SLICE_X54Y48         FDRE                                         r  u_core/u_edge/u_server/hash/sponge/squeeze_reg_reg[559]/D
  -------------------------------------------------------------------    -------------------

                         (clock clk_100_raw rise edge)
                                                      0.000     0.000 r  
    N18                                               0.000     0.000 r  CLK50MHZ (IN)
                         net (fo=0)                   0.000     0.000    CLK50MHZ
    N18                  IBUF (Prop_ibuf_I_O)         0.417     0.417 r  CLK50MHZ_IBUF_inst/O
                         net (fo=1, routed)           0.481     0.898    CLK50MHZ_IBUF
    PLLE2_ADV_X1Y1       PLLE2_ADV (Prop_plle2_adv_CLKIN1_CLKOUT0)
                                                     -2.727    -1.829 r  u_pll/CLKOUT0
                         net (fo=1, routed)           0.592    -1.237    clk_100_raw
    BUFGCTRL_X0Y16       BUFG (Prop_bufg_I_O)         0.029    -1.208 r  u_clk_100_bufg/O
                         net (fo=20208, routed)       0.851    -0.357    u_core/u_edge/u_server/hash/sponge/clk_100
    SLICE_X54Y48         FDRE                                         r  u_core/u_edge/u_server/hash/sponge/squeeze_reg_reg[559]/C
                         clock pessimism              0.036    -0.321    
    SLICE_X54Y48         FDRE (Hold_fdre_C_D)         0.131    -0.190    u_core/u_edge/u_server/hash/sponge/squeeze_reg_reg[559]
  -------------------------------------------------------------------
                         required time                          0.190    
                         arrival time                          -0.107    
  -------------------------------------------------------------------
                         slack                                  0.083    

Slack (MET) :             0.085ns  (arrival time - required time)
  Source:                 u_core/u_edge/u_server/d_reg[31]/C
                            (rising edge-triggered cell FDRE clocked by clk_100_raw  {rise@0.000ns fall@5.000ns period=10.000ns})
  Destination:            u_core/u_edge/u_server/d_reg[255]/D
                            (rising edge-triggered cell FDRE clocked by clk_100_raw  {rise@0.000ns fall@5.000ns period=10.000ns})
  Path Group:             clk_100_raw
  Path Type:              Hold (Min at Fast Process Corner)
  Requirement:            0.000ns  (clk_100_raw rise@0.000ns - clk_100_raw rise@0.000ns)
  Data Path Delay:        0.457ns  (logic 0.250ns (54.741%)  route 0.207ns (45.259%))
  Logic Levels:           1  (LUT3=1)
  Clock Path Skew:        0.264ns (DCD - SCD - CPR)
    Destination Clock Delay (DCD):    -0.392ns
    Source Clock Delay      (SCD):    -0.621ns
    Clock Pessimism Removal (CPR):    -0.036ns

    Location             Delay type                Incr(ns)  Path(ns)    Netlist Resource(s)
  -------------------------------------------------------------------    -------------------
                         (clock clk_100_raw rise edge)
                                                      0.000     0.000 r  
    N18                                               0.000     0.000 r  CLK50MHZ (IN)
                         net (fo=0)                   0.000     0.000    CLK50MHZ
    N18                  IBUF (Prop_ibuf_I_O)         0.229     0.229 r  CLK50MHZ_IBUF_inst/O
                         net (fo=1, routed)           0.440     0.669    CLK50MHZ_IBUF
    PLLE2_ADV_X1Y1       PLLE2_ADV (Prop_plle2_adv_CLKIN1_CLKOUT0)
                                                     -2.407    -1.737 r  u_pll/CLKOUT0
                         net (fo=1, routed)           0.544    -1.193    clk_100_raw
    BUFGCTRL_X0Y16       BUFG (Prop_bufg_I_O)         0.026    -1.167 r  u_clk_100_bufg/O
                         net (fo=20208, routed)       0.547    -0.621    u_core/u_edge/u_server/clk_100
    SLICE_X50Y83         FDRE                                         r  u_core/u_edge/u_server/d_reg[31]/C
  -------------------------------------------------------------------    -------------------
    SLICE_X50Y83         FDRE (Prop_fdre_C_Q)         0.148    -0.473 r  u_core/u_edge/u_server/d_reg[31]/Q
                         net (fo=2, routed)           0.207    -0.266    u_core/u_edge/u_server/d[31]
    SLICE_X48Y82         LUT3 (Prop_lut3_I0_O)        0.102    -0.164 r  u_core/u_edge/u_server/d[255]_i_2/O
                         net (fo=1, routed)           0.000    -0.164    u_core/u_edge/u_server/d[255]_i_2_n_2
    SLICE_X48Y82         FDRE                                         r  u_core/u_edge/u_server/d_reg[255]/D
  -------------------------------------------------------------------    -------------------

                         (clock clk_100_raw rise edge)
                                                      0.000     0.000 r  
    N18                                               0.000     0.000 r  CLK50MHZ (IN)
                         net (fo=0)                   0.000     0.000    CLK50MHZ
    N18                  IBUF (Prop_ibuf_I_O)         0.417     0.417 r  CLK50MHZ_IBUF_inst/O
                         net (fo=1, routed)           0.481     0.898    CLK50MHZ_IBUF
    PLLE2_ADV_X1Y1       PLLE2_ADV (Prop_plle2_adv_CLKIN1_CLKOUT0)
                                                     -2.727    -1.829 r  u_pll/CLKOUT0
                         net (fo=1, routed)           0.592    -1.237    clk_100_raw
    BUFGCTRL_X0Y16       BUFG (Prop_bufg_I_O)         0.029    -1.208 r  u_clk_100_bufg/O
                         net (fo=20208, routed)       0.816    -0.392    u_core/u_edge/u_server/clk_100
    SLICE_X48Y82         FDRE                                         r  u_core/u_edge/u_server/d_reg[255]/C
                         clock pessimism              0.036    -0.356    
    SLICE_X48Y82         FDRE (Hold_fdre_C_D)         0.107    -0.249    u_core/u_edge/u_server/d_reg[255]
  -------------------------------------------------------------------
                         required time                          0.249    
                         arrival time                          -0.164    
  -------------------------------------------------------------------
                         slack                                  0.085    

Slack (MET) :             0.086ns  (arrival time - required time)
  Source:                 u_core/u_fe/resp_reg_reg[135]/C
                            (rising edge-triggered cell FDCE clocked by clk_100_raw  {rise@0.000ns fall@5.000ns period=10.000ns})
  Destination:            u_core/u_fe/helper_out_reg[135]/D
                            (rising edge-triggered cell FDCE clocked by clk_100_raw  {rise@0.000ns fall@5.000ns period=10.000ns})
  Path Group:             clk_100_raw
  Path Type:              Hold (Min at Fast Process Corner)
  Requirement:            0.000ns  (clk_100_raw rise@0.000ns - clk_100_raw rise@0.000ns)
  Data Path Delay:        0.435ns  (logic 0.226ns (52.006%)  route 0.209ns (47.994%))
  Logic Levels:           1  (LUT2=1)
  Clock Path Skew:        0.257ns (DCD - SCD - CPR)
    Destination Clock Delay (DCD):    -0.401ns
    Source Clock Delay      (SCD):    -0.623ns
    Clock Pessimism Removal (CPR):    -0.036ns

    Location             Delay type                Incr(ns)  Path(ns)    Netlist Resource(s)
  -------------------------------------------------------------------    -------------------
                         (clock clk_100_raw rise edge)
                                                      0.000     0.000 r  
    N18                                               0.000     0.000 r  CLK50MHZ (IN)
                         net (fo=0)                   0.000     0.000    CLK50MHZ
    N18                  IBUF (Prop_ibuf_I_O)         0.229     0.229 r  CLK50MHZ_IBUF_inst/O
                         net (fo=1, routed)           0.440     0.669    CLK50MHZ_IBUF
    PLLE2_ADV_X1Y1       PLLE2_ADV (Prop_plle2_adv_CLKIN1_CLKOUT0)
                                                     -2.407    -1.737 r  u_pll/CLKOUT0
                         net (fo=1, routed)           0.544    -1.193    clk_100_raw
    BUFGCTRL_X0Y16       BUFG (Prop_bufg_I_O)         0.026    -1.167 r  u_clk_100_bufg/O
                         net (fo=20208, routed)       0.545    -0.623    u_core/u_fe/clk_100
    SLICE_X48Y72         FDCE                                         r  u_core/u_fe/resp_reg_reg[135]/C
  -------------------------------------------------------------------    -------------------
    SLICE_X48Y72         FDCE (Prop_fdce_C_Q)         0.128    -0.495 r  u_core/u_fe/resp_reg_reg[135]/Q
                         net (fo=1, routed)           0.209    -0.286    u_core/u_fe/resp_reg_reg_n_2_[135]
    SLICE_X51Y72         LUT2 (Prop_lut2_I1_O)        0.098    -0.188 r  u_core/u_fe/helper_out[135]_i_1/O
                         net (fo=1, routed)           0.000    -0.188    u_core/u_fe/helper_out0[135]
    SLICE_X51Y72         FDCE                                         r  u_core/u_fe/helper_out_reg[135]/D
  -------------------------------------------------------------------    -------------------

                         (clock clk_100_raw rise edge)
                                                      0.000     0.000 r  
    N18                                               0.000     0.000 r  CLK50MHZ (IN)
                         net (fo=0)                   0.000     0.000    CLK50MHZ
    N18                  IBUF (Prop_ibuf_I_O)         0.417     0.417 r  CLK50MHZ_IBUF_inst/O
                         net (fo=1, routed)           0.481     0.898    CLK50MHZ_IBUF
    PLLE2_ADV_X1Y1       PLLE2_ADV (Prop_plle2_adv_CLKIN1_CLKOUT0)
                                                     -2.727    -1.829 r  u_pll/CLKOUT0
                         net (fo=1, routed)           0.592    -1.237    clk_100_raw
    BUFGCTRL_X0Y16       BUFG (Prop_bufg_I_O)         0.029    -1.208 r  u_clk_100_bufg/O
                         net (fo=20208, routed)       0.807    -0.401    u_core/u_fe/clk_100
    SLICE_X51Y72         FDCE                                         r  u_core/u_fe/helper_out_reg[135]/C
                         clock pessimism              0.036    -0.365    
    SLICE_X51Y72         FDCE (Hold_fdce_C_D)         0.091    -0.274    u_core/u_fe/helper_out_reg[135]
  -------------------------------------------------------------------
                         required time                          0.274    
                         arrival time                          -0.188    
  -------------------------------------------------------------------
                         slack                                  0.086    

Slack (MET) :             0.087ns  (arrival time - required time)
  Source:                 u_transport/helper_in_reg[114]/C
                            (rising edge-triggered cell FDRE clocked by clk_100_raw  {rise@0.000ns fall@5.000ns period=10.000ns})
  Destination:            u_core/u_fe/r_reg_reg[114]/D
                            (rising edge-triggered cell FDCE clocked by clk_100_raw  {rise@0.000ns fall@5.000ns period=10.000ns})
  Path Group:             clk_100_raw
  Path Type:              Hold (Min at Fast Process Corner)
  Requirement:            0.000ns  (clk_100_raw rise@0.000ns - clk_100_raw rise@0.000ns)
  Data Path Delay:        0.435ns  (logic 0.186ns (42.712%)  route 0.249ns (57.288%))
  Logic Levels:           1  (LUT3=1)
  Clock Path Skew:        0.256ns (DCD - SCD - CPR)
    Destination Clock Delay (DCD):    -0.396ns
    Source Clock Delay      (SCD):    -0.617ns
    Clock Pessimism Removal (CPR):    -0.036ns

    Location             Delay type                Incr(ns)  Path(ns)    Netlist Resource(s)
  -------------------------------------------------------------------    -------------------
                         (clock clk_100_raw rise edge)
                                                      0.000     0.000 r  
    N18                                               0.000     0.000 r  CLK50MHZ (IN)
                         net (fo=0)                   0.000     0.000    CLK50MHZ
    N18                  IBUF (Prop_ibuf_I_O)         0.229     0.229 r  CLK50MHZ_IBUF_inst/O
                         net (fo=1, routed)           0.440     0.669    CLK50MHZ_IBUF
    PLLE2_ADV_X1Y1       PLLE2_ADV (Prop_plle2_adv_CLKIN1_CLKOUT0)
                                                     -2.407    -1.737 r  u_pll/CLKOUT0
                         net (fo=1, routed)           0.544    -1.193    clk_100_raw
    BUFGCTRL_X0Y16       BUFG (Prop_bufg_I_O)         0.026    -1.167 r  u_clk_100_bufg/O
                         net (fo=20208, routed)       0.551    -0.617    u_transport/clk_100
    SLICE_X49Y64         FDRE                                         r  u_transport/helper_in_reg[114]/C
  -------------------------------------------------------------------    -------------------
    SLICE_X49Y64         FDRE (Prop_fdre_C_Q)         0.141    -0.476 r  u_transport/helper_in_reg[114]/Q
                         net (fo=1, routed)           0.249    -0.226    u_core/u_puf/shiftreg_inst/r_reg_reg[263][114]
    SLICE_X51Y67         LUT3 (Prop_lut3_I1_O)        0.045    -0.181 r  u_core/u_puf/shiftreg_inst/r_reg[114]_i_1/O
                         net (fo=1, routed)           0.000    -0.181    u_core/u_fe/r_reg_reg[263]_0[114]
    SLICE_X51Y67         FDCE                                         r  u_core/u_fe/r_reg_reg[114]/D
  -------------------------------------------------------------------    -------------------

                         (clock clk_100_raw rise edge)
                                                      0.000     0.000 r  
    N18                                               0.000     0.000 r  CLK50MHZ (IN)
                         net (fo=0)                   0.000     0.000    CLK50MHZ
    N18                  IBUF (Prop_ibuf_I_O)         0.417     0.417 r  CLK50MHZ_IBUF_inst/O
                         net (fo=1, routed)           0.481     0.898    CLK50MHZ_IBUF
    PLLE2_ADV_X1Y1       PLLE2_ADV (Prop_plle2_adv_CLKIN1_CLKOUT0)
                                                     -2.727    -1.829 r  u_pll/CLKOUT0
                         net (fo=1, routed)           0.592    -1.237    clk_100_raw
    BUFGCTRL_X0Y16       BUFG (Prop_bufg_I_O)         0.029    -1.208 r  u_clk_100_bufg/O
                         net (fo=20208, routed)       0.812    -0.396    u_core/u_fe/clk_100
    SLICE_X51Y67         FDCE                                         r  u_core/u_fe/r_reg_reg[114]/C
                         clock pessimism              0.036    -0.360    
    SLICE_X51Y67         FDCE (Hold_fdce_C_D)         0.092    -0.268    u_core/u_fe/r_reg_reg[114]
  -------------------------------------------------------------------
                         required time                          0.268    
                         arrival time                          -0.181    
  -------------------------------------------------------------------
                         slack                                  0.087    





Pulse Width Checks
--------------------------------------------------------------------------------------
Clock Name:         clk_100_raw
Waveform(ns):       { 0.000 5.000 }
Period(ns):         10.000
Sources:            { u_pll/CLKOUT0 }

Check Type        Corner  Lib Pin             Reference Pin  Required(ns)  Actual(ns)  Slack(ns)  Location        Pin
Min Period        n/a     DSP48E1/CLK         n/a            3.272         10.000      6.728      DSP48_X1Y4      u_core/u_edge/u_server/ntt/BU/M1/u_mult/product_reg_reg/CLK
Min Period        n/a     DSP48E1/CLK         n/a            3.272         10.000      6.728      DSP48_X2Y6      u_core/u_edge/u_server/ntt/BU/M0/u_mult/product_reg_reg/CLK
Min Period        n/a     RAMB18E1/CLKARDCLK  n/a            2.472         10.000      7.528      RAMB18_X4Y8     u_core/u_edge/u_server/hash/ofifo_inst/inst/mem_reg_1/CLKARDCLK
Min Period        n/a     RAMB18E1/CLKARDCLK  n/a            2.472         10.000      7.528      RAMB18_X4Y6     u_core/u_edge/u_server/DFIFO0/inst/mem_reg/CLKARDCLK
Min Period        n/a     RAMB18E1/CLKBWRCLK  n/a            2.472         10.000      7.528      RAMB18_X4Y6     u_core/u_edge/u_server/DFIFO0/inst/mem_reg/CLKBWRCLK
Min Period        n/a     RAMB18E1/CLKARDCLK  n/a            2.472         10.000      7.528      RAMB18_X4Y2     u_core/u_edge/u_server/DFIFO1/inst/mem_reg/CLKARDCLK
Min Period        n/a     RAMB18E1/CLKARDCLK  n/a            2.472         10.000      7.528      RAMB18_X4Y12    u_core/u_edge/u_server/IFIFO/inst/mem_reg/CLKARDCLK
Min Period        n/a     RAMB18E1/CLKBWRCLK  n/a            2.472         10.000      7.528      RAMB18_X4Y12    u_core/u_edge/u_server/IFIFO/inst/mem_reg/CLKBWRCLK
Min Period        n/a     RAMB18E1/CLKARDCLK  n/a            2.472         10.000      7.528      RAMB18_X3Y8     u_core/u_edge/u_server/OFIFO/inst/mem_reg/CLKARDCLK
Min Period        n/a     RAMB18E1/CLKBWRCLK  n/a            2.472         10.000      7.528      RAMB18_X3Y8     u_core/u_edge/u_server/OFIFO/inst/mem_reg/CLKBWRCLK
Min Period        n/a     RAMB36E1/CLKARDCLK  n/a            2.472         10.000      7.528      RAMB36_X4Y5     u_core/u_edge/u_server/ciphertext_store/mem_reg/CLKARDCLK
Min Period        n/a     RAMB36E1/CLKBWRCLK  n/a            2.472         10.000      7.528      RAMB36_X4Y5     u_core/u_edge/u_server/ciphertext_store/mem_reg/CLKBWRCLK
Min Period        n/a     RAMB36E1/CLKARDCLK  n/a            2.472         10.000      7.528      RAMB36_X2Y1     u_core/u_edge/u_server/ntt/RAM0/inst/mem_reg/CLKARDCLK
Min Period        n/a     RAMB36E1/CLKBWRCLK  n/a            2.472         10.000      7.528      RAMB36_X2Y1     u_core/u_edge/u_server/ntt/RAM0/inst/mem_reg/CLKBWRCLK
Min Period        n/a     RAMB36E1/CLKARDCLK  n/a            2.472         10.000      7.528      RAMB36_X2Y2     u_core/u_edge/u_server/ntt/RAM1/inst/mem_reg/CLKARDCLK
Min Period        n/a     RAMB36E1/CLKBWRCLK  n/a            2.472         10.000      7.528      RAMB36_X2Y2     u_core/u_edge/u_server/ntt/RAM1/inst/mem_reg/CLKBWRCLK
Min Period        n/a     RAMB36E1/CLKARDCLK  n/a            2.472         10.000      7.528      RAMB36_X1Y1     u_core/u_edge/u_server/ntt/RAM2/inst/mem_reg/CLKARDCLK
Min Period        n/a     RAMB36E1/CLKBWRCLK  n/a            2.472         10.000      7.528      RAMB36_X1Y1     u_core/u_edge/u_server/ntt/RAM2/inst/mem_reg/CLKBWRCLK
Min Period        n/a     RAMB36E1/CLKARDCLK  n/a            2.472         10.000      7.528      RAMB36_X1Y2     u_core/u_edge/u_server/ntt/RAM3/inst/mem_reg/CLKARDCLK
Min Period        n/a     RAMB36E1/CLKBWRCLK  n/a            2.472         10.000      7.528      RAMB36_X1Y2     u_core/u_edge/u_server/ntt/RAM3/inst/mem_reg/CLKBWRCLK
Max Period        n/a     PLLE2_ADV/CLKOUT0   n/a            160.000       10.000      150.000    PLLE2_ADV_X1Y1  u_pll/CLKOUT0
Low Pulse Width   Slow    RAMS64E/CLK         n/a            1.130         5.000       3.870      SLICE_X94Y28    u_transport/ct_buffer_reg_0_127_0_0/HIGH/CLK
Low Pulse Width   Slow    RAMS64E/CLK         n/a            1.130         5.000       3.870      SLICE_X94Y28    u_transport/ct_buffer_reg_0_127_0_0/LOW/CLK
Low Pulse Width   Slow    RAMS64E/CLK         n/a            1.130         5.000       3.870      SLICE_X94Y28    u_transport/ct_buffer_reg_0_127_0_0__0/HIGH/CLK
Low Pulse Width   Slow    RAMS64E/CLK         n/a            1.130         5.000       3.870      SLICE_X94Y28    u_transport/ct_buffer_reg_0_127_0_0__0/LOW/CLK
Low Pulse Width   Slow    RAMS64E/CLK         n/a            1.130         5.000       3.870      SLICE_X100Y32   u_transport/ct_buffer_reg_0_127_0_0__13/HIGH/CLK
Low Pulse Width   Slow    RAMS64E/CLK         n/a            1.130         5.000       3.870      SLICE_X100Y32   u_transport/ct_buffer_reg_0_127_0_0__13/LOW/CLK
Low Pulse Width   Slow    RAMS64E/CLK         n/a            1.130         5.000       3.870      SLICE_X100Y32   u_transport/ct_buffer_reg_0_127_0_0__14/HIGH/CLK
Low Pulse Width   Slow    RAMS64E/CLK         n/a            1.130         5.000       3.870      SLICE_X100Y32   u_transport/ct_buffer_reg_0_127_0_0__14/LOW/CLK
Low Pulse Width   Slow    RAMS64E/CLK         n/a            1.130         5.000       3.870      SLICE_X98Y29    u_transport/ct_buffer_reg_0_127_0_0__19/HIGH/CLK
Low Pulse Width   Slow    RAMS64E/CLK         n/a            1.130         5.000       3.870      SLICE_X98Y29    u_transport/ct_buffer_reg_0_127_0_0__19/LOW/CLK
Low Pulse Width   Slow    RAMS64E/CLK         n/a            1.130         5.000       3.870      SLICE_X98Y29    u_transport/ct_buffer_reg_0_127_0_0__2/HIGH/CLK
Low Pulse Width   Slow    RAMS64E/CLK         n/a            1.130         5.000       3.870      SLICE_X98Y29    u_transport/ct_buffer_reg_0_127_0_0__2/LOW/CLK
Low Pulse Width   Slow    RAMS64E/CLK         n/a            1.130         5.000       3.870      SLICE_X100Y30   u_transport/ct_buffer_reg_0_127_0_0__20/HIGH/CLK
Low Pulse Width   Slow    RAMS64E/CLK         n/a            1.130         5.000       3.870      SLICE_X100Y30   u_transport/ct_buffer_reg_0_127_0_0__20/LOW/CLK
Low Pulse Width   Slow    RAMS64E/CLK         n/a            1.130         5.000       3.870      SLICE_X100Y30   u_transport/ct_buffer_reg_0_127_0_0__21/HIGH/CLK
Low Pulse Width   Slow    RAMS64E/CLK         n/a            1.130         5.000       3.870      SLICE_X100Y30   u_transport/ct_buffer_reg_0_127_0_0__21/LOW/CLK
Low Pulse Width   Slow    RAMS64E/CLK         n/a            1.130         5.000       3.870      SLICE_X92Y30    u_transport/ct_buffer_reg_0_127_0_0__22/HIGH/CLK
Low Pulse Width   Slow    RAMS64E/CLK         n/a            1.130         5.000       3.870      SLICE_X92Y30    u_transport/ct_buffer_reg_0_127_0_0__22/LOW/CLK
Low Pulse Width   Slow    RAMS64E/CLK         n/a            1.130         5.000       3.870      SLICE_X92Y30    u_transport/ct_buffer_reg_0_127_0_0__23/HIGH/CLK
Low Pulse Width   Slow    RAMS64E/CLK         n/a            1.130         5.000       3.870      SLICE_X92Y30    u_transport/ct_buffer_reg_0_127_0_0__23/LOW/CLK
High Pulse Width  Fast    RAMS64E/CLK         n/a            1.130         5.000       3.870      SLICE_X94Y28    u_transport/ct_buffer_reg_0_127_0_0/HIGH/CLK
High Pulse Width  Fast    RAMS64E/CLK         n/a            1.130         5.000       3.870      SLICE_X94Y28    u_transport/ct_buffer_reg_0_127_0_0/LOW/CLK
High Pulse Width  Fast    RAMS64E/CLK         n/a            1.130         5.000       3.870      SLICE_X94Y28    u_transport/ct_buffer_reg_0_127_0_0__0/HIGH/CLK
High Pulse Width  Fast    RAMS64E/CLK         n/a            1.130         5.000       3.870      SLICE_X94Y28    u_transport/ct_buffer_reg_0_127_0_0__0/LOW/CLK
High Pulse Width  Fast    RAMS64E/CLK         n/a            1.130         5.000       3.870      SLICE_X96Y29    u_transport/ct_buffer_reg_0_127_0_0__1/HIGH/CLK
High Pulse Width  Fast    RAMS64E/CLK         n/a            1.130         5.000       3.870      SLICE_X96Y29    u_transport/ct_buffer_reg_0_127_0_0__1/LOW/CLK
High Pulse Width  Fast    RAMS64E/CLK         n/a            1.130         5.000       3.870      SLICE_X96Y29    u_transport/ct_buffer_reg_0_127_0_0__10/HIGH/CLK
High Pulse Width  Fast    RAMS64E/CLK         n/a            1.130         5.000       3.870      SLICE_X96Y29    u_transport/ct_buffer_reg_0_127_0_0__10/LOW/CLK
High Pulse Width  Fast    RAMS64E/CLK         n/a            1.130         5.000       3.870      SLICE_X98Y31    u_transport/ct_buffer_reg_0_127_0_0__11/HIGH/CLK
High Pulse Width  Fast    RAMS64E/CLK         n/a            1.130         5.000       3.870      SLICE_X98Y31    u_transport/ct_buffer_reg_0_127_0_0__11/LOW/CLK
High Pulse Width  Fast    RAMS64E/CLK         n/a            1.130         5.000       3.870      SLICE_X98Y31    u_transport/ct_buffer_reg_0_127_0_0__12/HIGH/CLK
High Pulse Width  Fast    RAMS64E/CLK         n/a            1.130         5.000       3.870      SLICE_X98Y31    u_transport/ct_buffer_reg_0_127_0_0__12/LOW/CLK
High Pulse Width  Slow    RAMS64E/CLK         n/a            1.130         5.000       3.870      SLICE_X100Y32   u_transport/ct_buffer_reg_0_127_0_0__13/HIGH/CLK
High Pulse Width  Fast    RAMS64E/CLK         n/a            1.130         5.000       3.870      SLICE_X100Y32   u_transport/ct_buffer_reg_0_127_0_0__13/HIGH/CLK
High Pulse Width  Slow    RAMS64E/CLK         n/a            1.130         5.000       3.870      SLICE_X100Y32   u_transport/ct_buffer_reg_0_127_0_0__13/LOW/CLK
High Pulse Width  Fast    RAMS64E/CLK         n/a            1.130         5.000       3.870      SLICE_X100Y32   u_transport/ct_buffer_reg_0_127_0_0__13/LOW/CLK
High Pulse Width  Slow    RAMS64E/CLK         n/a            1.130         5.000       3.870      SLICE_X100Y32   u_transport/ct_buffer_reg_0_127_0_0__14/HIGH/CLK
High Pulse Width  Fast    RAMS64E/CLK         n/a            1.130         5.000       3.870      SLICE_X100Y32   u_transport/ct_buffer_reg_0_127_0_0__14/HIGH/CLK
High Pulse Width  Slow    RAMS64E/CLK         n/a            1.130         5.000       3.870      SLICE_X100Y32   u_transport/ct_buffer_reg_0_127_0_0__14/LOW/CLK
High Pulse Width  Fast    RAMS64E/CLK         n/a            1.130         5.000       3.870      SLICE_X100Y32   u_transport/ct_buffer_reg_0_127_0_0__14/LOW/CLK



---------------------------------------------------------------------------------------------------
From Clock:  pll_feedback_raw
  To Clock:  pll_feedback_raw

Setup :           NA  Failing Endpoints,  Worst Slack           NA  ,  Total Violation           NA
Hold  :           NA  Failing Endpoints,  Worst Slack           NA  ,  Total Violation           NA
PW    :            0  Failing Endpoints,  Worst Slack       18.408ns,  Total Violation        0.000ns
---------------------------------------------------------------------------------------------------


Pulse Width Checks
--------------------------------------------------------------------------------------
Clock Name:         pll_feedback_raw
Waveform(ns):       { 0.000 10.000 }
Period(ns):         20.000
Sources:            { u_pll/CLKFBOUT }

Check Type  Corner  Lib Pin             Reference Pin  Required(ns)  Actual(ns)  Slack(ns)  Location        Pin
Min Period  n/a     BUFG/I              n/a            1.592         20.000      18.408     BUFGCTRL_X0Y17  u_pll_feedback_bufg/I
Min Period  n/a     PLLE2_ADV/CLKFBOUT  n/a            1.249         20.000      18.751     PLLE2_ADV_X1Y1  u_pll/CLKFBOUT
Min Period  n/a     PLLE2_ADV/CLKFBIN   n/a            1.249         20.000      18.751     PLLE2_ADV_X1Y1  u_pll/CLKFBIN
Max Period  n/a     PLLE2_ADV/CLKFBIN   n/a            52.633        20.000      32.633     PLLE2_ADV_X1Y1  u_pll/CLKFBIN
Max Period  n/a     PLLE2_ADV/CLKFBOUT  n/a            160.000       20.000      140.000    PLLE2_ADV_X1Y1  u_pll/CLKFBOUT



---------------------------------------------------------------------------------------------------
Path Group:  **async_default**
From Clock:  clk_100_raw
  To Clock:  clk_100_raw

Setup :            0  Failing Endpoints,  Worst Slack        1.583ns,  Total Violation        0.000ns
Hold  :            0  Failing Endpoints,  Worst Slack        0.714ns,  Total Violation        0.000ns
---------------------------------------------------------------------------------------------------


Max Delay Paths
--------------------------------------------------------------------------------------
Slack (MET) :             1.583ns  (required time - arrival time)
  Source:                 por_done_reg_inv/C
                            (rising edge-triggered cell FDSE clocked by clk_100_raw  {rise@0.000ns fall@5.000ns period=10.000ns})
  Destination:            u_core/u_edge/u_control/u_seed/u_kdf/lane_a_reg[7][29]/CLR
                            (recovery check against rising-edge clock clk_100_raw  {rise@0.000ns fall@5.000ns period=10.000ns})
  Path Group:             **async_default**
  Path Type:              Recovery (Max at Slow Process Corner)
  Requirement:            10.000ns  (clk_100_raw rise@10.000ns - clk_100_raw rise@0.000ns)
  Data Path Delay:        7.903ns  (logic 0.484ns (6.124%)  route 7.419ns (93.876%))
  Logic Levels:           1  (LUT5=1)
  Clock Path Skew:        -0.136ns (DCD - SCD + CPR)
    Destination Clock Delay (DCD):    -1.397ns = ( 8.603 - 10.000 ) 
    Source Clock Delay      (SCD):    -1.799ns
    Clock Pessimism Removal (CPR):    -0.538ns
  Clock Uncertainty:      0.047ns  ((TSJ^2 + DJ^2)^1/2) / 2 + PE
    Total System Jitter     (TSJ):    0.071ns
    Discrete Jitter          (DJ):    0.063ns
    Phase Error              (PE):    0.000ns

    Location             Delay type                Incr(ns)  Path(ns)    Netlist Resource(s)
  -------------------------------------------------------------------    -------------------
                         (clock clk_100_raw rise edge)
                                                      0.000     0.000 r  
    N18                                               0.000     0.000 r  CLK50MHZ (IN)
                         net (fo=0)                   0.000     0.000    CLK50MHZ
    N18                  IBUF (Prop_ibuf_I_O)         1.392     1.392 r  CLK50MHZ_IBUF_inst/O
                         net (fo=1, routed)           1.126     2.518    CLK50MHZ_IBUF
    PLLE2_ADV_X1Y1       PLLE2_ADV (Prop_plle2_adv_CLKIN1_CLKOUT0)
                                                     -7.569    -5.051 r  u_pll/CLKOUT0
                         net (fo=1, routed)           1.594    -3.457    clk_100_raw
    BUFGCTRL_X0Y16       BUFG (Prop_bufg_I_O)         0.085    -3.372 r  u_clk_100_bufg/O
                         net (fo=20208, routed)       1.573    -1.799    clk_100
    SLICE_X109Y55        FDSE                                         r  por_done_reg_inv/C
  -------------------------------------------------------------------    -------------------
    SLICE_X109Y55        FDSE (Prop_fdse_C_Q)         0.379    -1.420 f  por_done_reg_inv/Q
                         net (fo=3032, routed)        3.684     2.264    u_core/u_edge/u_control/u_seed/sel
    SLICE_X64Y83         LUT5 (Prop_lut5_I4_O)        0.105     2.369 f  u_core/u_edge/u_control/u_seed/FSM_sequential_state[2]_i_2/O
                         net (fo=4072, routed)        3.735     6.104    u_core/u_edge/u_control/u_seed/u_kdf/done_reg_0
    SLICE_X31Y115        FDCE                                         f  u_core/u_edge/u_control/u_seed/u_kdf/lane_a_reg[7][29]/CLR
  -------------------------------------------------------------------    -------------------

                         (clock clk_100_raw rise edge)
                                                     10.000    10.000 r  
    N18                                               0.000    10.000 r  CLK50MHZ (IN)
                         net (fo=0)                   0.000    10.000    CLK50MHZ
    N18                  IBUF (Prop_ibuf_I_O)         1.327    11.327 r  CLK50MHZ_IBUF_inst/O
                         net (fo=1, routed)           1.019    12.345    CLK50MHZ_IBUF
    PLLE2_ADV_X1Y1       PLLE2_ADV (Prop_plle2_adv_CLKIN1_CLKOUT0)
                                                     -6.696     5.650 r  u_pll/CLKOUT0
                         net (fo=1, routed)           1.451     7.101    clk_100_raw
    BUFGCTRL_X0Y16       BUFG (Prop_bufg_I_O)         0.077     7.178 r  u_clk_100_bufg/O
                         net (fo=20208, routed)       1.425     8.603    u_core/u_edge/u_control/u_seed/u_kdf/clk_100
    SLICE_X31Y115        FDCE                                         r  u_core/u_edge/u_control/u_seed/u_kdf/lane_a_reg[7][29]/C
                         clock pessimism             -0.538     8.065    
                         clock uncertainty           -0.047     8.018    
    SLICE_X31Y115        FDCE (Recov_fdce_C_CLR)     -0.331     7.687    u_core/u_edge/u_control/u_seed/u_kdf/lane_a_reg[7][29]
  -------------------------------------------------------------------
                         required time                          7.687    
                         arrival time                          -6.104    
  -------------------------------------------------------------------
                         slack                                  1.583    

Slack (MET) :             1.583ns  (required time - arrival time)
  Source:                 por_done_reg_inv/C
                            (rising edge-triggered cell FDSE clocked by clk_100_raw  {rise@0.000ns fall@5.000ns period=10.000ns})
  Destination:            u_core/u_edge/u_control/u_seed/u_kdf/lane_a_reg[7][30]/CLR
                            (recovery check against rising-edge clock clk_100_raw  {rise@0.000ns fall@5.000ns period=10.000ns})
  Path Group:             **async_default**
  Path Type:              Recovery (Max at Slow Process Corner)
  Requirement:            10.000ns  (clk_100_raw rise@10.000ns - clk_100_raw rise@0.000ns)
  Data Path Delay:        7.903ns  (logic 0.484ns (6.124%)  route 7.419ns (93.876%))
  Logic Levels:           1  (LUT5=1)
  Clock Path Skew:        -0.136ns (DCD - SCD + CPR)
    Destination Clock Delay (DCD):    -1.397ns = ( 8.603 - 10.000 ) 
    Source Clock Delay      (SCD):    -1.799ns
    Clock Pessimism Removal (CPR):    -0.538ns
  Clock Uncertainty:      0.047ns  ((TSJ^2 + DJ^2)^1/2) / 2 + PE
    Total System Jitter     (TSJ):    0.071ns
    Discrete Jitter          (DJ):    0.063ns
    Phase Error              (PE):    0.000ns

    Location             Delay type                Incr(ns)  Path(ns)    Netlist Resource(s)
  -------------------------------------------------------------------    -------------------
                         (clock clk_100_raw rise edge)
                                                      0.000     0.000 r  
    N18                                               0.000     0.000 r  CLK50MHZ (IN)
                         net (fo=0)                   0.000     0.000    CLK50MHZ
    N18                  IBUF (Prop_ibuf_I_O)         1.392     1.392 r  CLK50MHZ_IBUF_inst/O
                         net (fo=1, routed)           1.126     2.518    CLK50MHZ_IBUF
    PLLE2_ADV_X1Y1       PLLE2_ADV (Prop_plle2_adv_CLKIN1_CLKOUT0)
                                                     -7.569    -5.051 r  u_pll/CLKOUT0
                         net (fo=1, routed)           1.594    -3.457    clk_100_raw
    BUFGCTRL_X0Y16       BUFG (Prop_bufg_I_O)         0.085    -3.372 r  u_clk_100_bufg/O
                         net (fo=20208, routed)       1.573    -1.799    clk_100
    SLICE_X109Y55        FDSE                                         r  por_done_reg_inv/C
  -------------------------------------------------------------------    -------------------
    SLICE_X109Y55        FDSE (Prop_fdse_C_Q)         0.379    -1.420 f  por_done_reg_inv/Q
                         net (fo=3032, routed)        3.684     2.264    u_core/u_edge/u_control/u_seed/sel
    SLICE_X64Y83         LUT5 (Prop_lut5_I4_O)        0.105     2.369 f  u_core/u_edge/u_control/u_seed/FSM_sequential_state[2]_i_2/O
                         net (fo=4072, routed)        3.735     6.104    u_core/u_edge/u_control/u_seed/u_kdf/done_reg_0
    SLICE_X31Y115        FDCE                                         f  u_core/u_edge/u_control/u_seed/u_kdf/lane_a_reg[7][30]/CLR
  -------------------------------------------------------------------    -------------------

                         (clock clk_100_raw rise edge)
                                                     10.000    10.000 r  
    N18                                               0.000    10.000 r  CLK50MHZ (IN)
                         net (fo=0)                   0.000    10.000    CLK50MHZ
    N18                  IBUF (Prop_ibuf_I_O)         1.327    11.327 r  CLK50MHZ_IBUF_inst/O
                         net (fo=1, routed)           1.019    12.345    CLK50MHZ_IBUF
    PLLE2_ADV_X1Y1       PLLE2_ADV (Prop_plle2_adv_CLKIN1_CLKOUT0)
                                                     -6.696     5.650 r  u_pll/CLKOUT0
                         net (fo=1, routed)           1.451     7.101    clk_100_raw
    BUFGCTRL_X0Y16       BUFG (Prop_bufg_I_O)         0.077     7.178 r  u_clk_100_bufg/O
                         net (fo=20208, routed)       1.425     8.603    u_core/u_edge/u_control/u_seed/u_kdf/clk_100
    SLICE_X31Y115        FDCE                                         r  u_core/u_edge/u_control/u_seed/u_kdf/lane_a_reg[7][30]/C
                         clock pessimism             -0.538     8.065    
                         clock uncertainty           -0.047     8.018    
    SLICE_X31Y115        FDCE (Recov_fdce_C_CLR)     -0.331     7.687    u_core/u_edge/u_control/u_seed/u_kdf/lane_a_reg[7][30]
  -------------------------------------------------------------------
                         required time                          7.687    
                         arrival time                          -6.104    
  -------------------------------------------------------------------
                         slack                                  1.583    

Slack (MET) :             1.595ns  (required time - arrival time)
  Source:                 por_done_reg_inv/C
                            (rising edge-triggered cell FDSE clocked by clk_100_raw  {rise@0.000ns fall@5.000ns period=10.000ns})
  Destination:            u_core/u_edge/u_control/u_seed/u_kdf/lane_b_reg[11][29]/CLR
                            (recovery check against rising-edge clock clk_100_raw  {rise@0.000ns fall@5.000ns period=10.000ns})
  Path Group:             **async_default**
  Path Type:              Recovery (Max at Slow Process Corner)
  Requirement:            10.000ns  (clk_100_raw rise@10.000ns - clk_100_raw rise@0.000ns)
  Data Path Delay:        7.890ns  (logic 0.484ns (6.134%)  route 7.406ns (93.866%))
  Logic Levels:           1  (LUT5=1)
  Clock Path Skew:        -0.136ns (DCD - SCD + CPR)
    Destination Clock Delay (DCD):    -1.397ns = ( 8.603 - 10.000 ) 
    Source Clock Delay      (SCD):    -1.799ns
    Clock Pessimism Removal (CPR):    -0.538ns
  Clock Uncertainty:      0.047ns  ((TSJ^2 + DJ^2)^1/2) / 2 + PE
    Total System Jitter     (TSJ):    0.071ns
    Discrete Jitter          (DJ):    0.063ns
    Phase Error              (PE):    0.000ns

    Location             Delay type                Incr(ns)  Path(ns)    Netlist Resource(s)
  -------------------------------------------------------------------    -------------------
                         (clock clk_100_raw rise edge)
                                                      0.000     0.000 r  
    N18                                               0.000     0.000 r  CLK50MHZ (IN)
                         net (fo=0)                   0.000     0.000    CLK50MHZ
    N18                  IBUF (Prop_ibuf_I_O)         1.392     1.392 r  CLK50MHZ_IBUF_inst/O
                         net (fo=1, routed)           1.126     2.518    CLK50MHZ_IBUF
    PLLE2_ADV_X1Y1       PLLE2_ADV (Prop_plle2_adv_CLKIN1_CLKOUT0)
                                                     -7.569    -5.051 r  u_pll/CLKOUT0
                         net (fo=1, routed)           1.594    -3.457    clk_100_raw
    BUFGCTRL_X0Y16       BUFG (Prop_bufg_I_O)         0.085    -3.372 r  u_clk_100_bufg/O
                         net (fo=20208, routed)       1.573    -1.799    clk_100
    SLICE_X109Y55        FDSE                                         r  por_done_reg_inv/C
  -------------------------------------------------------------------    -------------------
    SLICE_X109Y55        FDSE (Prop_fdse_C_Q)         0.379    -1.420 f  por_done_reg_inv/Q
                         net (fo=3032, routed)        3.684     2.264    u_core/u_edge/u_control/u_seed/sel
    SLICE_X64Y83         LUT5 (Prop_lut5_I4_O)        0.105     2.369 f  u_core/u_edge/u_control/u_seed/FSM_sequential_state[2]_i_2/O
                         net (fo=4072, routed)        3.722     6.091    u_core/u_edge/u_control/u_seed/u_kdf/done_reg_0
    SLICE_X31Y116        FDCE                                         f  u_core/u_edge/u_control/u_seed/u_kdf/lane_b_reg[11][29]/CLR
  -------------------------------------------------------------------    -------------------

                         (clock clk_100_raw rise edge)
                                                     10.000    10.000 r  
    N18                                               0.000    10.000 r  CLK50MHZ (IN)
                         net (fo=0)                   0.000    10.000    CLK50MHZ
    N18                  IBUF (Prop_ibuf_I_O)         1.327    11.327 r  CLK50MHZ_IBUF_inst/O
                         net (fo=1, routed)           1.019    12.345    CLK50MHZ_IBUF
    PLLE2_ADV_X1Y1       PLLE2_ADV (Prop_plle2_adv_CLKIN1_CLKOUT0)
                                                     -6.696     5.650 r  u_pll/CLKOUT0
                         net (fo=1, routed)           1.451     7.101    clk_100_raw
    BUFGCTRL_X0Y16       BUFG (Prop_bufg_I_O)         0.077     7.178 r  u_clk_100_bufg/O
                         net (fo=20208, routed)       1.425     8.603    u_core/u_edge/u_control/u_seed/u_kdf/clk_100
    SLICE_X31Y116        FDCE                                         r  u_core/u_edge/u_control/u_seed/u_kdf/lane_b_reg[11][29]/C
                         clock pessimism             -0.538     8.065    
                         clock uncertainty           -0.047     8.018    
    SLICE_X31Y116        FDCE (Recov_fdce_C_CLR)     -0.331     7.687    u_core/u_edge/u_control/u_seed/u_kdf/lane_b_reg[11][29]
  -------------------------------------------------------------------
                         required time                          7.687    
                         arrival time                          -6.091    
  -------------------------------------------------------------------
                         slack                                  1.595    

Slack (MET) :             1.595ns  (required time - arrival time)
  Source:                 por_done_reg_inv/C
                            (rising edge-triggered cell FDSE clocked by clk_100_raw  {rise@0.000ns fall@5.000ns period=10.000ns})
  Destination:            u_core/u_edge/u_control/u_seed/u_kdf/lane_b_reg[11][30]/CLR
                            (recovery check against rising-edge clock clk_100_raw  {rise@0.000ns fall@5.000ns period=10.000ns})
  Path Group:             **async_default**
  Path Type:              Recovery (Max at Slow Process Corner)
  Requirement:            10.000ns  (clk_100_raw rise@10.000ns - clk_100_raw rise@0.000ns)
  Data Path Delay:        7.890ns  (logic 0.484ns (6.134%)  route 7.406ns (93.866%))
  Logic Levels:           1  (LUT5=1)
  Clock Path Skew:        -0.136ns (DCD - SCD + CPR)
    Destination Clock Delay (DCD):    -1.397ns = ( 8.603 - 10.000 ) 
    Source Clock Delay      (SCD):    -1.799ns
    Clock Pessimism Removal (CPR):    -0.538ns
  Clock Uncertainty:      0.047ns  ((TSJ^2 + DJ^2)^1/2) / 2 + PE
    Total System Jitter     (TSJ):    0.071ns
    Discrete Jitter          (DJ):    0.063ns
    Phase Error              (PE):    0.000ns

    Location             Delay type                Incr(ns)  Path(ns)    Netlist Resource(s)
  -------------------------------------------------------------------    -------------------
                         (clock clk_100_raw rise edge)
                                                      0.000     0.000 r  
    N18                                               0.000     0.000 r  CLK50MHZ (IN)
                         net (fo=0)                   0.000     0.000    CLK50MHZ
    N18                  IBUF (Prop_ibuf_I_O)         1.392     1.392 r  CLK50MHZ_IBUF_inst/O
                         net (fo=1, routed)           1.126     2.518    CLK50MHZ_IBUF
    PLLE2_ADV_X1Y1       PLLE2_ADV (Prop_plle2_adv_CLKIN1_CLKOUT0)
                                                     -7.569    -5.051 r  u_pll/CLKOUT0
                         net (fo=1, routed)           1.594    -3.457    clk_100_raw
    BUFGCTRL_X0Y16       BUFG (Prop_bufg_I_O)         0.085    -3.372 r  u_clk_100_bufg/O
                         net (fo=20208, routed)       1.573    -1.799    clk_100
    SLICE_X109Y55        FDSE                                         r  por_done_reg_inv/C
  -------------------------------------------------------------------    -------------------
    SLICE_X109Y55        FDSE (Prop_fdse_C_Q)         0.379    -1.420 f  por_done_reg_inv/Q
                         net (fo=3032, routed)        3.684     2.264    u_core/u_edge/u_control/u_seed/sel
    SLICE_X64Y83         LUT5 (Prop_lut5_I4_O)        0.105     2.369 f  u_core/u_edge/u_control/u_seed/FSM_sequential_state[2]_i_2/O
                         net (fo=4072, routed)        3.722     6.091    u_core/u_edge/u_control/u_seed/u_kdf/done_reg_0
    SLICE_X31Y116        FDCE                                         f  u_core/u_edge/u_control/u_seed/u_kdf/lane_b_reg[11][30]/CLR
  -------------------------------------------------------------------    -------------------

                         (clock clk_100_raw rise edge)
                                                     10.000    10.000 r  
    N18                                               0.000    10.000 r  CLK50MHZ (IN)
                         net (fo=0)                   0.000    10.000    CLK50MHZ
    N18                  IBUF (Prop_ibuf_I_O)         1.327    11.327 r  CLK50MHZ_IBUF_inst/O
                         net (fo=1, routed)           1.019    12.345    CLK50MHZ_IBUF
    PLLE2_ADV_X1Y1       PLLE2_ADV (Prop_plle2_adv_CLKIN1_CLKOUT0)
                                                     -6.696     5.650 r  u_pll/CLKOUT0
                         net (fo=1, routed)           1.451     7.101    clk_100_raw
    BUFGCTRL_X0Y16       BUFG (Prop_bufg_I_O)         0.077     7.178 r  u_clk_100_bufg/O
                         net (fo=20208, routed)       1.425     8.603    u_core/u_edge/u_control/u_seed/u_kdf/clk_100
    SLICE_X31Y116        FDCE                                         r  u_core/u_edge/u_control/u_seed/u_kdf/lane_b_reg[11][30]/C
                         clock pessimism             -0.538     8.065    
                         clock uncertainty           -0.047     8.018    
    SLICE_X31Y116        FDCE (Recov_fdce_C_CLR)     -0.331     7.687    u_core/u_edge/u_control/u_seed/u_kdf/lane_b_reg[11][30]
  -------------------------------------------------------------------
                         required time                          7.687    
                         arrival time                          -6.091    
  -------------------------------------------------------------------
                         slack                                  1.595    

Slack (MET) :             1.595ns  (required time - arrival time)
  Source:                 por_done_reg_inv/C
                            (rising edge-triggered cell FDSE clocked by clk_100_raw  {rise@0.000ns fall@5.000ns period=10.000ns})
  Destination:            u_core/u_edge/u_control/u_seed/u_kdf/lane_b_reg[7][29]/CLR
                            (recovery check against rising-edge clock clk_100_raw  {rise@0.000ns fall@5.000ns period=10.000ns})
  Path Group:             **async_default**
  Path Type:              Recovery (Max at Slow Process Corner)
  Requirement:            10.000ns  (clk_100_raw rise@10.000ns - clk_100_raw rise@0.000ns)
  Data Path Delay:        7.890ns  (logic 0.484ns (6.134%)  route 7.406ns (93.866%))
  Logic Levels:           1  (LUT5=1)
  Clock Path Skew:        -0.136ns (DCD - SCD + CPR)
    Destination Clock Delay (DCD):    -1.397ns = ( 8.603 - 10.000 ) 
    Source Clock Delay      (SCD):    -1.799ns
    Clock Pessimism Removal (CPR):    -0.538ns
  Clock Uncertainty:      0.047ns  ((TSJ^2 + DJ^2)^1/2) / 2 + PE
    Total System Jitter     (TSJ):    0.071ns
    Discrete Jitter          (DJ):    0.063ns
    Phase Error              (PE):    0.000ns

    Location             Delay type                Incr(ns)  Path(ns)    Netlist Resource(s)
  -------------------------------------------------------------------    -------------------
                         (clock clk_100_raw rise edge)
                                                      0.000     0.000 r  
    N18                                               0.000     0.000 r  CLK50MHZ (IN)
                         net (fo=0)                   0.000     0.000    CLK50MHZ
    N18                  IBUF (Prop_ibuf_I_O)         1.392     1.392 r  CLK50MHZ_IBUF_inst/O
                         net (fo=1, routed)           1.126     2.518    CLK50MHZ_IBUF
    PLLE2_ADV_X1Y1       PLLE2_ADV (Prop_plle2_adv_CLKIN1_CLKOUT0)
                                                     -7.569    -5.051 r  u_pll/CLKOUT0
                         net (fo=1, routed)           1.594    -3.457    clk_100_raw
    BUFGCTRL_X0Y16       BUFG (Prop_bufg_I_O)         0.085    -3.372 r  u_clk_100_bufg/O
                         net (fo=20208, routed)       1.573    -1.799    clk_100
    SLICE_X109Y55        FDSE                                         r  por_done_reg_inv/C
  -------------------------------------------------------------------    -------------------
    SLICE_X109Y55        FDSE (Prop_fdse_C_Q)         0.379    -1.420 f  por_done_reg_inv/Q
                         net (fo=3032, routed)        3.684     2.264    u_core/u_edge/u_control/u_seed/sel
    SLICE_X64Y83         LUT5 (Prop_lut5_I4_O)        0.105     2.369 f  u_core/u_edge/u_control/u_seed/FSM_sequential_state[2]_i_2/O
                         net (fo=4072, routed)        3.722     6.091    u_core/u_edge/u_control/u_seed/u_kdf/done_reg_0
    SLICE_X31Y116        FDCE                                         f  u_core/u_edge/u_control/u_seed/u_kdf/lane_b_reg[7][29]/CLR
  -------------------------------------------------------------------    -------------------

                         (clock clk_100_raw rise edge)
                                                     10.000    10.000 r  
    N18                                               0.000    10.000 r  CLK50MHZ (IN)
                         net (fo=0)                   0.000    10.000    CLK50MHZ
    N18                  IBUF (Prop_ibuf_I_O)         1.327    11.327 r  CLK50MHZ_IBUF_inst/O
                         net (fo=1, routed)           1.019    12.345    CLK50MHZ_IBUF
    PLLE2_ADV_X1Y1       PLLE2_ADV (Prop_plle2_adv_CLKIN1_CLKOUT0)
                                                     -6.696     5.650 r  u_pll/CLKOUT0
                         net (fo=1, routed)           1.451     7.101    clk_100_raw
    BUFGCTRL_X0Y16       BUFG (Prop_bufg_I_O)         0.077     7.178 r  u_clk_100_bufg/O
                         net (fo=20208, routed)       1.425     8.603    u_core/u_edge/u_control/u_seed/u_kdf/clk_100
    SLICE_X31Y116        FDCE                                         r  u_core/u_edge/u_control/u_seed/u_kdf/lane_b_reg[7][29]/C
                         clock pessimism             -0.538     8.065    
                         clock uncertainty           -0.047     8.018    
    SLICE_X31Y116        FDCE (Recov_fdce_C_CLR)     -0.331     7.687    u_core/u_edge/u_control/u_seed/u_kdf/lane_b_reg[7][29]
  -------------------------------------------------------------------
                         required time                          7.687    
                         arrival time                          -6.091    
  -------------------------------------------------------------------
                         slack                                  1.595    

Slack (MET) :             1.595ns  (required time - arrival time)
  Source:                 por_done_reg_inv/C
                            (rising edge-triggered cell FDSE clocked by clk_100_raw  {rise@0.000ns fall@5.000ns period=10.000ns})
  Destination:            u_core/u_edge/u_control/u_seed/u_kdf/lane_b_reg[7][30]/CLR
                            (recovery check against rising-edge clock clk_100_raw  {rise@0.000ns fall@5.000ns period=10.000ns})
  Path Group:             **async_default**
  Path Type:              Recovery (Max at Slow Process Corner)
  Requirement:            10.000ns  (clk_100_raw rise@10.000ns - clk_100_raw rise@0.000ns)
  Data Path Delay:        7.890ns  (logic 0.484ns (6.134%)  route 7.406ns (93.866%))
  Logic Levels:           1  (LUT5=1)
  Clock Path Skew:        -0.136ns (DCD - SCD + CPR)
    Destination Clock Delay (DCD):    -1.397ns = ( 8.603 - 10.000 ) 
    Source Clock Delay      (SCD):    -1.799ns
    Clock Pessimism Removal (CPR):    -0.538ns
  Clock Uncertainty:      0.047ns  ((TSJ^2 + DJ^2)^1/2) / 2 + PE
    Total System Jitter     (TSJ):    0.071ns
    Discrete Jitter          (DJ):    0.063ns
    Phase Error              (PE):    0.000ns

    Location             Delay type                Incr(ns)  Path(ns)    Netlist Resource(s)
  -------------------------------------------------------------------    -------------------
                         (clock clk_100_raw rise edge)
                                                      0.000     0.000 r  
    N18                                               0.000     0.000 r  CLK50MHZ (IN)
                         net (fo=0)                   0.000     0.000    CLK50MHZ
    N18                  IBUF (Prop_ibuf_I_O)         1.392     1.392 r  CLK50MHZ_IBUF_inst/O
                         net (fo=1, routed)           1.126     2.518    CLK50MHZ_IBUF
    PLLE2_ADV_X1Y1       PLLE2_ADV (Prop_plle2_adv_CLKIN1_CLKOUT0)
                                                     -7.569    -5.051 r  u_pll/CLKOUT0
                         net (fo=1, routed)           1.594    -3.457    clk_100_raw
    BUFGCTRL_X0Y16       BUFG (Prop_bufg_I_O)         0.085    -3.372 r  u_clk_100_bufg/O
                         net (fo=20208, routed)       1.573    -1.799    clk_100
    SLICE_X109Y55        FDSE                                         r  por_done_reg_inv/C
  -------------------------------------------------------------------    -------------------
    SLICE_X109Y55        FDSE (Prop_fdse_C_Q)         0.379    -1.420 f  por_done_reg_inv/Q
                         net (fo=3032, routed)        3.684     2.264    u_core/u_edge/u_control/u_seed/sel
    SLICE_X64Y83         LUT5 (Prop_lut5_I4_O)        0.105     2.369 f  u_core/u_edge/u_control/u_seed/FSM_sequential_state[2]_i_2/O
                         net (fo=4072, routed)        3.722     6.091    u_core/u_edge/u_control/u_seed/u_kdf/done_reg_0
    SLICE_X31Y116        FDCE                                         f  u_core/u_edge/u_control/u_seed/u_kdf/lane_b_reg[7][30]/CLR
  -------------------------------------------------------------------    -------------------

                         (clock clk_100_raw rise edge)
                                                     10.000    10.000 r  
    N18                                               0.000    10.000 r  CLK50MHZ (IN)
                         net (fo=0)                   0.000    10.000    CLK50MHZ
    N18                  IBUF (Prop_ibuf_I_O)         1.327    11.327 r  CLK50MHZ_IBUF_inst/O
                         net (fo=1, routed)           1.019    12.345    CLK50MHZ_IBUF
    PLLE2_ADV_X1Y1       PLLE2_ADV (Prop_plle2_adv_CLKIN1_CLKOUT0)
                                                     -6.696     5.650 r  u_pll/CLKOUT0
                         net (fo=1, routed)           1.451     7.101    clk_100_raw
    BUFGCTRL_X0Y16       BUFG (Prop_bufg_I_O)         0.077     7.178 r  u_clk_100_bufg/O
                         net (fo=20208, routed)       1.425     8.603    u_core/u_edge/u_control/u_seed/u_kdf/clk_100
    SLICE_X31Y116        FDCE                                         r  u_core/u_edge/u_control/u_seed/u_kdf/lane_b_reg[7][30]/C
                         clock pessimism             -0.538     8.065    
                         clock uncertainty           -0.047     8.018    
    SLICE_X31Y116        FDCE (Recov_fdce_C_CLR)     -0.331     7.687    u_core/u_edge/u_control/u_seed/u_kdf/lane_b_reg[7][30]
  -------------------------------------------------------------------
                         required time                          7.687    
                         arrival time                          -6.091    
  -------------------------------------------------------------------
                         slack                                  1.595    

Slack (MET) :             1.595ns  (required time - arrival time)
  Source:                 por_done_reg_inv/C
                            (rising edge-triggered cell FDSE clocked by clk_100_raw  {rise@0.000ns fall@5.000ns period=10.000ns})
  Destination:            u_core/u_edge/u_control/u_seed/u_kdf/lane_b_reg[7][31]/CLR
                            (recovery check against rising-edge clock clk_100_raw  {rise@0.000ns fall@5.000ns period=10.000ns})
  Path Group:             **async_default**
  Path Type:              Recovery (Max at Slow Process Corner)
  Requirement:            10.000ns  (clk_100_raw rise@10.000ns - clk_100_raw rise@0.000ns)
  Data Path Delay:        7.890ns  (logic 0.484ns (6.134%)  route 7.406ns (93.866%))
  Logic Levels:           1  (LUT5=1)
  Clock Path Skew:        -0.136ns (DCD - SCD + CPR)
    Destination Clock Delay (DCD):    -1.397ns = ( 8.603 - 10.000 ) 
    Source Clock Delay      (SCD):    -1.799ns
    Clock Pessimism Removal (CPR):    -0.538ns
  Clock Uncertainty:      0.047ns  ((TSJ^2 + DJ^2)^1/2) / 2 + PE
    Total System Jitter     (TSJ):    0.071ns
    Discrete Jitter          (DJ):    0.063ns
    Phase Error              (PE):    0.000ns

    Location             Delay type                Incr(ns)  Path(ns)    Netlist Resource(s)
  -------------------------------------------------------------------    -------------------
                         (clock clk_100_raw rise edge)
                                                      0.000     0.000 r  
    N18                                               0.000     0.000 r  CLK50MHZ (IN)
                         net (fo=0)                   0.000     0.000    CLK50MHZ
    N18                  IBUF (Prop_ibuf_I_O)         1.392     1.392 r  CLK50MHZ_IBUF_inst/O
                         net (fo=1, routed)           1.126     2.518    CLK50MHZ_IBUF
    PLLE2_ADV_X1Y1       PLLE2_ADV (Prop_plle2_adv_CLKIN1_CLKOUT0)
                                                     -7.569    -5.051 r  u_pll/CLKOUT0
                         net (fo=1, routed)           1.594    -3.457    clk_100_raw
    BUFGCTRL_X0Y16       BUFG (Prop_bufg_I_O)         0.085    -3.372 r  u_clk_100_bufg/O
                         net (fo=20208, routed)       1.573    -1.799    clk_100
    SLICE_X109Y55        FDSE                                         r  por_done_reg_inv/C
  -------------------------------------------------------------------    -------------------
    SLICE_X109Y55        FDSE (Prop_fdse_C_Q)         0.379    -1.420 f  por_done_reg_inv/Q
                         net (fo=3032, routed)        3.684     2.264    u_core/u_edge/u_control/u_seed/sel
    SLICE_X64Y83         LUT5 (Prop_lut5_I4_O)        0.105     2.369 f  u_core/u_edge/u_control/u_seed/FSM_sequential_state[2]_i_2/O
                         net (fo=4072, routed)        3.722     6.091    u_core/u_edge/u_control/u_seed/u_kdf/done_reg_0
    SLICE_X31Y116        FDCE                                         f  u_core/u_edge/u_control/u_seed/u_kdf/lane_b_reg[7][31]/CLR
  -------------------------------------------------------------------    -------------------

                         (clock clk_100_raw rise edge)
                                                     10.000    10.000 r  
    N18                                               0.000    10.000 r  CLK50MHZ (IN)
                         net (fo=0)                   0.000    10.000    CLK50MHZ
    N18                  IBUF (Prop_ibuf_I_O)         1.327    11.327 r  CLK50MHZ_IBUF_inst/O
                         net (fo=1, routed)           1.019    12.345    CLK50MHZ_IBUF
    PLLE2_ADV_X1Y1       PLLE2_ADV (Prop_plle2_adv_CLKIN1_CLKOUT0)
                                                     -6.696     5.650 r  u_pll/CLKOUT0
                         net (fo=1, routed)           1.451     7.101    clk_100_raw
    BUFGCTRL_X0Y16       BUFG (Prop_bufg_I_O)         0.077     7.178 r  u_clk_100_bufg/O
                         net (fo=20208, routed)       1.425     8.603    u_core/u_edge/u_control/u_seed/u_kdf/clk_100
    SLICE_X31Y116        FDCE                                         r  u_core/u_edge/u_control/u_seed/u_kdf/lane_b_reg[7][31]/C
                         clock pessimism             -0.538     8.065    
                         clock uncertainty           -0.047     8.018    
    SLICE_X31Y116        FDCE (Recov_fdce_C_CLR)     -0.331     7.687    u_core/u_edge/u_control/u_seed/u_kdf/lane_b_reg[7][31]
  -------------------------------------------------------------------
                         required time                          7.687    
                         arrival time                          -6.091    
  -------------------------------------------------------------------
                         slack                                  1.595    

Slack (MET) :             1.595ns  (required time - arrival time)
  Source:                 por_done_reg_inv/C
                            (rising edge-triggered cell FDSE clocked by clk_100_raw  {rise@0.000ns fall@5.000ns period=10.000ns})
  Destination:            u_core/u_edge/u_control/u_seed/u_kdf/lane_b_reg[7][32]/CLR
                            (recovery check against rising-edge clock clk_100_raw  {rise@0.000ns fall@5.000ns period=10.000ns})
  Path Group:             **async_default**
  Path Type:              Recovery (Max at Slow Process Corner)
  Requirement:            10.000ns  (clk_100_raw rise@10.000ns - clk_100_raw rise@0.000ns)
  Data Path Delay:        7.890ns  (logic 0.484ns (6.134%)  route 7.406ns (93.866%))
  Logic Levels:           1  (LUT5=1)
  Clock Path Skew:        -0.136ns (DCD - SCD + CPR)
    Destination Clock Delay (DCD):    -1.397ns = ( 8.603 - 10.000 ) 
    Source Clock Delay      (SCD):    -1.799ns
    Clock Pessimism Removal (CPR):    -0.538ns
  Clock Uncertainty:      0.047ns  ((TSJ^2 + DJ^2)^1/2) / 2 + PE
    Total System Jitter     (TSJ):    0.071ns
    Discrete Jitter          (DJ):    0.063ns
    Phase Error              (PE):    0.000ns

    Location             Delay type                Incr(ns)  Path(ns)    Netlist Resource(s)
  -------------------------------------------------------------------    -------------------
                         (clock clk_100_raw rise edge)
                                                      0.000     0.000 r  
    N18                                               0.000     0.000 r  CLK50MHZ (IN)
                         net (fo=0)                   0.000     0.000    CLK50MHZ
    N18                  IBUF (Prop_ibuf_I_O)         1.392     1.392 r  CLK50MHZ_IBUF_inst/O
                         net (fo=1, routed)           1.126     2.518    CLK50MHZ_IBUF
    PLLE2_ADV_X1Y1       PLLE2_ADV (Prop_plle2_adv_CLKIN1_CLKOUT0)
                                                     -7.569    -5.051 r  u_pll/CLKOUT0
                         net (fo=1, routed)           1.594    -3.457    clk_100_raw
    BUFGCTRL_X0Y16       BUFG (Prop_bufg_I_O)         0.085    -3.372 r  u_clk_100_bufg/O
                         net (fo=20208, routed)       1.573    -1.799    clk_100
    SLICE_X109Y55        FDSE                                         r  por_done_reg_inv/C
  -------------------------------------------------------------------    -------------------
    SLICE_X109Y55        FDSE (Prop_fdse_C_Q)         0.379    -1.420 f  por_done_reg_inv/Q
                         net (fo=3032, routed)        3.684     2.264    u_core/u_edge/u_control/u_seed/sel
    SLICE_X64Y83         LUT5 (Prop_lut5_I4_O)        0.105     2.369 f  u_core/u_edge/u_control/u_seed/FSM_sequential_state[2]_i_2/O
                         net (fo=4072, routed)        3.722     6.091    u_core/u_edge/u_control/u_seed/u_kdf/done_reg_0
    SLICE_X31Y116        FDCE                                         f  u_core/u_edge/u_control/u_seed/u_kdf/lane_b_reg[7][32]/CLR
  -------------------------------------------------------------------    -------------------

                         (clock clk_100_raw rise edge)
                                                     10.000    10.000 r  
    N18                                               0.000    10.000 r  CLK50MHZ (IN)
                         net (fo=0)                   0.000    10.000    CLK50MHZ
    N18                  IBUF (Prop_ibuf_I_O)         1.327    11.327 r  CLK50MHZ_IBUF_inst/O
                         net (fo=1, routed)           1.019    12.345    CLK50MHZ_IBUF
    PLLE2_ADV_X1Y1       PLLE2_ADV (Prop_plle2_adv_CLKIN1_CLKOUT0)
                                                     -6.696     5.650 r  u_pll/CLKOUT0
                         net (fo=1, routed)           1.451     7.101    clk_100_raw
    BUFGCTRL_X0Y16       BUFG (Prop_bufg_I_O)         0.077     7.178 r  u_clk_100_bufg/O
                         net (fo=20208, routed)       1.425     8.603    u_core/u_edge/u_control/u_seed/u_kdf/clk_100
    SLICE_X31Y116        FDCE                                         r  u_core/u_edge/u_control/u_seed/u_kdf/lane_b_reg[7][32]/C
                         clock pessimism             -0.538     8.065    
                         clock uncertainty           -0.047     8.018    
    SLICE_X31Y116        FDCE (Recov_fdce_C_CLR)     -0.331     7.687    u_core/u_edge/u_control/u_seed/u_kdf/lane_b_reg[7][32]
  -------------------------------------------------------------------
                         required time                          7.687    
                         arrival time                          -6.091    
  -------------------------------------------------------------------
                         slack                                  1.595    

Slack (MET) :             1.604ns  (required time - arrival time)
  Source:                 por_done_reg_inv/C
                            (rising edge-triggered cell FDSE clocked by clk_100_raw  {rise@0.000ns fall@5.000ns period=10.000ns})
  Destination:            u_core/u_edge/u_control/u_seed/u_kdf/lane_a_reg[17][27]/CLR
                            (recovery check against rising-edge clock clk_100_raw  {rise@0.000ns fall@5.000ns period=10.000ns})
  Path Group:             **async_default**
  Path Type:              Recovery (Max at Slow Process Corner)
  Requirement:            10.000ns  (clk_100_raw rise@10.000ns - clk_100_raw rise@0.000ns)
  Data Path Delay:        7.842ns  (logic 0.484ns (6.172%)  route 7.358ns (93.828%))
  Logic Levels:           1  (LUT5=1)
  Clock Path Skew:        -0.175ns (DCD - SCD + CPR)
    Destination Clock Delay (DCD):    -1.436ns = ( 8.564 - 10.000 ) 
    Source Clock Delay      (SCD):    -1.799ns
    Clock Pessimism Removal (CPR):    -0.538ns
  Clock Uncertainty:      0.047ns  ((TSJ^2 + DJ^2)^1/2) / 2 + PE
    Total System Jitter     (TSJ):    0.071ns
    Discrete Jitter          (DJ):    0.063ns
    Phase Error              (PE):    0.000ns

    Location             Delay type                Incr(ns)  Path(ns)    Netlist Resource(s)
  -------------------------------------------------------------------    -------------------
                         (clock clk_100_raw rise edge)
                                                      0.000     0.000 r  
    N18                                               0.000     0.000 r  CLK50MHZ (IN)
                         net (fo=0)                   0.000     0.000    CLK50MHZ
    N18                  IBUF (Prop_ibuf_I_O)         1.392     1.392 r  CLK50MHZ_IBUF_inst/O
                         net (fo=1, routed)           1.126     2.518    CLK50MHZ_IBUF
    PLLE2_ADV_X1Y1       PLLE2_ADV (Prop_plle2_adv_CLKIN1_CLKOUT0)
                                                     -7.569    -5.051 r  u_pll/CLKOUT0
                         net (fo=1, routed)           1.594    -3.457    clk_100_raw
    BUFGCTRL_X0Y16       BUFG (Prop_bufg_I_O)         0.085    -3.372 r  u_clk_100_bufg/O
                         net (fo=20208, routed)       1.573    -1.799    clk_100
    SLICE_X109Y55        FDSE                                         r  por_done_reg_inv/C
  -------------------------------------------------------------------    -------------------
    SLICE_X109Y55        FDSE (Prop_fdse_C_Q)         0.379    -1.420 f  por_done_reg_inv/Q
                         net (fo=3032, routed)        3.684     2.264    u_core/u_edge/u_control/u_seed/sel
    SLICE_X64Y83         LUT5 (Prop_lut5_I4_O)        0.105     2.369 f  u_core/u_edge/u_control/u_seed/FSM_sequential_state[2]_i_2/O
                         net (fo=4072, routed)        3.674     6.043    u_core/u_edge/u_control/u_seed/u_kdf/done_reg_0
    SLICE_X35Y114        FDCE                                         f  u_core/u_edge/u_control/u_seed/u_kdf/lane_a_reg[17][27]/CLR
  -------------------------------------------------------------------    -------------------

                         (clock clk_100_raw rise edge)
                                                     10.000    10.000 r  
    N18                                               0.000    10.000 r  CLK50MHZ (IN)
                         net (fo=0)                   0.000    10.000    CLK50MHZ
    N18                  IBUF (Prop_ibuf_I_O)         1.327    11.327 r  CLK50MHZ_IBUF_inst/O
                         net (fo=1, routed)           1.019    12.345    CLK50MHZ_IBUF
    PLLE2_ADV_X1Y1       PLLE2_ADV (Prop_plle2_adv_CLKIN1_CLKOUT0)
                                                     -6.696     5.650 r  u_pll/CLKOUT0
                         net (fo=1, routed)           1.451     7.101    clk_100_raw
    BUFGCTRL_X0Y16       BUFG (Prop_bufg_I_O)         0.077     7.178 r  u_clk_100_bufg/O
                         net (fo=20208, routed)       1.386     8.564    u_core/u_edge/u_control/u_seed/u_kdf/clk_100
    SLICE_X35Y114        FDCE                                         r  u_core/u_edge/u_control/u_seed/u_kdf/lane_a_reg[17][27]/C
                         clock pessimism             -0.538     8.026    
                         clock uncertainty           -0.047     7.979    
    SLICE_X35Y114        FDCE (Recov_fdce_C_CLR)     -0.331     7.648    u_core/u_edge/u_control/u_seed/u_kdf/lane_a_reg[17][27]
  -------------------------------------------------------------------
                         required time                          7.648    
                         arrival time                          -6.043    
  -------------------------------------------------------------------
                         slack                                  1.604    

Slack (MET) :             1.604ns  (required time - arrival time)
  Source:                 por_done_reg_inv/C
                            (rising edge-triggered cell FDSE clocked by clk_100_raw  {rise@0.000ns fall@5.000ns period=10.000ns})
  Destination:            u_core/u_edge/u_control/u_seed/u_kdf/lane_a_reg[17][28]/CLR
                            (recovery check against rising-edge clock clk_100_raw  {rise@0.000ns fall@5.000ns period=10.000ns})
  Path Group:             **async_default**
  Path Type:              Recovery (Max at Slow Process Corner)
  Requirement:            10.000ns  (clk_100_raw rise@10.000ns - clk_100_raw rise@0.000ns)
  Data Path Delay:        7.842ns  (logic 0.484ns (6.172%)  route 7.358ns (93.828%))
  Logic Levels:           1  (LUT5=1)
  Clock Path Skew:        -0.175ns (DCD - SCD + CPR)
    Destination Clock Delay (DCD):    -1.436ns = ( 8.564 - 10.000 ) 
    Source Clock Delay      (SCD):    -1.799ns
    Clock Pessimism Removal (CPR):    -0.538ns
  Clock Uncertainty:      0.047ns  ((TSJ^2 + DJ^2)^1/2) / 2 + PE
    Total System Jitter     (TSJ):    0.071ns
    Discrete Jitter          (DJ):    0.063ns
    Phase Error              (PE):    0.000ns

    Location             Delay type                Incr(ns)  Path(ns)    Netlist Resource(s)
  -------------------------------------------------------------------    -------------------
                         (clock clk_100_raw rise edge)
                                                      0.000     0.000 r  
    N18                                               0.000     0.000 r  CLK50MHZ (IN)
                         net (fo=0)                   0.000     0.000    CLK50MHZ
    N18                  IBUF (Prop_ibuf_I_O)         1.392     1.392 r  CLK50MHZ_IBUF_inst/O
                         net (fo=1, routed)           1.126     2.518    CLK50MHZ_IBUF
    PLLE2_ADV_X1Y1       PLLE2_ADV (Prop_plle2_adv_CLKIN1_CLKOUT0)
                                                     -7.569    -5.051 r  u_pll/CLKOUT0
                         net (fo=1, routed)           1.594    -3.457    clk_100_raw
    BUFGCTRL_X0Y16       BUFG (Prop_bufg_I_O)         0.085    -3.372 r  u_clk_100_bufg/O
                         net (fo=20208, routed)       1.573    -1.799    clk_100
    SLICE_X109Y55        FDSE                                         r  por_done_reg_inv/C
  -------------------------------------------------------------------    -------------------
    SLICE_X109Y55        FDSE (Prop_fdse_C_Q)         0.379    -1.420 f  por_done_reg_inv/Q
                         net (fo=3032, routed)        3.684     2.264    u_core/u_edge/u_control/u_seed/sel
    SLICE_X64Y83         LUT5 (Prop_lut5_I4_O)        0.105     2.369 f  u_core/u_edge/u_control/u_seed/FSM_sequential_state[2]_i_2/O
                         net (fo=4072, routed)        3.674     6.043    u_core/u_edge/u_control/u_seed/u_kdf/done_reg_0
    SLICE_X35Y114        FDCE                                         f  u_core/u_edge/u_control/u_seed/u_kdf/lane_a_reg[17][28]/CLR
  -------------------------------------------------------------------    -------------------

                         (clock clk_100_raw rise edge)
                                                     10.000    10.000 r  
    N18                                               0.000    10.000 r  CLK50MHZ (IN)
                         net (fo=0)                   0.000    10.000    CLK50MHZ
    N18                  IBUF (Prop_ibuf_I_O)         1.327    11.327 r  CLK50MHZ_IBUF_inst/O
                         net (fo=1, routed)           1.019    12.345    CLK50MHZ_IBUF
    PLLE2_ADV_X1Y1       PLLE2_ADV (Prop_plle2_adv_CLKIN1_CLKOUT0)
                                                     -6.696     5.650 r  u_pll/CLKOUT0
                         net (fo=1, routed)           1.451     7.101    clk_100_raw
    BUFGCTRL_X0Y16       BUFG (Prop_bufg_I_O)         0.077     7.178 r  u_clk_100_bufg/O
                         net (fo=20208, routed)       1.386     8.564    u_core/u_edge/u_control/u_seed/u_kdf/clk_100
    SLICE_X35Y114        FDCE                                         r  u_core/u_edge/u_control/u_seed/u_kdf/lane_a_reg[17][28]/C
                         clock pessimism             -0.538     8.026    
                         clock uncertainty           -0.047     7.979    
    SLICE_X35Y114        FDCE (Recov_fdce_C_CLR)     -0.331     7.648    u_core/u_edge/u_control/u_seed/u_kdf/lane_a_reg[17][28]
  -------------------------------------------------------------------
                         required time                          7.648    
                         arrival time                          -6.043    
  -------------------------------------------------------------------
                         slack                                  1.604    

Slack (MET) :             1.613ns  (required time - arrival time)
  Source:                 por_done_reg_inv/C
                            (rising edge-triggered cell FDSE clocked by clk_100_raw  {rise@0.000ns fall@5.000ns period=10.000ns})
  Destination:            u_core/u_edge/u_control/u_seed/u_kdf/lane_a_reg[23][29]/CLR
                            (recovery check against rising-edge clock clk_100_raw  {rise@0.000ns fall@5.000ns period=10.000ns})
  Path Group:             **async_default**
  Path Type:              Recovery (Max at Slow Process Corner)
  Requirement:            10.000ns  (clk_100_raw rise@10.000ns - clk_100_raw rise@0.000ns)
  Data Path Delay:        7.873ns  (logic 0.484ns (6.147%)  route 7.389ns (93.853%))
  Logic Levels:           1  (LUT5=1)
  Clock Path Skew:        -0.135ns (DCD - SCD + CPR)
    Destination Clock Delay (DCD):    -1.396ns = ( 8.604 - 10.000 ) 
    Source Clock Delay      (SCD):    -1.799ns
    Clock Pessimism Removal (CPR):    -0.538ns
  Clock Uncertainty:      0.047ns  ((TSJ^2 + DJ^2)^1/2) / 2 + PE
    Total System Jitter     (TSJ):    0.071ns
    Discrete Jitter          (DJ):    0.063ns
    Phase Error              (PE):    0.000ns

    Location             Delay type                Incr(ns)  Path(ns)    Netlist Resource(s)
  -------------------------------------------------------------------    -------------------
                         (clock clk_100_raw rise edge)
                                                      0.000     0.000 r  
    N18                                               0.000     0.000 r  CLK50MHZ (IN)
                         net (fo=0)                   0.000     0.000    CLK50MHZ
    N18                  IBUF (Prop_ibuf_I_O)         1.392     1.392 r  CLK50MHZ_IBUF_inst/O
                         net (fo=1, routed)           1.126     2.518    CLK50MHZ_IBUF
    PLLE2_ADV_X1Y1       PLLE2_ADV (Prop_plle2_adv_CLKIN1_CLKOUT0)
                                                     -7.569    -5.051 r  u_pll/CLKOUT0
                         net (fo=1, routed)           1.594    -3.457    clk_100_raw
    BUFGCTRL_X0Y16       BUFG (Prop_bufg_I_O)         0.085    -3.372 r  u_clk_100_bufg/O
                         net (fo=20208, routed)       1.573    -1.799    clk_100
    SLICE_X109Y55        FDSE                                         r  por_done_reg_inv/C
  -------------------------------------------------------------------    -------------------
    SLICE_X109Y55        FDSE (Prop_fdse_C_Q)         0.379    -1.420 f  por_done_reg_inv/Q
                         net (fo=3032, routed)        3.684     2.264    u_core/u_edge/u_control/u_seed/sel
    SLICE_X64Y83         LUT5 (Prop_lut5_I4_O)        0.105     2.369 f  u_core/u_edge/u_control/u_seed/FSM_sequential_state[2]_i_2/O
                         net (fo=4072, routed)        3.705     6.075    u_core/u_edge/u_control/u_seed/u_kdf/done_reg_0
    SLICE_X28Y114        FDCE                                         f  u_core/u_edge/u_control/u_seed/u_kdf/lane_a_reg[23][29]/CLR
  -------------------------------------------------------------------    -------------------

                         (clock clk_100_raw rise edge)
                                                     10.000    10.000 r  
    N18                                               0.000    10.000 r  CLK50MHZ (IN)
                         net (fo=0)                   0.000    10.000    CLK50MHZ
    N18                  IBUF (Prop_ibuf_I_O)         1.327    11.327 r  CLK50MHZ_IBUF_inst/O
                         net (fo=1, routed)           1.019    12.345    CLK50MHZ_IBUF
    PLLE2_ADV_X1Y1       PLLE2_ADV (Prop_plle2_adv_CLKIN1_CLKOUT0)
                                                     -6.696     5.650 r  u_pll/CLKOUT0
                         net (fo=1, routed)           1.451     7.101    clk_100_raw
    BUFGCTRL_X0Y16       BUFG (Prop_bufg_I_O)         0.077     7.178 r  u_clk_100_bufg/O
                         net (fo=20208, routed)       1.426     8.604    u_core/u_edge/u_control/u_seed/u_kdf/clk_100
    SLICE_X28Y114        FDCE                                         r  u_core/u_edge/u_control/u_seed/u_kdf/lane_a_reg[23][29]/C
                         clock pessimism             -0.538     8.066    
                         clock uncertainty           -0.047     8.019    
    SLICE_X28Y114        FDCE (Recov_fdce_C_CLR)     -0.331     7.688    u_core/u_edge/u_control/u_seed/u_kdf/lane_a_reg[23][29]
  -------------------------------------------------------------------
                         required time                          7.688    
                         arrival time                          -6.075    
  -------------------------------------------------------------------
                         slack                                  1.613    

Slack (MET) :             1.613ns  (required time - arrival time)
  Source:                 por_done_reg_inv/C
                            (rising edge-triggered cell FDSE clocked by clk_100_raw  {rise@0.000ns fall@5.000ns period=10.000ns})
  Destination:            u_core/u_edge/u_control/u_seed/u_kdf/lane_a_reg[23][30]/CLR
                            (recovery check against rising-edge clock clk_100_raw  {rise@0.000ns fall@5.000ns period=10.000ns})
  Path Group:             **async_default**
  Path Type:              Recovery (Max at Slow Process Corner)
  Requirement:            10.000ns  (clk_100_raw rise@10.000ns - clk_100_raw rise@0.000ns)
  Data Path Delay:        7.873ns  (logic 0.484ns (6.147%)  route 7.389ns (93.853%))
  Logic Levels:           1  (LUT5=1)
  Clock Path Skew:        -0.135ns (DCD - SCD + CPR)
    Destination Clock Delay (DCD):    -1.396ns = ( 8.604 - 10.000 ) 
    Source Clock Delay      (SCD):    -1.799ns
    Clock Pessimism Removal (CPR):    -0.538ns
  Clock Uncertainty:      0.047ns  ((TSJ^2 + DJ^2)^1/2) / 2 + PE
    Total System Jitter     (TSJ):    0.071ns
    Discrete Jitter          (DJ):    0.063ns
    Phase Error              (PE):    0.000ns

    Location             Delay type                Incr(ns)  Path(ns)    Netlist Resource(s)
  -------------------------------------------------------------------    -------------------
                         (clock clk_100_raw rise edge)
                                                      0.000     0.000 r  
    N18                                               0.000     0.000 r  CLK50MHZ (IN)
                         net (fo=0)                   0.000     0.000    CLK50MHZ
    N18                  IBUF (Prop_ibuf_I_O)         1.392     1.392 r  CLK50MHZ_IBUF_inst/O
                         net (fo=1, routed)           1.126     2.518    CLK50MHZ_IBUF
    PLLE2_ADV_X1Y1       PLLE2_ADV (Prop_plle2_adv_CLKIN1_CLKOUT0)
                                                     -7.569    -5.051 r  u_pll/CLKOUT0
                         net (fo=1, routed)           1.594    -3.457    clk_100_raw
    BUFGCTRL_X0Y16       BUFG (Prop_bufg_I_O)         0.085    -3.372 r  u_clk_100_bufg/O
                         net (fo=20208, routed)       1.573    -1.799    clk_100
    SLICE_X109Y55        FDSE                                         r  por_done_reg_inv/C
  -------------------------------------------------------------------    -------------------
    SLICE_X109Y55        FDSE (Prop_fdse_C_Q)         0.379    -1.420 f  por_done_reg_inv/Q
                         net (fo=3032, routed)        3.684     2.264    u_core/u_edge/u_control/u_seed/sel
    SLICE_X64Y83         LUT5 (Prop_lut5_I4_O)        0.105     2.369 f  u_core/u_edge/u_control/u_seed/FSM_sequential_state[2]_i_2/O
                         net (fo=4072, routed)        3.705     6.075    u_core/u_edge/u_control/u_seed/u_kdf/done_reg_0
    SLICE_X28Y114        FDCE                                         f  u_core/u_edge/u_control/u_seed/u_kdf/lane_a_reg[23][30]/CLR
  -------------------------------------------------------------------    -------------------

                         (clock clk_100_raw rise edge)
                                                     10.000    10.000 r  
    N18                                               0.000    10.000 r  CLK50MHZ (IN)
                         net (fo=0)                   0.000    10.000    CLK50MHZ
    N18                  IBUF (Prop_ibuf_I_O)         1.327    11.327 r  CLK50MHZ_IBUF_inst/O
                         net (fo=1, routed)           1.019    12.345    CLK50MHZ_IBUF
    PLLE2_ADV_X1Y1       PLLE2_ADV (Prop_plle2_adv_CLKIN1_CLKOUT0)
                                                     -6.696     5.650 r  u_pll/CLKOUT0
                         net (fo=1, routed)           1.451     7.101    clk_100_raw
    BUFGCTRL_X0Y16       BUFG (Prop_bufg_I_O)         0.077     7.178 r  u_clk_100_bufg/O
                         net (fo=20208, routed)       1.426     8.604    u_core/u_edge/u_control/u_seed/u_kdf/clk_100
    SLICE_X28Y114        FDCE                                         r  u_core/u_edge/u_control/u_seed/u_kdf/lane_a_reg[23][30]/C
                         clock pessimism             -0.538     8.066    
                         clock uncertainty           -0.047     8.019    
    SLICE_X28Y114        FDCE (Recov_fdce_C_CLR)     -0.331     7.688    u_core/u_edge/u_control/u_seed/u_kdf/lane_a_reg[23][30]
  -------------------------------------------------------------------
                         required time                          7.688    
                         arrival time                          -6.075    
  -------------------------------------------------------------------
                         slack                                  1.613    

Slack (MET) :             1.617ns  (required time - arrival time)
  Source:                 por_done_reg_inv/C
                            (rising edge-triggered cell FDSE clocked by clk_100_raw  {rise@0.000ns fall@5.000ns period=10.000ns})
  Destination:            u_core/u_edge/u_control/u_seed/u_kdf/lane_a_reg[22][30]/CLR
                            (recovery check against rising-edge clock clk_100_raw  {rise@0.000ns fall@5.000ns period=10.000ns})
  Path Group:             **async_default**
  Path Type:              Recovery (Max at Slow Process Corner)
  Requirement:            10.000ns  (clk_100_raw rise@10.000ns - clk_100_raw rise@0.000ns)
  Data Path Delay:        7.870ns  (logic 0.484ns (6.150%)  route 7.386ns (93.850%))
  Logic Levels:           1  (LUT5=1)
  Clock Path Skew:        -0.135ns (DCD - SCD + CPR)
    Destination Clock Delay (DCD):    -1.396ns = ( 8.604 - 10.000 ) 
    Source Clock Delay      (SCD):    -1.799ns
    Clock Pessimism Removal (CPR):    -0.538ns
  Clock Uncertainty:      0.047ns  ((TSJ^2 + DJ^2)^1/2) / 2 + PE
    Total System Jitter     (TSJ):    0.071ns
    Discrete Jitter          (DJ):    0.063ns
    Phase Error              (PE):    0.000ns

    Location             Delay type                Incr(ns)  Path(ns)    Netlist Resource(s)
  -------------------------------------------------------------------    -------------------
                         (clock clk_100_raw rise edge)
                                                      0.000     0.000 r  
    N18                                               0.000     0.000 r  CLK50MHZ (IN)
                         net (fo=0)                   0.000     0.000    CLK50MHZ
    N18                  IBUF (Prop_ibuf_I_O)         1.392     1.392 r  CLK50MHZ_IBUF_inst/O
                         net (fo=1, routed)           1.126     2.518    CLK50MHZ_IBUF
    PLLE2_ADV_X1Y1       PLLE2_ADV (Prop_plle2_adv_CLKIN1_CLKOUT0)
                                                     -7.569    -5.051 r  u_pll/CLKOUT0
                         net (fo=1, routed)           1.594    -3.457    clk_100_raw
    BUFGCTRL_X0Y16       BUFG (Prop_bufg_I_O)         0.085    -3.372 r  u_clk_100_bufg/O
                         net (fo=20208, routed)       1.573    -1.799    clk_100
    SLICE_X109Y55        FDSE                                         r  por_done_reg_inv/C
  -------------------------------------------------------------------    -------------------
    SLICE_X109Y55        FDSE (Prop_fdse_C_Q)         0.379    -1.420 f  por_done_reg_inv/Q
                         net (fo=3032, routed)        3.684     2.264    u_core/u_edge/u_control/u_seed/sel
    SLICE_X64Y83         LUT5 (Prop_lut5_I4_O)        0.105     2.369 f  u_core/u_edge/u_control/u_seed/FSM_sequential_state[2]_i_2/O
                         net (fo=4072, routed)        3.702     6.071    u_core/u_edge/u_control/u_seed/u_kdf/done_reg_0
    SLICE_X29Y114        FDCE                                         f  u_core/u_edge/u_control/u_seed/u_kdf/lane_a_reg[22][30]/CLR
  -------------------------------------------------------------------    -------------------

                         (clock clk_100_raw rise edge)
                                                     10.000    10.000 r  
    N18                                               0.000    10.000 r  CLK50MHZ (IN)
                         net (fo=0)                   0.000    10.000    CLK50MHZ
    N18                  IBUF (Prop_ibuf_I_O)         1.327    11.327 r  CLK50MHZ_IBUF_inst/O
                         net (fo=1, routed)           1.019    12.345    CLK50MHZ_IBUF
    PLLE2_ADV_X1Y1       PLLE2_ADV (Prop_plle2_adv_CLKIN1_CLKOUT0)
                                                     -6.696     5.650 r  u_pll/CLKOUT0
                         net (fo=1, routed)           1.451     7.101    clk_100_raw
    BUFGCTRL_X0Y16       BUFG (Prop_bufg_I_O)         0.077     7.178 r  u_clk_100_bufg/O
                         net (fo=20208, routed)       1.426     8.604    u_core/u_edge/u_control/u_seed/u_kdf/clk_100
    SLICE_X29Y114        FDCE                                         r  u_core/u_edge/u_control/u_seed/u_kdf/lane_a_reg[22][30]/C
                         clock pessimism             -0.538     8.066    
                         clock uncertainty           -0.047     8.019    
    SLICE_X29Y114        FDCE (Recov_fdce_C_CLR)     -0.331     7.688    u_core/u_edge/u_control/u_seed/u_kdf/lane_a_reg[22][30]
  -------------------------------------------------------------------
                         required time                          7.688    
                         arrival time                          -6.071    
  -------------------------------------------------------------------
                         slack                                  1.617    

Slack (MET) :             1.634ns  (required time - arrival time)
  Source:                 por_done_reg_inv/C
                            (rising edge-triggered cell FDSE clocked by clk_100_raw  {rise@0.000ns fall@5.000ns period=10.000ns})
  Destination:            u_core/u_edge/u_control/u_seed/u_kdf/lane_b_reg[10][30]/CLR
                            (recovery check against rising-edge clock clk_100_raw  {rise@0.000ns fall@5.000ns period=10.000ns})
  Path Group:             **async_default**
  Path Type:              Recovery (Max at Slow Process Corner)
  Requirement:            10.000ns  (clk_100_raw rise@10.000ns - clk_100_raw rise@0.000ns)
  Data Path Delay:        7.890ns  (logic 0.484ns (6.134%)  route 7.406ns (93.866%))
  Logic Levels:           1  (LUT5=1)
  Clock Path Skew:        -0.136ns (DCD - SCD + CPR)
    Destination Clock Delay (DCD):    -1.397ns = ( 8.603 - 10.000 ) 
    Source Clock Delay      (SCD):    -1.799ns
    Clock Pessimism Removal (CPR):    -0.538ns
  Clock Uncertainty:      0.047ns  ((TSJ^2 + DJ^2)^1/2) / 2 + PE
    Total System Jitter     (TSJ):    0.071ns
    Discrete Jitter          (DJ):    0.063ns
    Phase Error              (PE):    0.000ns

    Location             Delay type                Incr(ns)  Path(ns)    Netlist Resource(s)
  -------------------------------------------------------------------    -------------------
                         (clock clk_100_raw rise edge)
                                                      0.000     0.000 r  
    N18                                               0.000     0.000 r  CLK50MHZ (IN)
                         net (fo=0)                   0.000     0.000    CLK50MHZ
    N18                  IBUF (Prop_ibuf_I_O)         1.392     1.392 r  CLK50MHZ_IBUF_inst/O
                         net (fo=1, routed)           1.126     2.518    CLK50MHZ_IBUF
    PLLE2_ADV_X1Y1       PLLE2_ADV (Prop_plle2_adv_CLKIN1_CLKOUT0)
                                                     -7.569    -5.051 r  u_pll/CLKOUT0
                         net (fo=1, routed)           1.594    -3.457    clk_100_raw
    BUFGCTRL_X0Y16       BUFG (Prop_bufg_I_O)         0.085    -3.372 r  u_clk_100_bufg/O
                         net (fo=20208, routed)       1.573    -1.799    clk_100
    SLICE_X109Y55        FDSE                                         r  por_done_reg_inv/C
  -------------------------------------------------------------------    -------------------
    SLICE_X109Y55        FDSE (Prop_fdse_C_Q)         0.379    -1.420 f  por_done_reg_inv/Q
                         net (fo=3032, routed)        3.684     2.264    u_core/u_edge/u_control/u_seed/sel
    SLICE_X64Y83         LUT5 (Prop_lut5_I4_O)        0.105     2.369 f  u_core/u_edge/u_control/u_seed/FSM_sequential_state[2]_i_2/O
                         net (fo=4072, routed)        3.722     6.091    u_core/u_edge/u_control/u_seed/u_kdf/done_reg_0
    SLICE_X30Y116        FDCE                                         f  u_core/u_edge/u_control/u_seed/u_kdf/lane_b_reg[10][30]/CLR
  -------------------------------------------------------------------    -------------------

                         (clock clk_100_raw rise edge)
                                                     10.000    10.000 r  
    N18                                               0.000    10.000 r  CLK50MHZ (IN)
                         net (fo=0)                   0.000    10.000    CLK50MHZ
    N18                  IBUF (Prop_ibuf_I_O)         1.327    11.327 r  CLK50MHZ_IBUF_inst/O
                         net (fo=1, routed)           1.019    12.345    CLK50MHZ_IBUF
    PLLE2_ADV_X1Y1       PLLE2_ADV (Prop_plle2_adv_CLKIN1_CLKOUT0)
                                                     -6.696     5.650 r  u_pll/CLKOUT0
                         net (fo=1, routed)           1.451     7.101    clk_100_raw
    BUFGCTRL_X0Y16       BUFG (Prop_bufg_I_O)         0.077     7.178 r  u_clk_100_bufg/O
                         net (fo=20208, routed)       1.425     8.603    u_core/u_edge/u_control/u_seed/u_kdf/clk_100
    SLICE_X30Y116        FDCE                                         r  u_core/u_edge/u_control/u_seed/u_kdf/lane_b_reg[10][30]/C
                         clock pessimism             -0.538     8.065    
                         clock uncertainty           -0.047     8.018    
    SLICE_X30Y116        FDCE (Recov_fdce_C_CLR)     -0.292     7.726    u_core/u_edge/u_control/u_seed/u_kdf/lane_b_reg[10][30]
  -------------------------------------------------------------------
                         required time                          7.726    
                         arrival time                          -6.091    
  -------------------------------------------------------------------
                         slack                                  1.634    

Slack (MET) :             1.656ns  (required time - arrival time)
  Source:                 por_done_reg_inv/C
                            (rising edge-triggered cell FDSE clocked by clk_100_raw  {rise@0.000ns fall@5.000ns period=10.000ns})
  Destination:            u_core/u_edge/u_control/u_seed/u_kdf/lane_a_reg[6][29]/CLR
                            (recovery check against rising-edge clock clk_100_raw  {rise@0.000ns fall@5.000ns period=10.000ns})
  Path Group:             **async_default**
  Path Type:              Recovery (Max at Slow Process Corner)
  Requirement:            10.000ns  (clk_100_raw rise@10.000ns - clk_100_raw rise@0.000ns)
  Data Path Delay:        7.903ns  (logic 0.484ns (6.124%)  route 7.419ns (93.876%))
  Logic Levels:           1  (LUT5=1)
  Clock Path Skew:        -0.136ns (DCD - SCD + CPR)
    Destination Clock Delay (DCD):    -1.397ns = ( 8.603 - 10.000 ) 
    Source Clock Delay      (SCD):    -1.799ns
    Clock Pessimism Removal (CPR):    -0.538ns
  Clock Uncertainty:      0.047ns  ((TSJ^2 + DJ^2)^1/2) / 2 + PE
    Total System Jitter     (TSJ):    0.071ns
    Discrete Jitter          (DJ):    0.063ns
    Phase Error              (PE):    0.000ns

    Location             Delay type                Incr(ns)  Path(ns)    Netlist Resource(s)
  -------------------------------------------------------------------    -------------------
                         (clock clk_100_raw rise edge)
                                                      0.000     0.000 r  
    N18                                               0.000     0.000 r  CLK50MHZ (IN)
                         net (fo=0)                   0.000     0.000    CLK50MHZ
    N18                  IBUF (Prop_ibuf_I_O)         1.392     1.392 r  CLK50MHZ_IBUF_inst/O
                         net (fo=1, routed)           1.126     2.518    CLK50MHZ_IBUF
    PLLE2_ADV_X1Y1       PLLE2_ADV (Prop_plle2_adv_CLKIN1_CLKOUT0)
                                                     -7.569    -5.051 r  u_pll/CLKOUT0
                         net (fo=1, routed)           1.594    -3.457    clk_100_raw
    BUFGCTRL_X0Y16       BUFG (Prop_bufg_I_O)         0.085    -3.372 r  u_clk_100_bufg/O
                         net (fo=20208, routed)       1.573    -1.799    clk_100
    SLICE_X109Y55        FDSE                                         r  por_done_reg_inv/C
  -------------------------------------------------------------------    -------------------
    SLICE_X109Y55        FDSE (Prop_fdse_C_Q)         0.379    -1.420 f  por_done_reg_inv/Q
                         net (fo=3032, routed)        3.684     2.264    u_core/u_edge/u_control/u_seed/sel
    SLICE_X64Y83         LUT5 (Prop_lut5_I4_O)        0.105     2.369 f  u_core/u_edge/u_control/u_seed/FSM_sequential_state[2]_i_2/O
                         net (fo=4072, routed)        3.735     6.104    u_core/u_edge/u_control/u_seed/u_kdf/done_reg_0
    SLICE_X30Y115        FDCE                                         f  u_core/u_edge/u_control/u_seed/u_kdf/lane_a_reg[6][29]/CLR
  -------------------------------------------------------------------    -------------------

                         (clock clk_100_raw rise edge)
                                                     10.000    10.000 r  
    N18                                               0.000    10.000 r  CLK50MHZ (IN)
                         net (fo=0)                   0.000    10.000    CLK50MHZ
    N18                  IBUF (Prop_ibuf_I_O)         1.327    11.327 r  CLK50MHZ_IBUF_inst/O
                         net (fo=1, routed)           1.019    12.345    CLK50MHZ_IBUF
    PLLE2_ADV_X1Y1       PLLE2_ADV (Prop_plle2_adv_CLKIN1_CLKOUT0)
                                                     -6.696     5.650 r  u_pll/CLKOUT0
                         net (fo=1, routed)           1.451     7.101    clk_100_raw
    BUFGCTRL_X0Y16       BUFG (Prop_bufg_I_O)         0.077     7.178 r  u_clk_100_bufg/O
                         net (fo=20208, routed)       1.425     8.603    u_core/u_edge/u_control/u_seed/u_kdf/clk_100
    SLICE_X30Y115        FDCE                                         r  u_core/u_edge/u_control/u_seed/u_kdf/lane_a_reg[6][29]/C
                         clock pessimism             -0.538     8.065    
                         clock uncertainty           -0.047     8.018    
    SLICE_X30Y115        FDCE (Recov_fdce_C_CLR)     -0.258     7.760    u_core/u_edge/u_control/u_seed/u_kdf/lane_a_reg[6][29]
  -------------------------------------------------------------------
                         required time                          7.760    
                         arrival time                          -6.104    
  -------------------------------------------------------------------
                         slack                                  1.656    

Slack (MET) :             1.656ns  (required time - arrival time)
  Source:                 por_done_reg_inv/C
                            (rising edge-triggered cell FDSE clocked by clk_100_raw  {rise@0.000ns fall@5.000ns period=10.000ns})
  Destination:            u_core/u_edge/u_control/u_seed/u_kdf/lane_a_reg[7][27]/CLR
                            (recovery check against rising-edge clock clk_100_raw  {rise@0.000ns fall@5.000ns period=10.000ns})
  Path Group:             **async_default**
  Path Type:              Recovery (Max at Slow Process Corner)
  Requirement:            10.000ns  (clk_100_raw rise@10.000ns - clk_100_raw rise@0.000ns)
  Data Path Delay:        7.827ns  (logic 0.484ns (6.184%)  route 7.343ns (93.816%))
  Logic Levels:           1  (LUT5=1)
  Clock Path Skew:        -0.138ns (DCD - SCD + CPR)
    Destination Clock Delay (DCD):    -1.399ns = ( 8.601 - 10.000 ) 
    Source Clock Delay      (SCD):    -1.799ns
    Clock Pessimism Removal (CPR):    -0.538ns
  Clock Uncertainty:      0.047ns  ((TSJ^2 + DJ^2)^1/2) / 2 + PE
    Total System Jitter     (TSJ):    0.071ns
    Discrete Jitter          (DJ):    0.063ns
    Phase Error              (PE):    0.000ns

    Location             Delay type                Incr(ns)  Path(ns)    Netlist Resource(s)
  -------------------------------------------------------------------    -------------------
                         (clock clk_100_raw rise edge)
                                                      0.000     0.000 r  
    N18                                               0.000     0.000 r  CLK50MHZ (IN)
                         net (fo=0)                   0.000     0.000    CLK50MHZ
    N18                  IBUF (Prop_ibuf_I_O)         1.392     1.392 r  CLK50MHZ_IBUF_inst/O
                         net (fo=1, routed)           1.126     2.518    CLK50MHZ_IBUF
    PLLE2_ADV_X1Y1       PLLE2_ADV (Prop_plle2_adv_CLKIN1_CLKOUT0)
                                                     -7.569    -5.051 r  u_pll/CLKOUT0
                         net (fo=1, routed)           1.594    -3.457    clk_100_raw
    BUFGCTRL_X0Y16       BUFG (Prop_bufg_I_O)         0.085    -3.372 r  u_clk_100_bufg/O
                         net (fo=20208, routed)       1.573    -1.799    clk_100
    SLICE_X109Y55        FDSE                                         r  por_done_reg_inv/C
  -------------------------------------------------------------------    -------------------
    SLICE_X109Y55        FDSE (Prop_fdse_C_Q)         0.379    -1.420 f  por_done_reg_inv/Q
                         net (fo=3032, routed)        3.684     2.264    u_core/u_edge/u_control/u_seed/sel
    SLICE_X64Y83         LUT5 (Prop_lut5_I4_O)        0.105     2.369 f  u_core/u_edge/u_control/u_seed/FSM_sequential_state[2]_i_2/O
                         net (fo=4072, routed)        3.659     6.028    u_core/u_edge/u_control/u_seed/u_kdf/done_reg_0
    SLICE_X31Y118        FDCE                                         f  u_core/u_edge/u_control/u_seed/u_kdf/lane_a_reg[7][27]/CLR
  -------------------------------------------------------------------    -------------------

                         (clock clk_100_raw rise edge)
                                                     10.000    10.000 r  
    N18                                               0.000    10.000 r  CLK50MHZ (IN)
                         net (fo=0)                   0.000    10.000    CLK50MHZ
    N18                  IBUF (Prop_ibuf_I_O)         1.327    11.327 r  CLK50MHZ_IBUF_inst/O
                         net (fo=1, routed)           1.019    12.345    CLK50MHZ_IBUF
    PLLE2_ADV_X1Y1       PLLE2_ADV (Prop_plle2_adv_CLKIN1_CLKOUT0)
                                                     -6.696     5.650 r  u_pll/CLKOUT0
                         net (fo=1, routed)           1.451     7.101    clk_100_raw
    BUFGCTRL_X0Y16       BUFG (Prop_bufg_I_O)         0.077     7.178 r  u_clk_100_bufg/O
                         net (fo=20208, routed)       1.423     8.601    u_core/u_edge/u_control/u_seed/u_kdf/clk_100
    SLICE_X31Y118        FDCE                                         r  u_core/u_edge/u_control/u_seed/u_kdf/lane_a_reg[7][27]/C
                         clock pessimism             -0.538     8.063    
                         clock uncertainty           -0.047     8.016    
    SLICE_X31Y118        FDCE (Recov_fdce_C_CLR)     -0.331     7.685    u_core/u_edge/u_control/u_seed/u_kdf/lane_a_reg[7][27]
  -------------------------------------------------------------------
                         required time                          7.685    
                         arrival time                          -6.028    
  -------------------------------------------------------------------
                         slack                                  1.656    

Slack (MET) :             1.656ns  (required time - arrival time)
  Source:                 por_done_reg_inv/C
                            (rising edge-triggered cell FDSE clocked by clk_100_raw  {rise@0.000ns fall@5.000ns period=10.000ns})
  Destination:            u_core/u_edge/u_control/u_seed/u_kdf/lane_a_reg[7][28]/CLR
                            (recovery check against rising-edge clock clk_100_raw  {rise@0.000ns fall@5.000ns period=10.000ns})
  Path Group:             **async_default**
  Path Type:              Recovery (Max at Slow Process Corner)
  Requirement:            10.000ns  (clk_100_raw rise@10.000ns - clk_100_raw rise@0.000ns)
  Data Path Delay:        7.827ns  (logic 0.484ns (6.184%)  route 7.343ns (93.816%))
  Logic Levels:           1  (LUT5=1)
  Clock Path Skew:        -0.138ns (DCD - SCD + CPR)
    Destination Clock Delay (DCD):    -1.399ns = ( 8.601 - 10.000 ) 
    Source Clock Delay      (SCD):    -1.799ns
    Clock Pessimism Removal (CPR):    -0.538ns
  Clock Uncertainty:      0.047ns  ((TSJ^2 + DJ^2)^1/2) / 2 + PE
    Total System Jitter     (TSJ):    0.071ns
    Discrete Jitter          (DJ):    0.063ns
    Phase Error              (PE):    0.000ns

    Location             Delay type                Incr(ns)  Path(ns)    Netlist Resource(s)
  -------------------------------------------------------------------    -------------------
                         (clock clk_100_raw rise edge)
                                                      0.000     0.000 r  
    N18                                               0.000     0.000 r  CLK50MHZ (IN)
                         net (fo=0)                   0.000     0.000    CLK50MHZ
    N18                  IBUF (Prop_ibuf_I_O)         1.392     1.392 r  CLK50MHZ_IBUF_inst/O
                         net (fo=1, routed)           1.126     2.518    CLK50MHZ_IBUF
    PLLE2_ADV_X1Y1       PLLE2_ADV (Prop_plle2_adv_CLKIN1_CLKOUT0)
                                                     -7.569    -5.051 r  u_pll/CLKOUT0
                         net (fo=1, routed)           1.594    -3.457    clk_100_raw
    BUFGCTRL_X0Y16       BUFG (Prop_bufg_I_O)         0.085    -3.372 r  u_clk_100_bufg/O
                         net (fo=20208, routed)       1.573    -1.799    clk_100
    SLICE_X109Y55        FDSE                                         r  por_done_reg_inv/C
  -------------------------------------------------------------------    -------------------
    SLICE_X109Y55        FDSE (Prop_fdse_C_Q)         0.379    -1.420 f  por_done_reg_inv/Q
                         net (fo=3032, routed)        3.684     2.264    u_core/u_edge/u_control/u_seed/sel
    SLICE_X64Y83         LUT5 (Prop_lut5_I4_O)        0.105     2.369 f  u_core/u_edge/u_control/u_seed/FSM_sequential_state[2]_i_2/O
                         net (fo=4072, routed)        3.659     6.028    u_core/u_edge/u_control/u_seed/u_kdf/done_reg_0
    SLICE_X31Y118        FDCE                                         f  u_core/u_edge/u_control/u_seed/u_kdf/lane_a_reg[7][28]/CLR
  -------------------------------------------------------------------    -------------------

                         (clock clk_100_raw rise edge)
                                                     10.000    10.000 r  
    N18                                               0.000    10.000 r  CLK50MHZ (IN)
                         net (fo=0)                   0.000    10.000    CLK50MHZ
    N18                  IBUF (Prop_ibuf_I_O)         1.327    11.327 r  CLK50MHZ_IBUF_inst/O
                         net (fo=1, routed)           1.019    12.345    CLK50MHZ_IBUF
    PLLE2_ADV_X1Y1       PLLE2_ADV (Prop_plle2_adv_CLKIN1_CLKOUT0)
                                                     -6.696     5.650 r  u_pll/CLKOUT0
                         net (fo=1, routed)           1.451     7.101    clk_100_raw
    BUFGCTRL_X0Y16       BUFG (Prop_bufg_I_O)         0.077     7.178 r  u_clk_100_bufg/O
                         net (fo=20208, routed)       1.423     8.601    u_core/u_edge/u_control/u_seed/u_kdf/clk_100
    SLICE_X31Y118        FDCE                                         r  u_core/u_edge/u_control/u_seed/u_kdf/lane_a_reg[7][28]/C
                         clock pessimism             -0.538     8.063    
                         clock uncertainty           -0.047     8.016    
    SLICE_X31Y118        FDCE (Recov_fdce_C_CLR)     -0.331     7.685    u_core/u_edge/u_control/u_seed/u_kdf/lane_a_reg[7][28]
  -------------------------------------------------------------------
                         required time                          7.685    
                         arrival time                          -6.028    
  -------------------------------------------------------------------
                         slack                                  1.656    

Slack (MET) :             1.665ns  (required time - arrival time)
  Source:                 por_done_reg_inv/C
                            (rising edge-triggered cell FDSE clocked by clk_100_raw  {rise@0.000ns fall@5.000ns period=10.000ns})
  Destination:            u_core/u_edge/u_control/u_seed/u_kdf/lane_a_reg[20][28]/CLR
                            (recovery check against rising-edge clock clk_100_raw  {rise@0.000ns fall@5.000ns period=10.000ns})
  Path Group:             **async_default**
  Path Type:              Recovery (Max at Slow Process Corner)
  Requirement:            10.000ns  (clk_100_raw rise@10.000ns - clk_100_raw rise@0.000ns)
  Data Path Delay:        7.820ns  (logic 0.484ns (6.189%)  route 7.336ns (93.811%))
  Logic Levels:           1  (LUT5=1)
  Clock Path Skew:        -0.136ns (DCD - SCD + CPR)
    Destination Clock Delay (DCD):    -1.397ns = ( 8.603 - 10.000 ) 
    Source Clock Delay      (SCD):    -1.799ns
    Clock Pessimism Removal (CPR):    -0.538ns
  Clock Uncertainty:      0.047ns  ((TSJ^2 + DJ^2)^1/2) / 2 + PE
    Total System Jitter     (TSJ):    0.071ns
    Discrete Jitter          (DJ):    0.063ns
    Phase Error              (PE):    0.000ns

    Location             Delay type                Incr(ns)  Path(ns)    Netlist Resource(s)
  -------------------------------------------------------------------    -------------------
                         (clock clk_100_raw rise edge)
                                                      0.000     0.000 r  
    N18                                               0.000     0.000 r  CLK50MHZ (IN)
                         net (fo=0)                   0.000     0.000    CLK50MHZ
    N18                  IBUF (Prop_ibuf_I_O)         1.392     1.392 r  CLK50MHZ_IBUF_inst/O
                         net (fo=1, routed)           1.126     2.518    CLK50MHZ_IBUF
    PLLE2_ADV_X1Y1       PLLE2_ADV (Prop_plle2_adv_CLKIN1_CLKOUT0)
                                                     -7.569    -5.051 r  u_pll/CLKOUT0
                         net (fo=1, routed)           1.594    -3.457    clk_100_raw
    BUFGCTRL_X0Y16       BUFG (Prop_bufg_I_O)         0.085    -3.372 r  u_clk_100_bufg/O
                         net (fo=20208, routed)       1.573    -1.799    clk_100
    SLICE_X109Y55        FDSE                                         r  por_done_reg_inv/C
  -------------------------------------------------------------------    -------------------
    SLICE_X109Y55        FDSE (Prop_fdse_C_Q)         0.379    -1.420 f  por_done_reg_inv/Q
                         net (fo=3032, routed)        3.684     2.264    u_core/u_edge/u_control/u_seed/sel
    SLICE_X64Y83         LUT5 (Prop_lut5_I4_O)        0.105     2.369 f  u_core/u_edge/u_control/u_seed/FSM_sequential_state[2]_i_2/O
                         net (fo=4072, routed)        3.652     6.022    u_core/u_edge/u_control/u_seed/u_kdf/done_reg_0
    SLICE_X28Y115        FDCE                                         f  u_core/u_edge/u_control/u_seed/u_kdf/lane_a_reg[20][28]/CLR
  -------------------------------------------------------------------    -------------------

                         (clock clk_100_raw rise edge)
                                                     10.000    10.000 r  
    N18                                               0.000    10.000 r  CLK50MHZ (IN)
                         net (fo=0)                   0.000    10.000    CLK50MHZ
    N18                  IBUF (Prop_ibuf_I_O)         1.327    11.327 r  CLK50MHZ_IBUF_inst/O
                         net (fo=1, routed)           1.019    12.345    CLK50MHZ_IBUF
    PLLE2_ADV_X1Y1       PLLE2_ADV (Prop_plle2_adv_CLKIN1_CLKOUT0)
                                                     -6.696     5.650 r  u_pll/CLKOUT0
                         net (fo=1, routed)           1.451     7.101    clk_100_raw
    BUFGCTRL_X0Y16       BUFG (Prop_bufg_I_O)         0.077     7.178 r  u_clk_100_bufg/O
                         net (fo=20208, routed)       1.425     8.603    u_core/u_edge/u_control/u_seed/u_kdf/clk_100
    SLICE_X28Y115        FDCE                                         r  u_core/u_edge/u_control/u_seed/u_kdf/lane_a_reg[20][28]/C
                         clock pessimism             -0.538     8.065    
                         clock uncertainty           -0.047     8.018    
    SLICE_X28Y115        FDCE (Recov_fdce_C_CLR)     -0.331     7.687    u_core/u_edge/u_control/u_seed/u_kdf/lane_a_reg[20][28]
  -------------------------------------------------------------------
                         required time                          7.687    
                         arrival time                          -6.022    
  -------------------------------------------------------------------
                         slack                                  1.665    

Slack (MET) :             1.668ns  (required time - arrival time)
  Source:                 por_done_reg_inv/C
                            (rising edge-triggered cell FDSE clocked by clk_100_raw  {rise@0.000ns fall@5.000ns period=10.000ns})
  Destination:            u_core/u_edge/u_control/u_seed/u_kdf/lane_b_reg[10][29]/CLR
                            (recovery check against rising-edge clock clk_100_raw  {rise@0.000ns fall@5.000ns period=10.000ns})
  Path Group:             **async_default**
  Path Type:              Recovery (Max at Slow Process Corner)
  Requirement:            10.000ns  (clk_100_raw rise@10.000ns - clk_100_raw rise@0.000ns)
  Data Path Delay:        7.890ns  (logic 0.484ns (6.134%)  route 7.406ns (93.866%))
  Logic Levels:           1  (LUT5=1)
  Clock Path Skew:        -0.136ns (DCD - SCD + CPR)
    Destination Clock Delay (DCD):    -1.397ns = ( 8.603 - 10.000 ) 
    Source Clock Delay      (SCD):    -1.799ns
    Clock Pessimism Removal (CPR):    -0.538ns
  Clock Uncertainty:      0.047ns  ((TSJ^2 + DJ^2)^1/2) / 2 + PE
    Total System Jitter     (TSJ):    0.071ns
    Discrete Jitter          (DJ):    0.063ns
    Phase Error              (PE):    0.000ns

    Location             Delay type                Incr(ns)  Path(ns)    Netlist Resource(s)
  -------------------------------------------------------------------    -------------------
                         (clock clk_100_raw rise edge)
                                                      0.000     0.000 r  
    N18                                               0.000     0.000 r  CLK50MHZ (IN)
                         net (fo=0)                   0.000     0.000    CLK50MHZ
    N18                  IBUF (Prop_ibuf_I_O)         1.392     1.392 r  CLK50MHZ_IBUF_inst/O
                         net (fo=1, routed)           1.126     2.518    CLK50MHZ_IBUF
    PLLE2_ADV_X1Y1       PLLE2_ADV (Prop_plle2_adv_CLKIN1_CLKOUT0)
                                                     -7.569    -5.051 r  u_pll/CLKOUT0
                         net (fo=1, routed)           1.594    -3.457    clk_100_raw
    BUFGCTRL_X0Y16       BUFG (Prop_bufg_I_O)         0.085    -3.372 r  u_clk_100_bufg/O
                         net (fo=20208, routed)       1.573    -1.799    clk_100
    SLICE_X109Y55        FDSE                                         r  por_done_reg_inv/C
  -------------------------------------------------------------------    -------------------
    SLICE_X109Y55        FDSE (Prop_fdse_C_Q)         0.379    -1.420 f  por_done_reg_inv/Q
                         net (fo=3032, routed)        3.684     2.264    u_core/u_edge/u_control/u_seed/sel
    SLICE_X64Y83         LUT5 (Prop_lut5_I4_O)        0.105     2.369 f  u_core/u_edge/u_control/u_seed/FSM_sequential_state[2]_i_2/O
                         net (fo=4072, routed)        3.722     6.091    u_core/u_edge/u_control/u_seed/u_kdf/done_reg_0
    SLICE_X30Y116        FDCE                                         f  u_core/u_edge/u_control/u_seed/u_kdf/lane_b_reg[10][29]/CLR
  -------------------------------------------------------------------    -------------------

                         (clock clk_100_raw rise edge)
                                                     10.000    10.000 r  
    N18                                               0.000    10.000 r  CLK50MHZ (IN)
                         net (fo=0)                   0.000    10.000    CLK50MHZ
    N18                  IBUF (Prop_ibuf_I_O)         1.327    11.327 r  CLK50MHZ_IBUF_inst/O
                         net (fo=1, routed)           1.019    12.345    CLK50MHZ_IBUF
    PLLE2_ADV_X1Y1       PLLE2_ADV (Prop_plle2_adv_CLKIN1_CLKOUT0)
                                                     -6.696     5.650 r  u_pll/CLKOUT0
                         net (fo=1, routed)           1.451     7.101    clk_100_raw
    BUFGCTRL_X0Y16       BUFG (Prop_bufg_I_O)         0.077     7.178 r  u_clk_100_bufg/O
                         net (fo=20208, routed)       1.425     8.603    u_core/u_edge/u_control/u_seed/u_kdf/clk_100
    SLICE_X30Y116        FDCE                                         r  u_core/u_edge/u_control/u_seed/u_kdf/lane_b_reg[10][29]/C
                         clock pessimism             -0.538     8.065    
                         clock uncertainty           -0.047     8.018    
    SLICE_X30Y116        FDCE (Recov_fdce_C_CLR)     -0.258     7.760    u_core/u_edge/u_control/u_seed/u_kdf/lane_b_reg[10][29]
  -------------------------------------------------------------------
                         required time                          7.760    
                         arrival time                          -6.091    
  -------------------------------------------------------------------
                         slack                                  1.668    

Slack (MET) :             1.669ns  (required time - arrival time)
  Source:                 por_done_reg_inv/C
                            (rising edge-triggered cell FDSE clocked by clk_100_raw  {rise@0.000ns fall@5.000ns period=10.000ns})
  Destination:            u_core/u_edge/u_control/u_seed/u_kdf/lane_b_reg[20][27]/CLR
                            (recovery check against rising-edge clock clk_100_raw  {rise@0.000ns fall@5.000ns period=10.000ns})
  Path Group:             **async_default**
  Path Type:              Recovery (Max at Slow Process Corner)
  Requirement:            10.000ns  (clk_100_raw rise@10.000ns - clk_100_raw rise@0.000ns)
  Data Path Delay:        7.817ns  (logic 0.484ns (6.192%)  route 7.333ns (93.808%))
  Logic Levels:           1  (LUT5=1)
  Clock Path Skew:        -0.136ns (DCD - SCD + CPR)
    Destination Clock Delay (DCD):    -1.397ns = ( 8.603 - 10.000 ) 
    Source Clock Delay      (SCD):    -1.799ns
    Clock Pessimism Removal (CPR):    -0.538ns
  Clock Uncertainty:      0.047ns  ((TSJ^2 + DJ^2)^1/2) / 2 + PE
    Total System Jitter     (TSJ):    0.071ns
    Discrete Jitter          (DJ):    0.063ns
    Phase Error              (PE):    0.000ns

    Location             Delay type                Incr(ns)  Path(ns)    Netlist Resource(s)
  -------------------------------------------------------------------    -------------------
                         (clock clk_100_raw rise edge)
                                                      0.000     0.000 r  
    N18                                               0.000     0.000 r  CLK50MHZ (IN)
                         net (fo=0)                   0.000     0.000    CLK50MHZ
    N18                  IBUF (Prop_ibuf_I_O)         1.392     1.392 r  CLK50MHZ_IBUF_inst/O
                         net (fo=1, routed)           1.126     2.518    CLK50MHZ_IBUF
    PLLE2_ADV_X1Y1       PLLE2_ADV (Prop_plle2_adv_CLKIN1_CLKOUT0)
                                                     -7.569    -5.051 r  u_pll/CLKOUT0
                         net (fo=1, routed)           1.594    -3.457    clk_100_raw
    BUFGCTRL_X0Y16       BUFG (Prop_bufg_I_O)         0.085    -3.372 r  u_clk_100_bufg/O
                         net (fo=20208, routed)       1.573    -1.799    clk_100
    SLICE_X109Y55        FDSE                                         r  por_done_reg_inv/C
  -------------------------------------------------------------------    -------------------
    SLICE_X109Y55        FDSE (Prop_fdse_C_Q)         0.379    -1.420 f  por_done_reg_inv/Q
                         net (fo=3032, routed)        3.684     2.264    u_core/u_edge/u_control/u_seed/sel
    SLICE_X64Y83         LUT5 (Prop_lut5_I4_O)        0.105     2.369 f  u_core/u_edge/u_control/u_seed/FSM_sequential_state[2]_i_2/O
                         net (fo=4072, routed)        3.649     6.018    u_core/u_edge/u_control/u_seed/u_kdf/done_reg_0
    SLICE_X29Y115        FDCE                                         f  u_core/u_edge/u_control/u_seed/u_kdf/lane_b_reg[20][27]/CLR
  -------------------------------------------------------------------    -------------------

                         (clock clk_100_raw rise edge)
                                                     10.000    10.000 r  
    N18                                               0.000    10.000 r  CLK50MHZ (IN)
                         net (fo=0)                   0.000    10.000    CLK50MHZ
    N18                  IBUF (Prop_ibuf_I_O)         1.327    11.327 r  CLK50MHZ_IBUF_inst/O
                         net (fo=1, routed)           1.019    12.345    CLK50MHZ_IBUF
    PLLE2_ADV_X1Y1       PLLE2_ADV (Prop_plle2_adv_CLKIN1_CLKOUT0)
                                                     -6.696     5.650 r  u_pll/CLKOUT0
                         net (fo=1, routed)           1.451     7.101    clk_100_raw
    BUFGCTRL_X0Y16       BUFG (Prop_bufg_I_O)         0.077     7.178 r  u_clk_100_bufg/O
                         net (fo=20208, routed)       1.425     8.603    u_core/u_edge/u_control/u_seed/u_kdf/clk_100
    SLICE_X29Y115        FDCE                                         r  u_core/u_edge/u_control/u_seed/u_kdf/lane_b_reg[20][27]/C
                         clock pessimism             -0.538     8.065    
                         clock uncertainty           -0.047     8.018    
    SLICE_X29Y115        FDCE (Recov_fdce_C_CLR)     -0.331     7.687    u_core/u_edge/u_control/u_seed/u_kdf/lane_b_reg[20][27]
  -------------------------------------------------------------------
                         required time                          7.687    
                         arrival time                          -6.018    
  -------------------------------------------------------------------
                         slack                                  1.669    





Min Delay Paths
--------------------------------------------------------------------------------------
Slack (MET) :             0.714ns  (arrival time - required time)
  Source:                 u_core/FSM_sequential_state_reg[1]/C
                            (rising edge-triggered cell FDCE clocked by clk_100_raw  {rise@0.000ns fall@5.000ns period=10.000ns})
  Destination:            u_core/u_puf/winner_meta_reg/CLR
                            (removal check against rising-edge clock clk_100_raw  {rise@0.000ns fall@5.000ns period=10.000ns})
  Path Group:             **async_default**
  Path Type:              Removal (Min at Fast Process Corner)
  Requirement:            0.000ns  (clk_100_raw rise@0.000ns - clk_100_raw rise@0.000ns)
  Data Path Delay:        0.676ns  (logic 0.209ns (30.916%)  route 0.467ns (69.084%))
  Logic Levels:           1  (LUT6=1)
  Clock Path Skew:        0.029ns (DCD - SCD - CPR)
    Destination Clock Delay (DCD):    -0.345ns
    Source Clock Delay      (SCD):    -0.568ns
    Clock Pessimism Removal (CPR):    0.193ns

    Location             Delay type                Incr(ns)  Path(ns)    Netlist Resource(s)
  -------------------------------------------------------------------    -------------------
                         (clock clk_100_raw rise edge)
                                                      0.000     0.000 r  
    N18                                               0.000     0.000 r  CLK50MHZ (IN)
                         net (fo=0)                   0.000     0.000    CLK50MHZ
    N18                  IBUF (Prop_ibuf_I_O)         0.229     0.229 r  CLK50MHZ_IBUF_inst/O
                         net (fo=1, routed)           0.440     0.669    CLK50MHZ_IBUF
    PLLE2_ADV_X1Y1       PLLE2_ADV (Prop_plle2_adv_CLKIN1_CLKOUT0)
                                                     -2.407    -1.737 r  u_pll/CLKOUT0
                         net (fo=1, routed)           0.544    -1.193    clk_100_raw
    BUFGCTRL_X0Y16       BUFG (Prop_bufg_I_O)         0.026    -1.167 r  u_clk_100_bufg/O
                         net (fo=20208, routed)       0.600    -0.568    u_core/clk_100
    SLICE_X100Y69        FDCE                                         r  u_core/FSM_sequential_state_reg[1]/C
  -------------------------------------------------------------------    -------------------
    SLICE_X100Y69        FDCE (Prop_fdce_C_Q)         0.164    -0.404 r  u_core/FSM_sequential_state_reg[1]/Q
                         net (fo=27, routed)          0.232    -0.172    u_core/u_puf/shiftreg_inst/Q[1]
    SLICE_X97Y71         LUT6 (Prop_lut6_I0_O)        0.045    -0.127 f  u_core/u_puf/shiftreg_inst/FSM_onehot_state[6]_i_3/O
                         net (fo=310, routed)         0.235     0.109    u_core/u_puf/shiftreg_inst_n_2
    SLICE_X92Y72         FDCE                                         f  u_core/u_puf/winner_meta_reg/CLR
  -------------------------------------------------------------------    -------------------

                         (clock clk_100_raw rise edge)
                                                      0.000     0.000 r  
    N18                                               0.000     0.000 r  CLK50MHZ (IN)
                         net (fo=0)                   0.000     0.000    CLK50MHZ
    N18                  IBUF (Prop_ibuf_I_O)         0.417     0.417 r  CLK50MHZ_IBUF_inst/O
                         net (fo=1, routed)           0.481     0.898    CLK50MHZ_IBUF
    PLLE2_ADV_X1Y1       PLLE2_ADV (Prop_plle2_adv_CLKIN1_CLKOUT0)
                                                     -2.727    -1.829 r  u_pll/CLKOUT0
                         net (fo=1, routed)           0.592    -1.237    clk_100_raw
    BUFGCTRL_X0Y16       BUFG (Prop_bufg_I_O)         0.029    -1.208 r  u_clk_100_bufg/O
                         net (fo=20208, routed)       0.863    -0.345    u_core/u_puf/clk_100
    SLICE_X92Y72         FDCE                                         r  u_core/u_puf/winner_meta_reg/C
                         clock pessimism             -0.193    -0.539    
    SLICE_X92Y72         FDCE (Remov_fdce_C_CLR)     -0.067    -0.606    u_core/u_puf/winner_meta_reg
  -------------------------------------------------------------------
                         required time                          0.606    
                         arrival time                           0.109    
  -------------------------------------------------------------------
                         slack                                  0.714    

Slack (MET) :             0.714ns  (arrival time - required time)
  Source:                 u_core/FSM_sequential_state_reg[1]/C
                            (rising edge-triggered cell FDCE clocked by clk_100_raw  {rise@0.000ns fall@5.000ns period=10.000ns})
  Destination:            u_core/u_puf/winner_sync_reg/CLR
                            (removal check against rising-edge clock clk_100_raw  {rise@0.000ns fall@5.000ns period=10.000ns})
  Path Group:             **async_default**
  Path Type:              Removal (Min at Fast Process Corner)
  Requirement:            0.000ns  (clk_100_raw rise@0.000ns - clk_100_raw rise@0.000ns)
  Data Path Delay:        0.676ns  (logic 0.209ns (30.916%)  route 0.467ns (69.084%))
  Logic Levels:           1  (LUT6=1)
  Clock Path Skew:        0.029ns (DCD - SCD - CPR)
    Destination Clock Delay (DCD):    -0.345ns
    Source Clock Delay      (SCD):    -0.568ns
    Clock Pessimism Removal (CPR):    0.193ns

    Location             Delay type                Incr(ns)  Path(ns)    Netlist Resource(s)
  -------------------------------------------------------------------    -------------------
                         (clock clk_100_raw rise edge)
                                                      0.000     0.000 r  
    N18                                               0.000     0.000 r  CLK50MHZ (IN)
                         net (fo=0)                   0.000     0.000    CLK50MHZ
    N18                  IBUF (Prop_ibuf_I_O)         0.229     0.229 r  CLK50MHZ_IBUF_inst/O
                         net (fo=1, routed)           0.440     0.669    CLK50MHZ_IBUF
    PLLE2_ADV_X1Y1       PLLE2_ADV (Prop_plle2_adv_CLKIN1_CLKOUT0)
                                                     -2.407    -1.737 r  u_pll/CLKOUT0
                         net (fo=1, routed)           0.544    -1.193    clk_100_raw
    BUFGCTRL_X0Y16       BUFG (Prop_bufg_I_O)         0.026    -1.167 r  u_clk_100_bufg/O
                         net (fo=20208, routed)       0.600    -0.568    u_core/clk_100
    SLICE_X100Y69        FDCE                                         r  u_core/FSM_sequential_state_reg[1]/C
  -------------------------------------------------------------------    -------------------
    SLICE_X100Y69        FDCE (Prop_fdce_C_Q)         0.164    -0.404 r  u_core/FSM_sequential_state_reg[1]/Q
                         net (fo=27, routed)          0.232    -0.172    u_core/u_puf/shiftreg_inst/Q[1]
    SLICE_X97Y71         LUT6 (Prop_lut6_I0_O)        0.045    -0.127 f  u_core/u_puf/shiftreg_inst/FSM_onehot_state[6]_i_3/O
                         net (fo=310, routed)         0.235     0.109    u_core/u_puf/shiftreg_inst_n_2
    SLICE_X92Y72         FDCE                                         f  u_core/u_puf/winner_sync_reg/CLR
  -------------------------------------------------------------------    -------------------

                         (clock clk_100_raw rise edge)
                                                      0.000     0.000 r  
    N18                                               0.000     0.000 r  CLK50MHZ (IN)
                         net (fo=0)                   0.000     0.000    CLK50MHZ
    N18                  IBUF (Prop_ibuf_I_O)         0.417     0.417 r  CLK50MHZ_IBUF_inst/O
                         net (fo=1, routed)           0.481     0.898    CLK50MHZ_IBUF
    PLLE2_ADV_X1Y1       PLLE2_ADV (Prop_plle2_adv_CLKIN1_CLKOUT0)
                                                     -2.727    -1.829 r  u_pll/CLKOUT0
                         net (fo=1, routed)           0.592    -1.237    clk_100_raw
    BUFGCTRL_X0Y16       BUFG (Prop_bufg_I_O)         0.029    -1.208 r  u_clk_100_bufg/O
                         net (fo=20208, routed)       0.863    -0.345    u_core/u_puf/clk_100
    SLICE_X92Y72         FDCE                                         r  u_core/u_puf/winner_sync_reg/C
                         clock pessimism             -0.193    -0.539    
    SLICE_X92Y72         FDCE (Remov_fdce_C_CLR)     -0.067    -0.606    u_core/u_puf/winner_sync_reg
  -------------------------------------------------------------------
                         required time                          0.606    
                         arrival time                           0.109    
  -------------------------------------------------------------------
                         slack                                  0.714    

Slack (MET) :             0.727ns  (arrival time - required time)
  Source:                 u_core/FSM_sequential_state_reg[1]/C
                            (rising edge-triggered cell FDCE clocked by clk_100_raw  {rise@0.000ns fall@5.000ns period=10.000ns})
  Destination:            u_core/u_puf/ctrl_inst/ref_cycle_cnt_reg[10]/CLR
                            (removal check against rising-edge clock clk_100_raw  {rise@0.000ns fall@5.000ns period=10.000ns})
  Path Group:             **async_default**
  Path Type:              Removal (Min at Fast Process Corner)
  Requirement:            0.000ns  (clk_100_raw rise@0.000ns - clk_100_raw rise@0.000ns)
  Data Path Delay:        0.699ns  (logic 0.209ns (29.891%)  route 0.490ns (70.109%))
  Logic Levels:           1  (LUT6=1)
  Clock Path Skew:        0.039ns (DCD - SCD - CPR)
    Destination Clock Delay (DCD):    -0.335ns
    Source Clock Delay      (SCD):    -0.568ns
    Clock Pessimism Removal (CPR):    0.193ns

    Location             Delay type                Incr(ns)  Path(ns)    Netlist Resource(s)
  -------------------------------------------------------------------    -------------------
                         (clock clk_100_raw rise edge)
                                                      0.000     0.000 r  
    N18                                               0.000     0.000 r  CLK50MHZ (IN)
                         net (fo=0)                   0.000     0.000    CLK50MHZ
    N18                  IBUF (Prop_ibuf_I_O)         0.229     0.229 r  CLK50MHZ_IBUF_inst/O
                         net (fo=1, routed)           0.440     0.669    CLK50MHZ_IBUF
    PLLE2_ADV_X1Y1       PLLE2_ADV (Prop_plle2_adv_CLKIN1_CLKOUT0)
                                                     -2.407    -1.737 r  u_pll/CLKOUT0
                         net (fo=1, routed)           0.544    -1.193    clk_100_raw
    BUFGCTRL_X0Y16       BUFG (Prop_bufg_I_O)         0.026    -1.167 r  u_clk_100_bufg/O
                         net (fo=20208, routed)       0.600    -0.568    u_core/clk_100
    SLICE_X100Y69        FDCE                                         r  u_core/FSM_sequential_state_reg[1]/C
  -------------------------------------------------------------------    -------------------
    SLICE_X100Y69        FDCE (Prop_fdce_C_Q)         0.164    -0.404 r  u_core/FSM_sequential_state_reg[1]/Q
                         net (fo=27, routed)          0.232    -0.172    u_core/u_puf/shiftreg_inst/Q[1]
    SLICE_X97Y71         LUT6 (Prop_lut6_I0_O)        0.045    -0.127 f  u_core/u_puf/shiftreg_inst/FSM_onehot_state[6]_i_3/O
                         net (fo=310, routed)         0.258     0.132    u_core/u_puf/ctrl_inst/FSM_onehot_state_reg[6]_0
    SLICE_X102Y63        FDCE                                         f  u_core/u_puf/ctrl_inst/ref_cycle_cnt_reg[10]/CLR
  -------------------------------------------------------------------    -------------------

                         (clock clk_100_raw rise edge)
                                                      0.000     0.000 r  
    N18                                               0.000     0.000 r  CLK50MHZ (IN)
                         net (fo=0)                   0.000     0.000    CLK50MHZ
    N18                  IBUF (Prop_ibuf_I_O)         0.417     0.417 r  CLK50MHZ_IBUF_inst/O
                         net (fo=1, routed)           0.481     0.898    CLK50MHZ_IBUF
    PLLE2_ADV_X1Y1       PLLE2_ADV (Prop_plle2_adv_CLKIN1_CLKOUT0)
                                                     -2.727    -1.829 r  u_pll/CLKOUT0
                         net (fo=1, routed)           0.592    -1.237    clk_100_raw
    BUFGCTRL_X0Y16       BUFG (Prop_bufg_I_O)         0.029    -1.208 r  u_clk_100_bufg/O
                         net (fo=20208, routed)       0.873    -0.335    u_core/u_puf/ctrl_inst/clk_100
    SLICE_X102Y63        FDCE                                         r  u_core/u_puf/ctrl_inst/ref_cycle_cnt_reg[10]/C
                         clock pessimism             -0.193    -0.529    
    SLICE_X102Y63        FDCE (Remov_fdce_C_CLR)     -0.067    -0.596    u_core/u_puf/ctrl_inst/ref_cycle_cnt_reg[10]
  -------------------------------------------------------------------
                         required time                          0.596    
                         arrival time                           0.132    
  -------------------------------------------------------------------
                         slack                                  0.727    

Slack (MET) :             0.727ns  (arrival time - required time)
  Source:                 u_core/FSM_sequential_state_reg[1]/C
                            (rising edge-triggered cell FDCE clocked by clk_100_raw  {rise@0.000ns fall@5.000ns period=10.000ns})
  Destination:            u_core/u_puf/ctrl_inst/ref_cycle_cnt_reg[13]/CLR
                            (removal check against rising-edge clock clk_100_raw  {rise@0.000ns fall@5.000ns period=10.000ns})
  Path Group:             **async_default**
  Path Type:              Removal (Min at Fast Process Corner)
  Requirement:            0.000ns  (clk_100_raw rise@0.000ns - clk_100_raw rise@0.000ns)
  Data Path Delay:        0.699ns  (logic 0.209ns (29.891%)  route 0.490ns (70.109%))
  Logic Levels:           1  (LUT6=1)
  Clock Path Skew:        0.039ns (DCD - SCD - CPR)
    Destination Clock Delay (DCD):    -0.335ns
    Source Clock Delay      (SCD):    -0.568ns
    Clock Pessimism Removal (CPR):    0.193ns

    Location             Delay type                Incr(ns)  Path(ns)    Netlist Resource(s)
  -------------------------------------------------------------------    -------------------
                         (clock clk_100_raw rise edge)
                                                      0.000     0.000 r  
    N18                                               0.000     0.000 r  CLK50MHZ (IN)
                         net (fo=0)                   0.000     0.000    CLK50MHZ
    N18                  IBUF (Prop_ibuf_I_O)         0.229     0.229 r  CLK50MHZ_IBUF_inst/O
                         net (fo=1, routed)           0.440     0.669    CLK50MHZ_IBUF
    PLLE2_ADV_X1Y1       PLLE2_ADV (Prop_plle2_adv_CLKIN1_CLKOUT0)
                                                     -2.407    -1.737 r  u_pll/CLKOUT0
                         net (fo=1, routed)           0.544    -1.193    clk_100_raw
    BUFGCTRL_X0Y16       BUFG (Prop_bufg_I_O)         0.026    -1.167 r  u_clk_100_bufg/O
                         net (fo=20208, routed)       0.600    -0.568    u_core/clk_100
    SLICE_X100Y69        FDCE                                         r  u_core/FSM_sequential_state_reg[1]/C
  -------------------------------------------------------------------    -------------------
    SLICE_X100Y69        FDCE (Prop_fdce_C_Q)         0.164    -0.404 r  u_core/FSM_sequential_state_reg[1]/Q
                         net (fo=27, routed)          0.232    -0.172    u_core/u_puf/shiftreg_inst/Q[1]
    SLICE_X97Y71         LUT6 (Prop_lut6_I0_O)        0.045    -0.127 f  u_core/u_puf/shiftreg_inst/FSM_onehot_state[6]_i_3/O
                         net (fo=310, routed)         0.258     0.132    u_core/u_puf/ctrl_inst/FSM_onehot_state_reg[6]_0
    SLICE_X102Y63        FDCE                                         f  u_core/u_puf/ctrl_inst/ref_cycle_cnt_reg[13]/CLR
  -------------------------------------------------------------------    -------------------

                         (clock clk_100_raw rise edge)
                                                      0.000     0.000 r  
    N18                                               0.000     0.000 r  CLK50MHZ (IN)
                         net (fo=0)                   0.000     0.000    CLK50MHZ
    N18                  IBUF (Prop_ibuf_I_O)         0.417     0.417 r  CLK50MHZ_IBUF_inst/O
                         net (fo=1, routed)           0.481     0.898    CLK50MHZ_IBUF
    PLLE2_ADV_X1Y1       PLLE2_ADV (Prop_plle2_adv_CLKIN1_CLKOUT0)
                                                     -2.727    -1.829 r  u_pll/CLKOUT0
                         net (fo=1, routed)           0.592    -1.237    clk_100_raw
    BUFGCTRL_X0Y16       BUFG (Prop_bufg_I_O)         0.029    -1.208 r  u_clk_100_bufg/O
                         net (fo=20208, routed)       0.873    -0.335    u_core/u_puf/ctrl_inst/clk_100
    SLICE_X102Y63        FDCE                                         r  u_core/u_puf/ctrl_inst/ref_cycle_cnt_reg[13]/C
                         clock pessimism             -0.193    -0.529    
    SLICE_X102Y63        FDCE (Remov_fdce_C_CLR)     -0.067    -0.596    u_core/u_puf/ctrl_inst/ref_cycle_cnt_reg[13]
  -------------------------------------------------------------------
                         required time                          0.596    
                         arrival time                           0.132    
  -------------------------------------------------------------------
                         slack                                  0.727    

Slack (MET) :             0.727ns  (arrival time - required time)
  Source:                 u_core/FSM_sequential_state_reg[1]/C
                            (rising edge-triggered cell FDCE clocked by clk_100_raw  {rise@0.000ns fall@5.000ns period=10.000ns})
  Destination:            u_core/u_puf/ctrl_inst/ref_cycle_cnt_reg[14]/CLR
                            (removal check against rising-edge clock clk_100_raw  {rise@0.000ns fall@5.000ns period=10.000ns})
  Path Group:             **async_default**
  Path Type:              Removal (Min at Fast Process Corner)
  Requirement:            0.000ns  (clk_100_raw rise@0.000ns - clk_100_raw rise@0.000ns)
  Data Path Delay:        0.699ns  (logic 0.209ns (29.891%)  route 0.490ns (70.109%))
  Logic Levels:           1  (LUT6=1)
  Clock Path Skew:        0.039ns (DCD - SCD - CPR)
    Destination Clock Delay (DCD):    -0.335ns
    Source Clock Delay      (SCD):    -0.568ns
    Clock Pessimism Removal (CPR):    0.193ns

    Location             Delay type                Incr(ns)  Path(ns)    Netlist Resource(s)
  -------------------------------------------------------------------    -------------------
                         (clock clk_100_raw rise edge)
                                                      0.000     0.000 r  
    N18                                               0.000     0.000 r  CLK50MHZ (IN)
                         net (fo=0)                   0.000     0.000    CLK50MHZ
    N18                  IBUF (Prop_ibuf_I_O)         0.229     0.229 r  CLK50MHZ_IBUF_inst/O
                         net (fo=1, routed)           0.440     0.669    CLK50MHZ_IBUF
    PLLE2_ADV_X1Y1       PLLE2_ADV (Prop_plle2_adv_CLKIN1_CLKOUT0)
                                                     -2.407    -1.737 r  u_pll/CLKOUT0
                         net (fo=1, routed)           0.544    -1.193    clk_100_raw
    BUFGCTRL_X0Y16       BUFG (Prop_bufg_I_O)         0.026    -1.167 r  u_clk_100_bufg/O
                         net (fo=20208, routed)       0.600    -0.568    u_core/clk_100
    SLICE_X100Y69        FDCE                                         r  u_core/FSM_sequential_state_reg[1]/C
  -------------------------------------------------------------------    -------------------
    SLICE_X100Y69        FDCE (Prop_fdce_C_Q)         0.164    -0.404 r  u_core/FSM_sequential_state_reg[1]/Q
                         net (fo=27, routed)          0.232    -0.172    u_core/u_puf/shiftreg_inst/Q[1]
    SLICE_X97Y71         LUT6 (Prop_lut6_I0_O)        0.045    -0.127 f  u_core/u_puf/shiftreg_inst/FSM_onehot_state[6]_i_3/O
                         net (fo=310, routed)         0.258     0.132    u_core/u_puf/ctrl_inst/FSM_onehot_state_reg[6]_0
    SLICE_X102Y63        FDCE                                         f  u_core/u_puf/ctrl_inst/ref_cycle_cnt_reg[14]/CLR
  -------------------------------------------------------------------    -------------------

                         (clock clk_100_raw rise edge)
                                                      0.000     0.000 r  
    N18                                               0.000     0.000 r  CLK50MHZ (IN)
                         net (fo=0)                   0.000     0.000    CLK50MHZ
    N18                  IBUF (Prop_ibuf_I_O)         0.417     0.417 r  CLK50MHZ_IBUF_inst/O
                         net (fo=1, routed)           0.481     0.898    CLK50MHZ_IBUF
    PLLE2_ADV_X1Y1       PLLE2_ADV (Prop_plle2_adv_CLKIN1_CLKOUT0)
                                                     -2.727    -1.829 r  u_pll/CLKOUT0
                         net (fo=1, routed)           0.592    -1.237    clk_100_raw
    BUFGCTRL_X0Y16       BUFG (Prop_bufg_I_O)         0.029    -1.208 r  u_clk_100_bufg/O
                         net (fo=20208, routed)       0.873    -0.335    u_core/u_puf/ctrl_inst/clk_100
    SLICE_X102Y63        FDCE                                         r  u_core/u_puf/ctrl_inst/ref_cycle_cnt_reg[14]/C
                         clock pessimism             -0.193    -0.529    
    SLICE_X102Y63        FDCE (Remov_fdce_C_CLR)     -0.067    -0.596    u_core/u_puf/ctrl_inst/ref_cycle_cnt_reg[14]
  -------------------------------------------------------------------
                         required time                          0.596    
                         arrival time                           0.132    
  -------------------------------------------------------------------
                         slack                                  0.727    

Slack (MET) :             0.727ns  (arrival time - required time)
  Source:                 u_core/FSM_sequential_state_reg[1]/C
                            (rising edge-triggered cell FDCE clocked by clk_100_raw  {rise@0.000ns fall@5.000ns period=10.000ns})
  Destination:            u_core/u_puf/ctrl_inst/ref_cycle_cnt_reg[15]/CLR
                            (removal check against rising-edge clock clk_100_raw  {rise@0.000ns fall@5.000ns period=10.000ns})
  Path Group:             **async_default**
  Path Type:              Removal (Min at Fast Process Corner)
  Requirement:            0.000ns  (clk_100_raw rise@0.000ns - clk_100_raw rise@0.000ns)
  Data Path Delay:        0.699ns  (logic 0.209ns (29.891%)  route 0.490ns (70.109%))
  Logic Levels:           1  (LUT6=1)
  Clock Path Skew:        0.039ns (DCD - SCD - CPR)
    Destination Clock Delay (DCD):    -0.335ns
    Source Clock Delay      (SCD):    -0.568ns
    Clock Pessimism Removal (CPR):    0.193ns

    Location             Delay type                Incr(ns)  Path(ns)    Netlist Resource(s)
  -------------------------------------------------------------------    -------------------
                         (clock clk_100_raw rise edge)
                                                      0.000     0.000 r  
    N18                                               0.000     0.000 r  CLK50MHZ (IN)
                         net (fo=0)                   0.000     0.000    CLK50MHZ
    N18                  IBUF (Prop_ibuf_I_O)         0.229     0.229 r  CLK50MHZ_IBUF_inst/O
                         net (fo=1, routed)           0.440     0.669    CLK50MHZ_IBUF
    PLLE2_ADV_X1Y1       PLLE2_ADV (Prop_plle2_adv_CLKIN1_CLKOUT0)
                                                     -2.407    -1.737 r  u_pll/CLKOUT0
                         net (fo=1, routed)           0.544    -1.193    clk_100_raw
    BUFGCTRL_X0Y16       BUFG (Prop_bufg_I_O)         0.026    -1.167 r  u_clk_100_bufg/O
                         net (fo=20208, routed)       0.600    -0.568    u_core/clk_100
    SLICE_X100Y69        FDCE                                         r  u_core/FSM_sequential_state_reg[1]/C
  -------------------------------------------------------------------    -------------------
    SLICE_X100Y69        FDCE (Prop_fdce_C_Q)         0.164    -0.404 r  u_core/FSM_sequential_state_reg[1]/Q
                         net (fo=27, routed)          0.232    -0.172    u_core/u_puf/shiftreg_inst/Q[1]
    SLICE_X97Y71         LUT6 (Prop_lut6_I0_O)        0.045    -0.127 f  u_core/u_puf/shiftreg_inst/FSM_onehot_state[6]_i_3/O
                         net (fo=310, routed)         0.258     0.132    u_core/u_puf/ctrl_inst/FSM_onehot_state_reg[6]_0
    SLICE_X102Y63        FDCE                                         f  u_core/u_puf/ctrl_inst/ref_cycle_cnt_reg[15]/CLR
  -------------------------------------------------------------------    -------------------

                         (clock clk_100_raw rise edge)
                                                      0.000     0.000 r  
    N18                                               0.000     0.000 r  CLK50MHZ (IN)
                         net (fo=0)                   0.000     0.000    CLK50MHZ
    N18                  IBUF (Prop_ibuf_I_O)         0.417     0.417 r  CLK50MHZ_IBUF_inst/O
                         net (fo=1, routed)           0.481     0.898    CLK50MHZ_IBUF
    PLLE2_ADV_X1Y1       PLLE2_ADV (Prop_plle2_adv_CLKIN1_CLKOUT0)
                                                     -2.727    -1.829 r  u_pll/CLKOUT0
                         net (fo=1, routed)           0.592    -1.237    clk_100_raw
    BUFGCTRL_X0Y16       BUFG (Prop_bufg_I_O)         0.029    -1.208 r  u_clk_100_bufg/O
                         net (fo=20208, routed)       0.873    -0.335    u_core/u_puf/ctrl_inst/clk_100
    SLICE_X102Y63        FDCE                                         r  u_core/u_puf/ctrl_inst/ref_cycle_cnt_reg[15]/C
                         clock pessimism             -0.193    -0.529    
    SLICE_X102Y63        FDCE (Remov_fdce_C_CLR)     -0.067    -0.596    u_core/u_puf/ctrl_inst/ref_cycle_cnt_reg[15]
  -------------------------------------------------------------------
                         required time                          0.596    
                         arrival time                           0.132    
  -------------------------------------------------------------------
                         slack                                  0.727    

Slack (MET) :             0.828ns  (arrival time - required time)
  Source:                 u_core/FSM_sequential_state_reg[1]/C
                            (rising edge-triggered cell FDCE clocked by clk_100_raw  {rise@0.000ns fall@5.000ns period=10.000ns})
  Destination:            u_core/u_puf/shiftreg_inst/p_out_reg[263]/CLR
                            (removal check against rising-edge clock clk_100_raw  {rise@0.000ns fall@5.000ns period=10.000ns})
  Path Group:             **async_default**
  Path Type:              Removal (Min at Fast Process Corner)
  Requirement:            0.000ns  (clk_100_raw rise@0.000ns - clk_100_raw rise@0.000ns)
  Data Path Delay:        0.790ns  (logic 0.209ns (26.466%)  route 0.581ns (73.534%))
  Logic Levels:           1  (LUT6=1)
  Clock Path Skew:        0.029ns (DCD - SCD - CPR)
    Destination Clock Delay (DCD):    -0.345ns
    Source Clock Delay      (SCD):    -0.568ns
    Clock Pessimism Removal (CPR):    0.193ns

    Location             Delay type                Incr(ns)  Path(ns)    Netlist Resource(s)
  -------------------------------------------------------------------    -------------------
                         (clock clk_100_raw rise edge)
                                                      0.000     0.000 r  
    N18                                               0.000     0.000 r  CLK50MHZ (IN)
                         net (fo=0)                   0.000     0.000    CLK50MHZ
    N18                  IBUF (Prop_ibuf_I_O)         0.229     0.229 r  CLK50MHZ_IBUF_inst/O
                         net (fo=1, routed)           0.440     0.669    CLK50MHZ_IBUF
    PLLE2_ADV_X1Y1       PLLE2_ADV (Prop_plle2_adv_CLKIN1_CLKOUT0)
                                                     -2.407    -1.737 r  u_pll/CLKOUT0
                         net (fo=1, routed)           0.544    -1.193    clk_100_raw
    BUFGCTRL_X0Y16       BUFG (Prop_bufg_I_O)         0.026    -1.167 r  u_clk_100_bufg/O
                         net (fo=20208, routed)       0.600    -0.568    u_core/clk_100
    SLICE_X100Y69        FDCE                                         r  u_core/FSM_sequential_state_reg[1]/C
  -------------------------------------------------------------------    -------------------
    SLICE_X100Y69        FDCE (Prop_fdce_C_Q)         0.164    -0.404 r  u_core/FSM_sequential_state_reg[1]/Q
                         net (fo=27, routed)          0.232    -0.172    u_core/u_puf/shiftreg_inst/Q[1]
    SLICE_X97Y71         LUT6 (Prop_lut6_I0_O)        0.045    -0.127 f  u_core/u_puf/shiftreg_inst/FSM_onehot_state[6]_i_3/O
                         net (fo=310, routed)         0.349     0.222    u_core/u_puf/shiftreg_inst/FSM_sequential_state_reg[1]
    SLICE_X90Y72         FDCE                                         f  u_core/u_puf/shiftreg_inst/p_out_reg[263]/CLR
  -------------------------------------------------------------------    -------------------

                         (clock clk_100_raw rise edge)
                                                      0.000     0.000 r  
    N18                                               0.000     0.000 r  CLK50MHZ (IN)
                         net (fo=0)                   0.000     0.000    CLK50MHZ
    N18                  IBUF (Prop_ibuf_I_O)         0.417     0.417 r  CLK50MHZ_IBUF_inst/O
                         net (fo=1, routed)           0.481     0.898    CLK50MHZ_IBUF
    PLLE2_ADV_X1Y1       PLLE2_ADV (Prop_plle2_adv_CLKIN1_CLKOUT0)
                                                     -2.727    -1.829 r  u_pll/CLKOUT0
                         net (fo=1, routed)           0.592    -1.237    clk_100_raw
    BUFGCTRL_X0Y16       BUFG (Prop_bufg_I_O)         0.029    -1.208 r  u_clk_100_bufg/O
                         net (fo=20208, routed)       0.863    -0.345    u_core/u_puf/shiftreg_inst/clk_100
    SLICE_X90Y72         FDCE                                         r  u_core/u_puf/shiftreg_inst/p_out_reg[263]/C
                         clock pessimism             -0.193    -0.539    
    SLICE_X90Y72         FDCE (Remov_fdce_C_CLR)     -0.067    -0.606    u_core/u_puf/shiftreg_inst/p_out_reg[263]
  -------------------------------------------------------------------
                         required time                          0.606    
                         arrival time                           0.222    
  -------------------------------------------------------------------
                         slack                                  0.828    

Slack (MET) :             0.854ns  (arrival time - required time)
  Source:                 u_core/FSM_sequential_state_reg[1]/C
                            (rising edge-triggered cell FDCE clocked by clk_100_raw  {rise@0.000ns fall@5.000ns period=10.000ns})
  Destination:            u_core/u_puf/ctrl_inst/ref_cycle_cnt_reg[11]/CLR
                            (removal check against rising-edge clock clk_100_raw  {rise@0.000ns fall@5.000ns period=10.000ns})
  Path Group:             **async_default**
  Path Type:              Removal (Min at Fast Process Corner)
  Requirement:            0.000ns  (clk_100_raw rise@0.000ns - clk_100_raw rise@0.000ns)
  Data Path Delay:        0.827ns  (logic 0.209ns (25.274%)  route 0.618ns (74.726%))
  Logic Levels:           1  (LUT6=1)
  Clock Path Skew:        0.040ns (DCD - SCD - CPR)
    Destination Clock Delay (DCD):    -0.334ns
    Source Clock Delay      (SCD):    -0.568ns
    Clock Pessimism Removal (CPR):    0.193ns

    Location             Delay type                Incr(ns)  Path(ns)    Netlist Resource(s)
  -------------------------------------------------------------------    -------------------
                         (clock clk_100_raw rise edge)
                                                      0.000     0.000 r  
    N18                                               0.000     0.000 r  CLK50MHZ (IN)
                         net (fo=0)                   0.000     0.000    CLK50MHZ
    N18                  IBUF (Prop_ibuf_I_O)         0.229     0.229 r  CLK50MHZ_IBUF_inst/O
                         net (fo=1, routed)           0.440     0.669    CLK50MHZ_IBUF
    PLLE2_ADV_X1Y1       PLLE2_ADV (Prop_plle2_adv_CLKIN1_CLKOUT0)
                                                     -2.407    -1.737 r  u_pll/CLKOUT0
                         net (fo=1, routed)           0.544    -1.193    clk_100_raw
    BUFGCTRL_X0Y16       BUFG (Prop_bufg_I_O)         0.026    -1.167 r  u_clk_100_bufg/O
                         net (fo=20208, routed)       0.600    -0.568    u_core/clk_100
    SLICE_X100Y69        FDCE                                         r  u_core/FSM_sequential_state_reg[1]/C
  -------------------------------------------------------------------    -------------------
    SLICE_X100Y69        FDCE (Prop_fdce_C_Q)         0.164    -0.404 r  u_core/FSM_sequential_state_reg[1]/Q
                         net (fo=27, routed)          0.232    -0.172    u_core/u_puf/shiftreg_inst/Q[1]
    SLICE_X97Y71         LUT6 (Prop_lut6_I0_O)        0.045    -0.127 f  u_core/u_puf/shiftreg_inst/FSM_onehot_state[6]_i_3/O
                         net (fo=310, routed)         0.386     0.259    u_core/u_puf/ctrl_inst/FSM_onehot_state_reg[6]_0
    SLICE_X102Y62        FDCE                                         f  u_core/u_puf/ctrl_inst/ref_cycle_cnt_reg[11]/CLR
  -------------------------------------------------------------------    -------------------

                         (clock clk_100_raw rise edge)
                                                      0.000     0.000 r  
    N18                                               0.000     0.000 r  CLK50MHZ (IN)
                         net (fo=0)                   0.000     0.000    CLK50MHZ
    N18                  IBUF (Prop_ibuf_I_O)         0.417     0.417 r  CLK50MHZ_IBUF_inst/O
                         net (fo=1, routed)           0.481     0.898    CLK50MHZ_IBUF
    PLLE2_ADV_X1Y1       PLLE2_ADV (Prop_plle2_adv_CLKIN1_CLKOUT0)
                                                     -2.727    -1.829 r  u_pll/CLKOUT0
                         net (fo=1, routed)           0.592    -1.237    clk_100_raw
    BUFGCTRL_X0Y16       BUFG (Prop_bufg_I_O)         0.029    -1.208 r  u_clk_100_bufg/O
                         net (fo=20208, routed)       0.874    -0.334    u_core/u_puf/ctrl_inst/clk_100
    SLICE_X102Y62        FDCE                                         r  u_core/u_puf/ctrl_inst/ref_cycle_cnt_reg[11]/C
                         clock pessimism             -0.193    -0.528    
    SLICE_X102Y62        FDCE (Remov_fdce_C_CLR)     -0.067    -0.595    u_core/u_puf/ctrl_inst/ref_cycle_cnt_reg[11]
  -------------------------------------------------------------------
                         required time                          0.595    
                         arrival time                           0.259    
  -------------------------------------------------------------------
                         slack                                  0.854    

Slack (MET) :             0.854ns  (arrival time - required time)
  Source:                 u_core/FSM_sequential_state_reg[1]/C
                            (rising edge-triggered cell FDCE clocked by clk_100_raw  {rise@0.000ns fall@5.000ns period=10.000ns})
  Destination:            u_core/u_puf/ctrl_inst/ref_cycle_cnt_reg[12]/CLR
                            (removal check against rising-edge clock clk_100_raw  {rise@0.000ns fall@5.000ns period=10.000ns})
  Path Group:             **async_default**
  Path Type:              Removal (Min at Fast Process Corner)
  Requirement:            0.000ns  (clk_100_raw rise@0.000ns - clk_100_raw rise@0.000ns)
  Data Path Delay:        0.827ns  (logic 0.209ns (25.274%)  route 0.618ns (74.726%))
  Logic Levels:           1  (LUT6=1)
  Clock Path Skew:        0.040ns (DCD - SCD - CPR)
    Destination Clock Delay (DCD):    -0.334ns
    Source Clock Delay      (SCD):    -0.568ns
    Clock Pessimism Removal (CPR):    0.193ns

    Location             Delay type                Incr(ns)  Path(ns)    Netlist Resource(s)
  -------------------------------------------------------------------    -------------------
                         (clock clk_100_raw rise edge)
                                                      0.000     0.000 r  
    N18                                               0.000     0.000 r  CLK50MHZ (IN)
                         net (fo=0)                   0.000     0.000    CLK50MHZ
    N18                  IBUF (Prop_ibuf_I_O)         0.229     0.229 r  CLK50MHZ_IBUF_inst/O
                         net (fo=1, routed)           0.440     0.669    CLK50MHZ_IBUF
    PLLE2_ADV_X1Y1       PLLE2_ADV (Prop_plle2_adv_CLKIN1_CLKOUT0)
                                                     -2.407    -1.737 r  u_pll/CLKOUT0
                         net (fo=1, routed)           0.544    -1.193    clk_100_raw
    BUFGCTRL_X0Y16       BUFG (Prop_bufg_I_O)         0.026    -1.167 r  u_clk_100_bufg/O
                         net (fo=20208, routed)       0.600    -0.568    u_core/clk_100
    SLICE_X100Y69        FDCE                                         r  u_core/FSM_sequential_state_reg[1]/C
  -------------------------------------------------------------------    -------------------
    SLICE_X100Y69        FDCE (Prop_fdce_C_Q)         0.164    -0.404 r  u_core/FSM_sequential_state_reg[1]/Q
                         net (fo=27, routed)          0.232    -0.172    u_core/u_puf/shiftreg_inst/Q[1]
    SLICE_X97Y71         LUT6 (Prop_lut6_I0_O)        0.045    -0.127 f  u_core/u_puf/shiftreg_inst/FSM_onehot_state[6]_i_3/O
                         net (fo=310, routed)         0.386     0.259    u_core/u_puf/ctrl_inst/FSM_onehot_state_reg[6]_0
    SLICE_X102Y62        FDCE                                         f  u_core/u_puf/ctrl_inst/ref_cycle_cnt_reg[12]/CLR
  -------------------------------------------------------------------    -------------------

                         (clock clk_100_raw rise edge)
                                                      0.000     0.000 r  
    N18                                               0.000     0.000 r  CLK50MHZ (IN)
                         net (fo=0)                   0.000     0.000    CLK50MHZ
    N18                  IBUF (Prop_ibuf_I_O)         0.417     0.417 r  CLK50MHZ_IBUF_inst/O
                         net (fo=1, routed)           0.481     0.898    CLK50MHZ_IBUF
    PLLE2_ADV_X1Y1       PLLE2_ADV (Prop_plle2_adv_CLKIN1_CLKOUT0)
                                                     -2.727    -1.829 r  u_pll/CLKOUT0
                         net (fo=1, routed)           0.592    -1.237    clk_100_raw
    BUFGCTRL_X0Y16       BUFG (Prop_bufg_I_O)         0.029    -1.208 r  u_clk_100_bufg/O
                         net (fo=20208, routed)       0.874    -0.334    u_core/u_puf/ctrl_inst/clk_100
    SLICE_X102Y62        FDCE                                         r  u_core/u_puf/ctrl_inst/ref_cycle_cnt_reg[12]/C
                         clock pessimism             -0.193    -0.528    
    SLICE_X102Y62        FDCE (Remov_fdce_C_CLR)     -0.067    -0.595    u_core/u_puf/ctrl_inst/ref_cycle_cnt_reg[12]
  -------------------------------------------------------------------
                         required time                          0.595    
                         arrival time                           0.259    
  -------------------------------------------------------------------
                         slack                                  0.854    

Slack (MET) :             0.856ns  (arrival time - required time)
  Source:                 u_core/FSM_sequential_state_reg[1]/C
                            (rising edge-triggered cell FDCE clocked by clk_100_raw  {rise@0.000ns fall@5.000ns period=10.000ns})
  Destination:            u_core/u_puf/ctrl_inst/ref_cycle_cnt_reg[2]/CLR
                            (removal check against rising-edge clock clk_100_raw  {rise@0.000ns fall@5.000ns period=10.000ns})
  Path Group:             **async_default**
  Path Type:              Removal (Min at Fast Process Corner)
  Requirement:            0.000ns  (clk_100_raw rise@0.000ns - clk_100_raw rise@0.000ns)
  Data Path Delay:        0.831ns  (logic 0.209ns (25.138%)  route 0.622ns (74.862%))
  Logic Levels:           1  (LUT6=1)
  Clock Path Skew:        0.042ns (DCD - SCD - CPR)
    Destination Clock Delay (DCD):    -0.332ns
    Source Clock Delay      (SCD):    -0.568ns
    Clock Pessimism Removal (CPR):    0.193ns

    Location             Delay type                Incr(ns)  Path(ns)    Netlist Resource(s)
  -------------------------------------------------------------------    -------------------
                         (clock clk_100_raw rise edge)
                                                      0.000     0.000 r  
    N18                                               0.000     0.000 r  CLK50MHZ (IN)
                         net (fo=0)                   0.000     0.000    CLK50MHZ
    N18                  IBUF (Prop_ibuf_I_O)         0.229     0.229 r  CLK50MHZ_IBUF_inst/O
                         net (fo=1, routed)           0.440     0.669    CLK50MHZ_IBUF
    PLLE2_ADV_X1Y1       PLLE2_ADV (Prop_plle2_adv_CLKIN1_CLKOUT0)
                                                     -2.407    -1.737 r  u_pll/CLKOUT0
                         net (fo=1, routed)           0.544    -1.193    clk_100_raw
    BUFGCTRL_X0Y16       BUFG (Prop_bufg_I_O)         0.026    -1.167 r  u_clk_100_bufg/O
                         net (fo=20208, routed)       0.600    -0.568    u_core/clk_100
    SLICE_X100Y69        FDCE                                         r  u_core/FSM_sequential_state_reg[1]/C
  -------------------------------------------------------------------    -------------------
    SLICE_X100Y69        FDCE (Prop_fdce_C_Q)         0.164    -0.404 r  u_core/FSM_sequential_state_reg[1]/Q
                         net (fo=27, routed)          0.232    -0.172    u_core/u_puf/shiftreg_inst/Q[1]
    SLICE_X97Y71         LUT6 (Prop_lut6_I0_O)        0.045    -0.127 f  u_core/u_puf/shiftreg_inst/FSM_onehot_state[6]_i_3/O
                         net (fo=310, routed)         0.390     0.264    u_core/u_puf/ctrl_inst/FSM_onehot_state_reg[6]_0
    SLICE_X102Y61        FDCE                                         f  u_core/u_puf/ctrl_inst/ref_cycle_cnt_reg[2]/CLR
  -------------------------------------------------------------------    -------------------

                         (clock clk_100_raw rise edge)
                                                      0.000     0.000 r  
    N18                                               0.000     0.000 r  CLK50MHZ (IN)
                         net (fo=0)                   0.000     0.000    CLK50MHZ
    N18                  IBUF (Prop_ibuf_I_O)         0.417     0.417 r  CLK50MHZ_IBUF_inst/O
                         net (fo=1, routed)           0.481     0.898    CLK50MHZ_IBUF
    PLLE2_ADV_X1Y1       PLLE2_ADV (Prop_plle2_adv_CLKIN1_CLKOUT0)
                                                     -2.727    -1.829 r  u_pll/CLKOUT0
                         net (fo=1, routed)           0.592    -1.237    clk_100_raw
    BUFGCTRL_X0Y16       BUFG (Prop_bufg_I_O)         0.029    -1.208 r  u_clk_100_bufg/O
                         net (fo=20208, routed)       0.876    -0.332    u_core/u_puf/ctrl_inst/clk_100
    SLICE_X102Y61        FDCE                                         r  u_core/u_puf/ctrl_inst/ref_cycle_cnt_reg[2]/C
                         clock pessimism             -0.193    -0.526    
    SLICE_X102Y61        FDCE (Remov_fdce_C_CLR)     -0.067    -0.593    u_core/u_puf/ctrl_inst/ref_cycle_cnt_reg[2]
  -------------------------------------------------------------------
                         required time                          0.593    
                         arrival time                           0.264    
  -------------------------------------------------------------------
                         slack                                  0.856    

Slack (MET) :             0.856ns  (arrival time - required time)
  Source:                 u_core/FSM_sequential_state_reg[1]/C
                            (rising edge-triggered cell FDCE clocked by clk_100_raw  {rise@0.000ns fall@5.000ns period=10.000ns})
  Destination:            u_core/u_puf/ctrl_inst/ref_cycle_cnt_reg[3]/CLR
                            (removal check against rising-edge clock clk_100_raw  {rise@0.000ns fall@5.000ns period=10.000ns})
  Path Group:             **async_default**
  Path Type:              Removal (Min at Fast Process Corner)
  Requirement:            0.000ns  (clk_100_raw rise@0.000ns - clk_100_raw rise@0.000ns)
  Data Path Delay:        0.831ns  (logic 0.209ns (25.138%)  route 0.622ns (74.862%))
  Logic Levels:           1  (LUT6=1)
  Clock Path Skew:        0.042ns (DCD - SCD - CPR)
    Destination Clock Delay (DCD):    -0.332ns
    Source Clock Delay      (SCD):    -0.568ns
    Clock Pessimism Removal (CPR):    0.193ns

    Location             Delay type                Incr(ns)  Path(ns)    Netlist Resource(s)
  -------------------------------------------------------------------    -------------------
                         (clock clk_100_raw rise edge)
                                                      0.000     0.000 r  
    N18                                               0.000     0.000 r  CLK50MHZ (IN)
                         net (fo=0)                   0.000     0.000    CLK50MHZ
    N18                  IBUF (Prop_ibuf_I_O)         0.229     0.229 r  CLK50MHZ_IBUF_inst/O
                         net (fo=1, routed)           0.440     0.669    CLK50MHZ_IBUF
    PLLE2_ADV_X1Y1       PLLE2_ADV (Prop_plle2_adv_CLKIN1_CLKOUT0)
                                                     -2.407    -1.737 r  u_pll/CLKOUT0
                         net (fo=1, routed)           0.544    -1.193    clk_100_raw
    BUFGCTRL_X0Y16       BUFG (Prop_bufg_I_O)         0.026    -1.167 r  u_clk_100_bufg/O
                         net (fo=20208, routed)       0.600    -0.568    u_core/clk_100
    SLICE_X100Y69        FDCE                                         r  u_core/FSM_sequential_state_reg[1]/C
  -------------------------------------------------------------------    -------------------
    SLICE_X100Y69        FDCE (Prop_fdce_C_Q)         0.164    -0.404 r  u_core/FSM_sequential_state_reg[1]/Q
                         net (fo=27, routed)          0.232    -0.172    u_core/u_puf/shiftreg_inst/Q[1]
    SLICE_X97Y71         LUT6 (Prop_lut6_I0_O)        0.045    -0.127 f  u_core/u_puf/shiftreg_inst/FSM_onehot_state[6]_i_3/O
                         net (fo=310, routed)         0.390     0.264    u_core/u_puf/ctrl_inst/FSM_onehot_state_reg[6]_0
    SLICE_X102Y61        FDCE                                         f  u_core/u_puf/ctrl_inst/ref_cycle_cnt_reg[3]/CLR
  -------------------------------------------------------------------    -------------------

                         (clock clk_100_raw rise edge)
                                                      0.000     0.000 r  
    N18                                               0.000     0.000 r  CLK50MHZ (IN)
                         net (fo=0)                   0.000     0.000    CLK50MHZ
    N18                  IBUF (Prop_ibuf_I_O)         0.417     0.417 r  CLK50MHZ_IBUF_inst/O
                         net (fo=1, routed)           0.481     0.898    CLK50MHZ_IBUF
    PLLE2_ADV_X1Y1       PLLE2_ADV (Prop_plle2_adv_CLKIN1_CLKOUT0)
                                                     -2.727    -1.829 r  u_pll/CLKOUT0
                         net (fo=1, routed)           0.592    -1.237    clk_100_raw
    BUFGCTRL_X0Y16       BUFG (Prop_bufg_I_O)         0.029    -1.208 r  u_clk_100_bufg/O
                         net (fo=20208, routed)       0.876    -0.332    u_core/u_puf/ctrl_inst/clk_100
    SLICE_X102Y61        FDCE                                         r  u_core/u_puf/ctrl_inst/ref_cycle_cnt_reg[3]/C
                         clock pessimism             -0.193    -0.526    
    SLICE_X102Y61        FDCE (Remov_fdce_C_CLR)     -0.067    -0.593    u_core/u_puf/ctrl_inst/ref_cycle_cnt_reg[3]
  -------------------------------------------------------------------
                         required time                          0.593    
                         arrival time                           0.264    
  -------------------------------------------------------------------
                         slack                                  0.856    

Slack (MET) :             0.856ns  (arrival time - required time)
  Source:                 u_core/FSM_sequential_state_reg[1]/C
                            (rising edge-triggered cell FDCE clocked by clk_100_raw  {rise@0.000ns fall@5.000ns period=10.000ns})
  Destination:            u_core/u_puf/ctrl_inst/ref_cycle_cnt_reg[4]/CLR
                            (removal check against rising-edge clock clk_100_raw  {rise@0.000ns fall@5.000ns period=10.000ns})
  Path Group:             **async_default**
  Path Type:              Removal (Min at Fast Process Corner)
  Requirement:            0.000ns  (clk_100_raw rise@0.000ns - clk_100_raw rise@0.000ns)
  Data Path Delay:        0.831ns  (logic 0.209ns (25.138%)  route 0.622ns (74.862%))
  Logic Levels:           1  (LUT6=1)
  Clock Path Skew:        0.042ns (DCD - SCD - CPR)
    Destination Clock Delay (DCD):    -0.332ns
    Source Clock Delay      (SCD):    -0.568ns
    Clock Pessimism Removal (CPR):    0.193ns

    Location             Delay type                Incr(ns)  Path(ns)    Netlist Resource(s)
  -------------------------------------------------------------------    -------------------
                         (clock clk_100_raw rise edge)
                                                      0.000     0.000 r  
    N18                                               0.000     0.000 r  CLK50MHZ (IN)
                         net (fo=0)                   0.000     0.000    CLK50MHZ
    N18                  IBUF (Prop_ibuf_I_O)         0.229     0.229 r  CLK50MHZ_IBUF_inst/O
                         net (fo=1, routed)           0.440     0.669    CLK50MHZ_IBUF
    PLLE2_ADV_X1Y1       PLLE2_ADV (Prop_plle2_adv_CLKIN1_CLKOUT0)
                                                     -2.407    -1.737 r  u_pll/CLKOUT0
                         net (fo=1, routed)           0.544    -1.193    clk_100_raw
    BUFGCTRL_X0Y16       BUFG (Prop_bufg_I_O)         0.026    -1.167 r  u_clk_100_bufg/O
                         net (fo=20208, routed)       0.600    -0.568    u_core/clk_100
    SLICE_X100Y69        FDCE                                         r  u_core/FSM_sequential_state_reg[1]/C
  -------------------------------------------------------------------    -------------------
    SLICE_X100Y69        FDCE (Prop_fdce_C_Q)         0.164    -0.404 r  u_core/FSM_sequential_state_reg[1]/Q
                         net (fo=27, routed)          0.232    -0.172    u_core/u_puf/shiftreg_inst/Q[1]
    SLICE_X97Y71         LUT6 (Prop_lut6_I0_O)        0.045    -0.127 f  u_core/u_puf/shiftreg_inst/FSM_onehot_state[6]_i_3/O
                         net (fo=310, routed)         0.390     0.264    u_core/u_puf/ctrl_inst/FSM_onehot_state_reg[6]_0
    SLICE_X102Y61        FDCE                                         f  u_core/u_puf/ctrl_inst/ref_cycle_cnt_reg[4]/CLR
  -------------------------------------------------------------------    -------------------

                         (clock clk_100_raw rise edge)
                                                      0.000     0.000 r  
    N18                                               0.000     0.000 r  CLK50MHZ (IN)
                         net (fo=0)                   0.000     0.000    CLK50MHZ
    N18                  IBUF (Prop_ibuf_I_O)         0.417     0.417 r  CLK50MHZ_IBUF_inst/O
                         net (fo=1, routed)           0.481     0.898    CLK50MHZ_IBUF
    PLLE2_ADV_X1Y1       PLLE2_ADV (Prop_plle2_adv_CLKIN1_CLKOUT0)
                                                     -2.727    -1.829 r  u_pll/CLKOUT0
                         net (fo=1, routed)           0.592    -1.237    clk_100_raw
    BUFGCTRL_X0Y16       BUFG (Prop_bufg_I_O)         0.029    -1.208 r  u_clk_100_bufg/O
                         net (fo=20208, routed)       0.876    -0.332    u_core/u_puf/ctrl_inst/clk_100
    SLICE_X102Y61        FDCE                                         r  u_core/u_puf/ctrl_inst/ref_cycle_cnt_reg[4]/C
                         clock pessimism             -0.193    -0.526    
    SLICE_X102Y61        FDCE (Remov_fdce_C_CLR)     -0.067    -0.593    u_core/u_puf/ctrl_inst/ref_cycle_cnt_reg[4]
  -------------------------------------------------------------------
                         required time                          0.593    
                         arrival time                           0.264    
  -------------------------------------------------------------------
                         slack                                  0.856    

Slack (MET) :             0.856ns  (arrival time - required time)
  Source:                 u_core/FSM_sequential_state_reg[1]/C
                            (rising edge-triggered cell FDCE clocked by clk_100_raw  {rise@0.000ns fall@5.000ns period=10.000ns})
  Destination:            u_core/u_puf/ctrl_inst/ref_cycle_cnt_reg[5]/CLR
                            (removal check against rising-edge clock clk_100_raw  {rise@0.000ns fall@5.000ns period=10.000ns})
  Path Group:             **async_default**
  Path Type:              Removal (Min at Fast Process Corner)
  Requirement:            0.000ns  (clk_100_raw rise@0.000ns - clk_100_raw rise@0.000ns)
  Data Path Delay:        0.831ns  (logic 0.209ns (25.138%)  route 0.622ns (74.862%))
  Logic Levels:           1  (LUT6=1)
  Clock Path Skew:        0.042ns (DCD - SCD - CPR)
    Destination Clock Delay (DCD):    -0.332ns
    Source Clock Delay      (SCD):    -0.568ns
    Clock Pessimism Removal (CPR):    0.193ns

    Location             Delay type                Incr(ns)  Path(ns)    Netlist Resource(s)
  -------------------------------------------------------------------    -------------------
                         (clock clk_100_raw rise edge)
                                                      0.000     0.000 r  
    N18                                               0.000     0.000 r  CLK50MHZ (IN)
                         net (fo=0)                   0.000     0.000    CLK50MHZ
    N18                  IBUF (Prop_ibuf_I_O)         0.229     0.229 r  CLK50MHZ_IBUF_inst/O
                         net (fo=1, routed)           0.440     0.669    CLK50MHZ_IBUF
    PLLE2_ADV_X1Y1       PLLE2_ADV (Prop_plle2_adv_CLKIN1_CLKOUT0)
                                                     -2.407    -1.737 r  u_pll/CLKOUT0
                         net (fo=1, routed)           0.544    -1.193    clk_100_raw
    BUFGCTRL_X0Y16       BUFG (Prop_bufg_I_O)         0.026    -1.167 r  u_clk_100_bufg/O
                         net (fo=20208, routed)       0.600    -0.568    u_core/clk_100
    SLICE_X100Y69        FDCE                                         r  u_core/FSM_sequential_state_reg[1]/C
  -------------------------------------------------------------------    -------------------
    SLICE_X100Y69        FDCE (Prop_fdce_C_Q)         0.164    -0.404 r  u_core/FSM_sequential_state_reg[1]/Q
                         net (fo=27, routed)          0.232    -0.172    u_core/u_puf/shiftreg_inst/Q[1]
    SLICE_X97Y71         LUT6 (Prop_lut6_I0_O)        0.045    -0.127 f  u_core/u_puf/shiftreg_inst/FSM_onehot_state[6]_i_3/O
                         net (fo=310, routed)         0.390     0.264    u_core/u_puf/ctrl_inst/FSM_onehot_state_reg[6]_0
    SLICE_X102Y61        FDCE                                         f  u_core/u_puf/ctrl_inst/ref_cycle_cnt_reg[5]/CLR
  -------------------------------------------------------------------    -------------------

                         (clock clk_100_raw rise edge)
                                                      0.000     0.000 r  
    N18                                               0.000     0.000 r  CLK50MHZ (IN)
                         net (fo=0)                   0.000     0.000    CLK50MHZ
    N18                  IBUF (Prop_ibuf_I_O)         0.417     0.417 r  CLK50MHZ_IBUF_inst/O
                         net (fo=1, routed)           0.481     0.898    CLK50MHZ_IBUF
    PLLE2_ADV_X1Y1       PLLE2_ADV (Prop_plle2_adv_CLKIN1_CLKOUT0)
                                                     -2.727    -1.829 r  u_pll/CLKOUT0
                         net (fo=1, routed)           0.592    -1.237    clk_100_raw
    BUFGCTRL_X0Y16       BUFG (Prop_bufg_I_O)         0.029    -1.208 r  u_clk_100_bufg/O
                         net (fo=20208, routed)       0.876    -0.332    u_core/u_puf/ctrl_inst/clk_100
    SLICE_X102Y61        FDCE                                         r  u_core/u_puf/ctrl_inst/ref_cycle_cnt_reg[5]/C
                         clock pessimism             -0.193    -0.526    
    SLICE_X102Y61        FDCE (Remov_fdce_C_CLR)     -0.067    -0.593    u_core/u_puf/ctrl_inst/ref_cycle_cnt_reg[5]
  -------------------------------------------------------------------
                         required time                          0.593    
                         arrival time                           0.264    
  -------------------------------------------------------------------
                         slack                                  0.856    

Slack (MET) :             0.926ns  (arrival time - required time)
  Source:                 u_core/FSM_sequential_state_reg[1]/C
                            (rising edge-triggered cell FDCE clocked by clk_100_raw  {rise@0.000ns fall@5.000ns period=10.000ns})
  Destination:            u_core/u_puf/ctrl_inst/ref_cycle_cnt_reg[6]/CLR
                            (removal check against rising-edge clock clk_100_raw  {rise@0.000ns fall@5.000ns period=10.000ns})
  Path Group:             **async_default**
  Path Type:              Removal (Min at Fast Process Corner)
  Requirement:            0.000ns  (clk_100_raw rise@0.000ns - clk_100_raw rise@0.000ns)
  Data Path Delay:        0.902ns  (logic 0.209ns (23.176%)  route 0.693ns (76.824%))
  Logic Levels:           1  (LUT6=1)
  Clock Path Skew:        0.043ns (DCD - SCD - CPR)
    Destination Clock Delay (DCD):    -0.331ns
    Source Clock Delay      (SCD):    -0.568ns
    Clock Pessimism Removal (CPR):    0.193ns

    Location             Delay type                Incr(ns)  Path(ns)    Netlist Resource(s)
  -------------------------------------------------------------------    -------------------
                         (clock clk_100_raw rise edge)
                                                      0.000     0.000 r  
    N18                                               0.000     0.000 r  CLK50MHZ (IN)
                         net (fo=0)                   0.000     0.000    CLK50MHZ
    N18                  IBUF (Prop_ibuf_I_O)         0.229     0.229 r  CLK50MHZ_IBUF_inst/O
                         net (fo=1, routed)           0.440     0.669    CLK50MHZ_IBUF
    PLLE2_ADV_X1Y1       PLLE2_ADV (Prop_plle2_adv_CLKIN1_CLKOUT0)
                                                     -2.407    -1.737 r  u_pll/CLKOUT0
                         net (fo=1, routed)           0.544    -1.193    clk_100_raw
    BUFGCTRL_X0Y16       BUFG (Prop_bufg_I_O)         0.026    -1.167 r  u_clk_100_bufg/O
                         net (fo=20208, routed)       0.600    -0.568    u_core/clk_100
    SLICE_X100Y69        FDCE                                         r  u_core/FSM_sequential_state_reg[1]/C
  -------------------------------------------------------------------    -------------------
    SLICE_X100Y69        FDCE (Prop_fdce_C_Q)         0.164    -0.404 r  u_core/FSM_sequential_state_reg[1]/Q
                         net (fo=27, routed)          0.232    -0.172    u_core/u_puf/shiftreg_inst/Q[1]
    SLICE_X97Y71         LUT6 (Prop_lut6_I0_O)        0.045    -0.127 f  u_core/u_puf/shiftreg_inst/FSM_onehot_state[6]_i_3/O
                         net (fo=310, routed)         0.461     0.334    u_core/u_puf/ctrl_inst/FSM_onehot_state_reg[6]_0
    SLICE_X104Y61        FDCE                                         f  u_core/u_puf/ctrl_inst/ref_cycle_cnt_reg[6]/CLR
  -------------------------------------------------------------------    -------------------

                         (clock clk_100_raw rise edge)
                                                      0.000     0.000 r  
    N18                                               0.000     0.000 r  CLK50MHZ (IN)
                         net (fo=0)                   0.000     0.000    CLK50MHZ
    N18                  IBUF (Prop_ibuf_I_O)         0.417     0.417 r  CLK50MHZ_IBUF_inst/O
                         net (fo=1, routed)           0.481     0.898    CLK50MHZ_IBUF
    PLLE2_ADV_X1Y1       PLLE2_ADV (Prop_plle2_adv_CLKIN1_CLKOUT0)
                                                     -2.727    -1.829 r  u_pll/CLKOUT0
                         net (fo=1, routed)           0.592    -1.237    clk_100_raw
    BUFGCTRL_X0Y16       BUFG (Prop_bufg_I_O)         0.029    -1.208 r  u_clk_100_bufg/O
                         net (fo=20208, routed)       0.877    -0.331    u_core/u_puf/ctrl_inst/clk_100
    SLICE_X104Y61        FDCE                                         r  u_core/u_puf/ctrl_inst/ref_cycle_cnt_reg[6]/C
                         clock pessimism             -0.193    -0.525    
    SLICE_X104Y61        FDCE (Remov_fdce_C_CLR)     -0.067    -0.592    u_core/u_puf/ctrl_inst/ref_cycle_cnt_reg[6]
  -------------------------------------------------------------------
                         required time                          0.592    
                         arrival time                           0.334    
  -------------------------------------------------------------------
                         slack                                  0.926    

Slack (MET) :             0.926ns  (arrival time - required time)
  Source:                 u_core/FSM_sequential_state_reg[1]/C
                            (rising edge-triggered cell FDCE clocked by clk_100_raw  {rise@0.000ns fall@5.000ns period=10.000ns})
  Destination:            u_core/u_puf/ctrl_inst/ref_cycle_cnt_reg[7]/CLR
                            (removal check against rising-edge clock clk_100_raw  {rise@0.000ns fall@5.000ns period=10.000ns})
  Path Group:             **async_default**
  Path Type:              Removal (Min at Fast Process Corner)
  Requirement:            0.000ns  (clk_100_raw rise@0.000ns - clk_100_raw rise@0.000ns)
  Data Path Delay:        0.902ns  (logic 0.209ns (23.176%)  route 0.693ns (76.824%))
  Logic Levels:           1  (LUT6=1)
  Clock Path Skew:        0.043ns (DCD - SCD - CPR)
    Destination Clock Delay (DCD):    -0.331ns
    Source Clock Delay      (SCD):    -0.568ns
    Clock Pessimism Removal (CPR):    0.193ns

    Location             Delay type                Incr(ns)  Path(ns)    Netlist Resource(s)
  -------------------------------------------------------------------    -------------------
                         (clock clk_100_raw rise edge)
                                                      0.000     0.000 r  
    N18                                               0.000     0.000 r  CLK50MHZ (IN)
                         net (fo=0)                   0.000     0.000    CLK50MHZ
    N18                  IBUF (Prop_ibuf_I_O)         0.229     0.229 r  CLK50MHZ_IBUF_inst/O
                         net (fo=1, routed)           0.440     0.669    CLK50MHZ_IBUF
    PLLE2_ADV_X1Y1       PLLE2_ADV (Prop_plle2_adv_CLKIN1_CLKOUT0)
                                                     -2.407    -1.737 r  u_pll/CLKOUT0
                         net (fo=1, routed)           0.544    -1.193    clk_100_raw
    BUFGCTRL_X0Y16       BUFG (Prop_bufg_I_O)         0.026    -1.167 r  u_clk_100_bufg/O
                         net (fo=20208, routed)       0.600    -0.568    u_core/clk_100
    SLICE_X100Y69        FDCE                                         r  u_core/FSM_sequential_state_reg[1]/C
  -------------------------------------------------------------------    -------------------
    SLICE_X100Y69        FDCE (Prop_fdce_C_Q)         0.164    -0.404 r  u_core/FSM_sequential_state_reg[1]/Q
                         net (fo=27, routed)          0.232    -0.172    u_core/u_puf/shiftreg_inst/Q[1]
    SLICE_X97Y71         LUT6 (Prop_lut6_I0_O)        0.045    -0.127 f  u_core/u_puf/shiftreg_inst/FSM_onehot_state[6]_i_3/O
                         net (fo=310, routed)         0.461     0.334    u_core/u_puf/ctrl_inst/FSM_onehot_state_reg[6]_0
    SLICE_X104Y61        FDCE                                         f  u_core/u_puf/ctrl_inst/ref_cycle_cnt_reg[7]/CLR
  -------------------------------------------------------------------    -------------------

                         (clock clk_100_raw rise edge)
                                                      0.000     0.000 r  
    N18                                               0.000     0.000 r  CLK50MHZ (IN)
                         net (fo=0)                   0.000     0.000    CLK50MHZ
    N18                  IBUF (Prop_ibuf_I_O)         0.417     0.417 r  CLK50MHZ_IBUF_inst/O
                         net (fo=1, routed)           0.481     0.898    CLK50MHZ_IBUF
    PLLE2_ADV_X1Y1       PLLE2_ADV (Prop_plle2_adv_CLKIN1_CLKOUT0)
                                                     -2.727    -1.829 r  u_pll/CLKOUT0
                         net (fo=1, routed)           0.592    -1.237    clk_100_raw
    BUFGCTRL_X0Y16       BUFG (Prop_bufg_I_O)         0.029    -1.208 r  u_clk_100_bufg/O
                         net (fo=20208, routed)       0.877    -0.331    u_core/u_puf/ctrl_inst/clk_100
    SLICE_X104Y61        FDCE                                         r  u_core/u_puf/ctrl_inst/ref_cycle_cnt_reg[7]/C
                         clock pessimism             -0.193    -0.525    
    SLICE_X104Y61        FDCE (Remov_fdce_C_CLR)     -0.067    -0.592    u_core/u_puf/ctrl_inst/ref_cycle_cnt_reg[7]
  -------------------------------------------------------------------
                         required time                          0.592    
                         arrival time                           0.334    
  -------------------------------------------------------------------
                         slack                                  0.926    

Slack (MET) :             0.926ns  (arrival time - required time)
  Source:                 u_core/FSM_sequential_state_reg[1]/C
                            (rising edge-triggered cell FDCE clocked by clk_100_raw  {rise@0.000ns fall@5.000ns period=10.000ns})
  Destination:            u_core/u_puf/ctrl_inst/ref_cycle_cnt_reg[8]/CLR
                            (removal check against rising-edge clock clk_100_raw  {rise@0.000ns fall@5.000ns period=10.000ns})
  Path Group:             **async_default**
  Path Type:              Removal (Min at Fast Process Corner)
  Requirement:            0.000ns  (clk_100_raw rise@0.000ns - clk_100_raw rise@0.000ns)
  Data Path Delay:        0.902ns  (logic 0.209ns (23.176%)  route 0.693ns (76.824%))
  Logic Levels:           1  (LUT6=1)
  Clock Path Skew:        0.043ns (DCD - SCD - CPR)
    Destination Clock Delay (DCD):    -0.331ns
    Source Clock Delay      (SCD):    -0.568ns
    Clock Pessimism Removal (CPR):    0.193ns

    Location             Delay type                Incr(ns)  Path(ns)    Netlist Resource(s)
  -------------------------------------------------------------------    -------------------
                         (clock clk_100_raw rise edge)
                                                      0.000     0.000 r  
    N18                                               0.000     0.000 r  CLK50MHZ (IN)
                         net (fo=0)                   0.000     0.000    CLK50MHZ
    N18                  IBUF (Prop_ibuf_I_O)         0.229     0.229 r  CLK50MHZ_IBUF_inst/O
                         net (fo=1, routed)           0.440     0.669    CLK50MHZ_IBUF
    PLLE2_ADV_X1Y1       PLLE2_ADV (Prop_plle2_adv_CLKIN1_CLKOUT0)
                                                     -2.407    -1.737 r  u_pll/CLKOUT0
                         net (fo=1, routed)           0.544    -1.193    clk_100_raw
    BUFGCTRL_X0Y16       BUFG (Prop_bufg_I_O)         0.026    -1.167 r  u_clk_100_bufg/O
                         net (fo=20208, routed)       0.600    -0.568    u_core/clk_100
    SLICE_X100Y69        FDCE                                         r  u_core/FSM_sequential_state_reg[1]/C
  -------------------------------------------------------------------    -------------------
    SLICE_X100Y69        FDCE (Prop_fdce_C_Q)         0.164    -0.404 r  u_core/FSM_sequential_state_reg[1]/Q
                         net (fo=27, routed)          0.232    -0.172    u_core/u_puf/shiftreg_inst/Q[1]
    SLICE_X97Y71         LUT6 (Prop_lut6_I0_O)        0.045    -0.127 f  u_core/u_puf/shiftreg_inst/FSM_onehot_state[6]_i_3/O
                         net (fo=310, routed)         0.461     0.334    u_core/u_puf/ctrl_inst/FSM_onehot_state_reg[6]_0
    SLICE_X104Y61        FDCE                                         f  u_core/u_puf/ctrl_inst/ref_cycle_cnt_reg[8]/CLR
  -------------------------------------------------------------------    -------------------

                         (clock clk_100_raw rise edge)
                                                      0.000     0.000 r  
    N18                                               0.000     0.000 r  CLK50MHZ (IN)
                         net (fo=0)                   0.000     0.000    CLK50MHZ
    N18                  IBUF (Prop_ibuf_I_O)         0.417     0.417 r  CLK50MHZ_IBUF_inst/O
                         net (fo=1, routed)           0.481     0.898    CLK50MHZ_IBUF
    PLLE2_ADV_X1Y1       PLLE2_ADV (Prop_plle2_adv_CLKIN1_CLKOUT0)
                                                     -2.727    -1.829 r  u_pll/CLKOUT0
                         net (fo=1, routed)           0.592    -1.237    clk_100_raw
    BUFGCTRL_X0Y16       BUFG (Prop_bufg_I_O)         0.029    -1.208 r  u_clk_100_bufg/O
                         net (fo=20208, routed)       0.877    -0.331    u_core/u_puf/ctrl_inst/clk_100
    SLICE_X104Y61        FDCE                                         r  u_core/u_puf/ctrl_inst/ref_cycle_cnt_reg[8]/C
                         clock pessimism             -0.193    -0.525    
    SLICE_X104Y61        FDCE (Remov_fdce_C_CLR)     -0.067    -0.592    u_core/u_puf/ctrl_inst/ref_cycle_cnt_reg[8]
  -------------------------------------------------------------------
                         required time                          0.592    
                         arrival time                           0.334    
  -------------------------------------------------------------------
                         slack                                  0.926    

Slack (MET) :             0.926ns  (arrival time - required time)
  Source:                 u_core/FSM_sequential_state_reg[1]/C
                            (rising edge-triggered cell FDCE clocked by clk_100_raw  {rise@0.000ns fall@5.000ns period=10.000ns})
  Destination:            u_core/u_puf/ctrl_inst/ref_cycle_cnt_reg[9]/CLR
                            (removal check against rising-edge clock clk_100_raw  {rise@0.000ns fall@5.000ns period=10.000ns})
  Path Group:             **async_default**
  Path Type:              Removal (Min at Fast Process Corner)
  Requirement:            0.000ns  (clk_100_raw rise@0.000ns - clk_100_raw rise@0.000ns)
  Data Path Delay:        0.902ns  (logic 0.209ns (23.176%)  route 0.693ns (76.824%))
  Logic Levels:           1  (LUT6=1)
  Clock Path Skew:        0.043ns (DCD - SCD - CPR)
    Destination Clock Delay (DCD):    -0.331ns
    Source Clock Delay      (SCD):    -0.568ns
    Clock Pessimism Removal (CPR):    0.193ns

    Location             Delay type                Incr(ns)  Path(ns)    Netlist Resource(s)
  -------------------------------------------------------------------    -------------------
                         (clock clk_100_raw rise edge)
                                                      0.000     0.000 r  
    N18                                               0.000     0.000 r  CLK50MHZ (IN)
                         net (fo=0)                   0.000     0.000    CLK50MHZ
    N18                  IBUF (Prop_ibuf_I_O)         0.229     0.229 r  CLK50MHZ_IBUF_inst/O
                         net (fo=1, routed)           0.440     0.669    CLK50MHZ_IBUF
    PLLE2_ADV_X1Y1       PLLE2_ADV (Prop_plle2_adv_CLKIN1_CLKOUT0)
                                                     -2.407    -1.737 r  u_pll/CLKOUT0
                         net (fo=1, routed)           0.544    -1.193    clk_100_raw
    BUFGCTRL_X0Y16       BUFG (Prop_bufg_I_O)         0.026    -1.167 r  u_clk_100_bufg/O
                         net (fo=20208, routed)       0.600    -0.568    u_core/clk_100
    SLICE_X100Y69        FDCE                                         r  u_core/FSM_sequential_state_reg[1]/C
  -------------------------------------------------------------------    -------------------
    SLICE_X100Y69        FDCE (Prop_fdce_C_Q)         0.164    -0.404 r  u_core/FSM_sequential_state_reg[1]/Q
                         net (fo=27, routed)          0.232    -0.172    u_core/u_puf/shiftreg_inst/Q[1]
    SLICE_X97Y71         LUT6 (Prop_lut6_I0_O)        0.045    -0.127 f  u_core/u_puf/shiftreg_inst/FSM_onehot_state[6]_i_3/O
                         net (fo=310, routed)         0.461     0.334    u_core/u_puf/ctrl_inst/FSM_onehot_state_reg[6]_0
    SLICE_X104Y61        FDCE                                         f  u_core/u_puf/ctrl_inst/ref_cycle_cnt_reg[9]/CLR
  -------------------------------------------------------------------    -------------------

                         (clock clk_100_raw rise edge)
                                                      0.000     0.000 r  
    N18                                               0.000     0.000 r  CLK50MHZ (IN)
                         net (fo=0)                   0.000     0.000    CLK50MHZ
    N18                  IBUF (Prop_ibuf_I_O)         0.417     0.417 r  CLK50MHZ_IBUF_inst/O
                         net (fo=1, routed)           0.481     0.898    CLK50MHZ_IBUF
    PLLE2_ADV_X1Y1       PLLE2_ADV (Prop_plle2_adv_CLKIN1_CLKOUT0)
                                                     -2.727    -1.829 r  u_pll/CLKOUT0
                         net (fo=1, routed)           0.592    -1.237    clk_100_raw
    BUFGCTRL_X0Y16       BUFG (Prop_bufg_I_O)         0.029    -1.208 r  u_clk_100_bufg/O
                         net (fo=20208, routed)       0.877    -0.331    u_core/u_puf/ctrl_inst/clk_100
    SLICE_X104Y61        FDCE                                         r  u_core/u_puf/ctrl_inst/ref_cycle_cnt_reg[9]/C
                         clock pessimism             -0.193    -0.525    
    SLICE_X104Y61        FDCE (Remov_fdce_C_CLR)     -0.067    -0.592    u_core/u_puf/ctrl_inst/ref_cycle_cnt_reg[9]
  -------------------------------------------------------------------
                         required time                          0.592    
                         arrival time                           0.334    
  -------------------------------------------------------------------
                         slack                                  0.926    

Slack (MET) :             0.951ns  (arrival time - required time)
  Source:                 u_core/FSM_sequential_state_reg[1]/C
                            (rising edge-triggered cell FDCE clocked by clk_100_raw  {rise@0.000ns fall@5.000ns period=10.000ns})
  Destination:            u_core/u_puf/ctrl_inst/ref_cycle_cnt_reg[0]/CLR
                            (removal check against rising-edge clock clk_100_raw  {rise@0.000ns fall@5.000ns period=10.000ns})
  Path Group:             **async_default**
  Path Type:              Removal (Min at Fast Process Corner)
  Requirement:            0.000ns  (clk_100_raw rise@0.000ns - clk_100_raw rise@0.000ns)
  Data Path Delay:        0.902ns  (logic 0.209ns (23.176%)  route 0.693ns (76.824%))
  Logic Levels:           1  (LUT6=1)
  Clock Path Skew:        0.043ns (DCD - SCD - CPR)
    Destination Clock Delay (DCD):    -0.331ns
    Source Clock Delay      (SCD):    -0.568ns
    Clock Pessimism Removal (CPR):    0.193ns

    Location             Delay type                Incr(ns)  Path(ns)    Netlist Resource(s)
  -------------------------------------------------------------------    -------------------
                         (clock clk_100_raw rise edge)
                                                      0.000     0.000 r  
    N18                                               0.000     0.000 r  CLK50MHZ (IN)
                         net (fo=0)                   0.000     0.000    CLK50MHZ
    N18                  IBUF (Prop_ibuf_I_O)         0.229     0.229 r  CLK50MHZ_IBUF_inst/O
                         net (fo=1, routed)           0.440     0.669    CLK50MHZ_IBUF
    PLLE2_ADV_X1Y1       PLLE2_ADV (Prop_plle2_adv_CLKIN1_CLKOUT0)
                                                     -2.407    -1.737 r  u_pll/CLKOUT0
                         net (fo=1, routed)           0.544    -1.193    clk_100_raw
    BUFGCTRL_X0Y16       BUFG (Prop_bufg_I_O)         0.026    -1.167 r  u_clk_100_bufg/O
                         net (fo=20208, routed)       0.600    -0.568    u_core/clk_100
    SLICE_X100Y69        FDCE                                         r  u_core/FSM_sequential_state_reg[1]/C
  -------------------------------------------------------------------    -------------------
    SLICE_X100Y69        FDCE (Prop_fdce_C_Q)         0.164    -0.404 r  u_core/FSM_sequential_state_reg[1]/Q
                         net (fo=27, routed)          0.232    -0.172    u_core/u_puf/shiftreg_inst/Q[1]
    SLICE_X97Y71         LUT6 (Prop_lut6_I0_O)        0.045    -0.127 f  u_core/u_puf/shiftreg_inst/FSM_onehot_state[6]_i_3/O
                         net (fo=310, routed)         0.461     0.334    u_core/u_puf/ctrl_inst/FSM_onehot_state_reg[6]_0
    SLICE_X105Y61        FDCE                                         f  u_core/u_puf/ctrl_inst/ref_cycle_cnt_reg[0]/CLR
  -------------------------------------------------------------------    -------------------

                         (clock clk_100_raw rise edge)
                                                      0.000     0.000 r  
    N18                                               0.000     0.000 r  CLK50MHZ (IN)
                         net (fo=0)                   0.000     0.000    CLK50MHZ
    N18                  IBUF (Prop_ibuf_I_O)         0.417     0.417 r  CLK50MHZ_IBUF_inst/O
                         net (fo=1, routed)           0.481     0.898    CLK50MHZ_IBUF
    PLLE2_ADV_X1Y1       PLLE2_ADV (Prop_plle2_adv_CLKIN1_CLKOUT0)
                                                     -2.727    -1.829 r  u_pll/CLKOUT0
                         net (fo=1, routed)           0.592    -1.237    clk_100_raw
    BUFGCTRL_X0Y16       BUFG (Prop_bufg_I_O)         0.029    -1.208 r  u_clk_100_bufg/O
                         net (fo=20208, routed)       0.877    -0.331    u_core/u_puf/ctrl_inst/clk_100
    SLICE_X105Y61        FDCE                                         r  u_core/u_puf/ctrl_inst/ref_cycle_cnt_reg[0]/C
                         clock pessimism             -0.193    -0.525    
    SLICE_X105Y61        FDCE (Remov_fdce_C_CLR)     -0.092    -0.617    u_core/u_puf/ctrl_inst/ref_cycle_cnt_reg[0]
  -------------------------------------------------------------------
                         required time                          0.617    
                         arrival time                           0.334    
  -------------------------------------------------------------------
                         slack                                  0.951    

Slack (MET) :             0.951ns  (arrival time - required time)
  Source:                 u_core/FSM_sequential_state_reg[1]/C
                            (rising edge-triggered cell FDCE clocked by clk_100_raw  {rise@0.000ns fall@5.000ns period=10.000ns})
  Destination:            u_core/u_puf/ctrl_inst/ref_cycle_cnt_reg[1]/CLR
                            (removal check against rising-edge clock clk_100_raw  {rise@0.000ns fall@5.000ns period=10.000ns})
  Path Group:             **async_default**
  Path Type:              Removal (Min at Fast Process Corner)
  Requirement:            0.000ns  (clk_100_raw rise@0.000ns - clk_100_raw rise@0.000ns)
  Data Path Delay:        0.902ns  (logic 0.209ns (23.176%)  route 0.693ns (76.824%))
  Logic Levels:           1  (LUT6=1)
  Clock Path Skew:        0.043ns (DCD - SCD - CPR)
    Destination Clock Delay (DCD):    -0.331ns
    Source Clock Delay      (SCD):    -0.568ns
    Clock Pessimism Removal (CPR):    0.193ns

    Location             Delay type                Incr(ns)  Path(ns)    Netlist Resource(s)
  -------------------------------------------------------------------    -------------------
                         (clock clk_100_raw rise edge)
                                                      0.000     0.000 r  
    N18                                               0.000     0.000 r  CLK50MHZ (IN)
                         net (fo=0)                   0.000     0.000    CLK50MHZ
    N18                  IBUF (Prop_ibuf_I_O)         0.229     0.229 r  CLK50MHZ_IBUF_inst/O
                         net (fo=1, routed)           0.440     0.669    CLK50MHZ_IBUF
    PLLE2_ADV_X1Y1       PLLE2_ADV (Prop_plle2_adv_CLKIN1_CLKOUT0)
                                                     -2.407    -1.737 r  u_pll/CLKOUT0
                         net (fo=1, routed)           0.544    -1.193    clk_100_raw
    BUFGCTRL_X0Y16       BUFG (Prop_bufg_I_O)         0.026    -1.167 r  u_clk_100_bufg/O
                         net (fo=20208, routed)       0.600    -0.568    u_core/clk_100
    SLICE_X100Y69        FDCE                                         r  u_core/FSM_sequential_state_reg[1]/C
  -------------------------------------------------------------------    -------------------
    SLICE_X100Y69        FDCE (Prop_fdce_C_Q)         0.164    -0.404 r  u_core/FSM_sequential_state_reg[1]/Q
                         net (fo=27, routed)          0.232    -0.172    u_core/u_puf/shiftreg_inst/Q[1]
    SLICE_X97Y71         LUT6 (Prop_lut6_I0_O)        0.045    -0.127 f  u_core/u_puf/shiftreg_inst/FSM_onehot_state[6]_i_3/O
                         net (fo=310, routed)         0.461     0.334    u_core/u_puf/ctrl_inst/FSM_onehot_state_reg[6]_0
    SLICE_X105Y61        FDCE                                         f  u_core/u_puf/ctrl_inst/ref_cycle_cnt_reg[1]/CLR
  -------------------------------------------------------------------    -------------------

                         (clock clk_100_raw rise edge)
                                                      0.000     0.000 r  
    N18                                               0.000     0.000 r  CLK50MHZ (IN)
                         net (fo=0)                   0.000     0.000    CLK50MHZ
    N18                  IBUF (Prop_ibuf_I_O)         0.417     0.417 r  CLK50MHZ_IBUF_inst/O
                         net (fo=1, routed)           0.481     0.898    CLK50MHZ_IBUF
    PLLE2_ADV_X1Y1       PLLE2_ADV (Prop_plle2_adv_CLKIN1_CLKOUT0)
                                                     -2.727    -1.829 r  u_pll/CLKOUT0
                         net (fo=1, routed)           0.592    -1.237    clk_100_raw
    BUFGCTRL_X0Y16       BUFG (Prop_bufg_I_O)         0.029    -1.208 r  u_clk_100_bufg/O
                         net (fo=20208, routed)       0.877    -0.331    u_core/u_puf/ctrl_inst/clk_100
    SLICE_X105Y61        FDCE                                         r  u_core/u_puf/ctrl_inst/ref_cycle_cnt_reg[1]/C
                         clock pessimism             -0.193    -0.525    
    SLICE_X105Y61        FDCE (Remov_fdce_C_CLR)     -0.092    -0.617    u_core/u_puf/ctrl_inst/ref_cycle_cnt_reg[1]
  -------------------------------------------------------------------
                         required time                          0.617    
                         arrival time                           0.334    
  -------------------------------------------------------------------
                         slack                                  0.951    

Slack (MET) :             1.025ns  (arrival time - required time)
  Source:                 por_done_reg_inv/C
                            (rising edge-triggered cell FDSE clocked by clk_100_raw  {rise@0.000ns fall@5.000ns period=10.000ns})
  Destination:            u_core/u_fe/err_reg_reg[27]/CLR
                            (removal check against rising-edge clock clk_100_raw  {rise@0.000ns fall@5.000ns period=10.000ns})
  Path Group:             **async_default**
  Path Type:              Removal (Min at Fast Process Corner)
  Requirement:            0.000ns  (clk_100_raw rise@0.000ns - clk_100_raw rise@0.000ns)
  Data Path Delay:        0.907ns  (logic 0.141ns (15.539%)  route 0.766ns (84.461%))
  Logic Levels:           0  
  Clock Path Skew:        -0.026ns (DCD - SCD - CPR)
    Destination Clock Delay (DCD):    -0.365ns
    Source Clock Delay      (SCD):    -0.533ns
    Clock Pessimism Removal (CPR):    0.193ns

    Location             Delay type                Incr(ns)  Path(ns)    Netlist Resource(s)
  -------------------------------------------------------------------    -------------------
                         (clock clk_100_raw rise edge)
                                                      0.000     0.000 r  
    N18                                               0.000     0.000 r  CLK50MHZ (IN)
                         net (fo=0)                   0.000     0.000    CLK50MHZ
    N18                  IBUF (Prop_ibuf_I_O)         0.229     0.229 r  CLK50MHZ_IBUF_inst/O
                         net (fo=1, routed)           0.440     0.669    CLK50MHZ_IBUF
    PLLE2_ADV_X1Y1       PLLE2_ADV (Prop_plle2_adv_CLKIN1_CLKOUT0)
                                                     -2.407    -1.737 r  u_pll/CLKOUT0
                         net (fo=1, routed)           0.544    -1.193    clk_100_raw
    BUFGCTRL_X0Y16       BUFG (Prop_bufg_I_O)         0.026    -1.167 r  u_clk_100_bufg/O
                         net (fo=20208, routed)       0.635    -0.533    clk_100
    SLICE_X109Y55        FDSE                                         r  por_done_reg_inv/C
  -------------------------------------------------------------------    -------------------
    SLICE_X109Y55        FDSE (Prop_fdse_C_Q)         0.141    -0.392 f  por_done_reg_inv/Q
                         net (fo=3032, routed)        0.766     0.375    u_core/u_fe/sel
    SLICE_X61Y64         FDCE                                         f  u_core/u_fe/err_reg_reg[27]/CLR
  -------------------------------------------------------------------    -------------------

                         (clock clk_100_raw rise edge)
                                                      0.000     0.000 r  
    N18                                               0.000     0.000 r  CLK50MHZ (IN)
                         net (fo=0)                   0.000     0.000    CLK50MHZ
    N18                  IBUF (Prop_ibuf_I_O)         0.417     0.417 r  CLK50MHZ_IBUF_inst/O
                         net (fo=1, routed)           0.481     0.898    CLK50MHZ_IBUF
    PLLE2_ADV_X1Y1       PLLE2_ADV (Prop_plle2_adv_CLKIN1_CLKOUT0)
                                                     -2.727    -1.829 r  u_pll/CLKOUT0
                         net (fo=1, routed)           0.592    -1.237    clk_100_raw
    BUFGCTRL_X0Y16       BUFG (Prop_bufg_I_O)         0.029    -1.208 r  u_clk_100_bufg/O
                         net (fo=20208, routed)       0.843    -0.365    u_core/u_fe/clk_100
    SLICE_X61Y64         FDCE                                         r  u_core/u_fe/err_reg_reg[27]/C
                         clock pessimism             -0.193    -0.559    
    SLICE_X61Y64         FDCE (Remov_fdce_C_CLR)     -0.092    -0.651    u_core/u_fe/err_reg_reg[27]
  -------------------------------------------------------------------
                         required time                          0.651    
                         arrival time                           0.375    
  -------------------------------------------------------------------
                         slack                                  1.025    





--------------------------------------------------------------------------------------
Path Group:  (none)
From Clock:  
  To Clock:  

Max Delay           204 Endpoints
Min Delay           204 Endpoints
--------------------------------------------------------------------------------------


Max Delay Paths
--------------------------------------------------------------------------------------
Slack:                    inf
  Source:                 SW[0]
                            (input port)
  Destination:            u_core/u_puf/counter0/reset_release_reg[0]/CLR
  Path Group:             (none)
  Path Type:              Max at Slow Process Corner
  Data Path Delay:        7.979ns  (logic 1.698ns (21.279%)  route 6.281ns (78.721%))
  Logic Levels:           4  (IBUF=1 LUT2=1 LUT5=1 LUT6=1)

    Location             Delay type                Incr(ns)  Path(ns)    Netlist Resource(s)
  -------------------------------------------------------------------    -------------------
    G19                                               0.000     0.000 r  SW[0] (IN)
                         net (fo=0)                   0.000     0.000    SW[0]
    G19                  IBUF (Prop_ibuf_I_O)         1.383     1.383 r  SW_IBUF[0]_inst/O
                         net (fo=6, routed)           2.836     4.219    u_transport/SW_IBUF[0]
    SLICE_X81Y77         LUT2 (Prop_lut2_I1_O)        0.105     4.324 f  u_transport/i___788_i_1__0/O
                         net (fo=111, routed)         1.998     6.322    u_core/u_puf/ctrl_inst/reset_release_reg[1]_0
    SLICE_X102Y63        LUT6 (Prop_lut6_I0_O)        0.105     6.427 r  u_core/u_puf/ctrl_inst/reset_release[1]_i_2/O
                         net (fo=1, routed)           0.907     7.334    u_core/u_puf/ctrl_inst/reset_release[1]_i_2_n_2
    SLICE_X95Y69         LUT5 (Prop_lut5_I0_O)        0.105     7.439 f  u_core/u_puf/ctrl_inst/reset_release[1]_i_1/O
                         net (fo=4, routed)           0.539     7.979    u_core/u_puf/counter0/reset_release_reg[0]_0
    SLICE_X94Y69         FDCE                                         f  u_core/u_puf/counter0/reset_release_reg[0]/CLR
  -------------------------------------------------------------------    -------------------

Slack:                    inf
  Source:                 SW[0]
                            (input port)
  Destination:            u_core/u_puf/counter0/reset_release_reg[1]/CLR
  Path Group:             (none)
  Path Type:              Max at Slow Process Corner
  Data Path Delay:        7.979ns  (logic 1.698ns (21.279%)  route 6.281ns (78.721%))
  Logic Levels:           4  (IBUF=1 LUT2=1 LUT5=1 LUT6=1)

    Location             Delay type                Incr(ns)  Path(ns)    Netlist Resource(s)
  -------------------------------------------------------------------    -------------------
    G19                                               0.000     0.000 r  SW[0] (IN)
                         net (fo=0)                   0.000     0.000    SW[0]
    G19                  IBUF (Prop_ibuf_I_O)         1.383     1.383 r  SW_IBUF[0]_inst/O
                         net (fo=6, routed)           2.836     4.219    u_transport/SW_IBUF[0]
    SLICE_X81Y77         LUT2 (Prop_lut2_I1_O)        0.105     4.324 f  u_transport/i___788_i_1__0/O
                         net (fo=111, routed)         1.998     6.322    u_core/u_puf/ctrl_inst/reset_release_reg[1]_0
    SLICE_X102Y63        LUT6 (Prop_lut6_I0_O)        0.105     6.427 r  u_core/u_puf/ctrl_inst/reset_release[1]_i_2/O
                         net (fo=1, routed)           0.907     7.334    u_core/u_puf/ctrl_inst/reset_release[1]_i_2_n_2
    SLICE_X95Y69         LUT5 (Prop_lut5_I0_O)        0.105     7.439 f  u_core/u_puf/ctrl_inst/reset_release[1]_i_1/O
                         net (fo=4, routed)           0.539     7.979    u_core/u_puf/counter0/reset_release_reg[0]_0
    SLICE_X94Y69         FDCE                                         f  u_core/u_puf/counter0/reset_release_reg[1]/CLR
  -------------------------------------------------------------------    -------------------

Slack:                    inf
  Source:                 SW[0]
                            (input port)
  Destination:            u_core/u_puf/counter1/reset_release_reg[0]/CLR
  Path Group:             (none)
  Path Type:              Max at Slow Process Corner
  Data Path Delay:        7.979ns  (logic 1.698ns (21.279%)  route 6.281ns (78.721%))
  Logic Levels:           4  (IBUF=1 LUT2=1 LUT5=1 LUT6=1)

    Location             Delay type                Incr(ns)  Path(ns)    Netlist Resource(s)
  -------------------------------------------------------------------    -------------------
    G19                                               0.000     0.000 r  SW[0] (IN)
                         net (fo=0)                   0.000     0.000    SW[0]
    G19                  IBUF (Prop_ibuf_I_O)         1.383     1.383 r  SW_IBUF[0]_inst/O
                         net (fo=6, routed)           2.836     4.219    u_transport/SW_IBUF[0]
    SLICE_X81Y77         LUT2 (Prop_lut2_I1_O)        0.105     4.324 f  u_transport/i___788_i_1__0/O
                         net (fo=111, routed)         1.998     6.322    u_core/u_puf/ctrl_inst/reset_release_reg[1]_0
    SLICE_X102Y63        LUT6 (Prop_lut6_I0_O)        0.105     6.427 r  u_core/u_puf/ctrl_inst/reset_release[1]_i_2/O
                         net (fo=1, routed)           0.907     7.334    u_core/u_puf/ctrl_inst/reset_release[1]_i_2_n_2
    SLICE_X95Y69         LUT5 (Prop_lut5_I0_O)        0.105     7.439 f  u_core/u_puf/ctrl_inst/reset_release[1]_i_1/O
                         net (fo=4, routed)           0.539     7.979    u_core/u_puf/counter1/reset_release_reg[1]_0
    SLICE_X95Y69         FDCE                                         f  u_core/u_puf/counter1/reset_release_reg[0]/CLR
  -------------------------------------------------------------------    -------------------

Slack:                    inf
  Source:                 SW[0]
                            (input port)
  Destination:            u_core/u_puf/counter1/reset_release_reg[1]/CLR
  Path Group:             (none)
  Path Type:              Max at Slow Process Corner
  Data Path Delay:        7.979ns  (logic 1.698ns (21.279%)  route 6.281ns (78.721%))
  Logic Levels:           4  (IBUF=1 LUT2=1 LUT5=1 LUT6=1)

    Location             Delay type                Incr(ns)  Path(ns)    Netlist Resource(s)
  -------------------------------------------------------------------    -------------------
    G19                                               0.000     0.000 r  SW[0] (IN)
                         net (fo=0)                   0.000     0.000    SW[0]
    G19                  IBUF (Prop_ibuf_I_O)         1.383     1.383 r  SW_IBUF[0]_inst/O
                         net (fo=6, routed)           2.836     4.219    u_transport/SW_IBUF[0]
    SLICE_X81Y77         LUT2 (Prop_lut2_I1_O)        0.105     4.324 f  u_transport/i___788_i_1__0/O
                         net (fo=111, routed)         1.998     6.322    u_core/u_puf/ctrl_inst/reset_release_reg[1]_0
    SLICE_X102Y63        LUT6 (Prop_lut6_I0_O)        0.105     6.427 r  u_core/u_puf/ctrl_inst/reset_release[1]_i_2/O
                         net (fo=1, routed)           0.907     7.334    u_core/u_puf/ctrl_inst/reset_release[1]_i_2_n_2
    SLICE_X95Y69         LUT5 (Prop_lut5_I0_O)        0.105     7.439 f  u_core/u_puf/ctrl_inst/reset_release[1]_i_1/O
                         net (fo=4, routed)           0.539     7.979    u_core/u_puf/counter1/reset_release_reg[1]_0
    SLICE_X95Y69         FDCE                                         f  u_core/u_puf/counter1/reset_release_reg[1]/CLR
  -------------------------------------------------------------------    -------------------

Slack:                    inf
  Source:                 u_core/u_puf/counter1/reset_release_reg[1]/C
                            (rising edge-triggered cell FDCE)
  Destination:            u_core/u_puf/counter1/q_reg[0]/CLR
  Path Group:             (none)
  Path Type:              Max at Slow Process Corner
  Data Path Delay:        2.429ns  (logic 0.590ns (24.285%)  route 1.839ns (75.715%))
  Logic Levels:           2  (FDCE=1 LUT1=1)

    Location             Delay type                Incr(ns)  Path(ns)    Netlist Resource(s)
  -------------------------------------------------------------------    -------------------
    SLICE_X95Y69         FDCE                         0.000     0.000 r  u_core/u_puf/counter1/reset_release_reg[1]/C
    SLICE_X95Y69         FDCE (Prop_fdce_C_Q)         0.348     0.348 r  u_core/u_puf/counter1/reset_release_reg[1]/Q
                         net (fo=1, routed)           0.555     0.903    u_core/u_puf/counter1/reset_release[1]
    SLICE_X94Y69         LUT1 (Prop_lut1_I0_O)        0.242     1.145 f  u_core/u_puf/counter1/en_meta_i_1__0/O
                         net (fo=34, routed)          1.284     2.429    u_core/u_puf/counter1/en_meta_i_1__0_n_2
    SLICE_X95Y60         FDCE                                         f  u_core/u_puf/counter1/q_reg[0]/CLR
  -------------------------------------------------------------------    -------------------

Slack:                    inf
  Source:                 u_core/u_puf/counter1/reset_release_reg[1]/C
                            (rising edge-triggered cell FDCE)
  Destination:            u_core/u_puf/counter1/q_reg[1]/CLR
  Path Group:             (none)
  Path Type:              Max at Slow Process Corner
  Data Path Delay:        2.429ns  (logic 0.590ns (24.285%)  route 1.839ns (75.715%))
  Logic Levels:           2  (FDCE=1 LUT1=1)

    Location             Delay type                Incr(ns)  Path(ns)    Netlist Resource(s)
  -------------------------------------------------------------------    -------------------
    SLICE_X95Y69         FDCE                         0.000     0.000 r  u_core/u_puf/counter1/reset_release_reg[1]/C
    SLICE_X95Y69         FDCE (Prop_fdce_C_Q)         0.348     0.348 r  u_core/u_puf/counter1/reset_release_reg[1]/Q
                         net (fo=1, routed)           0.555     0.903    u_core/u_puf/counter1/reset_release[1]
    SLICE_X94Y69         LUT1 (Prop_lut1_I0_O)        0.242     1.145 f  u_core/u_puf/counter1/en_meta_i_1__0/O
                         net (fo=34, routed)          1.284     2.429    u_core/u_puf/counter1/en_meta_i_1__0_n_2
    SLICE_X95Y60         FDCE                                         f  u_core/u_puf/counter1/q_reg[1]/CLR
  -------------------------------------------------------------------    -------------------

Slack:                    inf
  Source:                 u_core/u_puf/counter1/reset_release_reg[1]/C
                            (rising edge-triggered cell FDCE)
  Destination:            u_core/u_puf/counter1/q_reg[2]/CLR
  Path Group:             (none)
  Path Type:              Max at Slow Process Corner
  Data Path Delay:        2.429ns  (logic 0.590ns (24.285%)  route 1.839ns (75.715%))
  Logic Levels:           2  (FDCE=1 LUT1=1)

    Location             Delay type                Incr(ns)  Path(ns)    Netlist Resource(s)
  -------------------------------------------------------------------    -------------------
    SLICE_X95Y69         FDCE                         0.000     0.000 r  u_core/u_puf/counter1/reset_release_reg[1]/C
    SLICE_X95Y69         FDCE (Prop_fdce_C_Q)         0.348     0.348 r  u_core/u_puf/counter1/reset_release_reg[1]/Q
                         net (fo=1, routed)           0.555     0.903    u_core/u_puf/counter1/reset_release[1]
    SLICE_X94Y69         LUT1 (Prop_lut1_I0_O)        0.242     1.145 f  u_core/u_puf/counter1/en_meta_i_1__0/O
                         net (fo=34, routed)          1.284     2.429    u_core/u_puf/counter1/en_meta_i_1__0_n_2
    SLICE_X95Y60         FDCE                                         f  u_core/u_puf/counter1/q_reg[2]/CLR
  -------------------------------------------------------------------    -------------------

Slack:                    inf
  Source:                 u_core/u_puf/counter1/reset_release_reg[1]/C
                            (rising edge-triggered cell FDCE)
  Destination:            u_core/u_puf/counter1/q_reg[3]/CLR
  Path Group:             (none)
  Path Type:              Max at Slow Process Corner
  Data Path Delay:        2.429ns  (logic 0.590ns (24.285%)  route 1.839ns (75.715%))
  Logic Levels:           2  (FDCE=1 LUT1=1)

    Location             Delay type                Incr(ns)  Path(ns)    Netlist Resource(s)
  -------------------------------------------------------------------    -------------------
    SLICE_X95Y69         FDCE                         0.000     0.000 r  u_core/u_puf/counter1/reset_release_reg[1]/C
    SLICE_X95Y69         FDCE (Prop_fdce_C_Q)         0.348     0.348 r  u_core/u_puf/counter1/reset_release_reg[1]/Q
                         net (fo=1, routed)           0.555     0.903    u_core/u_puf/counter1/reset_release[1]
    SLICE_X94Y69         LUT1 (Prop_lut1_I0_O)        0.242     1.145 f  u_core/u_puf/counter1/en_meta_i_1__0/O
                         net (fo=34, routed)          1.284     2.429    u_core/u_puf/counter1/en_meta_i_1__0_n_2
    SLICE_X95Y60         FDCE                                         f  u_core/u_puf/counter1/q_reg[3]/CLR
  -------------------------------------------------------------------    -------------------

Slack:                    inf
  Source:                 u_core/u_puf/counter1/reset_release_reg[1]/C
                            (rising edge-triggered cell FDCE)
  Destination:            u_core/u_puf/counter1/q_reg[4]/CLR
  Path Group:             (none)
  Path Type:              Max at Slow Process Corner
  Data Path Delay:        2.343ns  (logic 0.590ns (25.183%)  route 1.753ns (74.817%))
  Logic Levels:           2  (FDCE=1 LUT1=1)

    Location             Delay type                Incr(ns)  Path(ns)    Netlist Resource(s)
  -------------------------------------------------------------------    -------------------
    SLICE_X95Y69         FDCE                         0.000     0.000 r  u_core/u_puf/counter1/reset_release_reg[1]/C
    SLICE_X95Y69         FDCE (Prop_fdce_C_Q)         0.348     0.348 r  u_core/u_puf/counter1/reset_release_reg[1]/Q
                         net (fo=1, routed)           0.555     0.903    u_core/u_puf/counter1/reset_release[1]
    SLICE_X94Y69         LUT1 (Prop_lut1_I0_O)        0.242     1.145 f  u_core/u_puf/counter1/en_meta_i_1__0/O
                         net (fo=34, routed)          1.197     2.343    u_core/u_puf/counter1/en_meta_i_1__0_n_2
    SLICE_X95Y61         FDCE                                         f  u_core/u_puf/counter1/q_reg[4]/CLR
  -------------------------------------------------------------------    -------------------

Slack:                    inf
  Source:                 u_core/u_puf/counter1/reset_release_reg[1]/C
                            (rising edge-triggered cell FDCE)
  Destination:            u_core/u_puf/counter1/q_reg[5]/CLR
  Path Group:             (none)
  Path Type:              Max at Slow Process Corner
  Data Path Delay:        2.343ns  (logic 0.590ns (25.183%)  route 1.753ns (74.817%))
  Logic Levels:           2  (FDCE=1 LUT1=1)

    Location             Delay type                Incr(ns)  Path(ns)    Netlist Resource(s)
  -------------------------------------------------------------------    -------------------
    SLICE_X95Y69         FDCE                         0.000     0.000 r  u_core/u_puf/counter1/reset_release_reg[1]/C
    SLICE_X95Y69         FDCE (Prop_fdce_C_Q)         0.348     0.348 r  u_core/u_puf/counter1/reset_release_reg[1]/Q
                         net (fo=1, routed)           0.555     0.903    u_core/u_puf/counter1/reset_release[1]
    SLICE_X94Y69         LUT1 (Prop_lut1_I0_O)        0.242     1.145 f  u_core/u_puf/counter1/en_meta_i_1__0/O
                         net (fo=34, routed)          1.197     2.343    u_core/u_puf/counter1/en_meta_i_1__0_n_2
    SLICE_X95Y61         FDCE                                         f  u_core/u_puf/counter1/q_reg[5]/CLR
  -------------------------------------------------------------------    -------------------

Slack:                    inf
  Source:                 u_core/u_puf/counter1/reset_release_reg[1]/C
                            (rising edge-triggered cell FDCE)
  Destination:            u_core/u_puf/counter1/q_reg[6]/CLR
  Path Group:             (none)
  Path Type:              Max at Slow Process Corner
  Data Path Delay:        2.343ns  (logic 0.590ns (25.183%)  route 1.753ns (74.817%))
  Logic Levels:           2  (FDCE=1 LUT1=1)

    Location             Delay type                Incr(ns)  Path(ns)    Netlist Resource(s)
  -------------------------------------------------------------------    -------------------
    SLICE_X95Y69         FDCE                         0.000     0.000 r  u_core/u_puf/counter1/reset_release_reg[1]/C
    SLICE_X95Y69         FDCE (Prop_fdce_C_Q)         0.348     0.348 r  u_core/u_puf/counter1/reset_release_reg[1]/Q
                         net (fo=1, routed)           0.555     0.903    u_core/u_puf/counter1/reset_release[1]
    SLICE_X94Y69         LUT1 (Prop_lut1_I0_O)        0.242     1.145 f  u_core/u_puf/counter1/en_meta_i_1__0/O
                         net (fo=34, routed)          1.197     2.343    u_core/u_puf/counter1/en_meta_i_1__0_n_2
    SLICE_X95Y61         FDCE                                         f  u_core/u_puf/counter1/q_reg[6]/CLR
  -------------------------------------------------------------------    -------------------

Slack:                    inf
  Source:                 u_core/u_puf/counter1/reset_release_reg[1]/C
                            (rising edge-triggered cell FDCE)
  Destination:            u_core/u_puf/counter1/q_reg[7]/CLR
  Path Group:             (none)
  Path Type:              Max at Slow Process Corner
  Data Path Delay:        2.343ns  (logic 0.590ns (25.183%)  route 1.753ns (74.817%))
  Logic Levels:           2  (FDCE=1 LUT1=1)

    Location             Delay type                Incr(ns)  Path(ns)    Netlist Resource(s)
  -------------------------------------------------------------------    -------------------
    SLICE_X95Y69         FDCE                         0.000     0.000 r  u_core/u_puf/counter1/reset_release_reg[1]/C
    SLICE_X95Y69         FDCE (Prop_fdce_C_Q)         0.348     0.348 r  u_core/u_puf/counter1/reset_release_reg[1]/Q
                         net (fo=1, routed)           0.555     0.903    u_core/u_puf/counter1/reset_release[1]
    SLICE_X94Y69         LUT1 (Prop_lut1_I0_O)        0.242     1.145 f  u_core/u_puf/counter1/en_meta_i_1__0/O
                         net (fo=34, routed)          1.197     2.343    u_core/u_puf/counter1/en_meta_i_1__0_n_2
    SLICE_X95Y61         FDCE                                         f  u_core/u_puf/counter1/q_reg[7]/CLR
  -------------------------------------------------------------------    -------------------

Slack:                    inf
  Source:                 u_core/u_puf/counter1/reset_release_reg[1]/C
                            (rising edge-triggered cell FDCE)
  Destination:            u_core/u_puf/counter1/q_reg[10]/CLR
  Path Group:             (none)
  Path Type:              Max at Slow Process Corner
  Data Path Delay:        2.310ns  (logic 0.590ns (25.537%)  route 1.720ns (74.463%))
  Logic Levels:           2  (FDCE=1 LUT1=1)

    Location             Delay type                Incr(ns)  Path(ns)    Netlist Resource(s)
  -------------------------------------------------------------------    -------------------
    SLICE_X95Y69         FDCE                         0.000     0.000 r  u_core/u_puf/counter1/reset_release_reg[1]/C
    SLICE_X95Y69         FDCE (Prop_fdce_C_Q)         0.348     0.348 r  u_core/u_puf/counter1/reset_release_reg[1]/Q
                         net (fo=1, routed)           0.555     0.903    u_core/u_puf/counter1/reset_release[1]
    SLICE_X94Y69         LUT1 (Prop_lut1_I0_O)        0.242     1.145 f  u_core/u_puf/counter1/en_meta_i_1__0/O
                         net (fo=34, routed)          1.165     2.310    u_core/u_puf/counter1/en_meta_i_1__0_n_2
    SLICE_X95Y62         FDCE                                         f  u_core/u_puf/counter1/q_reg[10]/CLR
  -------------------------------------------------------------------    -------------------

Slack:                    inf
  Source:                 u_core/u_puf/counter1/reset_release_reg[1]/C
                            (rising edge-triggered cell FDCE)
  Destination:            u_core/u_puf/counter1/q_reg[11]/CLR
  Path Group:             (none)
  Path Type:              Max at Slow Process Corner
  Data Path Delay:        2.310ns  (logic 0.590ns (25.537%)  route 1.720ns (74.463%))
  Logic Levels:           2  (FDCE=1 LUT1=1)

    Location             Delay type                Incr(ns)  Path(ns)    Netlist Resource(s)
  -------------------------------------------------------------------    -------------------
    SLICE_X95Y69         FDCE                         0.000     0.000 r  u_core/u_puf/counter1/reset_release_reg[1]/C
    SLICE_X95Y69         FDCE (Prop_fdce_C_Q)         0.348     0.348 r  u_core/u_puf/counter1/reset_release_reg[1]/Q
                         net (fo=1, routed)           0.555     0.903    u_core/u_puf/counter1/reset_release[1]
    SLICE_X94Y69         LUT1 (Prop_lut1_I0_O)        0.242     1.145 f  u_core/u_puf/counter1/en_meta_i_1__0/O
                         net (fo=34, routed)          1.165     2.310    u_core/u_puf/counter1/en_meta_i_1__0_n_2
    SLICE_X95Y62         FDCE                                         f  u_core/u_puf/counter1/q_reg[11]/CLR
  -------------------------------------------------------------------    -------------------

Slack:                    inf
  Source:                 u_core/u_puf/counter1/reset_release_reg[1]/C
                            (rising edge-triggered cell FDCE)
  Destination:            u_core/u_puf/counter1/q_reg[8]/CLR
  Path Group:             (none)
  Path Type:              Max at Slow Process Corner
  Data Path Delay:        2.310ns  (logic 0.590ns (25.537%)  route 1.720ns (74.463%))
  Logic Levels:           2  (FDCE=1 LUT1=1)

    Location             Delay type                Incr(ns)  Path(ns)    Netlist Resource(s)
  -------------------------------------------------------------------    -------------------
    SLICE_X95Y69         FDCE                         0.000     0.000 r  u_core/u_puf/counter1/reset_release_reg[1]/C
    SLICE_X95Y69         FDCE (Prop_fdce_C_Q)         0.348     0.348 r  u_core/u_puf/counter1/reset_release_reg[1]/Q
                         net (fo=1, routed)           0.555     0.903    u_core/u_puf/counter1/reset_release[1]
    SLICE_X94Y69         LUT1 (Prop_lut1_I0_O)        0.242     1.145 f  u_core/u_puf/counter1/en_meta_i_1__0/O
                         net (fo=34, routed)          1.165     2.310    u_core/u_puf/counter1/en_meta_i_1__0_n_2
    SLICE_X95Y62         FDCE                                         f  u_core/u_puf/counter1/q_reg[8]/CLR
  -------------------------------------------------------------------    -------------------

Slack:                    inf
  Source:                 u_core/u_puf/counter1/reset_release_reg[1]/C
                            (rising edge-triggered cell FDCE)
  Destination:            u_core/u_puf/counter1/q_reg[9]/CLR
  Path Group:             (none)
  Path Type:              Max at Slow Process Corner
  Data Path Delay:        2.310ns  (logic 0.590ns (25.537%)  route 1.720ns (74.463%))
  Logic Levels:           2  (FDCE=1 LUT1=1)

    Location             Delay type                Incr(ns)  Path(ns)    Netlist Resource(s)
  -------------------------------------------------------------------    -------------------
    SLICE_X95Y69         FDCE                         0.000     0.000 r  u_core/u_puf/counter1/reset_release_reg[1]/C
    SLICE_X95Y69         FDCE (Prop_fdce_C_Q)         0.348     0.348 r  u_core/u_puf/counter1/reset_release_reg[1]/Q
                         net (fo=1, routed)           0.555     0.903    u_core/u_puf/counter1/reset_release[1]
    SLICE_X94Y69         LUT1 (Prop_lut1_I0_O)        0.242     1.145 f  u_core/u_puf/counter1/en_meta_i_1__0/O
                         net (fo=34, routed)          1.165     2.310    u_core/u_puf/counter1/en_meta_i_1__0_n_2
    SLICE_X95Y62         FDCE                                         f  u_core/u_puf/counter1/q_reg[9]/CLR
  -------------------------------------------------------------------    -------------------

Slack:                    inf
  Source:                 u_core/u_puf/counter0/reset_release_reg[1]/C
                            (rising edge-triggered cell FDCE)
  Destination:            u_core/u_puf/counter0/q_reg[0]/CLR
  Path Group:             (none)
  Path Type:              Max at Slow Process Corner
  Data Path Delay:        2.297ns  (logic 0.630ns (27.431%)  route 1.667ns (72.569%))
  Logic Levels:           2  (FDCE=1 LUT1=1)

    Location             Delay type                Incr(ns)  Path(ns)    Netlist Resource(s)
  -------------------------------------------------------------------    -------------------
    SLICE_X94Y69         FDCE                         0.000     0.000 r  u_core/u_puf/counter0/reset_release_reg[1]/C
    SLICE_X94Y69         FDCE (Prop_fdce_C_Q)         0.398     0.398 r  u_core/u_puf/counter0/reset_release_reg[1]/Q
                         net (fo=1, routed)           0.691     1.089    u_core/u_puf/counter0/reset_release[1]
    SLICE_X94Y69         LUT1 (Prop_lut1_I0_O)        0.232     1.321 f  u_core/u_puf/counter0/en_meta_i_1/O
                         net (fo=34, routed)          0.976     2.297    u_core/u_puf/counter0/en_meta_i_1_n_2
    SLICE_X96Y62         FDCE                                         f  u_core/u_puf/counter0/q_reg[0]/CLR
  -------------------------------------------------------------------    -------------------

Slack:                    inf
  Source:                 u_core/u_puf/counter0/reset_release_reg[1]/C
                            (rising edge-triggered cell FDCE)
  Destination:            u_core/u_puf/counter0/q_reg[1]/CLR
  Path Group:             (none)
  Path Type:              Max at Slow Process Corner
  Data Path Delay:        2.297ns  (logic 0.630ns (27.431%)  route 1.667ns (72.569%))
  Logic Levels:           2  (FDCE=1 LUT1=1)

    Location             Delay type                Incr(ns)  Path(ns)    Netlist Resource(s)
  -------------------------------------------------------------------    -------------------
    SLICE_X94Y69         FDCE                         0.000     0.000 r  u_core/u_puf/counter0/reset_release_reg[1]/C
    SLICE_X94Y69         FDCE (Prop_fdce_C_Q)         0.398     0.398 r  u_core/u_puf/counter0/reset_release_reg[1]/Q
                         net (fo=1, routed)           0.691     1.089    u_core/u_puf/counter0/reset_release[1]
    SLICE_X94Y69         LUT1 (Prop_lut1_I0_O)        0.232     1.321 f  u_core/u_puf/counter0/en_meta_i_1/O
                         net (fo=34, routed)          0.976     2.297    u_core/u_puf/counter0/en_meta_i_1_n_2
    SLICE_X96Y62         FDCE                                         f  u_core/u_puf/counter0/q_reg[1]/CLR
  -------------------------------------------------------------------    -------------------

Slack:                    inf
  Source:                 u_core/u_puf/counter0/reset_release_reg[1]/C
                            (rising edge-triggered cell FDCE)
  Destination:            u_core/u_puf/counter0/q_reg[2]/CLR
  Path Group:             (none)
  Path Type:              Max at Slow Process Corner
  Data Path Delay:        2.297ns  (logic 0.630ns (27.431%)  route 1.667ns (72.569%))
  Logic Levels:           2  (FDCE=1 LUT1=1)

    Location             Delay type                Incr(ns)  Path(ns)    Netlist Resource(s)
  -------------------------------------------------------------------    -------------------
    SLICE_X94Y69         FDCE                         0.000     0.000 r  u_core/u_puf/counter0/reset_release_reg[1]/C
    SLICE_X94Y69         FDCE (Prop_fdce_C_Q)         0.398     0.398 r  u_core/u_puf/counter0/reset_release_reg[1]/Q
                         net (fo=1, routed)           0.691     1.089    u_core/u_puf/counter0/reset_release[1]
    SLICE_X94Y69         LUT1 (Prop_lut1_I0_O)        0.232     1.321 f  u_core/u_puf/counter0/en_meta_i_1/O
                         net (fo=34, routed)          0.976     2.297    u_core/u_puf/counter0/en_meta_i_1_n_2
    SLICE_X96Y62         FDCE                                         f  u_core/u_puf/counter0/q_reg[2]/CLR
  -------------------------------------------------------------------    -------------------

Slack:                    inf
  Source:                 u_core/u_puf/counter0/reset_release_reg[1]/C
                            (rising edge-triggered cell FDCE)
  Destination:            u_core/u_puf/counter0/q_reg[3]/CLR
  Path Group:             (none)
  Path Type:              Max at Slow Process Corner
  Data Path Delay:        2.297ns  (logic 0.630ns (27.431%)  route 1.667ns (72.569%))
  Logic Levels:           2  (FDCE=1 LUT1=1)

    Location             Delay type                Incr(ns)  Path(ns)    Netlist Resource(s)
  -------------------------------------------------------------------    -------------------
    SLICE_X94Y69         FDCE                         0.000     0.000 r  u_core/u_puf/counter0/reset_release_reg[1]/C
    SLICE_X94Y69         FDCE (Prop_fdce_C_Q)         0.398     0.398 r  u_core/u_puf/counter0/reset_release_reg[1]/Q
                         net (fo=1, routed)           0.691     1.089    u_core/u_puf/counter0/reset_release[1]
    SLICE_X94Y69         LUT1 (Prop_lut1_I0_O)        0.232     1.321 f  u_core/u_puf/counter0/en_meta_i_1/O
                         net (fo=34, routed)          0.976     2.297    u_core/u_puf/counter0/en_meta_i_1_n_2
    SLICE_X96Y62         FDCE                                         f  u_core/u_puf/counter0/q_reg[3]/CLR
  -------------------------------------------------------------------    -------------------





Min Delay Paths
--------------------------------------------------------------------------------------
Slack:                    inf
  Source:                 u_core/u_puf/counter0/en_meta_reg/C
                            (rising edge-triggered cell FDCE)
  Destination:            u_core/u_puf/counter0/en_sync_reg/D
  Path Group:             (none)
  Path Type:              Min at Fast Process Corner
  Data Path Delay:        0.196ns  (logic 0.141ns (71.838%)  route 0.055ns (28.162%))
  Logic Levels:           1  (FDCE=1)

    Location             Delay type                Incr(ns)  Path(ns)    Netlist Resource(s)
  -------------------------------------------------------------------    -------------------
    SLICE_X97Y67         FDCE                         0.000     0.000 r  u_core/u_puf/counter0/en_meta_reg/C
    SLICE_X97Y67         FDCE (Prop_fdce_C_Q)         0.141     0.141 r  u_core/u_puf/counter0/en_meta_reg/Q
                         net (fo=1, routed)           0.055     0.196    u_core/u_puf/counter0/en_meta
    SLICE_X97Y67         FDCE                                         r  u_core/u_puf/counter0/en_sync_reg/D
  -------------------------------------------------------------------    -------------------

Slack:                    inf
  Source:                 u_core/u_puf/counter1/en_meta_reg/C
                            (rising edge-triggered cell FDCE)
  Destination:            u_core/u_puf/counter1/en_sync_reg/D
  Path Group:             (none)
  Path Type:              Min at Fast Process Corner
  Data Path Delay:        0.196ns  (logic 0.141ns (71.838%)  route 0.055ns (28.162%))
  Logic Levels:           1  (FDCE=1)

    Location             Delay type                Incr(ns)  Path(ns)    Netlist Resource(s)
  -------------------------------------------------------------------    -------------------
    SLICE_X97Y66         FDCE                         0.000     0.000 r  u_core/u_puf/counter1/en_meta_reg/C
    SLICE_X97Y66         FDCE (Prop_fdce_C_Q)         0.141     0.141 r  u_core/u_puf/counter1/en_meta_reg/Q
                         net (fo=1, routed)           0.055     0.196    u_core/u_puf/counter1/en_meta
    SLICE_X97Y66         FDCE                                         r  u_core/u_puf/counter1/en_sync_reg/D
  -------------------------------------------------------------------    -------------------

Slack:                    inf
  Source:                 u_core/u_puf/counter1/reset_release_reg[0]/C
                            (rising edge-triggered cell FDCE)
  Destination:            u_core/u_puf/counter1/reset_release_reg[1]/D
  Path Group:             (none)
  Path Type:              Min at Fast Process Corner
  Data Path Delay:        0.196ns  (logic 0.141ns (71.838%)  route 0.055ns (28.162%))
  Logic Levels:           1  (FDCE=1)

    Location             Delay type                Incr(ns)  Path(ns)    Netlist Resource(s)
  -------------------------------------------------------------------    -------------------
    SLICE_X95Y69         FDCE                         0.000     0.000 r  u_core/u_puf/counter1/reset_release_reg[0]/C
    SLICE_X95Y69         FDCE (Prop_fdce_C_Q)         0.141     0.141 r  u_core/u_puf/counter1/reset_release_reg[0]/Q
                         net (fo=1, routed)           0.055     0.196    u_core/u_puf/counter1/reset_release[0]
    SLICE_X95Y69         FDCE                                         r  u_core/u_puf/counter1/reset_release_reg[1]/D
  -------------------------------------------------------------------    -------------------

Slack:                    inf
  Source:                 u_core/u_puf/counter0/reset_release_reg[0]/C
                            (rising edge-triggered cell FDCE)
  Destination:            u_core/u_puf/counter0/reset_release_reg[1]/D
  Path Group:             (none)
  Path Type:              Min at Fast Process Corner
  Data Path Delay:        0.219ns  (logic 0.164ns (74.792%)  route 0.055ns (25.208%))
  Logic Levels:           1  (FDCE=1)

    Location             Delay type                Incr(ns)  Path(ns)    Netlist Resource(s)
  -------------------------------------------------------------------    -------------------
    SLICE_X94Y69         FDCE                         0.000     0.000 r  u_core/u_puf/counter0/reset_release_reg[0]/C
    SLICE_X94Y69         FDCE (Prop_fdce_C_Q)         0.164     0.164 r  u_core/u_puf/counter0/reset_release_reg[0]/Q
                         net (fo=1, routed)           0.055     0.219    u_core/u_puf/counter0/reset_release[0]
    SLICE_X94Y69         FDCE                                         r  u_core/u_puf/counter0/reset_release_reg[1]/D
  -------------------------------------------------------------------    -------------------

Slack:                    inf
  Source:                 u_core/u_puf/counter0/en_sync_reg/C
                            (rising edge-triggered cell FDCE)
  Destination:            u_core/u_puf/counter0/q_reg[24]/CE
  Path Group:             (none)
  Path Type:              Min at Fast Process Corner
  Data Path Delay:        0.254ns  (logic 0.128ns (50.297%)  route 0.126ns (49.703%))
  Logic Levels:           1  (FDCE=1)

    Location             Delay type                Incr(ns)  Path(ns)    Netlist Resource(s)
  -------------------------------------------------------------------    -------------------
    SLICE_X97Y67         FDCE                         0.000     0.000 r  u_core/u_puf/counter0/en_sync_reg/C
    SLICE_X97Y67         FDCE (Prop_fdce_C_Q)         0.128     0.128 r  u_core/u_puf/counter0/en_sync_reg/Q
                         net (fo=32, routed)          0.126     0.254    u_core/u_puf/counter0/en_sync
    SLICE_X96Y68         FDCE                                         r  u_core/u_puf/counter0/q_reg[24]/CE
  -------------------------------------------------------------------    -------------------

Slack:                    inf
  Source:                 u_core/u_puf/counter0/en_sync_reg/C
                            (rising edge-triggered cell FDCE)
  Destination:            u_core/u_puf/counter0/q_reg[25]/CE
  Path Group:             (none)
  Path Type:              Min at Fast Process Corner
  Data Path Delay:        0.254ns  (logic 0.128ns (50.297%)  route 0.126ns (49.703%))
  Logic Levels:           1  (FDCE=1)

    Location             Delay type                Incr(ns)  Path(ns)    Netlist Resource(s)
  -------------------------------------------------------------------    -------------------
    SLICE_X97Y67         FDCE                         0.000     0.000 r  u_core/u_puf/counter0/en_sync_reg/C
    SLICE_X97Y67         FDCE (Prop_fdce_C_Q)         0.128     0.128 r  u_core/u_puf/counter0/en_sync_reg/Q
                         net (fo=32, routed)          0.126     0.254    u_core/u_puf/counter0/en_sync
    SLICE_X96Y68         FDCE                                         r  u_core/u_puf/counter0/q_reg[25]/CE
  -------------------------------------------------------------------    -------------------

Slack:                    inf
  Source:                 u_core/u_puf/counter0/en_sync_reg/C
                            (rising edge-triggered cell FDCE)
  Destination:            u_core/u_puf/counter0/q_reg[26]/CE
  Path Group:             (none)
  Path Type:              Min at Fast Process Corner
  Data Path Delay:        0.254ns  (logic 0.128ns (50.297%)  route 0.126ns (49.703%))
  Logic Levels:           1  (FDCE=1)

    Location             Delay type                Incr(ns)  Path(ns)    Netlist Resource(s)
  -------------------------------------------------------------------    -------------------
    SLICE_X97Y67         FDCE                         0.000     0.000 r  u_core/u_puf/counter0/en_sync_reg/C
    SLICE_X97Y67         FDCE (Prop_fdce_C_Q)         0.128     0.128 r  u_core/u_puf/counter0/en_sync_reg/Q
                         net (fo=32, routed)          0.126     0.254    u_core/u_puf/counter0/en_sync
    SLICE_X96Y68         FDCE                                         r  u_core/u_puf/counter0/q_reg[26]/CE
  -------------------------------------------------------------------    -------------------

Slack:                    inf
  Source:                 u_core/u_puf/counter0/en_sync_reg/C
                            (rising edge-triggered cell FDCE)
  Destination:            u_core/u_puf/counter0/q_reg[27]/CE
  Path Group:             (none)
  Path Type:              Min at Fast Process Corner
  Data Path Delay:        0.254ns  (logic 0.128ns (50.297%)  route 0.126ns (49.703%))
  Logic Levels:           1  (FDCE=1)

    Location             Delay type                Incr(ns)  Path(ns)    Netlist Resource(s)
  -------------------------------------------------------------------    -------------------
    SLICE_X97Y67         FDCE                         0.000     0.000 r  u_core/u_puf/counter0/en_sync_reg/C
    SLICE_X97Y67         FDCE (Prop_fdce_C_Q)         0.128     0.128 r  u_core/u_puf/counter0/en_sync_reg/Q
                         net (fo=32, routed)          0.126     0.254    u_core/u_puf/counter0/en_sync
    SLICE_X96Y68         FDCE                                         r  u_core/u_puf/counter0/q_reg[27]/CE
  -------------------------------------------------------------------    -------------------

Slack:                    inf
  Source:                 u_core/u_puf/counter1/en_sync_reg/C
                            (rising edge-triggered cell FDCE)
  Destination:            u_core/u_puf/counter1/q_reg[24]/CE
  Path Group:             (none)
  Path Type:              Min at Fast Process Corner
  Data Path Delay:        0.256ns  (logic 0.128ns (49.949%)  route 0.128ns (50.051%))
  Logic Levels:           1  (FDCE=1)

    Location             Delay type                Incr(ns)  Path(ns)    Netlist Resource(s)
  -------------------------------------------------------------------    -------------------
    SLICE_X97Y66         FDCE                         0.000     0.000 r  u_core/u_puf/counter1/en_sync_reg/C
    SLICE_X97Y66         FDCE (Prop_fdce_C_Q)         0.128     0.128 r  u_core/u_puf/counter1/en_sync_reg/Q
                         net (fo=32, routed)          0.128     0.256    u_core/u_puf/counter1/en_sync
    SLICE_X95Y66         FDCE                                         r  u_core/u_puf/counter1/q_reg[24]/CE
  -------------------------------------------------------------------    -------------------

Slack:                    inf
  Source:                 u_core/u_puf/counter1/en_sync_reg/C
                            (rising edge-triggered cell FDCE)
  Destination:            u_core/u_puf/counter1/q_reg[25]/CE
  Path Group:             (none)
  Path Type:              Min at Fast Process Corner
  Data Path Delay:        0.256ns  (logic 0.128ns (49.949%)  route 0.128ns (50.051%))
  Logic Levels:           1  (FDCE=1)

    Location             Delay type                Incr(ns)  Path(ns)    Netlist Resource(s)
  -------------------------------------------------------------------    -------------------
    SLICE_X97Y66         FDCE                         0.000     0.000 r  u_core/u_puf/counter1/en_sync_reg/C
    SLICE_X97Y66         FDCE (Prop_fdce_C_Q)         0.128     0.128 r  u_core/u_puf/counter1/en_sync_reg/Q
                         net (fo=32, routed)          0.128     0.256    u_core/u_puf/counter1/en_sync
    SLICE_X95Y66         FDCE                                         r  u_core/u_puf/counter1/q_reg[25]/CE
  -------------------------------------------------------------------    -------------------

Slack:                    inf
  Source:                 u_core/u_puf/counter1/en_sync_reg/C
                            (rising edge-triggered cell FDCE)
  Destination:            u_core/u_puf/counter1/q_reg[26]/CE
  Path Group:             (none)
  Path Type:              Min at Fast Process Corner
  Data Path Delay:        0.256ns  (logic 0.128ns (49.949%)  route 0.128ns (50.051%))
  Logic Levels:           1  (FDCE=1)

    Location             Delay type                Incr(ns)  Path(ns)    Netlist Resource(s)
  -------------------------------------------------------------------    -------------------
    SLICE_X97Y66         FDCE                         0.000     0.000 r  u_core/u_puf/counter1/en_sync_reg/C
    SLICE_X97Y66         FDCE (Prop_fdce_C_Q)         0.128     0.128 r  u_core/u_puf/counter1/en_sync_reg/Q
                         net (fo=32, routed)          0.128     0.256    u_core/u_puf/counter1/en_sync
    SLICE_X95Y66         FDCE                                         r  u_core/u_puf/counter1/q_reg[26]/CE
  -------------------------------------------------------------------    -------------------

Slack:                    inf
  Source:                 u_core/u_puf/counter1/en_sync_reg/C
                            (rising edge-triggered cell FDCE)
  Destination:            u_core/u_puf/counter1/q_reg[27]/CE
  Path Group:             (none)
  Path Type:              Min at Fast Process Corner
  Data Path Delay:        0.256ns  (logic 0.128ns (49.949%)  route 0.128ns (50.051%))
  Logic Levels:           1  (FDCE=1)

    Location             Delay type                Incr(ns)  Path(ns)    Netlist Resource(s)
  -------------------------------------------------------------------    -------------------
    SLICE_X97Y66         FDCE                         0.000     0.000 r  u_core/u_puf/counter1/en_sync_reg/C
    SLICE_X97Y66         FDCE (Prop_fdce_C_Q)         0.128     0.128 r  u_core/u_puf/counter1/en_sync_reg/Q
                         net (fo=32, routed)          0.128     0.256    u_core/u_puf/counter1/en_sync
    SLICE_X95Y66         FDCE                                         r  u_core/u_puf/counter1/q_reg[27]/CE
  -------------------------------------------------------------------    -------------------

Slack:                    inf
  Source:                 u_core/u_puf/counter1/en_sync_reg/C
                            (rising edge-triggered cell FDCE)
  Destination:            u_core/u_puf/counter1/q_reg[28]/CE
  Path Group:             (none)
  Path Type:              Min at Fast Process Corner
  Data Path Delay:        0.257ns  (logic 0.128ns (49.714%)  route 0.129ns (50.286%))
  Logic Levels:           1  (FDCE=1)

    Location             Delay type                Incr(ns)  Path(ns)    Netlist Resource(s)
  -------------------------------------------------------------------    -------------------
    SLICE_X97Y66         FDCE                         0.000     0.000 r  u_core/u_puf/counter1/en_sync_reg/C
    SLICE_X97Y66         FDCE (Prop_fdce_C_Q)         0.128     0.128 r  u_core/u_puf/counter1/en_sync_reg/Q
                         net (fo=32, routed)          0.129     0.257    u_core/u_puf/counter1/en_sync
    SLICE_X95Y67         FDCE                                         r  u_core/u_puf/counter1/q_reg[28]/CE
  -------------------------------------------------------------------    -------------------

Slack:                    inf
  Source:                 u_core/u_puf/counter1/en_sync_reg/C
                            (rising edge-triggered cell FDCE)
  Destination:            u_core/u_puf/counter1/q_reg[29]/CE
  Path Group:             (none)
  Path Type:              Min at Fast Process Corner
  Data Path Delay:        0.257ns  (logic 0.128ns (49.714%)  route 0.129ns (50.286%))
  Logic Levels:           1  (FDCE=1)

    Location             Delay type                Incr(ns)  Path(ns)    Netlist Resource(s)
  -------------------------------------------------------------------    -------------------
    SLICE_X97Y66         FDCE                         0.000     0.000 r  u_core/u_puf/counter1/en_sync_reg/C
    SLICE_X97Y66         FDCE (Prop_fdce_C_Q)         0.128     0.128 r  u_core/u_puf/counter1/en_sync_reg/Q
                         net (fo=32, routed)          0.129     0.257    u_core/u_puf/counter1/en_sync
    SLICE_X95Y67         FDCE                                         r  u_core/u_puf/counter1/q_reg[29]/CE
  -------------------------------------------------------------------    -------------------

Slack:                    inf
  Source:                 u_core/u_puf/counter1/en_sync_reg/C
                            (rising edge-triggered cell FDCE)
  Destination:            u_core/u_puf/counter1/q_reg[30]/CE
  Path Group:             (none)
  Path Type:              Min at Fast Process Corner
  Data Path Delay:        0.257ns  (logic 0.128ns (49.714%)  route 0.129ns (50.286%))
  Logic Levels:           1  (FDCE=1)

    Location             Delay type                Incr(ns)  Path(ns)    Netlist Resource(s)
  -------------------------------------------------------------------    -------------------
    SLICE_X97Y66         FDCE                         0.000     0.000 r  u_core/u_puf/counter1/en_sync_reg/C
    SLICE_X97Y66         FDCE (Prop_fdce_C_Q)         0.128     0.128 r  u_core/u_puf/counter1/en_sync_reg/Q
                         net (fo=32, routed)          0.129     0.257    u_core/u_puf/counter1/en_sync
    SLICE_X95Y67         FDCE                                         r  u_core/u_puf/counter1/q_reg[30]/CE
  -------------------------------------------------------------------    -------------------

Slack:                    inf
  Source:                 u_core/u_puf/counter1/en_sync_reg/C
                            (rising edge-triggered cell FDCE)
  Destination:            u_core/u_puf/counter1/q_reg[31]/CE
  Path Group:             (none)
  Path Type:              Min at Fast Process Corner
  Data Path Delay:        0.257ns  (logic 0.128ns (49.714%)  route 0.129ns (50.286%))
  Logic Levels:           1  (FDCE=1)

    Location             Delay type                Incr(ns)  Path(ns)    Netlist Resource(s)
  -------------------------------------------------------------------    -------------------
    SLICE_X97Y66         FDCE                         0.000     0.000 r  u_core/u_puf/counter1/en_sync_reg/C
    SLICE_X97Y66         FDCE (Prop_fdce_C_Q)         0.128     0.128 r  u_core/u_puf/counter1/en_sync_reg/Q
                         net (fo=32, routed)          0.129     0.257    u_core/u_puf/counter1/en_sync
    SLICE_X95Y67         FDCE                                         r  u_core/u_puf/counter1/q_reg[31]/CE
  -------------------------------------------------------------------    -------------------

Slack:                    inf
  Source:                 u_core/u_puf/counter0/en_sync_reg/C
                            (rising edge-triggered cell FDCE)
  Destination:            u_core/u_puf/counter0/q_reg[28]/CE
  Path Group:             (none)
  Path Type:              Min at Fast Process Corner
  Data Path Delay:        0.268ns  (logic 0.128ns (47.798%)  route 0.140ns (52.202%))
  Logic Levels:           1  (FDCE=1)

    Location             Delay type                Incr(ns)  Path(ns)    Netlist Resource(s)
  -------------------------------------------------------------------    -------------------
    SLICE_X97Y67         FDCE                         0.000     0.000 r  u_core/u_puf/counter0/en_sync_reg/C
    SLICE_X97Y67         FDCE (Prop_fdce_C_Q)         0.128     0.128 r  u_core/u_puf/counter0/en_sync_reg/Q
                         net (fo=32, routed)          0.140     0.268    u_core/u_puf/counter0/en_sync
    SLICE_X96Y69         FDCE                                         r  u_core/u_puf/counter0/q_reg[28]/CE
  -------------------------------------------------------------------    -------------------

Slack:                    inf
  Source:                 u_core/u_puf/counter0/en_sync_reg/C
                            (rising edge-triggered cell FDCE)
  Destination:            u_core/u_puf/counter0/q_reg[29]/CE
  Path Group:             (none)
  Path Type:              Min at Fast Process Corner
  Data Path Delay:        0.268ns  (logic 0.128ns (47.798%)  route 0.140ns (52.202%))
  Logic Levels:           1  (FDCE=1)

    Location             Delay type                Incr(ns)  Path(ns)    Netlist Resource(s)
  -------------------------------------------------------------------    -------------------
    SLICE_X97Y67         FDCE                         0.000     0.000 r  u_core/u_puf/counter0/en_sync_reg/C
    SLICE_X97Y67         FDCE (Prop_fdce_C_Q)         0.128     0.128 r  u_core/u_puf/counter0/en_sync_reg/Q
                         net (fo=32, routed)          0.140     0.268    u_core/u_puf/counter0/en_sync
    SLICE_X96Y69         FDCE                                         r  u_core/u_puf/counter0/q_reg[29]/CE
  -------------------------------------------------------------------    -------------------

Slack:                    inf
  Source:                 u_core/u_puf/counter0/en_sync_reg/C
                            (rising edge-triggered cell FDCE)
  Destination:            u_core/u_puf/counter0/q_reg[30]/CE
  Path Group:             (none)
  Path Type:              Min at Fast Process Corner
  Data Path Delay:        0.268ns  (logic 0.128ns (47.798%)  route 0.140ns (52.202%))
  Logic Levels:           1  (FDCE=1)

    Location             Delay type                Incr(ns)  Path(ns)    Netlist Resource(s)
  -------------------------------------------------------------------    -------------------
    SLICE_X97Y67         FDCE                         0.000     0.000 r  u_core/u_puf/counter0/en_sync_reg/C
    SLICE_X97Y67         FDCE (Prop_fdce_C_Q)         0.128     0.128 r  u_core/u_puf/counter0/en_sync_reg/Q
                         net (fo=32, routed)          0.140     0.268    u_core/u_puf/counter0/en_sync
    SLICE_X96Y69         FDCE                                         r  u_core/u_puf/counter0/q_reg[30]/CE
  -------------------------------------------------------------------    -------------------

Slack:                    inf
  Source:                 u_core/u_puf/counter0/en_sync_reg/C
                            (rising edge-triggered cell FDCE)
  Destination:            u_core/u_puf/counter0/q_reg[31]/CE
  Path Group:             (none)
  Path Type:              Min at Fast Process Corner
  Data Path Delay:        0.268ns  (logic 0.128ns (47.798%)  route 0.140ns (52.202%))
  Logic Levels:           1  (FDCE=1)

    Location             Delay type                Incr(ns)  Path(ns)    Netlist Resource(s)
  -------------------------------------------------------------------    -------------------
    SLICE_X97Y67         FDCE                         0.000     0.000 r  u_core/u_puf/counter0/en_sync_reg/C
    SLICE_X97Y67         FDCE (Prop_fdce_C_Q)         0.128     0.128 r  u_core/u_puf/counter0/en_sync_reg/Q
                         net (fo=32, routed)          0.140     0.268    u_core/u_puf/counter0/en_sync
    SLICE_X96Y69         FDCE                                         r  u_core/u_puf/counter0/q_reg[31]/CE
  -------------------------------------------------------------------    -------------------





--------------------------------------------------------------------------------------
Path Group:  (none)
From Clock:  clk_100_raw
  To Clock:  

Max Delay             9 Endpoints
Min Delay             9 Endpoints
--------------------------------------------------------------------------------------


Max Delay Paths
--------------------------------------------------------------------------------------
Slack:                    inf
  Source:                 u_transport/u_tx/o_Tx_Serial_reg/C
                            (rising edge-triggered cell FDSE clocked by clk_100_raw  {rise@0.000ns fall@5.000ns period=10.000ns})
  Destination:            UART_TXD
                            (output port)
  Path Group:             (none)
  Path Type:              Max at Slow Process Corner
  Data Path Delay:        9.141ns  (logic 3.695ns (40.425%)  route 5.446ns (59.575%))
  Logic Levels:           1  (OBUF=1)
  Clock Uncertainty:      0.124ns  ((TSJ^2 + DJ^2)^1/2) / 2 + PE
    Total System Jitter     (TSJ):    0.050ns
    Discrete Jitter          (DJ):    0.063ns
    Phase Error              (PE):    0.084ns

    Location             Delay type                Incr(ns)  Path(ns)    Netlist Resource(s)
  -------------------------------------------------------------------    -------------------
                         (clock clk_100_raw rise edge)
                                                      0.000     0.000 r  
    N18                                               0.000     0.000 r  CLK50MHZ (IN)
                         net (fo=0)                   0.000     0.000    CLK50MHZ
    N18                  IBUF (Prop_ibuf_I_O)         1.392     1.392 r  CLK50MHZ_IBUF_inst/O
                         net (fo=1, routed)           1.126     2.518    CLK50MHZ_IBUF
    PLLE2_ADV_X1Y1       PLLE2_ADV (Prop_plle2_adv_CLKIN1_CLKOUT0)
                                                     -7.569    -5.051 r  u_pll/CLKOUT0
                         net (fo=1, routed)           1.594    -3.457    clk_100_raw
    BUFGCTRL_X0Y16       BUFG (Prop_bufg_I_O)         0.085    -3.372 r  u_clk_100_bufg/O
                         net (fo=20208, routed)       1.570    -1.802    u_transport/u_tx/clk_100
    SLICE_X107Y60        FDSE                                         r  u_transport/u_tx/o_Tx_Serial_reg/C
  -------------------------------------------------------------------    -------------------
    SLICE_X107Y60        FDSE (Prop_fdse_C_Q)         0.379    -1.423 r  u_transport/u_tx/o_Tx_Serial_reg/Q
                         net (fo=1, routed)           5.446     4.023    UART_TXD_OBUF
    W9                   OBUF (Prop_obuf_I_O)         3.316     7.340 r  UART_TXD_OBUF_inst/O
                         net (fo=0)                   0.000     7.340    UART_TXD
    W9                                                                r  UART_TXD (OUT)
  -------------------------------------------------------------------    -------------------

Slack:                    inf
  Source:                 u_core/FSM_sequential_state_reg[0]/C
                            (rising edge-triggered cell FDPE clocked by clk_100_raw  {rise@0.000ns fall@5.000ns period=10.000ns})
  Destination:            LED[1]
                            (output port)
  Path Group:             (none)
  Path Type:              Max at Slow Process Corner
  Data Path Delay:        8.008ns  (logic 3.909ns (48.809%)  route 4.099ns (51.191%))
  Logic Levels:           3  (LUT2=1 LUT3=1 OBUF=1)
  Clock Uncertainty:      0.124ns  ((TSJ^2 + DJ^2)^1/2) / 2 + PE
    Total System Jitter     (TSJ):    0.050ns
    Discrete Jitter          (DJ):    0.063ns
    Phase Error              (PE):    0.084ns

    Location             Delay type                Incr(ns)  Path(ns)    Netlist Resource(s)
  -------------------------------------------------------------------    -------------------
                         (clock clk_100_raw rise edge)
                                                      0.000     0.000 r  
    N18                                               0.000     0.000 r  CLK50MHZ (IN)
                         net (fo=0)                   0.000     0.000    CLK50MHZ
    N18                  IBUF (Prop_ibuf_I_O)         1.392     1.392 r  CLK50MHZ_IBUF_inst/O
                         net (fo=1, routed)           1.126     2.518    CLK50MHZ_IBUF
    PLLE2_ADV_X1Y1       PLLE2_ADV (Prop_plle2_adv_CLKIN1_CLKOUT0)
                                                     -7.569    -5.051 r  u_pll/CLKOUT0
                         net (fo=1, routed)           1.594    -3.457    clk_100_raw
    BUFGCTRL_X0Y16       BUFG (Prop_bufg_I_O)         0.085    -3.372 r  u_clk_100_bufg/O
                         net (fo=20208, routed)       1.494    -1.878    u_core/clk_100
    SLICE_X100Y69        FDPE                                         r  u_core/FSM_sequential_state_reg[0]/C
  -------------------------------------------------------------------    -------------------
    SLICE_X100Y69        FDPE (Prop_fdpe_C_Q)         0.433    -1.445 f  u_core/FSM_sequential_state_reg[0]/Q
                         net (fo=27, routed)          0.992    -0.453    u_core/state__0[0]
    SLICE_X100Y69        LUT3 (Prop_lut3_I0_O)        0.105    -0.348 r  u_core/LED_OBUF[1]_inst_i_2/O
                         net (fo=6, routed)           1.583     1.235    u_core/busy
    SLICE_X113Y98        LUT2 (Prop_lut2_I1_O)        0.105     1.340 r  u_core/LED_OBUF[1]_inst_i_1/O
                         net (fo=1, routed)           1.524     2.865    LED_OBUF[1]
    J16                  OBUF (Prop_obuf_I_O)         3.266     6.130 r  LED_OBUF[1]_inst/O
                         net (fo=0)                   0.000     6.130    LED[1]
    J16                                                               r  LED[1] (OUT)
  -------------------------------------------------------------------    -------------------

Slack:                    inf
  Source:                 u_transport/u_tx/r_Tx_Active_reg/C
                            (rising edge-triggered cell FDRE clocked by clk_100_raw  {rise@0.000ns fall@5.000ns period=10.000ns})
  Destination:            LED[0]
                            (output port)
  Path Group:             (none)
  Path Type:              Max at Slow Process Corner
  Data Path Delay:        6.112ns  (logic 3.652ns (59.756%)  route 2.460ns (40.244%))
  Logic Levels:           1  (OBUF=1)
  Clock Uncertainty:      0.124ns  ((TSJ^2 + DJ^2)^1/2) / 2 + PE
    Total System Jitter     (TSJ):    0.050ns
    Discrete Jitter          (DJ):    0.063ns
    Phase Error              (PE):    0.084ns

    Location             Delay type                Incr(ns)  Path(ns)    Netlist Resource(s)
  -------------------------------------------------------------------    -------------------
                         (clock clk_100_raw rise edge)
                                                      0.000     0.000 r  
    N18                                               0.000     0.000 r  CLK50MHZ (IN)
                         net (fo=0)                   0.000     0.000    CLK50MHZ
    N18                  IBUF (Prop_ibuf_I_O)         1.392     1.392 r  CLK50MHZ_IBUF_inst/O
                         net (fo=1, routed)           1.126     2.518    CLK50MHZ_IBUF
    PLLE2_ADV_X1Y1       PLLE2_ADV (Prop_plle2_adv_CLKIN1_CLKOUT0)
                                                     -7.569    -5.051 r  u_pll/CLKOUT0
                         net (fo=1, routed)           1.594    -3.457    clk_100_raw
    BUFGCTRL_X0Y16       BUFG (Prop_bufg_I_O)         0.085    -3.372 r  u_clk_100_bufg/O
                         net (fo=20208, routed)       1.570    -1.802    u_transport/u_tx/clk_100
    SLICE_X109Y60        FDRE                                         r  u_transport/u_tx/r_Tx_Active_reg/C
  -------------------------------------------------------------------    -------------------
    SLICE_X109Y60        FDRE (Prop_fdre_C_Q)         0.379    -1.423 r  u_transport/u_tx/r_Tx_Active_reg/Q
                         net (fo=1, routed)           2.460     1.037    LED_OBUF[0]
    K16                  OBUF (Prop_obuf_I_O)         3.273     4.310 r  LED_OBUF[0]_inst/O
                         net (fo=0)                   0.000     4.310    LED[0]
    K16                                                               r  LED[0] (OUT)
  -------------------------------------------------------------------    -------------------

Slack:                    inf
  Source:                 u_transport/core_zeroize_reg/C
                            (rising edge-triggered cell FDRE clocked by clk_100_raw  {rise@0.000ns fall@5.000ns period=10.000ns})
  Destination:            u_core/u_puf/counter0/reset_release_reg[0]/CLR
  Path Group:             (none)
  Path Type:              Max at Slow Process Corner
  Data Path Delay:        5.259ns  (logic 0.694ns (13.196%)  route 4.565ns (86.804%))
  Logic Levels:           3  (LUT2=1 LUT5=1 LUT6=1)
  Clock Uncertainty:      0.124ns  ((TSJ^2 + DJ^2)^1/2) / 2 + PE
    Total System Jitter     (TSJ):    0.050ns
    Discrete Jitter          (DJ):    0.063ns
    Phase Error              (PE):    0.084ns

    Location             Delay type                Incr(ns)  Path(ns)    Netlist Resource(s)
  -------------------------------------------------------------------    -------------------
                         (clock clk_100_raw rise edge)
                                                      0.000     0.000 r  
    N18                                               0.000     0.000 r  CLK50MHZ (IN)
                         net (fo=0)                   0.000     0.000    CLK50MHZ
    N18                  IBUF (Prop_ibuf_I_O)         1.392     1.392 r  CLK50MHZ_IBUF_inst/O
                         net (fo=1, routed)           1.126     2.518    CLK50MHZ_IBUF
    PLLE2_ADV_X1Y1       PLLE2_ADV (Prop_plle2_adv_CLKIN1_CLKOUT0)
                                                     -7.569    -5.051 r  u_pll/CLKOUT0
                         net (fo=1, routed)           1.594    -3.457    clk_100_raw
    BUFGCTRL_X0Y16       BUFG (Prop_bufg_I_O)         0.085    -3.372 r  u_clk_100_bufg/O
                         net (fo=20208, routed)       1.504    -1.868    u_transport/clk_100
    SLICE_X97Y59         FDRE                                         r  u_transport/core_zeroize_reg/C
  -------------------------------------------------------------------    -------------------
    SLICE_X97Y59         FDRE (Prop_fdre_C_Q)         0.379    -1.489 f  u_transport/core_zeroize_reg/Q
                         net (fo=6, routed)           1.120    -0.368    u_transport/core_zeroize
    SLICE_X81Y77         LUT2 (Prop_lut2_I0_O)        0.105    -0.263 f  u_transport/i___788_i_1__0/O
                         net (fo=111, routed)         1.998     1.735    u_core/u_puf/ctrl_inst/reset_release_reg[1]_0
    SLICE_X102Y63        LUT6 (Prop_lut6_I0_O)        0.105     1.840 r  u_core/u_puf/ctrl_inst/reset_release[1]_i_2/O
                         net (fo=1, routed)           0.907     2.747    u_core/u_puf/ctrl_inst/reset_release[1]_i_2_n_2
    SLICE_X95Y69         LUT5 (Prop_lut5_I0_O)        0.105     2.852 f  u_core/u_puf/ctrl_inst/reset_release[1]_i_1/O
                         net (fo=4, routed)           0.539     3.392    u_core/u_puf/counter0/reset_release_reg[0]_0
    SLICE_X94Y69         FDCE                                         f  u_core/u_puf/counter0/reset_release_reg[0]/CLR
  -------------------------------------------------------------------    -------------------

Slack:                    inf
  Source:                 u_transport/core_zeroize_reg/C
                            (rising edge-triggered cell FDRE clocked by clk_100_raw  {rise@0.000ns fall@5.000ns period=10.000ns})
  Destination:            u_core/u_puf/counter0/reset_release_reg[1]/CLR
  Path Group:             (none)
  Path Type:              Max at Slow Process Corner
  Data Path Delay:        5.259ns  (logic 0.694ns (13.196%)  route 4.565ns (86.804%))
  Logic Levels:           3  (LUT2=1 LUT5=1 LUT6=1)
  Clock Uncertainty:      0.124ns  ((TSJ^2 + DJ^2)^1/2) / 2 + PE
    Total System Jitter     (TSJ):    0.050ns
    Discrete Jitter          (DJ):    0.063ns
    Phase Error              (PE):    0.084ns

    Location             Delay type                Incr(ns)  Path(ns)    Netlist Resource(s)
  -------------------------------------------------------------------    -------------------
                         (clock clk_100_raw rise edge)
                                                      0.000     0.000 r  
    N18                                               0.000     0.000 r  CLK50MHZ (IN)
                         net (fo=0)                   0.000     0.000    CLK50MHZ
    N18                  IBUF (Prop_ibuf_I_O)         1.392     1.392 r  CLK50MHZ_IBUF_inst/O
                         net (fo=1, routed)           1.126     2.518    CLK50MHZ_IBUF
    PLLE2_ADV_X1Y1       PLLE2_ADV (Prop_plle2_adv_CLKIN1_CLKOUT0)
                                                     -7.569    -5.051 r  u_pll/CLKOUT0
                         net (fo=1, routed)           1.594    -3.457    clk_100_raw
    BUFGCTRL_X0Y16       BUFG (Prop_bufg_I_O)         0.085    -3.372 r  u_clk_100_bufg/O
                         net (fo=20208, routed)       1.504    -1.868    u_transport/clk_100
    SLICE_X97Y59         FDRE                                         r  u_transport/core_zeroize_reg/C
  -------------------------------------------------------------------    -------------------
    SLICE_X97Y59         FDRE (Prop_fdre_C_Q)         0.379    -1.489 f  u_transport/core_zeroize_reg/Q
                         net (fo=6, routed)           1.120    -0.368    u_transport/core_zeroize
    SLICE_X81Y77         LUT2 (Prop_lut2_I0_O)        0.105    -0.263 f  u_transport/i___788_i_1__0/O
                         net (fo=111, routed)         1.998     1.735    u_core/u_puf/ctrl_inst/reset_release_reg[1]_0
    SLICE_X102Y63        LUT6 (Prop_lut6_I0_O)        0.105     1.840 r  u_core/u_puf/ctrl_inst/reset_release[1]_i_2/O
                         net (fo=1, routed)           0.907     2.747    u_core/u_puf/ctrl_inst/reset_release[1]_i_2_n_2
    SLICE_X95Y69         LUT5 (Prop_lut5_I0_O)        0.105     2.852 f  u_core/u_puf/ctrl_inst/reset_release[1]_i_1/O
                         net (fo=4, routed)           0.539     3.392    u_core/u_puf/counter0/reset_release_reg[0]_0
    SLICE_X94Y69         FDCE                                         f  u_core/u_puf/counter0/reset_release_reg[1]/CLR
  -------------------------------------------------------------------    -------------------

Slack:                    inf
  Source:                 u_transport/core_zeroize_reg/C
                            (rising edge-triggered cell FDRE clocked by clk_100_raw  {rise@0.000ns fall@5.000ns period=10.000ns})
  Destination:            u_core/u_puf/counter1/reset_release_reg[0]/CLR
  Path Group:             (none)
  Path Type:              Max at Slow Process Corner
  Data Path Delay:        5.259ns  (logic 0.694ns (13.196%)  route 4.565ns (86.804%))
  Logic Levels:           3  (LUT2=1 LUT5=1 LUT6=1)
  Clock Uncertainty:      0.124ns  ((TSJ^2 + DJ^2)^1/2) / 2 + PE
    Total System Jitter     (TSJ):    0.050ns
    Discrete Jitter          (DJ):    0.063ns
    Phase Error              (PE):    0.084ns

    Location             Delay type                Incr(ns)  Path(ns)    Netlist Resource(s)
  -------------------------------------------------------------------    -------------------
                         (clock clk_100_raw rise edge)
                                                      0.000     0.000 r  
    N18                                               0.000     0.000 r  CLK50MHZ (IN)
                         net (fo=0)                   0.000     0.000    CLK50MHZ
    N18                  IBUF (Prop_ibuf_I_O)         1.392     1.392 r  CLK50MHZ_IBUF_inst/O
                         net (fo=1, routed)           1.126     2.518    CLK50MHZ_IBUF
    PLLE2_ADV_X1Y1       PLLE2_ADV (Prop_plle2_adv_CLKIN1_CLKOUT0)
                                                     -7.569    -5.051 r  u_pll/CLKOUT0
                         net (fo=1, routed)           1.594    -3.457    clk_100_raw
    BUFGCTRL_X0Y16       BUFG (Prop_bufg_I_O)         0.085    -3.372 r  u_clk_100_bufg/O
                         net (fo=20208, routed)       1.504    -1.868    u_transport/clk_100
    SLICE_X97Y59         FDRE                                         r  u_transport/core_zeroize_reg/C
  -------------------------------------------------------------------    -------------------
    SLICE_X97Y59         FDRE (Prop_fdre_C_Q)         0.379    -1.489 f  u_transport/core_zeroize_reg/Q
                         net (fo=6, routed)           1.120    -0.368    u_transport/core_zeroize
    SLICE_X81Y77         LUT2 (Prop_lut2_I0_O)        0.105    -0.263 f  u_transport/i___788_i_1__0/O
                         net (fo=111, routed)         1.998     1.735    u_core/u_puf/ctrl_inst/reset_release_reg[1]_0
    SLICE_X102Y63        LUT6 (Prop_lut6_I0_O)        0.105     1.840 r  u_core/u_puf/ctrl_inst/reset_release[1]_i_2/O
                         net (fo=1, routed)           0.907     2.747    u_core/u_puf/ctrl_inst/reset_release[1]_i_2_n_2
    SLICE_X95Y69         LUT5 (Prop_lut5_I0_O)        0.105     2.852 f  u_core/u_puf/ctrl_inst/reset_release[1]_i_1/O
                         net (fo=4, routed)           0.539     3.392    u_core/u_puf/counter1/reset_release_reg[1]_0
    SLICE_X95Y69         FDCE                                         f  u_core/u_puf/counter1/reset_release_reg[0]/CLR
  -------------------------------------------------------------------    -------------------

Slack:                    inf
  Source:                 u_transport/core_zeroize_reg/C
                            (rising edge-triggered cell FDRE clocked by clk_100_raw  {rise@0.000ns fall@5.000ns period=10.000ns})
  Destination:            u_core/u_puf/counter1/reset_release_reg[1]/CLR
  Path Group:             (none)
  Path Type:              Max at Slow Process Corner
  Data Path Delay:        5.259ns  (logic 0.694ns (13.196%)  route 4.565ns (86.804%))
  Logic Levels:           3  (LUT2=1 LUT5=1 LUT6=1)
  Clock Uncertainty:      0.124ns  ((TSJ^2 + DJ^2)^1/2) / 2 + PE
    Total System Jitter     (TSJ):    0.050ns
    Discrete Jitter          (DJ):    0.063ns
    Phase Error              (PE):    0.084ns

    Location             Delay type                Incr(ns)  Path(ns)    Netlist Resource(s)
  -------------------------------------------------------------------    -------------------
                         (clock clk_100_raw rise edge)
                                                      0.000     0.000 r  
    N18                                               0.000     0.000 r  CLK50MHZ (IN)
                         net (fo=0)                   0.000     0.000    CLK50MHZ
    N18                  IBUF (Prop_ibuf_I_O)         1.392     1.392 r  CLK50MHZ_IBUF_inst/O
                         net (fo=1, routed)           1.126     2.518    CLK50MHZ_IBUF
    PLLE2_ADV_X1Y1       PLLE2_ADV (Prop_plle2_adv_CLKIN1_CLKOUT0)
                                                     -7.569    -5.051 r  u_pll/CLKOUT0
                         net (fo=1, routed)           1.594    -3.457    clk_100_raw
    BUFGCTRL_X0Y16       BUFG (Prop_bufg_I_O)         0.085    -3.372 r  u_clk_100_bufg/O
                         net (fo=20208, routed)       1.504    -1.868    u_transport/clk_100
    SLICE_X97Y59         FDRE                                         r  u_transport/core_zeroize_reg/C
  -------------------------------------------------------------------    -------------------
    SLICE_X97Y59         FDRE (Prop_fdre_C_Q)         0.379    -1.489 f  u_transport/core_zeroize_reg/Q
                         net (fo=6, routed)           1.120    -0.368    u_transport/core_zeroize
    SLICE_X81Y77         LUT2 (Prop_lut2_I0_O)        0.105    -0.263 f  u_transport/i___788_i_1__0/O
                         net (fo=111, routed)         1.998     1.735    u_core/u_puf/ctrl_inst/reset_release_reg[1]_0
    SLICE_X102Y63        LUT6 (Prop_lut6_I0_O)        0.105     1.840 r  u_core/u_puf/ctrl_inst/reset_release[1]_i_2/O
                         net (fo=1, routed)           0.907     2.747    u_core/u_puf/ctrl_inst/reset_release[1]_i_2_n_2
    SLICE_X95Y69         LUT5 (Prop_lut5_I0_O)        0.105     2.852 f  u_core/u_puf/ctrl_inst/reset_release[1]_i_1/O
                         net (fo=4, routed)           0.539     3.392    u_core/u_puf/counter1/reset_release_reg[1]_0
    SLICE_X95Y69         FDCE                                         f  u_core/u_puf/counter1/reset_release_reg[1]/CLR
  -------------------------------------------------------------------    -------------------

Slack:                    inf
  Source:                 u_core/u_puf/ctrl_inst/FSM_onehot_state_reg[3]/C
                            (rising edge-triggered cell FDCE clocked by clk_100_raw  {rise@0.000ns fall@5.000ns period=10.000ns})
  Destination:            u_core/u_puf/counter1/en_meta_reg/D
  Path Group:             (none)
  Path Type:              Max at Fast Process Corner
  Data Path Delay:        1.254ns  (logic 0.175ns (13.958%)  route 1.079ns (86.042%))
  Logic Levels:           0  
  Clock Uncertainty:      0.124ns  ((TSJ^2 + DJ^2)^1/2) / 2 + PE
    Total System Jitter     (TSJ):    0.050ns
    Discrete Jitter          (DJ):    0.063ns
    Phase Error              (PE):    0.084ns

    Location             Delay type                Incr(ns)  Path(ns)    Netlist Resource(s)
  -------------------------------------------------------------------    -------------------
                         (clock clk_100_raw rise edge)
                                                      0.000     0.000 r  
    N18                                               0.000     0.000 r  CLK50MHZ (IN)
                         net (fo=0)                   0.000     0.000    CLK50MHZ
    N18                  IBUF (Prop_ibuf_I_O)         0.417     0.417 r  CLK50MHZ_IBUF_inst/O
                         net (fo=1, routed)           0.481     0.898    CLK50MHZ_IBUF
    PLLE2_ADV_X1Y1       PLLE2_ADV (Prop_plle2_adv_CLKIN1_CLKOUT0)
                                                     -2.727    -1.829 r  u_pll/CLKOUT0
                         net (fo=1, routed)           0.592    -1.237    clk_100_raw
    BUFGCTRL_X0Y16       BUFG (Prop_bufg_I_O)         0.029    -1.208 r  u_clk_100_bufg/O
                         net (fo=20208, routed)       0.900    -0.308    u_core/u_puf/ctrl_inst/clk_100
    SLICE_X106Y63        FDCE                                         r  u_core/u_puf/ctrl_inst/FSM_onehot_state_reg[3]/C
  -------------------------------------------------------------------    -------------------
    SLICE_X106Y63        FDCE (Prop_fdce_C_Q)         0.175    -0.133 r  u_core/u_puf/ctrl_inst/FSM_onehot_state_reg[3]/Q
                         net (fo=54, routed)          1.079     0.946    u_core/u_puf/counter1/Q[0]
    SLICE_X97Y66         FDCE                                         r  u_core/u_puf/counter1/en_meta_reg/D
  -------------------------------------------------------------------    -------------------

Slack:                    inf
  Source:                 u_core/u_puf/ctrl_inst/FSM_onehot_state_reg[3]/C
                            (rising edge-triggered cell FDCE clocked by clk_100_raw  {rise@0.000ns fall@5.000ns period=10.000ns})
  Destination:            u_core/u_puf/counter0/en_meta_reg/D
  Path Group:             (none)
  Path Type:              Max at Fast Process Corner
  Data Path Delay:        1.041ns  (logic 0.175ns (16.818%)  route 0.866ns (83.182%))
  Logic Levels:           0  
  Clock Uncertainty:      0.124ns  ((TSJ^2 + DJ^2)^1/2) / 2 + PE
    Total System Jitter     (TSJ):    0.050ns
    Discrete Jitter          (DJ):    0.063ns
    Phase Error              (PE):    0.084ns

    Location             Delay type                Incr(ns)  Path(ns)    Netlist Resource(s)
  -------------------------------------------------------------------    -------------------
                         (clock clk_100_raw rise edge)
                                                      0.000     0.000 r  
    N18                                               0.000     0.000 r  CLK50MHZ (IN)
                         net (fo=0)                   0.000     0.000    CLK50MHZ
    N18                  IBUF (Prop_ibuf_I_O)         0.417     0.417 r  CLK50MHZ_IBUF_inst/O
                         net (fo=1, routed)           0.481     0.898    CLK50MHZ_IBUF
    PLLE2_ADV_X1Y1       PLLE2_ADV (Prop_plle2_adv_CLKIN1_CLKOUT0)
                                                     -2.727    -1.829 r  u_pll/CLKOUT0
                         net (fo=1, routed)           0.592    -1.237    clk_100_raw
    BUFGCTRL_X0Y16       BUFG (Prop_bufg_I_O)         0.029    -1.208 r  u_clk_100_bufg/O
                         net (fo=20208, routed)       0.900    -0.308    u_core/u_puf/ctrl_inst/clk_100
    SLICE_X106Y63        FDCE                                         r  u_core/u_puf/ctrl_inst/FSM_onehot_state_reg[3]/C
  -------------------------------------------------------------------    -------------------
    SLICE_X106Y63        FDCE (Prop_fdce_C_Q)         0.175    -0.133 r  u_core/u_puf/ctrl_inst/FSM_onehot_state_reg[3]/Q
                         net (fo=54, routed)          0.866     0.732    u_core/u_puf/counter0/Q[0]
    SLICE_X97Y67         FDCE                                         r  u_core/u_puf/counter0/en_meta_reg/D
  -------------------------------------------------------------------    -------------------





Min Delay Paths
--------------------------------------------------------------------------------------
Slack:                    inf
  Source:                 u_core/FSM_sequential_state_reg[1]/C
                            (rising edge-triggered cell FDCE clocked by clk_100_raw  {rise@0.000ns fall@5.000ns period=10.000ns})
  Destination:            u_core/u_puf/counter0/reset_release_reg[0]/CLR
  Path Group:             (none)
  Path Type:              Min at Slow Process Corner
  Data Path Delay:        1.375ns  (logic 0.431ns (31.339%)  route 0.944ns (68.661%))
  Logic Levels:           1  (LUT5=1)
  Clock Uncertainty:      0.124ns  ((TSJ^2 + DJ^2)^1/2) / 2 + PE
    Total System Jitter     (TSJ):    0.050ns
    Discrete Jitter          (DJ):    0.063ns
    Phase Error              (PE):    0.084ns

    Location             Delay type                Incr(ns)  Path(ns)    Netlist Resource(s)
  -------------------------------------------------------------------    -------------------
                         (clock clk_100_raw rise edge)
                                                      0.000     0.000 r  
    N18                                               0.000     0.000 r  CLK50MHZ (IN)
                         net (fo=0)                   0.000     0.000    CLK50MHZ
    N18                  IBUF (Prop_ibuf_I_O)         1.327     1.327 r  CLK50MHZ_IBUF_inst/O
                         net (fo=1, routed)           1.019     2.345    CLK50MHZ_IBUF
    PLLE2_ADV_X1Y1       PLLE2_ADV (Prop_plle2_adv_CLKIN1_CLKOUT0)
                                                     -6.696    -4.350 r  u_pll/CLKOUT0
                         net (fo=1, routed)           1.451    -2.899    clk_100_raw
    BUFGCTRL_X0Y16       BUFG (Prop_bufg_I_O)         0.077    -2.822 r  u_clk_100_bufg/O
                         net (fo=20208, routed)       1.339    -1.483    u_core/clk_100
    SLICE_X100Y69        FDCE                                         r  u_core/FSM_sequential_state_reg[1]/C
  -------------------------------------------------------------------    -------------------
    SLICE_X100Y69        FDCE (Prop_fdce_C_Q)         0.347    -1.136 r  u_core/FSM_sequential_state_reg[1]/Q
                         net (fo=27, routed)          0.486    -0.650    u_core/u_puf/ctrl_inst/reset_release_reg[1][1]
    SLICE_X95Y69         LUT5 (Prop_lut5_I4_O)        0.084    -0.566 f  u_core/u_puf/ctrl_inst/reset_release[1]_i_1/O
                         net (fo=4, routed)           0.458    -0.108    u_core/u_puf/counter0/reset_release_reg[0]_0
    SLICE_X94Y69         FDCE                                         f  u_core/u_puf/counter0/reset_release_reg[0]/CLR
  -------------------------------------------------------------------    -------------------

Slack:                    inf
  Source:                 u_core/FSM_sequential_state_reg[1]/C
                            (rising edge-triggered cell FDCE clocked by clk_100_raw  {rise@0.000ns fall@5.000ns period=10.000ns})
  Destination:            u_core/u_puf/counter0/reset_release_reg[1]/CLR
  Path Group:             (none)
  Path Type:              Min at Slow Process Corner
  Data Path Delay:        1.375ns  (logic 0.431ns (31.339%)  route 0.944ns (68.661%))
  Logic Levels:           1  (LUT5=1)
  Clock Uncertainty:      0.124ns  ((TSJ^2 + DJ^2)^1/2) / 2 + PE
    Total System Jitter     (TSJ):    0.050ns
    Discrete Jitter          (DJ):    0.063ns
    Phase Error              (PE):    0.084ns

    Location             Delay type                Incr(ns)  Path(ns)    Netlist Resource(s)
  -------------------------------------------------------------------    -------------------
                         (clock clk_100_raw rise edge)
                                                      0.000     0.000 r  
    N18                                               0.000     0.000 r  CLK50MHZ (IN)
                         net (fo=0)                   0.000     0.000    CLK50MHZ
    N18                  IBUF (Prop_ibuf_I_O)         1.327     1.327 r  CLK50MHZ_IBUF_inst/O
                         net (fo=1, routed)           1.019     2.345    CLK50MHZ_IBUF
    PLLE2_ADV_X1Y1       PLLE2_ADV (Prop_plle2_adv_CLKIN1_CLKOUT0)
                                                     -6.696    -4.350 r  u_pll/CLKOUT0
                         net (fo=1, routed)           1.451    -2.899    clk_100_raw
    BUFGCTRL_X0Y16       BUFG (Prop_bufg_I_O)         0.077    -2.822 r  u_clk_100_bufg/O
                         net (fo=20208, routed)       1.339    -1.483    u_core/clk_100
    SLICE_X100Y69        FDCE                                         r  u_core/FSM_sequential_state_reg[1]/C
  -------------------------------------------------------------------    -------------------
    SLICE_X100Y69        FDCE (Prop_fdce_C_Q)         0.347    -1.136 r  u_core/FSM_sequential_state_reg[1]/Q
                         net (fo=27, routed)          0.486    -0.650    u_core/u_puf/ctrl_inst/reset_release_reg[1][1]
    SLICE_X95Y69         LUT5 (Prop_lut5_I4_O)        0.084    -0.566 f  u_core/u_puf/ctrl_inst/reset_release[1]_i_1/O
                         net (fo=4, routed)           0.458    -0.108    u_core/u_puf/counter0/reset_release_reg[0]_0
    SLICE_X94Y69         FDCE                                         f  u_core/u_puf/counter0/reset_release_reg[1]/CLR
  -------------------------------------------------------------------    -------------------

Slack:                    inf
  Source:                 u_core/FSM_sequential_state_reg[1]/C
                            (rising edge-triggered cell FDCE clocked by clk_100_raw  {rise@0.000ns fall@5.000ns period=10.000ns})
  Destination:            u_core/u_puf/counter1/reset_release_reg[0]/CLR
  Path Group:             (none)
  Path Type:              Min at Slow Process Corner
  Data Path Delay:        1.375ns  (logic 0.431ns (31.339%)  route 0.944ns (68.661%))
  Logic Levels:           1  (LUT5=1)
  Clock Uncertainty:      0.124ns  ((TSJ^2 + DJ^2)^1/2) / 2 + PE
    Total System Jitter     (TSJ):    0.050ns
    Discrete Jitter          (DJ):    0.063ns
    Phase Error              (PE):    0.084ns

    Location             Delay type                Incr(ns)  Path(ns)    Netlist Resource(s)
  -------------------------------------------------------------------    -------------------
                         (clock clk_100_raw rise edge)
                                                      0.000     0.000 r  
    N18                                               0.000     0.000 r  CLK50MHZ (IN)
                         net (fo=0)                   0.000     0.000    CLK50MHZ
    N18                  IBUF (Prop_ibuf_I_O)         1.327     1.327 r  CLK50MHZ_IBUF_inst/O
                         net (fo=1, routed)           1.019     2.345    CLK50MHZ_IBUF
    PLLE2_ADV_X1Y1       PLLE2_ADV (Prop_plle2_adv_CLKIN1_CLKOUT0)
                                                     -6.696    -4.350 r  u_pll/CLKOUT0
                         net (fo=1, routed)           1.451    -2.899    clk_100_raw
    BUFGCTRL_X0Y16       BUFG (Prop_bufg_I_O)         0.077    -2.822 r  u_clk_100_bufg/O
                         net (fo=20208, routed)       1.339    -1.483    u_core/clk_100
    SLICE_X100Y69        FDCE                                         r  u_core/FSM_sequential_state_reg[1]/C
  -------------------------------------------------------------------    -------------------
    SLICE_X100Y69        FDCE (Prop_fdce_C_Q)         0.347    -1.136 r  u_core/FSM_sequential_state_reg[1]/Q
                         net (fo=27, routed)          0.486    -0.650    u_core/u_puf/ctrl_inst/reset_release_reg[1][1]
    SLICE_X95Y69         LUT5 (Prop_lut5_I4_O)        0.084    -0.566 f  u_core/u_puf/ctrl_inst/reset_release[1]_i_1/O
                         net (fo=4, routed)           0.458    -0.108    u_core/u_puf/counter1/reset_release_reg[1]_0
    SLICE_X95Y69         FDCE                                         f  u_core/u_puf/counter1/reset_release_reg[0]/CLR
  -------------------------------------------------------------------    -------------------

Slack:                    inf
  Source:                 u_core/FSM_sequential_state_reg[1]/C
                            (rising edge-triggered cell FDCE clocked by clk_100_raw  {rise@0.000ns fall@5.000ns period=10.000ns})
  Destination:            u_core/u_puf/counter1/reset_release_reg[1]/CLR
  Path Group:             (none)
  Path Type:              Min at Slow Process Corner
  Data Path Delay:        1.375ns  (logic 0.431ns (31.339%)  route 0.944ns (68.661%))
  Logic Levels:           1  (LUT5=1)
  Clock Uncertainty:      0.124ns  ((TSJ^2 + DJ^2)^1/2) / 2 + PE
    Total System Jitter     (TSJ):    0.050ns
    Discrete Jitter          (DJ):    0.063ns
    Phase Error              (PE):    0.084ns

    Location             Delay type                Incr(ns)  Path(ns)    Netlist Resource(s)
  -------------------------------------------------------------------    -------------------
                         (clock clk_100_raw rise edge)
                                                      0.000     0.000 r  
    N18                                               0.000     0.000 r  CLK50MHZ (IN)
                         net (fo=0)                   0.000     0.000    CLK50MHZ
    N18                  IBUF (Prop_ibuf_I_O)         1.327     1.327 r  CLK50MHZ_IBUF_inst/O
                         net (fo=1, routed)           1.019     2.345    CLK50MHZ_IBUF
    PLLE2_ADV_X1Y1       PLLE2_ADV (Prop_plle2_adv_CLKIN1_CLKOUT0)
                                                     -6.696    -4.350 r  u_pll/CLKOUT0
                         net (fo=1, routed)           1.451    -2.899    clk_100_raw
    BUFGCTRL_X0Y16       BUFG (Prop_bufg_I_O)         0.077    -2.822 r  u_clk_100_bufg/O
                         net (fo=20208, routed)       1.339    -1.483    u_core/clk_100
    SLICE_X100Y69        FDCE                                         r  u_core/FSM_sequential_state_reg[1]/C
  -------------------------------------------------------------------    -------------------
    SLICE_X100Y69        FDCE (Prop_fdce_C_Q)         0.347    -1.136 r  u_core/FSM_sequential_state_reg[1]/Q
                         net (fo=27, routed)          0.486    -0.650    u_core/u_puf/ctrl_inst/reset_release_reg[1][1]
    SLICE_X95Y69         LUT5 (Prop_lut5_I4_O)        0.084    -0.566 f  u_core/u_puf/ctrl_inst/reset_release[1]_i_1/O
                         net (fo=4, routed)           0.458    -0.108    u_core/u_puf/counter1/reset_release_reg[1]_0
    SLICE_X95Y69         FDCE                                         f  u_core/u_puf/counter1/reset_release_reg[1]/CLR
  -------------------------------------------------------------------    -------------------

Slack:                    inf
  Source:                 u_core/u_puf/ctrl_inst/FSM_onehot_state_reg[3]/C
                            (rising edge-triggered cell FDCE clocked by clk_100_raw  {rise@0.000ns fall@5.000ns period=10.000ns})
  Destination:            u_core/u_puf/counter0/en_meta_reg/D
  Path Group:             (none)
  Path Type:              Min at Slow Process Corner
  Data Path Delay:        1.524ns  (logic 0.304ns (19.954%)  route 1.220ns (80.046%))
  Logic Levels:           0  
  Clock Uncertainty:      0.124ns  ((TSJ^2 + DJ^2)^1/2) / 2 + PE
    Total System Jitter     (TSJ):    0.050ns
    Discrete Jitter          (DJ):    0.063ns
    Phase Error              (PE):    0.084ns

    Location             Delay type                Incr(ns)  Path(ns)    Netlist Resource(s)
  -------------------------------------------------------------------    -------------------
                         (clock clk_100_raw rise edge)
                                                      0.000     0.000 r  
    N18                                               0.000     0.000 r  CLK50MHZ (IN)
                         net (fo=0)                   0.000     0.000    CLK50MHZ
    N18                  IBUF (Prop_ibuf_I_O)         1.327     1.327 r  CLK50MHZ_IBUF_inst/O
                         net (fo=1, routed)           1.019     2.345    CLK50MHZ_IBUF
    PLLE2_ADV_X1Y1       PLLE2_ADV (Prop_plle2_adv_CLKIN1_CLKOUT0)
                                                     -6.696    -4.350 r  u_pll/CLKOUT0
                         net (fo=1, routed)           1.451    -2.899    clk_100_raw
    BUFGCTRL_X0Y16       BUFG (Prop_bufg_I_O)         0.077    -2.822 r  u_clk_100_bufg/O
                         net (fo=20208, routed)       1.409    -1.413    u_core/u_puf/ctrl_inst/clk_100
    SLICE_X106Y63        FDCE                                         r  u_core/u_puf/ctrl_inst/FSM_onehot_state_reg[3]/C
  -------------------------------------------------------------------    -------------------
    SLICE_X106Y63        FDCE (Prop_fdce_C_Q)         0.304    -1.109 r  u_core/u_puf/ctrl_inst/FSM_onehot_state_reg[3]/Q
                         net (fo=54, routed)          1.220     0.111    u_core/u_puf/counter0/Q[0]
    SLICE_X97Y67         FDCE                                         r  u_core/u_puf/counter0/en_meta_reg/D
  -------------------------------------------------------------------    -------------------

Slack:                    inf
  Source:                 u_core/u_puf/ctrl_inst/FSM_onehot_state_reg[3]/C
                            (rising edge-triggered cell FDCE clocked by clk_100_raw  {rise@0.000ns fall@5.000ns period=10.000ns})
  Destination:            u_core/u_puf/counter1/en_meta_reg/D
  Path Group:             (none)
  Path Type:              Min at Slow Process Corner
  Data Path Delay:        1.858ns  (logic 0.304ns (16.364%)  route 1.554ns (83.636%))
  Logic Levels:           0  
  Clock Uncertainty:      0.124ns  ((TSJ^2 + DJ^2)^1/2) / 2 + PE
    Total System Jitter     (TSJ):    0.050ns
    Discrete Jitter          (DJ):    0.063ns
    Phase Error              (PE):    0.084ns

    Location             Delay type                Incr(ns)  Path(ns)    Netlist Resource(s)
  -------------------------------------------------------------------    -------------------
                         (clock clk_100_raw rise edge)
                                                      0.000     0.000 r  
    N18                                               0.000     0.000 r  CLK50MHZ (IN)
                         net (fo=0)                   0.000     0.000    CLK50MHZ
    N18                  IBUF (Prop_ibuf_I_O)         1.327     1.327 r  CLK50MHZ_IBUF_inst/O
                         net (fo=1, routed)           1.019     2.345    CLK50MHZ_IBUF
    PLLE2_ADV_X1Y1       PLLE2_ADV (Prop_plle2_adv_CLKIN1_CLKOUT0)
                                                     -6.696    -4.350 r  u_pll/CLKOUT0
                         net (fo=1, routed)           1.451    -2.899    clk_100_raw
    BUFGCTRL_X0Y16       BUFG (Prop_bufg_I_O)         0.077    -2.822 r  u_clk_100_bufg/O
                         net (fo=20208, routed)       1.409    -1.413    u_core/u_puf/ctrl_inst/clk_100
    SLICE_X106Y63        FDCE                                         r  u_core/u_puf/ctrl_inst/FSM_onehot_state_reg[3]/C
  -------------------------------------------------------------------    -------------------
    SLICE_X106Y63        FDCE (Prop_fdce_C_Q)         0.304    -1.109 r  u_core/u_puf/ctrl_inst/FSM_onehot_state_reg[3]/Q
                         net (fo=54, routed)          1.554     0.445    u_core/u_puf/counter1/Q[0]
    SLICE_X97Y66         FDCE                                         r  u_core/u_puf/counter1/en_meta_reg/D
  -------------------------------------------------------------------    -------------------

Slack:                    inf
  Source:                 u_transport/u_tx/r_Tx_Active_reg/C
                            (rising edge-triggered cell FDRE clocked by clk_100_raw  {rise@0.000ns fall@5.000ns period=10.000ns})
  Destination:            LED[0]
                            (output port)
  Path Group:             (none)
  Path Type:              Min at Fast Process Corner
  Data Path Delay:        2.218ns  (logic 1.369ns (61.742%)  route 0.849ns (38.258%))
  Logic Levels:           1  (OBUF=1)
  Clock Uncertainty:      0.124ns  ((TSJ^2 + DJ^2)^1/2) / 2 + PE
    Total System Jitter     (TSJ):    0.050ns
    Discrete Jitter          (DJ):    0.063ns
    Phase Error              (PE):    0.084ns

    Location             Delay type                Incr(ns)  Path(ns)    Netlist Resource(s)
  -------------------------------------------------------------------    -------------------
                         (clock clk_100_raw rise edge)
                                                      0.000     0.000 r  
    N18                                               0.000     0.000 r  CLK50MHZ (IN)
                         net (fo=0)                   0.000     0.000    CLK50MHZ
    N18                  IBUF (Prop_ibuf_I_O)         0.229     0.229 r  CLK50MHZ_IBUF_inst/O
                         net (fo=1, routed)           0.440     0.669    CLK50MHZ_IBUF
    PLLE2_ADV_X1Y1       PLLE2_ADV (Prop_plle2_adv_CLKIN1_CLKOUT0)
                                                     -2.407    -1.737 r  u_pll/CLKOUT0
                         net (fo=1, routed)           0.544    -1.193    clk_100_raw
    BUFGCTRL_X0Y16       BUFG (Prop_bufg_I_O)         0.026    -1.167 r  u_clk_100_bufg/O
                         net (fo=20208, routed)       0.633    -0.535    u_transport/u_tx/clk_100
    SLICE_X109Y60        FDRE                                         r  u_transport/u_tx/r_Tx_Active_reg/C
  -------------------------------------------------------------------    -------------------
    SLICE_X109Y60        FDRE (Prop_fdre_C_Q)         0.141    -0.394 r  u_transport/u_tx/r_Tx_Active_reg/Q
                         net (fo=1, routed)           0.849     0.455    LED_OBUF[0]
    K16                  OBUF (Prop_obuf_I_O)         1.228     1.684 r  LED_OBUF[0]_inst/O
                         net (fo=0)                   0.000     1.684    LED[0]
    K16                                                               r  LED[0] (OUT)
  -------------------------------------------------------------------    -------------------

Slack:                    inf
  Source:                 u_core/FSM_sequential_state_reg[2]/C
                            (rising edge-triggered cell FDPE clocked by clk_100_raw  {rise@0.000ns fall@5.000ns period=10.000ns})
  Destination:            LED[1]
                            (output port)
  Path Group:             (none)
  Path Type:              Min at Fast Process Corner
  Data Path Delay:        2.890ns  (logic 1.513ns (52.353%)  route 1.377ns (47.647%))
  Logic Levels:           3  (LUT2=1 LUT3=1 OBUF=1)
  Clock Uncertainty:      0.124ns  ((TSJ^2 + DJ^2)^1/2) / 2 + PE
    Total System Jitter     (TSJ):    0.050ns
    Discrete Jitter          (DJ):    0.063ns
    Phase Error              (PE):    0.084ns

    Location             Delay type                Incr(ns)  Path(ns)    Netlist Resource(s)
  -------------------------------------------------------------------    -------------------
                         (clock clk_100_raw rise edge)
                                                      0.000     0.000 r  
    N18                                               0.000     0.000 r  CLK50MHZ (IN)
                         net (fo=0)                   0.000     0.000    CLK50MHZ
    N18                  IBUF (Prop_ibuf_I_O)         0.229     0.229 r  CLK50MHZ_IBUF_inst/O
                         net (fo=1, routed)           0.440     0.669    CLK50MHZ_IBUF
    PLLE2_ADV_X1Y1       PLLE2_ADV (Prop_plle2_adv_CLKIN1_CLKOUT0)
                                                     -2.407    -1.737 r  u_pll/CLKOUT0
                         net (fo=1, routed)           0.544    -1.193    clk_100_raw
    BUFGCTRL_X0Y16       BUFG (Prop_bufg_I_O)         0.026    -1.167 r  u_clk_100_bufg/O
                         net (fo=20208, routed)       0.600    -0.568    u_core/clk_100
    SLICE_X100Y69        FDPE                                         r  u_core/FSM_sequential_state_reg[2]/C
  -------------------------------------------------------------------    -------------------
    SLICE_X100Y69        FDPE (Prop_fdpe_C_Q)         0.148    -0.420 f  u_core/FSM_sequential_state_reg[2]/Q
                         net (fo=28, routed)          0.156    -0.263    u_core/state__0[2]
    SLICE_X100Y69        LUT3 (Prop_lut3_I2_O)        0.099    -0.164 r  u_core/LED_OBUF[1]_inst_i_2/O
                         net (fo=6, routed)           0.821     0.657    u_core/busy
    SLICE_X113Y98        LUT2 (Prop_lut2_I1_O)        0.045     0.702 r  u_core/LED_OBUF[1]_inst_i_1/O
                         net (fo=1, routed)           0.399     1.101    LED_OBUF[1]
    J16                  OBUF (Prop_obuf_I_O)         1.221     2.322 r  LED_OBUF[1]_inst/O
                         net (fo=0)                   0.000     2.322    LED[1]
    J16                                                               r  LED[1] (OUT)
  -------------------------------------------------------------------    -------------------

Slack:                    inf
  Source:                 u_transport/u_tx/o_Tx_Serial_reg/C
                            (rising edge-triggered cell FDSE clocked by clk_100_raw  {rise@0.000ns fall@5.000ns period=10.000ns})
  Destination:            UART_TXD
                            (output port)
  Path Group:             (none)
  Path Type:              Min at Fast Process Corner
  Data Path Delay:        4.033ns  (logic 1.412ns (35.016%)  route 2.621ns (64.984%))
  Logic Levels:           1  (OBUF=1)
  Clock Uncertainty:      0.124ns  ((TSJ^2 + DJ^2)^1/2) / 2 + PE
    Total System Jitter     (TSJ):    0.050ns
    Discrete Jitter          (DJ):    0.063ns
    Phase Error              (PE):    0.084ns

    Location             Delay type                Incr(ns)  Path(ns)    Netlist Resource(s)
  -------------------------------------------------------------------    -------------------
                         (clock clk_100_raw rise edge)
                                                      0.000     0.000 r  
    N18                                               0.000     0.000 r  CLK50MHZ (IN)
                         net (fo=0)                   0.000     0.000    CLK50MHZ
    N18                  IBUF (Prop_ibuf_I_O)         0.229     0.229 r  CLK50MHZ_IBUF_inst/O
                         net (fo=1, routed)           0.440     0.669    CLK50MHZ_IBUF
    PLLE2_ADV_X1Y1       PLLE2_ADV (Prop_plle2_adv_CLKIN1_CLKOUT0)
                                                     -2.407    -1.737 r  u_pll/CLKOUT0
                         net (fo=1, routed)           0.544    -1.193    clk_100_raw
    BUFGCTRL_X0Y16       BUFG (Prop_bufg_I_O)         0.026    -1.167 r  u_clk_100_bufg/O
                         net (fo=20208, routed)       0.633    -0.535    u_transport/u_tx/clk_100
    SLICE_X107Y60        FDSE                                         r  u_transport/u_tx/o_Tx_Serial_reg/C
  -------------------------------------------------------------------    -------------------
    SLICE_X107Y60        FDSE (Prop_fdse_C_Q)         0.141    -0.394 r  u_transport/u_tx/o_Tx_Serial_reg/Q
                         net (fo=1, routed)           2.621     2.228    UART_TXD_OBUF
    W9                   OBUF (Prop_obuf_I_O)         1.271     3.499 r  UART_TXD_OBUF_inst/O
                         net (fo=0)                   0.000     3.499    UART_TXD
    W9                                                                r  UART_TXD (OUT)
  -------------------------------------------------------------------    -------------------





--------------------------------------------------------------------------------------
Path Group:  (none)
From Clock:  pll_feedback_raw
  To Clock:  

Max Delay             1 Endpoint
Min Delay             1 Endpoint
--------------------------------------------------------------------------------------


Max Delay Paths
--------------------------------------------------------------------------------------
Slack:                    inf
  Source:                 u_pll/CLKFBOUT
                            (clock source 'pll_feedback_raw'  {rise@0.000ns fall@10.000ns period=20.000ns})
  Destination:            u_pll/CLKFBIN
  Path Group:             (none)
  Path Type:              Max at Fast Process Corner
  Data Path Delay:        1.485ns  (logic 0.029ns (1.953%)  route 1.456ns (98.047%))
  Logic Levels:           1  (BUFG=1)
  Clock Uncertainty:      0.117ns  ((TSJ^2 + DJ^2)^1/2) / 2 + PE
    Total System Jitter     (TSJ):    0.050ns
    Discrete Jitter          (DJ):    0.042ns
    Phase Error              (PE):    0.084ns

    Location             Delay type                Incr(ns)  Path(ns)    Netlist Resource(s)
  -------------------------------------------------------------------    -------------------
                         (clock pll_feedback_raw fall edge)
                                                     10.000    10.000 f  
    N18                                               0.000    10.000 f  CLK50MHZ (IN)
                         net (fo=0)                   0.000    10.000    CLK50MHZ
    N18                  IBUF (Prop_ibuf_I_O)         0.417    10.417 f  CLK50MHZ_IBUF_inst/O
                         net (fo=1, routed)           0.481    10.898    CLK50MHZ_IBUF
  -------------------------------------------------------------------    -------------------
    PLLE2_ADV_X1Y1       PLLE2_ADV (Prop_plle2_adv_CLKIN1_CLKFBOUT)
                                                     -2.727     8.171 f  u_pll/CLKFBOUT
                         net (fo=1, routed)           0.592     8.763    pll_feedback_raw
    BUFGCTRL_X0Y17       BUFG (Prop_bufg_I_O)         0.029     8.792 f  u_pll_feedback_bufg/O
                         net (fo=1, routed)           0.864     9.656    pll_feedback
    PLLE2_ADV_X1Y1       PLLE2_ADV                                    f  u_pll/CLKFBIN
  -------------------------------------------------------------------    -------------------





Min Delay Paths
--------------------------------------------------------------------------------------
Slack:                    inf
  Source:                 u_pll/CLKFBOUT
                            (clock source 'pll_feedback_raw'  {rise@0.000ns fall@10.000ns period=20.000ns})
  Destination:            u_pll/CLKFBIN
  Path Group:             (none)
  Path Type:              Min at Slow Process Corner
  Data Path Delay:        2.915ns  (logic 0.077ns (2.642%)  route 2.838ns (97.358%))
  Logic Levels:           1  (BUFG=1)
  Clock Uncertainty:      0.117ns  ((TSJ^2 + DJ^2)^1/2) / 2 + PE
    Total System Jitter     (TSJ):    0.050ns
    Discrete Jitter          (DJ):    0.042ns
    Phase Error              (PE):    0.084ns

    Location             Delay type                Incr(ns)  Path(ns)    Netlist Resource(s)
  -------------------------------------------------------------------    -------------------
                         (clock pll_feedback_raw rise edge)
                                                      0.000     0.000 r  
    N18                                               0.000     0.000 r  CLK50MHZ (IN)
                         net (fo=0)                   0.000     0.000    CLK50MHZ
    N18                  IBUF (Prop_ibuf_I_O)         1.327     1.327 r  CLK50MHZ_IBUF_inst/O
                         net (fo=1, routed)           1.019     2.345    CLK50MHZ_IBUF
  -------------------------------------------------------------------    -------------------
    PLLE2_ADV_X1Y1       PLLE2_ADV (Prop_plle2_adv_CLKIN1_CLKFBOUT)
                                                     -6.696    -4.350 r  u_pll/CLKFBOUT
                         net (fo=1, routed)           1.451    -2.899    pll_feedback_raw
    BUFGCTRL_X0Y17       BUFG (Prop_bufg_I_O)         0.077    -2.822 r  u_pll_feedback_bufg/O
                         net (fo=1, routed)           1.386    -1.436    pll_feedback
    PLLE2_ADV_X1Y1       PLLE2_ADV                                    r  u_pll/CLKFBIN
  -------------------------------------------------------------------    -------------------





--------------------------------------------------------------------------------------
Path Group:  (none)
From Clock:  
  To Clock:  clk_100_raw

Max Delay         28199 Endpoints
Min Delay         28199 Endpoints
--------------------------------------------------------------------------------------


Max Delay Paths
--------------------------------------------------------------------------------------
Slack:                    inf
  Source:                 SW[0]
                            (input port)
  Destination:            u_core/u_edge/u_server/hash/sponge/algo_inst/STEP_MAPPING_5/Str_out_reg[653]/D
                            (rising edge-triggered cell FDCE clocked by clk_100_raw  {rise@0.000ns fall@5.000ns period=10.000ns})
  Path Group:             (none)
  Path Type:              Setup (Max at Slow Process Corner)
  Data Path Delay:        10.914ns  (logic 2.002ns (18.342%)  route 8.912ns (81.658%))
  Logic Levels:           5  (IBUF=1 LUT2=1 LUT5=3)
  Clock Path Skew:        -1.480ns (DCD - SCD + CPR)
    Destination Clock Delay (DCD):    -1.480ns
    Source Clock Delay      (SCD):    0.000ns
    Clock Pessimism Removal (CPR):    0.000ns

    Location             Delay type                Incr(ns)  Path(ns)    Netlist Resource(s)
  -------------------------------------------------------------------    -------------------
    G19                                               0.000     0.000 r  SW[0] (IN)
                         net (fo=0)                   0.000     0.000    SW[0]
    G19                  IBUF (Prop_ibuf_I_O)         1.383     1.383 r  SW_IBUF[0]_inst/O
                         net (fo=6, routed)           2.836     4.219    u_transport/SW_IBUF[0]
    SLICE_X81Y77         LUT2 (Prop_lut2_I1_O)        0.105     4.324 f  u_transport/i___788_i_1__0/O
                         net (fo=111, routed)         2.052     6.376    u_core/u_edge/u_control/FSM_sequential_state_reg[0]
    SLICE_X82Y28         LUT5 (Prop_lut5_I1_O)        0.126     6.502 f  u_core/u_edge/u_control/i___1011_i_1/O
                         net (fo=1097, routed)        2.438     8.940    u_core/u_edge/u_server/hash/sponge/algo_inst/STEP_MAPPING_2/Str_out_reg[160]
    SLICE_X39Y58         LUT5 (Prop_lut5_I0_O)        0.283     9.223 r  u_core/u_edge/u_server/hash/sponge/algo_inst/STEP_MAPPING_2/i_/i_/i___1057/O
                         net (fo=3, routed)           1.586    10.809    u_core/u_edge/u_server/hash/sponge/algo_inst/STEP_MAPPING_2/Chi1_str_tmp[717]
    SLICE_X92Y61         LUT5 (Prop_lut5_I2_O)        0.105    10.914 r  u_core/u_edge/u_server/hash/sponge/algo_inst/STEP_MAPPING_2/i_/i_/i___2361/O
                         net (fo=1, routed)           0.000    10.914    u_core/u_edge/u_server/hash/sponge/algo_inst/STEP_MAPPING_5/Str_out_reg[1599]_0[653]
    SLICE_X92Y61         FDCE                                         r  u_core/u_edge/u_server/hash/sponge/algo_inst/STEP_MAPPING_5/Str_out_reg[653]/D
  -------------------------------------------------------------------    -------------------

                         (clock clk_100_raw rise edge)
                                                      0.000     0.000 r  
    N18                                               0.000     0.000 r  CLK50MHZ (IN)
                         net (fo=0)                   0.000     0.000    CLK50MHZ
    N18                  IBUF (Prop_ibuf_I_O)         1.327     1.327 r  CLK50MHZ_IBUF_inst/O
                         net (fo=1, routed)           1.019     2.345    CLK50MHZ_IBUF
    PLLE2_ADV_X1Y1       PLLE2_ADV (Prop_plle2_adv_CLKIN1_CLKOUT0)
                                                     -6.696    -4.350 r  u_pll/CLKOUT0
                         net (fo=1, routed)           1.451    -2.899    clk_100_raw
    BUFGCTRL_X0Y16       BUFG (Prop_bufg_I_O)         0.077    -2.822 r  u_clk_100_bufg/O
                         net (fo=20208, routed)       1.342    -1.480    u_core/u_edge/u_server/hash/sponge/algo_inst/STEP_MAPPING_5/clk_100
    SLICE_X92Y61         FDCE                                         r  u_core/u_edge/u_server/hash/sponge/algo_inst/STEP_MAPPING_5/Str_out_reg[653]/C

Slack:                    inf
  Source:                 SW[0]
                            (input port)
  Destination:            u_core/u_edge/u_server/hash/sponge/algo_inst/STEP_MAPPING_5/Str_out_reg[909]/D
                            (rising edge-triggered cell FDCE clocked by clk_100_raw  {rise@0.000ns fall@5.000ns period=10.000ns})
  Path Group:             (none)
  Path Type:              Setup (Max at Slow Process Corner)
  Data Path Delay:        10.912ns  (logic 2.002ns (18.345%)  route 8.910ns (81.655%))
  Logic Levels:           5  (IBUF=1 LUT2=1 LUT5=3)
  Clock Path Skew:        -1.480ns (DCD - SCD + CPR)
    Destination Clock Delay (DCD):    -1.480ns
    Source Clock Delay      (SCD):    0.000ns
    Clock Pessimism Removal (CPR):    0.000ns

    Location             Delay type                Incr(ns)  Path(ns)    Netlist Resource(s)
  -------------------------------------------------------------------    -------------------
    G19                                               0.000     0.000 r  SW[0] (IN)
                         net (fo=0)                   0.000     0.000    SW[0]
    G19                  IBUF (Prop_ibuf_I_O)         1.383     1.383 r  SW_IBUF[0]_inst/O
                         net (fo=6, routed)           2.836     4.219    u_transport/SW_IBUF[0]
    SLICE_X81Y77         LUT2 (Prop_lut2_I1_O)        0.105     4.324 f  u_transport/i___788_i_1__0/O
                         net (fo=111, routed)         2.052     6.376    u_core/u_edge/u_control/FSM_sequential_state_reg[0]
    SLICE_X82Y28         LUT5 (Prop_lut5_I1_O)        0.126     6.502 f  u_core/u_edge/u_control/i___1011_i_1/O
                         net (fo=1097, routed)        2.438     8.940    u_core/u_edge/u_server/hash/sponge/algo_inst/STEP_MAPPING_2/Str_out_reg[160]
    SLICE_X39Y58         LUT5 (Prop_lut5_I0_O)        0.283     9.223 r  u_core/u_edge/u_server/hash/sponge/algo_inst/STEP_MAPPING_2/i_/i_/i___1057/O
                         net (fo=3, routed)           1.584    10.807    u_core/u_edge/u_server/hash/sponge/algo_inst/STEP_MAPPING_2/Chi1_str_tmp[717]
    SLICE_X92Y61         LUT5 (Prop_lut5_I3_O)        0.105    10.912 r  u_core/u_edge/u_server/hash/sponge/algo_inst/STEP_MAPPING_2/i_/i_/i___2807/O
                         net (fo=1, routed)           0.000    10.912    u_core/u_edge/u_server/hash/sponge/algo_inst/STEP_MAPPING_5/Str_out_reg[1599]_0[909]
    SLICE_X92Y61         FDCE                                         r  u_core/u_edge/u_server/hash/sponge/algo_inst/STEP_MAPPING_5/Str_out_reg[909]/D
  -------------------------------------------------------------------    -------------------

                         (clock clk_100_raw rise edge)
                                                      0.000     0.000 r  
    N18                                               0.000     0.000 r  CLK50MHZ (IN)
                         net (fo=0)                   0.000     0.000    CLK50MHZ
    N18                  IBUF (Prop_ibuf_I_O)         1.327     1.327 r  CLK50MHZ_IBUF_inst/O
                         net (fo=1, routed)           1.019     2.345    CLK50MHZ_IBUF
    PLLE2_ADV_X1Y1       PLLE2_ADV (Prop_plle2_adv_CLKIN1_CLKOUT0)
                                                     -6.696    -4.350 r  u_pll/CLKOUT0
                         net (fo=1, routed)           1.451    -2.899    clk_100_raw
    BUFGCTRL_X0Y16       BUFG (Prop_bufg_I_O)         0.077    -2.822 r  u_clk_100_bufg/O
                         net (fo=20208, routed)       1.342    -1.480    u_core/u_edge/u_server/hash/sponge/algo_inst/STEP_MAPPING_5/clk_100
    SLICE_X92Y61         FDCE                                         r  u_core/u_edge/u_server/hash/sponge/algo_inst/STEP_MAPPING_5/Str_out_reg[909]/C

Slack:                    inf
  Source:                 SW[0]
                            (input port)
  Destination:            u_core/u_edge/u_server/hash/sponge/algo_inst/STEP_MAPPING_5/Str_out_reg[1110]/D
                            (rising edge-triggered cell FDCE clocked by clk_100_raw  {rise@0.000ns fall@5.000ns period=10.000ns})
  Path Group:             (none)
  Path Type:              Setup (Max at Slow Process Corner)
  Data Path Delay:        10.874ns  (logic 2.002ns (18.409%)  route 8.872ns (81.591%))
  Logic Levels:           5  (IBUF=1 LUT2=1 LUT5=3)
  Clock Path Skew:        -1.478ns (DCD - SCD + CPR)
    Destination Clock Delay (DCD):    -1.478ns
    Source Clock Delay      (SCD):    0.000ns
    Clock Pessimism Removal (CPR):    0.000ns

    Location             Delay type                Incr(ns)  Path(ns)    Netlist Resource(s)
  -------------------------------------------------------------------    -------------------
    G19                                               0.000     0.000 r  SW[0] (IN)
                         net (fo=0)                   0.000     0.000    SW[0]
    G19                  IBUF (Prop_ibuf_I_O)         1.383     1.383 r  SW_IBUF[0]_inst/O
                         net (fo=6, routed)           2.836     4.219    u_transport/SW_IBUF[0]
    SLICE_X81Y77         LUT2 (Prop_lut2_I1_O)        0.105     4.324 f  u_transport/i___788_i_1__0/O
                         net (fo=111, routed)         2.052     6.376    u_core/u_edge/u_control/FSM_sequential_state_reg[0]
    SLICE_X82Y28         LUT5 (Prop_lut5_I1_O)        0.126     6.502 f  u_core/u_edge/u_control/i___1011_i_1/O
                         net (fo=1097, routed)        2.398     8.900    u_core/u_edge/u_server/hash/sponge/algo_inst/STEP_MAPPING_2/Str_out_reg[160]
    SLICE_X43Y58         LUT5 (Prop_lut5_I0_O)        0.283     9.183 r  u_core/u_edge/u_server/hash/sponge/algo_inst/STEP_MAPPING_2/i_/i_/i___1056/O
                         net (fo=3, routed)           1.586    10.769    u_core/u_edge/u_server/hash/sponge/algo_inst/STEP_MAPPING_2/Chi1_str_tmp[1174]
    SLICE_X92Y58         LUT5 (Prop_lut5_I4_O)        0.105    10.874 r  u_core/u_edge/u_server/hash/sponge/algo_inst/STEP_MAPPING_2/i_/i_/i___3104/O
                         net (fo=1, routed)           0.000    10.874    u_core/u_edge/u_server/hash/sponge/algo_inst/STEP_MAPPING_5/Str_out_reg[1599]_0[1110]
    SLICE_X92Y58         FDCE                                         r  u_core/u_edge/u_server/hash/sponge/algo_inst/STEP_MAPPING_5/Str_out_reg[1110]/D
  -------------------------------------------------------------------    -------------------

                         (clock clk_100_raw rise edge)
                                                      0.000     0.000 r  
    N18                                               0.000     0.000 r  CLK50MHZ (IN)
                         net (fo=0)                   0.000     0.000    CLK50MHZ
    N18                  IBUF (Prop_ibuf_I_O)         1.327     1.327 r  CLK50MHZ_IBUF_inst/O
                         net (fo=1, routed)           1.019     2.345    CLK50MHZ_IBUF
    PLLE2_ADV_X1Y1       PLLE2_ADV (Prop_plle2_adv_CLKIN1_CLKOUT0)
                                                     -6.696    -4.350 r  u_pll/CLKOUT0
                         net (fo=1, routed)           1.451    -2.899    clk_100_raw
    BUFGCTRL_X0Y16       BUFG (Prop_bufg_I_O)         0.077    -2.822 r  u_clk_100_bufg/O
                         net (fo=20208, routed)       1.344    -1.478    u_core/u_edge/u_server/hash/sponge/algo_inst/STEP_MAPPING_5/clk_100
    SLICE_X92Y58         FDCE                                         r  u_core/u_edge/u_server/hash/sponge/algo_inst/STEP_MAPPING_5/Str_out_reg[1110]/C

Slack:                    inf
  Source:                 SW[0]
                            (input port)
  Destination:            u_core/u_edge/u_server/hash/sponge/algo_inst/STEP_MAPPING_5/Str_out_reg[748]/D
                            (rising edge-triggered cell FDCE clocked by clk_100_raw  {rise@0.000ns fall@5.000ns period=10.000ns})
  Path Group:             (none)
  Path Type:              Setup (Max at Slow Process Corner)
  Data Path Delay:        10.849ns  (logic 2.002ns (18.452%)  route 8.847ns (81.548%))
  Logic Levels:           5  (IBUF=1 LUT2=1 LUT5=3)
  Clock Path Skew:        -1.478ns (DCD - SCD + CPR)
    Destination Clock Delay (DCD):    -1.478ns
    Source Clock Delay      (SCD):    0.000ns
    Clock Pessimism Removal (CPR):    0.000ns

    Location             Delay type                Incr(ns)  Path(ns)    Netlist Resource(s)
  -------------------------------------------------------------------    -------------------
    G19                                               0.000     0.000 r  SW[0] (IN)
                         net (fo=0)                   0.000     0.000    SW[0]
    G19                  IBUF (Prop_ibuf_I_O)         1.383     1.383 r  SW_IBUF[0]_inst/O
                         net (fo=6, routed)           2.836     4.219    u_transport/SW_IBUF[0]
    SLICE_X81Y77         LUT2 (Prop_lut2_I1_O)        0.105     4.324 f  u_transport/i___788_i_1__0/O
                         net (fo=111, routed)         2.052     6.376    u_core/u_edge/u_control/FSM_sequential_state_reg[0]
    SLICE_X82Y28         LUT5 (Prop_lut5_I1_O)        0.126     6.502 f  u_core/u_edge/u_control/i___1011_i_1/O
                         net (fo=1097, routed)        2.402     8.904    u_core/u_edge/u_server/hash/sponge/algo_inst/STEP_MAPPING_2/Str_out_reg[160]
    SLICE_X49Y57         LUT5 (Prop_lut5_I0_O)        0.283     9.187 r  u_core/u_edge/u_server/hash/sponge/algo_inst/STEP_MAPPING_2/i_/i_/i___1527/O
                         net (fo=3, routed)           1.557    10.744    u_core/u_edge/u_server/hash/sponge/algo_inst/STEP_MAPPING_2/Chi1_str_tmp[876]
    SLICE_X90Y59         LUT5 (Prop_lut5_I3_O)        0.105    10.849 r  u_core/u_edge/u_server/hash/sponge/algo_inst/STEP_MAPPING_2/i_/i_/i___2601/O
                         net (fo=1, routed)           0.000    10.849    u_core/u_edge/u_server/hash/sponge/algo_inst/STEP_MAPPING_5/Str_out_reg[1599]_0[748]
    SLICE_X90Y59         FDCE                                         r  u_core/u_edge/u_server/hash/sponge/algo_inst/STEP_MAPPING_5/Str_out_reg[748]/D
  -------------------------------------------------------------------    -------------------

                         (clock clk_100_raw rise edge)
                                                      0.000     0.000 r  
    N18                                               0.000     0.000 r  CLK50MHZ (IN)
                         net (fo=0)                   0.000     0.000    CLK50MHZ
    N18                  IBUF (Prop_ibuf_I_O)         1.327     1.327 r  CLK50MHZ_IBUF_inst/O
                         net (fo=1, routed)           1.019     2.345    CLK50MHZ_IBUF
    PLLE2_ADV_X1Y1       PLLE2_ADV (Prop_plle2_adv_CLKIN1_CLKOUT0)
                                                     -6.696    -4.350 r  u_pll/CLKOUT0
                         net (fo=1, routed)           1.451    -2.899    clk_100_raw
    BUFGCTRL_X0Y16       BUFG (Prop_bufg_I_O)         0.077    -2.822 r  u_clk_100_bufg/O
                         net (fo=20208, routed)       1.344    -1.478    u_core/u_edge/u_server/hash/sponge/algo_inst/STEP_MAPPING_5/clk_100
    SLICE_X90Y59         FDCE                                         r  u_core/u_edge/u_server/hash/sponge/algo_inst/STEP_MAPPING_5/Str_out_reg[748]/C

Slack:                    inf
  Source:                 SW[0]
                            (input port)
  Destination:            u_core/u_edge/u_server/hash/sponge/algo_inst/STEP_MAPPING_5/Str_out_reg[345]/D
                            (rising edge-triggered cell FDCE clocked by clk_100_raw  {rise@0.000ns fall@5.000ns period=10.000ns})
  Path Group:             (none)
  Path Type:              Setup (Max at Slow Process Corner)
  Data Path Delay:        10.843ns  (logic 1.803ns (16.626%)  route 9.040ns (83.374%))
  Logic Levels:           5  (IBUF=1 LUT2=1 LUT5=3)
  Clock Path Skew:        -1.391ns (DCD - SCD + CPR)
    Destination Clock Delay (DCD):    -1.391ns
    Source Clock Delay      (SCD):    0.000ns
    Clock Pessimism Removal (CPR):    0.000ns

    Location             Delay type                Incr(ns)  Path(ns)    Netlist Resource(s)
  -------------------------------------------------------------------    -------------------
    G19                                               0.000     0.000 r  SW[0] (IN)
                         net (fo=0)                   0.000     0.000    SW[0]
    G19                  IBUF (Prop_ibuf_I_O)         1.383     1.383 r  SW_IBUF[0]_inst/O
                         net (fo=6, routed)           2.836     4.219    u_transport/SW_IBUF[0]
    SLICE_X81Y77         LUT2 (Prop_lut2_I1_O)        0.105     4.324 f  u_transport/i___788_i_1__0/O
                         net (fo=111, routed)         1.946     6.270    u_core/u_edge/u_control/FSM_sequential_state_reg[0]
    SLICE_X73Y26         LUT5 (Prop_lut5_I1_O)        0.105     6.375 f  u_core/u_edge/u_control/i___3205_i_1/O
                         net (fo=1096, routed)        2.260     8.635    u_core/u_edge/u_server/hash/sponge/algo_inst/STEP_MAPPING_2/Str_out_reg[31]
    SLICE_X43Y54         LUT5 (Prop_lut5_I0_O)        0.105     8.740 r  u_core/u_edge/u_server/hash/sponge/algo_inst/STEP_MAPPING_2/i_/i_/i___522/O
                         net (fo=3, routed)           1.998    10.738    u_core/u_edge/u_server/hash/sponge/algo_inst/STEP_MAPPING_2/i_/i_/i___522_n_2
    SLICE_X106Y45        LUT5 (Prop_lut5_I2_O)        0.105    10.843 r  u_core/u_edge/u_server/hash/sponge/algo_inst/STEP_MAPPING_2/i_/i_/i___1633/O
                         net (fo=1, routed)           0.000    10.843    u_core/u_edge/u_server/hash/sponge/algo_inst/STEP_MAPPING_5/Str_out_reg[1599]_0[345]
    SLICE_X106Y45        FDCE                                         r  u_core/u_edge/u_server/hash/sponge/algo_inst/STEP_MAPPING_5/Str_out_reg[345]/D
  -------------------------------------------------------------------    -------------------

                         (clock clk_100_raw rise edge)
                                                      0.000     0.000 r  
    N18                                               0.000     0.000 r  CLK50MHZ (IN)
                         net (fo=0)                   0.000     0.000    CLK50MHZ
    N18                  IBUF (Prop_ibuf_I_O)         1.327     1.327 r  CLK50MHZ_IBUF_inst/O
                         net (fo=1, routed)           1.019     2.345    CLK50MHZ_IBUF
    PLLE2_ADV_X1Y1       PLLE2_ADV (Prop_plle2_adv_CLKIN1_CLKOUT0)
                                                     -6.696    -4.350 r  u_pll/CLKOUT0
                         net (fo=1, routed)           1.451    -2.899    clk_100_raw
    BUFGCTRL_X0Y16       BUFG (Prop_bufg_I_O)         0.077    -2.822 r  u_clk_100_bufg/O
                         net (fo=20208, routed)       1.431    -1.391    u_core/u_edge/u_server/hash/sponge/algo_inst/STEP_MAPPING_5/clk_100
    SLICE_X106Y45        FDCE                                         r  u_core/u_edge/u_server/hash/sponge/algo_inst/STEP_MAPPING_5/Str_out_reg[345]/C

Slack:                    inf
  Source:                 SW[0]
                            (input port)
  Destination:            u_core/u_edge/u_server/hash/sponge/algo_inst/STEP_MAPPING_5/Str_out_reg[811]/D
                            (rising edge-triggered cell FDCE clocked by clk_100_raw  {rise@0.000ns fall@5.000ns period=10.000ns})
  Path Group:             (none)
  Path Type:              Setup (Max at Slow Process Corner)
  Data Path Delay:        10.822ns  (logic 2.002ns (18.498%)  route 8.820ns (81.502%))
  Logic Levels:           5  (IBUF=1 LUT2=1 LUT5=3)
  Clock Path Skew:        -1.456ns (DCD - SCD + CPR)
    Destination Clock Delay (DCD):    -1.456ns
    Source Clock Delay      (SCD):    0.000ns
    Clock Pessimism Removal (CPR):    0.000ns

    Location             Delay type                Incr(ns)  Path(ns)    Netlist Resource(s)
  -------------------------------------------------------------------    -------------------
    G19                                               0.000     0.000 r  SW[0] (IN)
                         net (fo=0)                   0.000     0.000    SW[0]
    G19                  IBUF (Prop_ibuf_I_O)         1.383     1.383 r  SW_IBUF[0]_inst/O
                         net (fo=6, routed)           2.836     4.219    u_transport/SW_IBUF[0]
    SLICE_X81Y77         LUT2 (Prop_lut2_I1_O)        0.105     4.324 f  u_transport/i___788_i_1__0/O
                         net (fo=111, routed)         2.052     6.376    u_core/u_edge/u_control/FSM_sequential_state_reg[0]
    SLICE_X82Y28         LUT5 (Prop_lut5_I1_O)        0.126     6.502 f  u_core/u_edge/u_control/i___1011_i_1/O
                         net (fo=1097, routed)        2.219     8.721    u_core/u_edge/u_server/hash/sponge/algo_inst/STEP_MAPPING_2/Str_out_reg[160]
    SLICE_X44Y37         LUT5 (Prop_lut5_I0_O)        0.283     9.004 r  u_core/u_edge/u_server/hash/sponge/algo_inst/STEP_MAPPING_2/i_/i_/i___1524/O
                         net (fo=3, routed)           1.713    10.717    u_core/u_edge/u_server/hash/sponge/algo_inst/STEP_MAPPING_2/Chi1_str_tmp[875]
    SLICE_X98Y45         LUT5 (Prop_lut5_I2_O)        0.105    10.822 r  u_core/u_edge/u_server/hash/sponge/algo_inst/STEP_MAPPING_2/i_/i_/i___2706/O
                         net (fo=1, routed)           0.000    10.822    u_core/u_edge/u_server/hash/sponge/algo_inst/STEP_MAPPING_5/Str_out_reg[1599]_0[811]
    SLICE_X98Y45         FDCE                                         r  u_core/u_edge/u_server/hash/sponge/algo_inst/STEP_MAPPING_5/Str_out_reg[811]/D
  -------------------------------------------------------------------    -------------------

                         (clock clk_100_raw rise edge)
                                                      0.000     0.000 r  
    N18                                               0.000     0.000 r  CLK50MHZ (IN)
                         net (fo=0)                   0.000     0.000    CLK50MHZ
    N18                  IBUF (Prop_ibuf_I_O)         1.327     1.327 r  CLK50MHZ_IBUF_inst/O
                         net (fo=1, routed)           1.019     2.345    CLK50MHZ_IBUF
    PLLE2_ADV_X1Y1       PLLE2_ADV (Prop_plle2_adv_CLKIN1_CLKOUT0)
                                                     -6.696    -4.350 r  u_pll/CLKOUT0
                         net (fo=1, routed)           1.451    -2.899    clk_100_raw
    BUFGCTRL_X0Y16       BUFG (Prop_bufg_I_O)         0.077    -2.822 r  u_clk_100_bufg/O
                         net (fo=20208, routed)       1.366    -1.456    u_core/u_edge/u_server/hash/sponge/algo_inst/STEP_MAPPING_5/clk_100
    SLICE_X98Y45         FDCE                                         r  u_core/u_edge/u_server/hash/sponge/algo_inst/STEP_MAPPING_5/Str_out_reg[811]/C

Slack:                    inf
  Source:                 SW[0]
                            (input port)
  Destination:            u_core/u_edge/u_server/hash/sponge/algo_inst/STEP_MAPPING_5/Str_out_reg[780]/D
                            (rising edge-triggered cell FDCE clocked by clk_100_raw  {rise@0.000ns fall@5.000ns period=10.000ns})
  Path Group:             (none)
  Path Type:              Setup (Max at Slow Process Corner)
  Data Path Delay:        10.820ns  (logic 2.002ns (18.500%)  route 8.819ns (81.500%))
  Logic Levels:           5  (IBUF=1 LUT2=1 LUT5=3)
  Clock Path Skew:        -1.476ns (DCD - SCD + CPR)
    Destination Clock Delay (DCD):    -1.476ns
    Source Clock Delay      (SCD):    0.000ns
    Clock Pessimism Removal (CPR):    0.000ns

    Location             Delay type                Incr(ns)  Path(ns)    Netlist Resource(s)
  -------------------------------------------------------------------    -------------------
    G19                                               0.000     0.000 r  SW[0] (IN)
                         net (fo=0)                   0.000     0.000    SW[0]
    G19                  IBUF (Prop_ibuf_I_O)         1.383     1.383 r  SW_IBUF[0]_inst/O
                         net (fo=6, routed)           2.836     4.219    u_transport/SW_IBUF[0]
    SLICE_X81Y77         LUT2 (Prop_lut2_I1_O)        0.105     4.324 f  u_transport/i___788_i_1__0/O
                         net (fo=111, routed)         2.052     6.376    u_core/u_edge/u_control/FSM_sequential_state_reg[0]
    SLICE_X82Y28         LUT5 (Prop_lut5_I1_O)        0.126     6.502 f  u_core/u_edge/u_control/i___1011_i_1/O
                         net (fo=1097, routed)        2.198     8.700    u_core/u_edge/u_server/hash/sponge/algo_inst/STEP_MAPPING_2/Str_out_reg[160]
    SLICE_X45Y54         LUT5 (Prop_lut5_I0_O)        0.283     8.983 r  u_core/u_edge/u_server/hash/sponge/algo_inst/STEP_MAPPING_2/i_/i_/i___1431/O
                         net (fo=3, routed)           1.732    10.715    u_core/u_edge/u_server/hash/sponge/algo_inst/STEP_MAPPING_2/Chi1_str_tmp[844]
    SLICE_X96Y57         LUT5 (Prop_lut5_I2_O)        0.105    10.820 r  u_core/u_edge/u_server/hash/sponge/algo_inst/STEP_MAPPING_2/i_/i_/i___2805/O
                         net (fo=1, routed)           0.000    10.820    u_core/u_edge/u_server/hash/sponge/algo_inst/STEP_MAPPING_5/Str_out_reg[1599]_0[780]
    SLICE_X96Y57         FDCE                                         r  u_core/u_edge/u_server/hash/sponge/algo_inst/STEP_MAPPING_5/Str_out_reg[780]/D
  -------------------------------------------------------------------    -------------------

                         (clock clk_100_raw rise edge)
                                                      0.000     0.000 r  
    N18                                               0.000     0.000 r  CLK50MHZ (IN)
                         net (fo=0)                   0.000     0.000    CLK50MHZ
    N18                  IBUF (Prop_ibuf_I_O)         1.327     1.327 r  CLK50MHZ_IBUF_inst/O
                         net (fo=1, routed)           1.019     2.345    CLK50MHZ_IBUF
    PLLE2_ADV_X1Y1       PLLE2_ADV (Prop_plle2_adv_CLKIN1_CLKOUT0)
                                                     -6.696    -4.350 r  u_pll/CLKOUT0
                         net (fo=1, routed)           1.451    -2.899    clk_100_raw
    BUFGCTRL_X0Y16       BUFG (Prop_bufg_I_O)         0.077    -2.822 r  u_clk_100_bufg/O
                         net (fo=20208, routed)       1.346    -1.476    u_core/u_edge/u_server/hash/sponge/algo_inst/STEP_MAPPING_5/clk_100
    SLICE_X96Y57         FDCE                                         r  u_core/u_edge/u_server/hash/sponge/algo_inst/STEP_MAPPING_5/Str_out_reg[780]/C

Slack:                    inf
  Source:                 SW[0]
                            (input port)
  Destination:            u_core/u_edge/u_server/hash/sponge/algo_inst/STEP_MAPPING_5/Str_out_reg[1373]/D
                            (rising edge-triggered cell FDCE clocked by clk_100_raw  {rise@0.000ns fall@5.000ns period=10.000ns})
  Path Group:             (none)
  Path Type:              Setup (Max at Slow Process Corner)
  Data Path Delay:        10.819ns  (logic 2.002ns (18.503%)  route 8.817ns (81.497%))
  Logic Levels:           5  (IBUF=1 LUT2=1 LUT5=3)
  Clock Path Skew:        -1.475ns (DCD - SCD + CPR)
    Destination Clock Delay (DCD):    -1.475ns
    Source Clock Delay      (SCD):    0.000ns
    Clock Pessimism Removal (CPR):    0.000ns

    Location             Delay type                Incr(ns)  Path(ns)    Netlist Resource(s)
  -------------------------------------------------------------------    -------------------
    G19                                               0.000     0.000 r  SW[0] (IN)
                         net (fo=0)                   0.000     0.000    SW[0]
    G19                  IBUF (Prop_ibuf_I_O)         1.383     1.383 r  SW_IBUF[0]_inst/O
                         net (fo=6, routed)           2.836     4.219    u_transport/SW_IBUF[0]
    SLICE_X81Y77         LUT2 (Prop_lut2_I1_O)        0.105     4.324 f  u_transport/i___788_i_1__0/O
                         net (fo=111, routed)         2.052     6.376    u_core/u_edge/u_control/FSM_sequential_state_reg[0]
    SLICE_X82Y28         LUT5 (Prop_lut5_I1_O)        0.126     6.502 f  u_core/u_edge/u_control/i___1011_i_1/O
                         net (fo=1097, routed)        2.328     8.830    u_core/u_edge/u_server/hash/sponge/algo_inst/STEP_MAPPING_2/Str_out_reg[160]
    SLICE_X39Y55         LUT5 (Prop_lut5_I0_O)        0.283     9.113 r  u_core/u_edge/u_server/hash/sponge/algo_inst/STEP_MAPPING_2/i_/i_/i___1343/O
                         net (fo=3, routed)           1.601    10.714    u_core/u_edge/u_server/hash/sponge/algo_inst/STEP_MAPPING_2/Chi1_str_tmp[1373]
    SLICE_X98Y59         LUT5 (Prop_lut5_I2_O)        0.105    10.819 r  u_core/u_edge/u_server/hash/sponge/algo_inst/STEP_MAPPING_2/i_/i_/i___2489/O
                         net (fo=1, routed)           0.000    10.819    u_core/u_edge/u_server/hash/sponge/algo_inst/STEP_MAPPING_5/Str_out_reg[1599]_0[1373]
    SLICE_X98Y59         FDCE                                         r  u_core/u_edge/u_server/hash/sponge/algo_inst/STEP_MAPPING_5/Str_out_reg[1373]/D
  -------------------------------------------------------------------    -------------------

                         (clock clk_100_raw rise edge)
                                                      0.000     0.000 r  
    N18                                               0.000     0.000 r  CLK50MHZ (IN)
                         net (fo=0)                   0.000     0.000    CLK50MHZ
    N18                  IBUF (Prop_ibuf_I_O)         1.327     1.327 r  CLK50MHZ_IBUF_inst/O
                         net (fo=1, routed)           1.019     2.345    CLK50MHZ_IBUF
    PLLE2_ADV_X1Y1       PLLE2_ADV (Prop_plle2_adv_CLKIN1_CLKOUT0)
                                                     -6.696    -4.350 r  u_pll/CLKOUT0
                         net (fo=1, routed)           1.451    -2.899    clk_100_raw
    BUFGCTRL_X0Y16       BUFG (Prop_bufg_I_O)         0.077    -2.822 r  u_clk_100_bufg/O
                         net (fo=20208, routed)       1.347    -1.475    u_core/u_edge/u_server/hash/sponge/algo_inst/STEP_MAPPING_5/clk_100
    SLICE_X98Y59         FDCE                                         r  u_core/u_edge/u_server/hash/sponge/algo_inst/STEP_MAPPING_5/Str_out_reg[1373]/C

Slack:                    inf
  Source:                 SW[0]
                            (input port)
  Destination:            u_core/u_edge/u_server/hash/sponge/algo_inst/STEP_MAPPING_5/Str_out_reg[717]/D
                            (rising edge-triggered cell FDCE clocked by clk_100_raw  {rise@0.000ns fall@5.000ns period=10.000ns})
  Path Group:             (none)
  Path Type:              Setup (Max at Slow Process Corner)
  Data Path Delay:        10.803ns  (logic 2.002ns (18.531%)  route 8.801ns (81.469%))
  Logic Levels:           5  (IBUF=1 LUT2=1 LUT5=3)
  Clock Path Skew:        -1.480ns (DCD - SCD + CPR)
    Destination Clock Delay (DCD):    -1.480ns
    Source Clock Delay      (SCD):    0.000ns
    Clock Pessimism Removal (CPR):    0.000ns

    Location             Delay type                Incr(ns)  Path(ns)    Netlist Resource(s)
  -------------------------------------------------------------------    -------------------
    G19                                               0.000     0.000 r  SW[0] (IN)
                         net (fo=0)                   0.000     0.000    SW[0]
    G19                  IBUF (Prop_ibuf_I_O)         1.383     1.383 r  SW_IBUF[0]_inst/O
                         net (fo=6, routed)           2.836     4.219    u_transport/SW_IBUF[0]
    SLICE_X81Y77         LUT2 (Prop_lut2_I1_O)        0.105     4.324 f  u_transport/i___788_i_1__0/O
                         net (fo=111, routed)         2.052     6.376    u_core/u_edge/u_control/FSM_sequential_state_reg[0]
    SLICE_X82Y28         LUT5 (Prop_lut5_I1_O)        0.126     6.502 f  u_core/u_edge/u_control/i___1011_i_1/O
                         net (fo=1097, routed)        2.438     8.940    u_core/u_edge/u_server/hash/sponge/algo_inst/STEP_MAPPING_2/Str_out_reg[160]
    SLICE_X39Y58         LUT5 (Prop_lut5_I0_O)        0.283     9.223 r  u_core/u_edge/u_server/hash/sponge/algo_inst/STEP_MAPPING_2/i_/i_/i___1057/O
                         net (fo=3, routed)           1.475    10.698    u_core/u_edge/u_server/hash/sponge/algo_inst/STEP_MAPPING_2/Chi1_str_tmp[717]
    SLICE_X91Y61         LUT5 (Prop_lut5_I4_O)        0.105    10.803 r  u_core/u_edge/u_server/hash/sponge/algo_inst/STEP_MAPPING_2/i_/i_/i___2570/O
                         net (fo=1, routed)           0.000    10.803    u_core/u_edge/u_server/hash/sponge/algo_inst/STEP_MAPPING_5/Str_out_reg[1599]_0[717]
    SLICE_X91Y61         FDCE                                         r  u_core/u_edge/u_server/hash/sponge/algo_inst/STEP_MAPPING_5/Str_out_reg[717]/D
  -------------------------------------------------------------------    -------------------

                         (clock clk_100_raw rise edge)
                                                      0.000     0.000 r  
    N18                                               0.000     0.000 r  CLK50MHZ (IN)
                         net (fo=0)                   0.000     0.000    CLK50MHZ
    N18                  IBUF (Prop_ibuf_I_O)         1.327     1.327 r  CLK50MHZ_IBUF_inst/O
                         net (fo=1, routed)           1.019     2.345    CLK50MHZ_IBUF
    PLLE2_ADV_X1Y1       PLLE2_ADV (Prop_plle2_adv_CLKIN1_CLKOUT0)
                                                     -6.696    -4.350 r  u_pll/CLKOUT0
                         net (fo=1, routed)           1.451    -2.899    clk_100_raw
    BUFGCTRL_X0Y16       BUFG (Prop_bufg_I_O)         0.077    -2.822 r  u_clk_100_bufg/O
                         net (fo=20208, routed)       1.342    -1.480    u_core/u_edge/u_server/hash/sponge/algo_inst/STEP_MAPPING_5/clk_100
    SLICE_X91Y61         FDCE                                         r  u_core/u_edge/u_server/hash/sponge/algo_inst/STEP_MAPPING_5/Str_out_reg[717]/C

Slack:                    inf
  Source:                 SW[0]
                            (input port)
  Destination:            u_core/u_edge/u_server/hash/sponge/algo_inst/STEP_MAPPING_5/Str_out_reg[114]/D
                            (rising edge-triggered cell FDCE clocked by clk_100_raw  {rise@0.000ns fall@5.000ns period=10.000ns})
  Path Group:             (none)
  Path Type:              Setup (Max at Slow Process Corner)
  Data Path Delay:        10.802ns  (logic 1.803ns (16.689%)  route 9.000ns (83.311%))
  Logic Levels:           5  (IBUF=1 LUT2=1 LUT5=3)
  Clock Path Skew:        -1.580ns (DCD - SCD + CPR)
    Destination Clock Delay (DCD):    -1.580ns
    Source Clock Delay      (SCD):    0.000ns
    Clock Pessimism Removal (CPR):    0.000ns

    Location             Delay type                Incr(ns)  Path(ns)    Netlist Resource(s)
  -------------------------------------------------------------------    -------------------
    G19                                               0.000     0.000 r  SW[0] (IN)
                         net (fo=0)                   0.000     0.000    SW[0]
    G19                  IBUF (Prop_ibuf_I_O)         1.383     1.383 r  SW_IBUF[0]_inst/O
                         net (fo=6, routed)           2.836     4.219    u_transport/SW_IBUF[0]
    SLICE_X81Y77         LUT2 (Prop_lut2_I1_O)        0.105     4.324 f  u_transport/i___788_i_1__0/O
                         net (fo=111, routed)         1.946     6.270    u_core/u_edge/u_control/FSM_sequential_state_reg[0]
    SLICE_X73Y26         LUT5 (Prop_lut5_I1_O)        0.105     6.375 f  u_core/u_edge/u_control/i___3205_i_1/O
                         net (fo=1096, routed)        2.350     8.725    u_core/u_edge/u_server/hash/sponge/algo_inst/STEP_MAPPING_2/Str_out_reg[31]
    SLICE_X105Y51        LUT5 (Prop_lut5_I0_O)        0.105     8.830 r  u_core/u_edge/u_server/hash/sponge/algo_inst/STEP_MAPPING_2/i_/i_/i___441/O
                         net (fo=3, routed)           1.867    10.697    u_core/u_edge/u_server/hash/sponge/algo_inst/STEP_MAPPING_2/i_/i_/i___441_n_2
    SLICE_X52Y41         LUT5 (Prop_lut5_I3_O)        0.105    10.802 r  u_core/u_edge/u_server/hash/sponge/algo_inst/STEP_MAPPING_2/i_/i_/i___1825/O
                         net (fo=1, routed)           0.000    10.802    u_core/u_edge/u_server/hash/sponge/algo_inst/STEP_MAPPING_5/Str_out_reg[1599]_0[114]
    SLICE_X52Y41         FDCE                                         r  u_core/u_edge/u_server/hash/sponge/algo_inst/STEP_MAPPING_5/Str_out_reg[114]/D
  -------------------------------------------------------------------    -------------------

                         (clock clk_100_raw rise edge)
                                                      0.000     0.000 r  
    N18                                               0.000     0.000 r  CLK50MHZ (IN)
                         net (fo=0)                   0.000     0.000    CLK50MHZ
    N18                  IBUF (Prop_ibuf_I_O)         1.327     1.327 r  CLK50MHZ_IBUF_inst/O
                         net (fo=1, routed)           1.019     2.345    CLK50MHZ_IBUF
    PLLE2_ADV_X1Y1       PLLE2_ADV (Prop_plle2_adv_CLKIN1_CLKOUT0)
                                                     -6.696    -4.350 r  u_pll/CLKOUT0
                         net (fo=1, routed)           1.451    -2.899    clk_100_raw
    BUFGCTRL_X0Y16       BUFG (Prop_bufg_I_O)         0.077    -2.822 r  u_clk_100_bufg/O
                         net (fo=20208, routed)       1.242    -1.580    u_core/u_edge/u_server/hash/sponge/algo_inst/STEP_MAPPING_5/clk_100
    SLICE_X52Y41         FDCE                                         r  u_core/u_edge/u_server/hash/sponge/algo_inst/STEP_MAPPING_5/Str_out_reg[114]/C

Slack:                    inf
  Source:                 SW[0]
                            (input port)
  Destination:            u_core/u_edge/u_server/hash/sponge/algo_inst/STEP_MAPPING_5/Str_out_reg[747]/D
                            (rising edge-triggered cell FDCE clocked by clk_100_raw  {rise@0.000ns fall@5.000ns period=10.000ns})
  Path Group:             (none)
  Path Type:              Setup (Max at Slow Process Corner)
  Data Path Delay:        10.801ns  (logic 2.002ns (18.534%)  route 8.799ns (81.466%))
  Logic Levels:           5  (IBUF=1 LUT2=1 LUT5=3)
  Clock Path Skew:        -1.456ns (DCD - SCD + CPR)
    Destination Clock Delay (DCD):    -1.456ns
    Source Clock Delay      (SCD):    0.000ns
    Clock Pessimism Removal (CPR):    0.000ns

    Location             Delay type                Incr(ns)  Path(ns)    Netlist Resource(s)
  -------------------------------------------------------------------    -------------------
    G19                                               0.000     0.000 r  SW[0] (IN)
                         net (fo=0)                   0.000     0.000    SW[0]
    G19                  IBUF (Prop_ibuf_I_O)         1.383     1.383 r  SW_IBUF[0]_inst/O
                         net (fo=6, routed)           2.836     4.219    u_transport/SW_IBUF[0]
    SLICE_X81Y77         LUT2 (Prop_lut2_I1_O)        0.105     4.324 f  u_transport/i___788_i_1__0/O
                         net (fo=111, routed)         2.052     6.376    u_core/u_edge/u_control/FSM_sequential_state_reg[0]
    SLICE_X82Y28         LUT5 (Prop_lut5_I1_O)        0.126     6.502 f  u_core/u_edge/u_control/i___1011_i_1/O
                         net (fo=1097, routed)        2.219     8.721    u_core/u_edge/u_server/hash/sponge/algo_inst/STEP_MAPPING_2/Str_out_reg[160]
    SLICE_X44Y37         LUT5 (Prop_lut5_I0_O)        0.283     9.004 r  u_core/u_edge/u_server/hash/sponge/algo_inst/STEP_MAPPING_2/i_/i_/i___1524/O
                         net (fo=3, routed)           1.692    10.696    u_core/u_edge/u_server/hash/sponge/algo_inst/STEP_MAPPING_2/Chi1_str_tmp[875]
    SLICE_X98Y45         LUT5 (Prop_lut5_I3_O)        0.105    10.801 r  u_core/u_edge/u_server/hash/sponge/algo_inst/STEP_MAPPING_2/i_/i_/i___2600/O
                         net (fo=1, routed)           0.000    10.801    u_core/u_edge/u_server/hash/sponge/algo_inst/STEP_MAPPING_5/Str_out_reg[1599]_0[747]
    SLICE_X98Y45         FDCE                                         r  u_core/u_edge/u_server/hash/sponge/algo_inst/STEP_MAPPING_5/Str_out_reg[747]/D
  -------------------------------------------------------------------    -------------------

                         (clock clk_100_raw rise edge)
                                                      0.000     0.000 r  
    N18                                               0.000     0.000 r  CLK50MHZ (IN)
                         net (fo=0)                   0.000     0.000    CLK50MHZ
    N18                  IBUF (Prop_ibuf_I_O)         1.327     1.327 r  CLK50MHZ_IBUF_inst/O
                         net (fo=1, routed)           1.019     2.345    CLK50MHZ_IBUF
    PLLE2_ADV_X1Y1       PLLE2_ADV (Prop_plle2_adv_CLKIN1_CLKOUT0)
                                                     -6.696    -4.350 r  u_pll/CLKOUT0
                         net (fo=1, routed)           1.451    -2.899    clk_100_raw
    BUFGCTRL_X0Y16       BUFG (Prop_bufg_I_O)         0.077    -2.822 r  u_clk_100_bufg/O
                         net (fo=20208, routed)       1.366    -1.456    u_core/u_edge/u_server/hash/sponge/algo_inst/STEP_MAPPING_5/clk_100
    SLICE_X98Y45         FDCE                                         r  u_core/u_edge/u_server/hash/sponge/algo_inst/STEP_MAPPING_5/Str_out_reg[747]/C

Slack:                    inf
  Source:                 SW[0]
                            (input port)
  Destination:            u_core/u_edge/u_server/hash/sponge/algo_inst/STEP_MAPPING_5/Str_out_reg[1046]/D
                            (rising edge-triggered cell FDCE clocked by clk_100_raw  {rise@0.000ns fall@5.000ns period=10.000ns})
  Path Group:             (none)
  Path Type:              Setup (Max at Slow Process Corner)
  Data Path Delay:        10.786ns  (logic 2.002ns (18.560%)  route 8.784ns (81.440%))
  Logic Levels:           5  (IBUF=1 LUT2=1 LUT5=3)
  Clock Path Skew:        -1.478ns (DCD - SCD + CPR)
    Destination Clock Delay (DCD):    -1.478ns
    Source Clock Delay      (SCD):    0.000ns
    Clock Pessimism Removal (CPR):    0.000ns

    Location             Delay type                Incr(ns)  Path(ns)    Netlist Resource(s)
  -------------------------------------------------------------------    -------------------
    G19                                               0.000     0.000 r  SW[0] (IN)
                         net (fo=0)                   0.000     0.000    SW[0]
    G19                  IBUF (Prop_ibuf_I_O)         1.383     1.383 r  SW_IBUF[0]_inst/O
                         net (fo=6, routed)           2.836     4.219    u_transport/SW_IBUF[0]
    SLICE_X81Y77         LUT2 (Prop_lut2_I1_O)        0.105     4.324 f  u_transport/i___788_i_1__0/O
                         net (fo=111, routed)         2.052     6.376    u_core/u_edge/u_control/FSM_sequential_state_reg[0]
    SLICE_X82Y28         LUT5 (Prop_lut5_I1_O)        0.126     6.502 f  u_core/u_edge/u_control/i___1011_i_1/O
                         net (fo=1097, routed)        2.398     8.900    u_core/u_edge/u_server/hash/sponge/algo_inst/STEP_MAPPING_2/Str_out_reg[160]
    SLICE_X43Y58         LUT5 (Prop_lut5_I0_O)        0.283     9.183 r  u_core/u_edge/u_server/hash/sponge/algo_inst/STEP_MAPPING_2/i_/i_/i___1056/O
                         net (fo=3, routed)           1.498    10.681    u_core/u_edge/u_server/hash/sponge/algo_inst/STEP_MAPPING_2/Chi1_str_tmp[1174]
    SLICE_X92Y58         LUT5 (Prop_lut5_I3_O)        0.105    10.786 r  u_core/u_edge/u_server/hash/sponge/algo_inst/STEP_MAPPING_2/i_/i_/i___2508/O
                         net (fo=1, routed)           0.000    10.786    u_core/u_edge/u_server/hash/sponge/algo_inst/STEP_MAPPING_5/Str_out_reg[1599]_0[1046]
    SLICE_X92Y58         FDCE                                         r  u_core/u_edge/u_server/hash/sponge/algo_inst/STEP_MAPPING_5/Str_out_reg[1046]/D
  -------------------------------------------------------------------    -------------------

                         (clock clk_100_raw rise edge)
                                                      0.000     0.000 r  
    N18                                               0.000     0.000 r  CLK50MHZ (IN)
                         net (fo=0)                   0.000     0.000    CLK50MHZ
    N18                  IBUF (Prop_ibuf_I_O)         1.327     1.327 r  CLK50MHZ_IBUF_inst/O
                         net (fo=1, routed)           1.019     2.345    CLK50MHZ_IBUF
    PLLE2_ADV_X1Y1       PLLE2_ADV (Prop_plle2_adv_CLKIN1_CLKOUT0)
                                                     -6.696    -4.350 r  u_pll/CLKOUT0
                         net (fo=1, routed)           1.451    -2.899    clk_100_raw
    BUFGCTRL_X0Y16       BUFG (Prop_bufg_I_O)         0.077    -2.822 r  u_clk_100_bufg/O
                         net (fo=20208, routed)       1.344    -1.478    u_core/u_edge/u_server/hash/sponge/algo_inst/STEP_MAPPING_5/clk_100
    SLICE_X92Y58         FDCE                                         r  u_core/u_edge/u_server/hash/sponge/algo_inst/STEP_MAPPING_5/Str_out_reg[1046]/C

Slack:                    inf
  Source:                 SW[0]
                            (input port)
  Destination:            u_core/u_edge/u_server/hash/sponge/algo_inst/STEP_MAPPING_5/Str_out_reg[1597]/D
                            (rising edge-triggered cell FDCE clocked by clk_100_raw  {rise@0.000ns fall@5.000ns period=10.000ns})
  Path Group:             (none)
  Path Type:              Setup (Max at Slow Process Corner)
  Data Path Delay:        10.779ns  (logic 2.002ns (18.572%)  route 8.777ns (81.428%))
  Logic Levels:           5  (IBUF=1 LUT2=1 LUT5=3)
  Clock Path Skew:        -1.474ns (DCD - SCD + CPR)
    Destination Clock Delay (DCD):    -1.474ns
    Source Clock Delay      (SCD):    0.000ns
    Clock Pessimism Removal (CPR):    0.000ns

    Location             Delay type                Incr(ns)  Path(ns)    Netlist Resource(s)
  -------------------------------------------------------------------    -------------------
    G19                                               0.000     0.000 r  SW[0] (IN)
                         net (fo=0)                   0.000     0.000    SW[0]
    G19                  IBUF (Prop_ibuf_I_O)         1.383     1.383 r  SW_IBUF[0]_inst/O
                         net (fo=6, routed)           2.836     4.219    u_transport/SW_IBUF[0]
    SLICE_X81Y77         LUT2 (Prop_lut2_I1_O)        0.105     4.324 f  u_transport/i___788_i_1__0/O
                         net (fo=111, routed)         2.052     6.376    u_core/u_edge/u_control/FSM_sequential_state_reg[0]
    SLICE_X82Y28         LUT5 (Prop_lut5_I1_O)        0.126     6.502 f  u_core/u_edge/u_control/i___1011_i_1/O
                         net (fo=1097, routed)        2.368     8.869    u_core/u_edge/u_server/hash/sponge/algo_inst/STEP_MAPPING_2/Str_out_reg[160]
    SLICE_X41Y56         LUT5 (Prop_lut5_I0_O)        0.283     9.152 r  u_core/u_edge/u_server/hash/sponge/algo_inst/STEP_MAPPING_2/i_/i_/i___1247/O
                         net (fo=3, routed)           1.522    10.674    u_core/u_edge/u_server/hash/sponge/algo_inst/STEP_MAPPING_2/Chi1_str_tmp[1405]
    SLICE_X101Y56        LUT5 (Prop_lut5_I3_O)        0.105    10.779 r  u_core/u_edge/u_server/hash/sponge/algo_inst/STEP_MAPPING_2/i_/i_/i___2998/O
                         net (fo=1, routed)           0.000    10.779    u_core/u_edge/u_server/hash/sponge/algo_inst/STEP_MAPPING_5/Str_out_reg[1599]_0[1597]
    SLICE_X101Y56        FDCE                                         r  u_core/u_edge/u_server/hash/sponge/algo_inst/STEP_MAPPING_5/Str_out_reg[1597]/D
  -------------------------------------------------------------------    -------------------

                         (clock clk_100_raw rise edge)
                                                      0.000     0.000 r  
    N18                                               0.000     0.000 r  CLK50MHZ (IN)
                         net (fo=0)                   0.000     0.000    CLK50MHZ
    N18                  IBUF (Prop_ibuf_I_O)         1.327     1.327 r  CLK50MHZ_IBUF_inst/O
                         net (fo=1, routed)           1.019     2.345    CLK50MHZ_IBUF
    PLLE2_ADV_X1Y1       PLLE2_ADV (Prop_plle2_adv_CLKIN1_CLKOUT0)
                                                     -6.696    -4.350 r  u_pll/CLKOUT0
                         net (fo=1, routed)           1.451    -2.899    clk_100_raw
    BUFGCTRL_X0Y16       BUFG (Prop_bufg_I_O)         0.077    -2.822 r  u_clk_100_bufg/O
                         net (fo=20208, routed)       1.348    -1.474    u_core/u_edge/u_server/hash/sponge/algo_inst/STEP_MAPPING_5/clk_100
    SLICE_X101Y56        FDCE                                         r  u_core/u_edge/u_server/hash/sponge/algo_inst/STEP_MAPPING_5/Str_out_reg[1597]/C

Slack:                    inf
  Source:                 SW[0]
                            (input port)
  Destination:            u_core/u_edge/u_server/hash/sponge/algo_inst/STEP_MAPPING_5/Str_out_reg[797]/D
                            (rising edge-triggered cell FDCE clocked by clk_100_raw  {rise@0.000ns fall@5.000ns period=10.000ns})
  Path Group:             (none)
  Path Type:              Setup (Max at Slow Process Corner)
  Data Path Delay:        10.777ns  (logic 2.002ns (18.575%)  route 8.775ns (81.425%))
  Logic Levels:           5  (IBUF=1 LUT2=1 LUT5=3)
  Clock Path Skew:        -1.474ns (DCD - SCD + CPR)
    Destination Clock Delay (DCD):    -1.474ns
    Source Clock Delay      (SCD):    0.000ns
    Clock Pessimism Removal (CPR):    0.000ns

    Location             Delay type                Incr(ns)  Path(ns)    Netlist Resource(s)
  -------------------------------------------------------------------    -------------------
    G19                                               0.000     0.000 r  SW[0] (IN)
                         net (fo=0)                   0.000     0.000    SW[0]
    G19                  IBUF (Prop_ibuf_I_O)         1.383     1.383 r  SW_IBUF[0]_inst/O
                         net (fo=6, routed)           2.836     4.219    u_transport/SW_IBUF[0]
    SLICE_X81Y77         LUT2 (Prop_lut2_I1_O)        0.105     4.324 f  u_transport/i___788_i_1__0/O
                         net (fo=111, routed)         2.052     6.376    u_core/u_edge/u_control/FSM_sequential_state_reg[0]
    SLICE_X82Y28         LUT5 (Prop_lut5_I1_O)        0.126     6.502 f  u_core/u_edge/u_control/i___1011_i_1/O
                         net (fo=1097, routed)        2.266     8.768    u_core/u_edge/u_server/hash/sponge/algo_inst/STEP_MAPPING_2/Str_out_reg[160]
    SLICE_X45Y57         LUT5 (Prop_lut5_I0_O)        0.283     9.051 r  u_core/u_edge/u_server/hash/sponge/algo_inst/STEP_MAPPING_2/i_/i_/i___1240/O
                         net (fo=3, routed)           1.621    10.672    u_core/u_edge/u_server/hash/sponge/algo_inst/STEP_MAPPING_2/Chi1_str_tmp[797]
    SLICE_X102Y55        LUT5 (Prop_lut5_I4_O)        0.105    10.777 r  u_core/u_edge/u_server/hash/sponge/algo_inst/STEP_MAPPING_2/i_/i_/i___2664/O
                         net (fo=1, routed)           0.000    10.777    u_core/u_edge/u_server/hash/sponge/algo_inst/STEP_MAPPING_5/Str_out_reg[1599]_0[797]
    SLICE_X102Y55        FDCE                                         r  u_core/u_edge/u_server/hash/sponge/algo_inst/STEP_MAPPING_5/Str_out_reg[797]/D
  -------------------------------------------------------------------    -------------------

                         (clock clk_100_raw rise edge)
                                                      0.000     0.000 r  
    N18                                               0.000     0.000 r  CLK50MHZ (IN)
                         net (fo=0)                   0.000     0.000    CLK50MHZ
    N18                  IBUF (Prop_ibuf_I_O)         1.327     1.327 r  CLK50MHZ_IBUF_inst/O
                         net (fo=1, routed)           1.019     2.345    CLK50MHZ_IBUF
    PLLE2_ADV_X1Y1       PLLE2_ADV (Prop_plle2_adv_CLKIN1_CLKOUT0)
                                                     -6.696    -4.350 r  u_pll/CLKOUT0
                         net (fo=1, routed)           1.451    -2.899    clk_100_raw
    BUFGCTRL_X0Y16       BUFG (Prop_bufg_I_O)         0.077    -2.822 r  u_clk_100_bufg/O
                         net (fo=20208, routed)       1.348    -1.474    u_core/u_edge/u_server/hash/sponge/algo_inst/STEP_MAPPING_5/clk_100
    SLICE_X102Y55        FDCE                                         r  u_core/u_edge/u_server/hash/sponge/algo_inst/STEP_MAPPING_5/Str_out_reg[797]/C

Slack:                    inf
  Source:                 SW[0]
                            (input port)
  Destination:            u_core/u_edge/u_server/hash/sponge/algo_inst/STEP_MAPPING_5/Str_out_reg[380]/D
                            (rising edge-triggered cell FDCE clocked by clk_100_raw  {rise@0.000ns fall@5.000ns period=10.000ns})
  Path Group:             (none)
  Path Type:              Setup (Max at Slow Process Corner)
  Data Path Delay:        10.770ns  (logic 1.803ns (16.739%)  route 8.967ns (83.261%))
  Logic Levels:           5  (IBUF=1 LUT2=1 LUT5=3)
  Clock Path Skew:        -1.455ns (DCD - SCD + CPR)
    Destination Clock Delay (DCD):    -1.455ns
    Source Clock Delay      (SCD):    0.000ns
    Clock Pessimism Removal (CPR):    0.000ns

    Location             Delay type                Incr(ns)  Path(ns)    Netlist Resource(s)
  -------------------------------------------------------------------    -------------------
    G19                                               0.000     0.000 r  SW[0] (IN)
                         net (fo=0)                   0.000     0.000    SW[0]
    G19                  IBUF (Prop_ibuf_I_O)         1.383     1.383 r  SW_IBUF[0]_inst/O
                         net (fo=6, routed)           2.836     4.219    u_transport/SW_IBUF[0]
    SLICE_X81Y77         LUT2 (Prop_lut2_I1_O)        0.105     4.324 f  u_transport/i___788_i_1__0/O
                         net (fo=111, routed)         1.946     6.270    u_core/u_edge/u_control/FSM_sequential_state_reg[0]
    SLICE_X73Y26         LUT5 (Prop_lut5_I1_O)        0.105     6.375 f  u_core/u_edge/u_control/i___3205_i_1/O
                         net (fo=1096, routed)        2.019     8.395    u_core/u_edge/u_server/hash/sponge/algo_inst/STEP_MAPPING_2/Str_out_reg[31]
    SLICE_X38Y43         LUT5 (Prop_lut5_I0_O)        0.105     8.500 r  u_core/u_edge/u_server/hash/sponge/algo_inst/STEP_MAPPING_2/i_/i_/i___592/O
                         net (fo=3, routed)           2.165    10.665    u_core/u_edge/u_server/hash/sponge/algo_inst/STEP_MAPPING_2/i_/i_/i___592_n_2
    SLICE_X104Y43        LUT5 (Prop_lut5_I2_O)        0.105    10.770 r  u_core/u_edge/u_server/hash/sponge/algo_inst/STEP_MAPPING_2/i_/i_/i___1668/O
                         net (fo=1, routed)           0.000    10.770    u_core/u_edge/u_server/hash/sponge/algo_inst/STEP_MAPPING_5/Str_out_reg[1599]_0[380]
    SLICE_X104Y43        FDCE                                         r  u_core/u_edge/u_server/hash/sponge/algo_inst/STEP_MAPPING_5/Str_out_reg[380]/D
  -------------------------------------------------------------------    -------------------

                         (clock clk_100_raw rise edge)
                                                      0.000     0.000 r  
    N18                                               0.000     0.000 r  CLK50MHZ (IN)
                         net (fo=0)                   0.000     0.000    CLK50MHZ
    N18                  IBUF (Prop_ibuf_I_O)         1.327     1.327 r  CLK50MHZ_IBUF_inst/O
                         net (fo=1, routed)           1.019     2.345    CLK50MHZ_IBUF
    PLLE2_ADV_X1Y1       PLLE2_ADV (Prop_plle2_adv_CLKIN1_CLKOUT0)
                                                     -6.696    -4.350 r  u_pll/CLKOUT0
                         net (fo=1, routed)           1.451    -2.899    clk_100_raw
    BUFGCTRL_X0Y16       BUFG (Prop_bufg_I_O)         0.077    -2.822 r  u_clk_100_bufg/O
                         net (fo=20208, routed)       1.367    -1.455    u_core/u_edge/u_server/hash/sponge/algo_inst/STEP_MAPPING_5/clk_100
    SLICE_X104Y43        FDCE                                         r  u_core/u_edge/u_server/hash/sponge/algo_inst/STEP_MAPPING_5/Str_out_reg[380]/C

Slack:                    inf
  Source:                 SW[0]
                            (input port)
  Destination:            u_core/u_edge/u_server/hash/sponge/algo_inst/STEP_MAPPING_5/Str_out_reg[157]/D
                            (rising edge-triggered cell FDCE clocked by clk_100_raw  {rise@0.000ns fall@5.000ns period=10.000ns})
  Path Group:             (none)
  Path Type:              Setup (Max at Slow Process Corner)
  Data Path Delay:        10.767ns  (logic 1.803ns (16.743%)  route 8.964ns (83.257%))
  Logic Levels:           5  (IBUF=1 LUT2=1 LUT5=3)
  Clock Path Skew:        -1.455ns (DCD - SCD + CPR)
    Destination Clock Delay (DCD):    -1.455ns
    Source Clock Delay      (SCD):    0.000ns
    Clock Pessimism Removal (CPR):    0.000ns

    Location             Delay type                Incr(ns)  Path(ns)    Netlist Resource(s)
  -------------------------------------------------------------------    -------------------
    G19                                               0.000     0.000 r  SW[0] (IN)
                         net (fo=0)                   0.000     0.000    SW[0]
    G19                  IBUF (Prop_ibuf_I_O)         1.383     1.383 r  SW_IBUF[0]_inst/O
                         net (fo=6, routed)           2.836     4.219    u_transport/SW_IBUF[0]
    SLICE_X81Y77         LUT2 (Prop_lut2_I1_O)        0.105     4.324 f  u_transport/i___788_i_1__0/O
                         net (fo=111, routed)         1.946     6.270    u_core/u_edge/u_control/FSM_sequential_state_reg[0]
    SLICE_X73Y26         LUT5 (Prop_lut5_I1_O)        0.105     6.375 f  u_core/u_edge/u_control/i___3205_i_1/O
                         net (fo=1096, routed)        1.958     8.333    u_core/u_edge/u_server/hash/sponge/algo_inst/STEP_MAPPING_2/Str_out_reg[31]
    SLICE_X42Y43         LUT5 (Prop_lut5_I0_O)        0.105     8.438 r  u_core/u_edge/u_server/hash/sponge/algo_inst/STEP_MAPPING_2/i_/i_/i___399/O
                         net (fo=3, routed)           2.224    10.662    u_core/u_edge/u_server/hash/sponge/algo_inst/STEP_MAPPING_2/i_/i_/i___399_n_2
    SLICE_X103Y47        LUT5 (Prop_lut5_I2_O)        0.105    10.767 r  u_core/u_edge/u_server/hash/sponge/algo_inst/STEP_MAPPING_2/i_/i_/i___2098/O
                         net (fo=1, routed)           0.000    10.767    u_core/u_edge/u_server/hash/sponge/algo_inst/STEP_MAPPING_5/Str_out_reg[1599]_0[157]
    SLICE_X103Y47        FDCE                                         r  u_core/u_edge/u_server/hash/sponge/algo_inst/STEP_MAPPING_5/Str_out_reg[157]/D
  -------------------------------------------------------------------    -------------------

                         (clock clk_100_raw rise edge)
                                                      0.000     0.000 r  
    N18                                               0.000     0.000 r  CLK50MHZ (IN)
                         net (fo=0)                   0.000     0.000    CLK50MHZ
    N18                  IBUF (Prop_ibuf_I_O)         1.327     1.327 r  CLK50MHZ_IBUF_inst/O
                         net (fo=1, routed)           1.019     2.345    CLK50MHZ_IBUF
    PLLE2_ADV_X1Y1       PLLE2_ADV (Prop_plle2_adv_CLKIN1_CLKOUT0)
                                                     -6.696    -4.350 r  u_pll/CLKOUT0
                         net (fo=1, routed)           1.451    -2.899    clk_100_raw
    BUFGCTRL_X0Y16       BUFG (Prop_bufg_I_O)         0.077    -2.822 r  u_clk_100_bufg/O
                         net (fo=20208, routed)       1.367    -1.455    u_core/u_edge/u_server/hash/sponge/algo_inst/STEP_MAPPING_5/clk_100
    SLICE_X103Y47        FDCE                                         r  u_core/u_edge/u_server/hash/sponge/algo_inst/STEP_MAPPING_5/Str_out_reg[157]/C

Slack:                    inf
  Source:                 SW[0]
                            (input port)
  Destination:            u_core/u_edge/u_server/hash/sponge/algo_inst/STEP_MAPPING_5/Str_out_reg[1452]/D
                            (rising edge-triggered cell FDCE clocked by clk_100_raw  {rise@0.000ns fall@5.000ns period=10.000ns})
  Path Group:             (none)
  Path Type:              Setup (Max at Slow Process Corner)
  Data Path Delay:        10.750ns  (logic 2.002ns (18.621%)  route 8.748ns (81.379%))
  Logic Levels:           5  (IBUF=1 LUT2=1 LUT5=3)
  Clock Path Skew:        -1.535ns (DCD - SCD + CPR)
    Destination Clock Delay (DCD):    -1.535ns
    Source Clock Delay      (SCD):    0.000ns
    Clock Pessimism Removal (CPR):    0.000ns

    Location             Delay type                Incr(ns)  Path(ns)    Netlist Resource(s)
  -------------------------------------------------------------------    -------------------
    G19                                               0.000     0.000 r  SW[0] (IN)
                         net (fo=0)                   0.000     0.000    SW[0]
    G19                  IBUF (Prop_ibuf_I_O)         1.383     1.383 r  SW_IBUF[0]_inst/O
                         net (fo=6, routed)           2.836     4.219    u_transport/SW_IBUF[0]
    SLICE_X81Y77         LUT2 (Prop_lut2_I1_O)        0.105     4.324 f  u_transport/i___788_i_1__0/O
                         net (fo=111, routed)         2.052     6.376    u_core/u_edge/u_control/FSM_sequential_state_reg[0]
    SLICE_X82Y28         LUT5 (Prop_lut5_I1_O)        0.126     6.502 f  u_core/u_edge/u_control/i___1011_i_1/O
                         net (fo=1097, routed)        2.404     8.906    u_core/u_edge/u_server/hash/sponge/algo_inst/STEP_MAPPING_2/Str_out_reg[160]
    SLICE_X44Y60         LUT5 (Prop_lut5_I0_O)        0.283     9.189 r  u_core/u_edge/u_server/hash/sponge/algo_inst/STEP_MAPPING_2/i_/i_/i___1435/O
                         net (fo=3, routed)           1.456    10.645    u_core/u_edge/u_server/hash/sponge/algo_inst/STEP_MAPPING_2/Chi1_str_tmp[1452]
    SLICE_X80Y65         LUT5 (Prop_lut5_I2_O)        0.105    10.750 r  u_core/u_edge/u_server/hash/sponge/algo_inst/STEP_MAPPING_2/i_/i_/i___2948/O
                         net (fo=1, routed)           0.000    10.750    u_core/u_edge/u_server/hash/sponge/algo_inst/STEP_MAPPING_5/Str_out_reg[1599]_0[1452]
    SLICE_X80Y65         FDCE                                         r  u_core/u_edge/u_server/hash/sponge/algo_inst/STEP_MAPPING_5/Str_out_reg[1452]/D
  -------------------------------------------------------------------    -------------------

                         (clock clk_100_raw rise edge)
                                                      0.000     0.000 r  
    N18                                               0.000     0.000 r  CLK50MHZ (IN)
                         net (fo=0)                   0.000     0.000    CLK50MHZ
    N18                  IBUF (Prop_ibuf_I_O)         1.327     1.327 r  CLK50MHZ_IBUF_inst/O
                         net (fo=1, routed)           1.019     2.345    CLK50MHZ_IBUF
    PLLE2_ADV_X1Y1       PLLE2_ADV (Prop_plle2_adv_CLKIN1_CLKOUT0)
                                                     -6.696    -4.350 r  u_pll/CLKOUT0
                         net (fo=1, routed)           1.451    -2.899    clk_100_raw
    BUFGCTRL_X0Y16       BUFG (Prop_bufg_I_O)         0.077    -2.822 r  u_clk_100_bufg/O
                         net (fo=20208, routed)       1.287    -1.535    u_core/u_edge/u_server/hash/sponge/algo_inst/STEP_MAPPING_5/clk_100
    SLICE_X80Y65         FDCE                                         r  u_core/u_edge/u_server/hash/sponge/algo_inst/STEP_MAPPING_5/Str_out_reg[1452]/C

Slack:                    inf
  Source:                 SW[0]
                            (input port)
  Destination:            u_core/u_edge/u_server/hash/sponge/algo_inst/STEP_MAPPING_5/Str_out_reg[1307]/D
                            (rising edge-triggered cell FDCE clocked by clk_100_raw  {rise@0.000ns fall@5.000ns period=10.000ns})
  Path Group:             (none)
  Path Type:              Setup (Max at Slow Process Corner)
  Data Path Delay:        10.748ns  (logic 2.002ns (18.625%)  route 8.746ns (81.375%))
  Logic Levels:           5  (IBUF=1 LUT2=1 LUT5=3)
  Clock Path Skew:        -1.459ns (DCD - SCD + CPR)
    Destination Clock Delay (DCD):    -1.459ns
    Source Clock Delay      (SCD):    0.000ns
    Clock Pessimism Removal (CPR):    0.000ns

    Location             Delay type                Incr(ns)  Path(ns)    Netlist Resource(s)
  -------------------------------------------------------------------    -------------------
    G19                                               0.000     0.000 r  SW[0] (IN)
                         net (fo=0)                   0.000     0.000    SW[0]
    G19                  IBUF (Prop_ibuf_I_O)         1.383     1.383 r  SW_IBUF[0]_inst/O
                         net (fo=6, routed)           2.836     4.219    u_transport/SW_IBUF[0]
    SLICE_X81Y77         LUT2 (Prop_lut2_I1_O)        0.105     4.324 f  u_transport/i___788_i_1__0/O
                         net (fo=111, routed)         2.052     6.376    u_core/u_edge/u_control/FSM_sequential_state_reg[0]
    SLICE_X82Y28         LUT5 (Prop_lut5_I1_O)        0.126     6.502 f  u_core/u_edge/u_control/i___1011_i_1/O
                         net (fo=1097, routed)        1.974     8.475    u_core/u_edge/u_server/hash/sponge/algo_inst/STEP_MAPPING_2/Str_out_reg[160]
    SLICE_X51Y49         LUT5 (Prop_lut5_I0_O)        0.283     8.758 r  u_core/u_edge/u_server/hash/sponge/algo_inst/STEP_MAPPING_2/i_/i_/i___1337/O
                         net (fo=3, routed)           1.884    10.643    u_core/u_edge/u_server/hash/sponge/algo_inst/STEP_MAPPING_2/Chi1_str_tmp[1371]
    SLICE_X100Y38        LUT5 (Prop_lut5_I4_O)        0.105    10.748 r  u_core/u_edge/u_server/hash/sponge/algo_inst/STEP_MAPPING_2/i_/i_/i___2425/O
                         net (fo=1, routed)           0.000    10.748    u_core/u_edge/u_server/hash/sponge/algo_inst/STEP_MAPPING_5/Str_out_reg[1599]_0[1307]
    SLICE_X100Y38        FDCE                                         r  u_core/u_edge/u_server/hash/sponge/algo_inst/STEP_MAPPING_5/Str_out_reg[1307]/D
  -------------------------------------------------------------------    -------------------

                         (clock clk_100_raw rise edge)
                                                      0.000     0.000 r  
    N18                                               0.000     0.000 r  CLK50MHZ (IN)
                         net (fo=0)                   0.000     0.000    CLK50MHZ
    N18                  IBUF (Prop_ibuf_I_O)         1.327     1.327 r  CLK50MHZ_IBUF_inst/O
                         net (fo=1, routed)           1.019     2.345    CLK50MHZ_IBUF
    PLLE2_ADV_X1Y1       PLLE2_ADV (Prop_plle2_adv_CLKIN1_CLKOUT0)
                                                     -6.696    -4.350 r  u_pll/CLKOUT0
                         net (fo=1, routed)           1.451    -2.899    clk_100_raw
    BUFGCTRL_X0Y16       BUFG (Prop_bufg_I_O)         0.077    -2.822 r  u_clk_100_bufg/O
                         net (fo=20208, routed)       1.363    -1.459    u_core/u_edge/u_server/hash/sponge/algo_inst/STEP_MAPPING_5/clk_100
    SLICE_X100Y38        FDCE                                         r  u_core/u_edge/u_server/hash/sponge/algo_inst/STEP_MAPPING_5/Str_out_reg[1307]/C

Slack:                    inf
  Source:                 SW[0]
                            (input port)
  Destination:            u_core/u_edge/u_server/hash/sponge/algo_inst/STEP_MAPPING_5/Str_out_reg[812]/D
                            (rising edge-triggered cell FDCE clocked by clk_100_raw  {rise@0.000ns fall@5.000ns period=10.000ns})
  Path Group:             (none)
  Path Type:              Setup (Max at Slow Process Corner)
  Data Path Delay:        10.736ns  (logic 2.002ns (18.646%)  route 8.734ns (81.354%))
  Logic Levels:           5  (IBUF=1 LUT2=1 LUT5=3)
  Clock Path Skew:        -1.478ns (DCD - SCD + CPR)
    Destination Clock Delay (DCD):    -1.478ns
    Source Clock Delay      (SCD):    0.000ns
    Clock Pessimism Removal (CPR):    0.000ns

    Location             Delay type                Incr(ns)  Path(ns)    Netlist Resource(s)
  -------------------------------------------------------------------    -------------------
    G19                                               0.000     0.000 r  SW[0] (IN)
                         net (fo=0)                   0.000     0.000    SW[0]
    G19                  IBUF (Prop_ibuf_I_O)         1.383     1.383 r  SW_IBUF[0]_inst/O
                         net (fo=6, routed)           2.836     4.219    u_transport/SW_IBUF[0]
    SLICE_X81Y77         LUT2 (Prop_lut2_I1_O)        0.105     4.324 f  u_transport/i___788_i_1__0/O
                         net (fo=111, routed)         2.052     6.376    u_core/u_edge/u_control/FSM_sequential_state_reg[0]
    SLICE_X82Y28         LUT5 (Prop_lut5_I1_O)        0.126     6.502 f  u_core/u_edge/u_control/i___1011_i_1/O
                         net (fo=1097, routed)        2.402     8.904    u_core/u_edge/u_server/hash/sponge/algo_inst/STEP_MAPPING_2/Str_out_reg[160]
    SLICE_X49Y57         LUT5 (Prop_lut5_I0_O)        0.283     9.187 r  u_core/u_edge/u_server/hash/sponge/algo_inst/STEP_MAPPING_2/i_/i_/i___1527/O
                         net (fo=3, routed)           1.444    10.631    u_core/u_edge/u_server/hash/sponge/algo_inst/STEP_MAPPING_2/Chi1_str_tmp[876]
    SLICE_X93Y58         LUT5 (Prop_lut5_I2_O)        0.105    10.736 r  u_core/u_edge/u_server/hash/sponge/algo_inst/STEP_MAPPING_2/i_/i_/i___2709/O
                         net (fo=1, routed)           0.000    10.736    u_core/u_edge/u_server/hash/sponge/algo_inst/STEP_MAPPING_5/Str_out_reg[1599]_0[812]
    SLICE_X93Y58         FDCE                                         r  u_core/u_edge/u_server/hash/sponge/algo_inst/STEP_MAPPING_5/Str_out_reg[812]/D
  -------------------------------------------------------------------    -------------------

                         (clock clk_100_raw rise edge)
                                                      0.000     0.000 r  
    N18                                               0.000     0.000 r  CLK50MHZ (IN)
                         net (fo=0)                   0.000     0.000    CLK50MHZ
    N18                  IBUF (Prop_ibuf_I_O)         1.327     1.327 r  CLK50MHZ_IBUF_inst/O
                         net (fo=1, routed)           1.019     2.345    CLK50MHZ_IBUF
    PLLE2_ADV_X1Y1       PLLE2_ADV (Prop_plle2_adv_CLKIN1_CLKOUT0)
                                                     -6.696    -4.350 r  u_pll/CLKOUT0
                         net (fo=1, routed)           1.451    -2.899    clk_100_raw
    BUFGCTRL_X0Y16       BUFG (Prop_bufg_I_O)         0.077    -2.822 r  u_clk_100_bufg/O
                         net (fo=20208, routed)       1.344    -1.478    u_core/u_edge/u_server/hash/sponge/algo_inst/STEP_MAPPING_5/clk_100
    SLICE_X93Y58         FDCE                                         r  u_core/u_edge/u_server/hash/sponge/algo_inst/STEP_MAPPING_5/Str_out_reg[812]/C

Slack:                    inf
  Source:                 SW[0]
                            (input port)
  Destination:            u_core/u_edge/u_server/hash/sponge/algo_inst/STEP_MAPPING_5/Str_out_reg[1045]/D
                            (rising edge-triggered cell FDCE clocked by clk_100_raw  {rise@0.000ns fall@5.000ns period=10.000ns})
  Path Group:             (none)
  Path Type:              Setup (Max at Slow Process Corner)
  Data Path Delay:        10.710ns  (logic 1.803ns (16.834%)  route 8.907ns (83.166%))
  Logic Levels:           5  (IBUF=1 LUT2=1 LUT5=3)
  Clock Path Skew:        -1.539ns (DCD - SCD + CPR)
    Destination Clock Delay (DCD):    -1.539ns
    Source Clock Delay      (SCD):    0.000ns
    Clock Pessimism Removal (CPR):    0.000ns

    Location             Delay type                Incr(ns)  Path(ns)    Netlist Resource(s)
  -------------------------------------------------------------------    -------------------
    G19                                               0.000     0.000 r  SW[0] (IN)
                         net (fo=0)                   0.000     0.000    SW[0]
    G19                  IBUF (Prop_ibuf_I_O)         1.383     1.383 r  SW_IBUF[0]_inst/O
                         net (fo=6, routed)           2.836     4.219    u_transport/SW_IBUF[0]
    SLICE_X81Y77         LUT2 (Prop_lut2_I1_O)        0.105     4.324 f  u_transport/i___788_i_1__0/O
                         net (fo=111, routed)         1.946     6.270    u_core/u_edge/u_control/FSM_sequential_state_reg[0]
    SLICE_X73Y26         LUT5 (Prop_lut5_I1_O)        0.105     6.375 f  u_core/u_edge/u_control/i___3205_i_1/O
                         net (fo=1096, routed)        2.407     8.782    u_core/u_edge/u_server/hash/sponge/algo_inst/STEP_MAPPING_2/Str_out_reg[31]
    SLICE_X97Y57         LUT5 (Prop_lut5_I0_O)        0.105     8.887 r  u_core/u_edge/u_server/hash/sponge/algo_inst/STEP_MAPPING_2/i_/i_/i___877/O
                         net (fo=3, routed)           1.717    10.605    u_core/u_edge/u_server/hash/sponge/algo_inst/STEP_MAPPING_2/Chi1_str_tmp[1109]
    SLICE_X62Y62         LUT5 (Prop_lut5_I2_O)        0.105    10.710 r  u_core/u_edge/u_server/hash/sponge/algo_inst/STEP_MAPPING_2/i_/i_/i___2507/O
                         net (fo=1, routed)           0.000    10.710    u_core/u_edge/u_server/hash/sponge/algo_inst/STEP_MAPPING_5/Str_out_reg[1599]_0[1045]
    SLICE_X62Y62         FDCE                                         r  u_core/u_edge/u_server/hash/sponge/algo_inst/STEP_MAPPING_5/Str_out_reg[1045]/D
  -------------------------------------------------------------------    -------------------

                         (clock clk_100_raw rise edge)
                                                      0.000     0.000 r  
    N18                                               0.000     0.000 r  CLK50MHZ (IN)
                         net (fo=0)                   0.000     0.000    CLK50MHZ
    N18                  IBUF (Prop_ibuf_I_O)         1.327     1.327 r  CLK50MHZ_IBUF_inst/O
                         net (fo=1, routed)           1.019     2.345    CLK50MHZ_IBUF
    PLLE2_ADV_X1Y1       PLLE2_ADV (Prop_plle2_adv_CLKIN1_CLKOUT0)
                                                     -6.696    -4.350 r  u_pll/CLKOUT0
                         net (fo=1, routed)           1.451    -2.899    clk_100_raw
    BUFGCTRL_X0Y16       BUFG (Prop_bufg_I_O)         0.077    -2.822 r  u_clk_100_bufg/O
                         net (fo=20208, routed)       1.283    -1.539    u_core/u_edge/u_server/hash/sponge/algo_inst/STEP_MAPPING_5/clk_100
    SLICE_X62Y62         FDCE                                         r  u_core/u_edge/u_server/hash/sponge/algo_inst/STEP_MAPPING_5/Str_out_reg[1045]/C





Min Delay Paths
--------------------------------------------------------------------------------------
Slack:                    inf
  Source:                 u_core/u_puf/counter1/q_reg[23]/C
                            (rising edge-triggered cell FDCE)
  Destination:            u_core/u_puf/winner_meta_reg/D
                            (rising edge-triggered cell FDCE clocked by clk_100_raw  {rise@0.000ns fall@5.000ns period=10.000ns})
  Path Group:             (none)
  Path Type:              Hold (Min at Fast Process Corner)
  Data Path Delay:        0.741ns  (logic 0.374ns (50.447%)  route 0.367ns (49.553%))
  Logic Levels:           5  (CARRY4=3 FDCE=1 LUT4=1)
  Clock Uncertainty:      0.124ns  ((TSJ^2 + DJ^2)^1/2) / 2 + PE
    Total System Jitter     (TSJ):    0.050ns
    Discrete Jitter          (DJ):    0.063ns
    Phase Error              (PE):    0.084ns

    Location             Delay type                Incr(ns)  Path(ns)    Netlist Resource(s)
  -------------------------------------------------------------------    -------------------
    SLICE_X95Y65         FDCE                         0.000     0.000 r  u_core/u_puf/counter1/q_reg[23]/C
    SLICE_X95Y65         FDCE (Prop_fdce_C_Q)         0.141     0.141 f  u_core/u_puf/counter1/q_reg[23]/Q
                         net (fo=3, routed)           0.091     0.232    u_core/u_puf/counter0/q_reg_0[23]
    SLICE_X94Y65         LUT4 (Prop_lut4_I1_O)        0.049     0.281 r  u_core/u_puf/counter0/winner1_carry__1_i_1/O
                         net (fo=1, routed)           0.000     0.281    u_core/u_puf/comp_inst/winner1_carry__2_0[3]
    SLICE_X94Y65         CARRY4 (Prop_carry4_DI[3]_CO[3])
                                                      0.091     0.372 r  u_core/u_puf/comp_inst/winner1_carry__1/CO[3]
                         net (fo=1, routed)           0.000     0.372    u_core/u_puf/comp_inst/winner1_carry__1_n_2
    SLICE_X94Y66         CARRY4 (Prop_carry4_CI_CO[3])
                                                      0.040     0.412 r  u_core/u_puf/comp_inst/winner1_carry__2/CO[3]
                         net (fo=1, routed)           0.000     0.412    u_core/u_puf/comp_inst/winner1
    SLICE_X94Y67         CARRY4 (Prop_carry4_CI_O[0])
                                                      0.053     0.465 r  u_core/u_puf/comp_inst/winner1_carry__3/O[0]
                         net (fo=1, routed)           0.276     0.741    u_core/u_puf/winner
    SLICE_X92Y72         FDCE                                         r  u_core/u_puf/winner_meta_reg/D
  -------------------------------------------------------------------    -------------------

                         (clock clk_100_raw rise edge)
                                                      0.000     0.000 r  
    N18                                               0.000     0.000 r  CLK50MHZ (IN)
                         net (fo=0)                   0.000     0.000    CLK50MHZ
    N18                  IBUF (Prop_ibuf_I_O)         0.417     0.417 r  CLK50MHZ_IBUF_inst/O
                         net (fo=1, routed)           0.481     0.898    CLK50MHZ_IBUF
    PLLE2_ADV_X1Y1       PLLE2_ADV (Prop_plle2_adv_CLKIN1_CLKOUT0)
                                                     -2.727    -1.829 r  u_pll/CLKOUT0
                         net (fo=1, routed)           0.592    -1.237    clk_100_raw
    BUFGCTRL_X0Y16       BUFG (Prop_bufg_I_O)         0.029    -1.208 r  u_clk_100_bufg/O
                         net (fo=20208, routed)       0.863    -0.345    u_core/u_puf/clk_100
    SLICE_X92Y72         FDCE                                         r  u_core/u_puf/winner_meta_reg/C

Slack:                    inf
  Source:                 SW[0]
                            (input port)
  Destination:            u_core/u_edge/u_control/u_seed/FSM_sequential_state_reg[1]/D
                            (rising edge-triggered cell FDCE clocked by clk_100_raw  {rise@0.000ns fall@5.000ns period=10.000ns})
  Path Group:             (none)
  Path Type:              Hold (Min at Fast Process Corner)
  Data Path Delay:        1.958ns  (logic 0.310ns (15.829%)  route 1.648ns (84.171%))
  Logic Levels:           3  (IBUF=1 LUT2=1 LUT5=1)
  Clock Path Skew:        -0.371ns (DCD - SCD - CPR)
    Destination Clock Delay (DCD):    -0.371ns
    Source Clock Delay      (SCD):    0.000ns
    Clock Pessimism Removal (CPR):    -0.000ns

    Location             Delay type                Incr(ns)  Path(ns)    Netlist Resource(s)
  -------------------------------------------------------------------    -------------------
    G19                                               0.000     0.000 r  SW[0] (IN)
                         net (fo=0)                   0.000     0.000    SW[0]
    G19                  IBUF (Prop_ibuf_I_O)         0.220     0.220 r  SW_IBUF[0]_inst/O
                         net (fo=6, routed)           1.472     1.692    u_transport/SW_IBUF[0]
    SLICE_X81Y77         LUT2 (Prop_lut2_I1_O)        0.045     1.737 f  u_transport/i___788_i_1__0/O
                         net (fo=111, routed)         0.176     1.913    u_core/u_edge/u_control/FSM_sequential_state_reg[0]
    SLICE_X80Y76         LUT5 (Prop_lut5_I1_O)        0.045     1.958 r  u_core/u_edge/u_control/i___864/O
                         net (fo=1, routed)           0.000     1.958    u_core/u_edge/u_control/u_seed/FSM_sequential_state_reg[1]_0
    SLICE_X80Y76         FDCE                                         r  u_core/u_edge/u_control/u_seed/FSM_sequential_state_reg[1]/D
  -------------------------------------------------------------------    -------------------

                         (clock clk_100_raw rise edge)
                                                      0.000     0.000 r  
    N18                                               0.000     0.000 r  CLK50MHZ (IN)
                         net (fo=0)                   0.000     0.000    CLK50MHZ
    N18                  IBUF (Prop_ibuf_I_O)         0.417     0.417 r  CLK50MHZ_IBUF_inst/O
                         net (fo=1, routed)           0.481     0.898    CLK50MHZ_IBUF
    PLLE2_ADV_X1Y1       PLLE2_ADV (Prop_plle2_adv_CLKIN1_CLKOUT0)
                                                     -2.727    -1.829 r  u_pll/CLKOUT0
                         net (fo=1, routed)           0.592    -1.237    clk_100_raw
    BUFGCTRL_X0Y16       BUFG (Prop_bufg_I_O)         0.029    -1.208 r  u_clk_100_bufg/O
                         net (fo=20208, routed)       0.837    -0.371    u_core/u_edge/u_control/u_seed/clk_100
    SLICE_X80Y76         FDCE                                         r  u_core/u_edge/u_control/u_seed/FSM_sequential_state_reg[1]/C

Slack:                    inf
  Source:                 SW[0]
                            (input port)
  Destination:            u_core/u_edge/u_control/u_seed/FSM_sequential_state_reg[0]/D
                            (rising edge-triggered cell FDCE clocked by clk_100_raw  {rise@0.000ns fall@5.000ns period=10.000ns})
  Path Group:             (none)
  Path Type:              Hold (Min at Fast Process Corner)
  Data Path Delay:        1.962ns  (logic 0.310ns (15.793%)  route 1.652ns (84.207%))
  Logic Levels:           3  (IBUF=1 LUT2=1 LUT6=1)
  Clock Path Skew:        -0.371ns (DCD - SCD - CPR)
    Destination Clock Delay (DCD):    -0.371ns
    Source Clock Delay      (SCD):    0.000ns
    Clock Pessimism Removal (CPR):    -0.000ns

    Location             Delay type                Incr(ns)  Path(ns)    Netlist Resource(s)
  -------------------------------------------------------------------    -------------------
    G19                                               0.000     0.000 r  SW[0] (IN)
                         net (fo=0)                   0.000     0.000    SW[0]
    G19                  IBUF (Prop_ibuf_I_O)         0.220     0.220 r  SW_IBUF[0]_inst/O
                         net (fo=6, routed)           1.472     1.692    u_transport/SW_IBUF[0]
    SLICE_X81Y77         LUT2 (Prop_lut2_I1_O)        0.045     1.737 f  u_transport/i___788_i_1__0/O
                         net (fo=111, routed)         0.180     1.917    u_core/u_edge/u_control/u_seed/u_kdf/FSM_sequential_state_reg[0]_2
    SLICE_X80Y76         LUT6 (Prop_lut6_I2_O)        0.045     1.962 r  u_core/u_edge/u_control/u_seed/u_kdf/FSM_sequential_state[0]_i_1__3/O
                         net (fo=1, routed)           0.000     1.962    u_core/u_edge/u_control/u_seed/u_kdf_n_3
    SLICE_X80Y76         FDCE                                         r  u_core/u_edge/u_control/u_seed/FSM_sequential_state_reg[0]/D
  -------------------------------------------------------------------    -------------------

                         (clock clk_100_raw rise edge)
                                                      0.000     0.000 r  
    N18                                               0.000     0.000 r  CLK50MHZ (IN)
                         net (fo=0)                   0.000     0.000    CLK50MHZ
    N18                  IBUF (Prop_ibuf_I_O)         0.417     0.417 r  CLK50MHZ_IBUF_inst/O
                         net (fo=1, routed)           0.481     0.898    CLK50MHZ_IBUF
    PLLE2_ADV_X1Y1       PLLE2_ADV (Prop_plle2_adv_CLKIN1_CLKOUT0)
                                                     -2.727    -1.829 r  u_pll/CLKOUT0
                         net (fo=1, routed)           0.592    -1.237    clk_100_raw
    BUFGCTRL_X0Y16       BUFG (Prop_bufg_I_O)         0.029    -1.208 r  u_clk_100_bufg/O
                         net (fo=20208, routed)       0.837    -0.371    u_core/u_edge/u_control/u_seed/clk_100
    SLICE_X80Y76         FDCE                                         r  u_core/u_edge/u_control/u_seed/FSM_sequential_state_reg[0]/C

Slack:                    inf
  Source:                 SW[0]
                            (input port)
  Destination:            u_core/u_edge/u_control/u_seed/FSM_sequential_state_reg[2]/D
                            (rising edge-triggered cell FDCE clocked by clk_100_raw  {rise@0.000ns fall@5.000ns period=10.000ns})
  Path Group:             (none)
  Path Type:              Hold (Min at Fast Process Corner)
  Data Path Delay:        2.077ns  (logic 0.313ns (15.068%)  route 1.764ns (84.932%))
  Logic Levels:           3  (IBUF=1 LUT2=1 LUT5=1)
  Clock Path Skew:        -0.371ns (DCD - SCD - CPR)
    Destination Clock Delay (DCD):    -0.371ns
    Source Clock Delay      (SCD):    0.000ns
    Clock Pessimism Removal (CPR):    -0.000ns

    Location             Delay type                Incr(ns)  Path(ns)    Netlist Resource(s)
  -------------------------------------------------------------------    -------------------
    G19                                               0.000     0.000 r  SW[0] (IN)
                         net (fo=0)                   0.000     0.000    SW[0]
    G19                  IBUF (Prop_ibuf_I_O)         0.220     0.220 r  SW_IBUF[0]_inst/O
                         net (fo=6, routed)           1.472     1.692    u_transport/SW_IBUF[0]
    SLICE_X81Y77         LUT2 (Prop_lut2_I1_O)        0.045     1.737 f  u_transport/i___788_i_1__0/O
                         net (fo=111, routed)         0.176     1.913    u_core/u_edge/u_control/FSM_sequential_state_reg[0]
    SLICE_X80Y76         LUT5 (Prop_lut5_I1_O)        0.048     1.961 r  u_core/u_edge/u_control/i___865/O
                         net (fo=1, routed)           0.116     2.077    u_core/u_edge/u_control/u_seed/FSM_sequential_state_reg[2]_4
    SLICE_X80Y76         FDCE                                         r  u_core/u_edge/u_control/u_seed/FSM_sequential_state_reg[2]/D
  -------------------------------------------------------------------    -------------------

                         (clock clk_100_raw rise edge)
                                                      0.000     0.000 r  
    N18                                               0.000     0.000 r  CLK50MHZ (IN)
                         net (fo=0)                   0.000     0.000    CLK50MHZ
    N18                  IBUF (Prop_ibuf_I_O)         0.417     0.417 r  CLK50MHZ_IBUF_inst/O
                         net (fo=1, routed)           0.481     0.898    CLK50MHZ_IBUF
    PLLE2_ADV_X1Y1       PLLE2_ADV (Prop_plle2_adv_CLKIN1_CLKOUT0)
                                                     -2.727    -1.829 r  u_pll/CLKOUT0
                         net (fo=1, routed)           0.592    -1.237    clk_100_raw
    BUFGCTRL_X0Y16       BUFG (Prop_bufg_I_O)         0.029    -1.208 r  u_clk_100_bufg/O
                         net (fo=20208, routed)       0.837    -0.371    u_core/u_edge/u_control/u_seed/clk_100
    SLICE_X80Y76         FDCE                                         r  u_core/u_edge/u_control/u_seed/FSM_sequential_state_reg[2]/C

Slack:                    inf
  Source:                 SW[0]
                            (input port)
  Destination:            u_core/u_edge/u_control/u_seed/start_seen_reg/D
                            (rising edge-triggered cell FDCE clocked by clk_100_raw  {rise@0.000ns fall@5.000ns period=10.000ns})
  Path Group:             (none)
  Path Type:              Hold (Min at Fast Process Corner)
  Data Path Delay:        2.233ns  (logic 0.371ns (16.613%)  route 1.862ns (83.387%))
  Logic Levels:           3  (IBUF=1 LUT2=1 LUT6=1)
  Clock Path Skew:        -0.368ns (DCD - SCD - CPR)
    Destination Clock Delay (DCD):    -0.368ns
    Source Clock Delay      (SCD):    0.000ns
    Clock Pessimism Removal (CPR):    -0.000ns

    Location             Delay type                Incr(ns)  Path(ns)    Netlist Resource(s)
  -------------------------------------------------------------------    -------------------
    G19                                               0.000     0.000 f  SW[0] (IN)
                         net (fo=0)                   0.000     0.000    SW[0]
    G19                  IBUF (Prop_ibuf_I_O)         0.220     0.220 f  SW_IBUF[0]_inst/O
                         net (fo=6, routed)           1.472     1.692    u_transport/SW_IBUF[0]
    SLICE_X81Y77         LUT2 (Prop_lut2_I1_O)        0.044     1.736 r  u_transport/i___23_i_2/O
                         net (fo=4, routed)           0.390     2.126    u_core/u_edge/u_control/zeroize
    SLICE_X64Y82         LUT6 (Prop_lut6_I1_O)        0.107     2.233 r  u_core/u_edge/u_control/i___23/O
                         net (fo=1, routed)           0.000     2.233    u_core/u_edge/u_control/u_seed/start_seen_reg_1
    SLICE_X64Y82         FDCE                                         r  u_core/u_edge/u_control/u_seed/start_seen_reg/D
  -------------------------------------------------------------------    -------------------

                         (clock clk_100_raw rise edge)
                                                      0.000     0.000 r  
    N18                                               0.000     0.000 r  CLK50MHZ (IN)
                         net (fo=0)                   0.000     0.000    CLK50MHZ
    N18                  IBUF (Prop_ibuf_I_O)         0.417     0.417 r  CLK50MHZ_IBUF_inst/O
                         net (fo=1, routed)           0.481     0.898    CLK50MHZ_IBUF
    PLLE2_ADV_X1Y1       PLLE2_ADV (Prop_plle2_adv_CLKIN1_CLKOUT0)
                                                     -2.727    -1.829 r  u_pll/CLKOUT0
                         net (fo=1, routed)           0.592    -1.237    clk_100_raw
    BUFGCTRL_X0Y16       BUFG (Prop_bufg_I_O)         0.029    -1.208 r  u_clk_100_bufg/O
                         net (fo=20208, routed)       0.840    -0.368    u_core/u_edge/u_control/u_seed/clk_100
    SLICE_X64Y82         FDCE                                         r  u_core/u_edge/u_control/u_seed/start_seen_reg/C

Slack:                    inf
  Source:                 SW[0]
                            (input port)
  Destination:            u_core/u_edge/u_control/u_seed/seed_d_reg[30]/D
                            (rising edge-triggered cell FDCE clocked by clk_100_raw  {rise@0.000ns fall@5.000ns period=10.000ns})
  Path Group:             (none)
  Path Type:              Hold (Min at Fast Process Corner)
  Data Path Delay:        2.409ns  (logic 0.373ns (15.483%)  route 2.036ns (84.517%))
  Logic Levels:           3  (IBUF=1 LUT2=1 LUT4=1)
  Clock Path Skew:        -0.394ns (DCD - SCD - CPR)
    Destination Clock Delay (DCD):    -0.394ns
    Source Clock Delay      (SCD):    0.000ns
    Clock Pessimism Removal (CPR):    -0.000ns

    Location             Delay type                Incr(ns)  Path(ns)    Netlist Resource(s)
  -------------------------------------------------------------------    -------------------
    G19                                               0.000     0.000 r  SW[0] (IN)
                         net (fo=0)                   0.000     0.000    SW[0]
    G19                  IBUF (Prop_ibuf_I_O)         0.220     0.220 r  SW_IBUF[0]_inst/O
                         net (fo=6, routed)           1.924     2.144    u_transport/SW_IBUF[0]
    SLICE_X51Y84         LUT2 (Prop_lut2_I1_O)        0.043     2.187 f  u_transport/i___570_i_1__0/O
                         net (fo=109, routed)         0.112     2.299    u_core/u_edge/u_control/seed_z_reg[185]
    SLICE_X51Y84         LUT4 (Prop_lut4_I2_O)        0.110     2.409 r  u_core/u_edge/u_control/i___577/O
                         net (fo=1, routed)           0.000     2.409    u_core/u_edge/u_control/u_seed/D[30]
    SLICE_X51Y84         FDCE                                         r  u_core/u_edge/u_control/u_seed/seed_d_reg[30]/D
  -------------------------------------------------------------------    -------------------

                         (clock clk_100_raw rise edge)
                                                      0.000     0.000 r  
    N18                                               0.000     0.000 r  CLK50MHZ (IN)
                         net (fo=0)                   0.000     0.000    CLK50MHZ
    N18                  IBUF (Prop_ibuf_I_O)         0.417     0.417 r  CLK50MHZ_IBUF_inst/O
                         net (fo=1, routed)           0.481     0.898    CLK50MHZ_IBUF
    PLLE2_ADV_X1Y1       PLLE2_ADV (Prop_plle2_adv_CLKIN1_CLKOUT0)
                                                     -2.727    -1.829 r  u_pll/CLKOUT0
                         net (fo=1, routed)           0.592    -1.237    clk_100_raw
    BUFGCTRL_X0Y16       BUFG (Prop_bufg_I_O)         0.029    -1.208 r  u_clk_100_bufg/O
                         net (fo=20208, routed)       0.814    -0.394    u_core/u_edge/u_control/u_seed/clk_100
    SLICE_X51Y84         FDCE                                         r  u_core/u_edge/u_control/u_seed/seed_d_reg[30]/C

Slack:                    inf
  Source:                 SW[0]
                            (input port)
  Destination:            u_core/u_edge/u_control/u_seed/seed_d_reg[31]/D
                            (rising edge-triggered cell FDCE clocked by clk_100_raw  {rise@0.000ns fall@5.000ns period=10.000ns})
  Path Group:             (none)
  Path Type:              Hold (Min at Fast Process Corner)
  Data Path Delay:        2.413ns  (logic 0.377ns (15.624%)  route 2.036ns (84.376%))
  Logic Levels:           3  (IBUF=1 LUT2=1 LUT4=1)
  Clock Path Skew:        -0.394ns (DCD - SCD - CPR)
    Destination Clock Delay (DCD):    -0.394ns
    Source Clock Delay      (SCD):    0.000ns
    Clock Pessimism Removal (CPR):    -0.000ns

    Location             Delay type                Incr(ns)  Path(ns)    Netlist Resource(s)
  -------------------------------------------------------------------    -------------------
    G19                                               0.000     0.000 r  SW[0] (IN)
                         net (fo=0)                   0.000     0.000    SW[0]
    G19                  IBUF (Prop_ibuf_I_O)         0.220     0.220 r  SW_IBUF[0]_inst/O
                         net (fo=6, routed)           1.924     2.144    u_transport/SW_IBUF[0]
    SLICE_X51Y84         LUT2 (Prop_lut2_I1_O)        0.043     2.187 f  u_transport/i___570_i_1__0/O
                         net (fo=109, routed)         0.112     2.299    u_core/u_edge/u_control/seed_z_reg[185]
    SLICE_X51Y84         LUT4 (Prop_lut4_I2_O)        0.114     2.413 r  u_core/u_edge/u_control/i___576/O
                         net (fo=1, routed)           0.000     2.413    u_core/u_edge/u_control/u_seed/D[31]
    SLICE_X51Y84         FDCE                                         r  u_core/u_edge/u_control/u_seed/seed_d_reg[31]/D
  -------------------------------------------------------------------    -------------------

                         (clock clk_100_raw rise edge)
                                                      0.000     0.000 r  
    N18                                               0.000     0.000 r  CLK50MHZ (IN)
                         net (fo=0)                   0.000     0.000    CLK50MHZ
    N18                  IBUF (Prop_ibuf_I_O)         0.417     0.417 r  CLK50MHZ_IBUF_inst/O
                         net (fo=1, routed)           0.481     0.898    CLK50MHZ_IBUF
    PLLE2_ADV_X1Y1       PLLE2_ADV (Prop_plle2_adv_CLKIN1_CLKOUT0)
                                                     -2.727    -1.829 r  u_pll/CLKOUT0
                         net (fo=1, routed)           0.592    -1.237    clk_100_raw
    BUFGCTRL_X0Y16       BUFG (Prop_bufg_I_O)         0.029    -1.208 r  u_clk_100_bufg/O
                         net (fo=20208, routed)       0.814    -0.394    u_core/u_edge/u_control/u_seed/clk_100
    SLICE_X51Y84         FDCE                                         r  u_core/u_edge/u_control/u_seed/seed_d_reg[31]/C

Slack:                    inf
  Source:                 SW[0]
                            (input port)
  Destination:            u_core/u_edge/u_control/u_seed/seed_d_reg[58]/D
                            (rising edge-triggered cell FDCE clocked by clk_100_raw  {rise@0.000ns fall@5.000ns period=10.000ns})
  Path Group:             (none)
  Path Type:              Hold (Min at Fast Process Corner)
  Data Path Delay:        2.417ns  (logic 0.309ns (12.779%)  route 2.109ns (87.221%))
  Logic Levels:           3  (IBUF=1 LUT2=1 LUT4=1)
  Clock Path Skew:        -0.394ns (DCD - SCD - CPR)
    Destination Clock Delay (DCD):    -0.394ns
    Source Clock Delay      (SCD):    0.000ns
    Clock Pessimism Removal (CPR):    -0.000ns

    Location             Delay type                Incr(ns)  Path(ns)    Netlist Resource(s)
  -------------------------------------------------------------------    -------------------
    G19                                               0.000     0.000 r  SW[0] (IN)
                         net (fo=0)                   0.000     0.000    SW[0]
    G19                  IBUF (Prop_ibuf_I_O)         0.220     0.220 r  SW_IBUF[0]_inst/O
                         net (fo=6, routed)           1.924     2.144    u_transport/SW_IBUF[0]
    SLICE_X51Y84         LUT2 (Prop_lut2_I1_O)        0.045     2.189 f  u_transport/i___461_i_1__0/O
                         net (fo=109, routed)         0.184     2.373    u_core/u_edge/u_control/seed_d_reg[38]
    SLICE_X50Y84         LUT4 (Prop_lut4_I2_O)        0.044     2.417 r  u_core/u_edge/u_control/i___549/O
                         net (fo=1, routed)           0.000     2.417    u_core/u_edge/u_control/u_seed/D[58]
    SLICE_X50Y84         FDCE                                         r  u_core/u_edge/u_control/u_seed/seed_d_reg[58]/D
  -------------------------------------------------------------------    -------------------

                         (clock clk_100_raw rise edge)
                                                      0.000     0.000 r  
    N18                                               0.000     0.000 r  CLK50MHZ (IN)
                         net (fo=0)                   0.000     0.000    CLK50MHZ
    N18                  IBUF (Prop_ibuf_I_O)         0.417     0.417 r  CLK50MHZ_IBUF_inst/O
                         net (fo=1, routed)           0.481     0.898    CLK50MHZ_IBUF
    PLLE2_ADV_X1Y1       PLLE2_ADV (Prop_plle2_adv_CLKIN1_CLKOUT0)
                                                     -2.727    -1.829 r  u_pll/CLKOUT0
                         net (fo=1, routed)           0.592    -1.237    clk_100_raw
    BUFGCTRL_X0Y16       BUFG (Prop_bufg_I_O)         0.029    -1.208 r  u_clk_100_bufg/O
                         net (fo=20208, routed)       0.814    -0.394    u_core/u_edge/u_control/u_seed/clk_100
    SLICE_X50Y84         FDCE                                         r  u_core/u_edge/u_control/u_seed/seed_d_reg[58]/C

Slack:                    inf
  Source:                 SW[0]
                            (input port)
  Destination:            u_core/u_edge/u_control/u_seed/seed_d_reg[57]/D
                            (rising edge-triggered cell FDCE clocked by clk_100_raw  {rise@0.000ns fall@5.000ns period=10.000ns})
  Path Group:             (none)
  Path Type:              Hold (Min at Fast Process Corner)
  Data Path Delay:        2.418ns  (logic 0.310ns (12.815%)  route 2.109ns (87.185%))
  Logic Levels:           3  (IBUF=1 LUT2=1 LUT4=1)
  Clock Path Skew:        -0.394ns (DCD - SCD - CPR)
    Destination Clock Delay (DCD):    -0.394ns
    Source Clock Delay      (SCD):    0.000ns
    Clock Pessimism Removal (CPR):    -0.000ns

    Location             Delay type                Incr(ns)  Path(ns)    Netlist Resource(s)
  -------------------------------------------------------------------    -------------------
    G19                                               0.000     0.000 r  SW[0] (IN)
                         net (fo=0)                   0.000     0.000    SW[0]
    G19                  IBUF (Prop_ibuf_I_O)         0.220     0.220 r  SW_IBUF[0]_inst/O
                         net (fo=6, routed)           1.924     2.144    u_transport/SW_IBUF[0]
    SLICE_X51Y84         LUT2 (Prop_lut2_I1_O)        0.045     2.189 f  u_transport/i___461_i_1__0/O
                         net (fo=109, routed)         0.184     2.373    u_core/u_edge/u_control/seed_d_reg[38]
    SLICE_X50Y84         LUT4 (Prop_lut4_I2_O)        0.045     2.418 r  u_core/u_edge/u_control/i___550/O
                         net (fo=1, routed)           0.000     2.418    u_core/u_edge/u_control/u_seed/D[57]
    SLICE_X50Y84         FDCE                                         r  u_core/u_edge/u_control/u_seed/seed_d_reg[57]/D
  -------------------------------------------------------------------    -------------------

                         (clock clk_100_raw rise edge)
                                                      0.000     0.000 r  
    N18                                               0.000     0.000 r  CLK50MHZ (IN)
                         net (fo=0)                   0.000     0.000    CLK50MHZ
    N18                  IBUF (Prop_ibuf_I_O)         0.417     0.417 r  CLK50MHZ_IBUF_inst/O
                         net (fo=1, routed)           0.481     0.898    CLK50MHZ_IBUF
    PLLE2_ADV_X1Y1       PLLE2_ADV (Prop_plle2_adv_CLKIN1_CLKOUT0)
                                                     -2.727    -1.829 r  u_pll/CLKOUT0
                         net (fo=1, routed)           0.592    -1.237    clk_100_raw
    BUFGCTRL_X0Y16       BUFG (Prop_bufg_I_O)         0.029    -1.208 r  u_clk_100_bufg/O
                         net (fo=20208, routed)       0.814    -0.394    u_core/u_edge/u_control/u_seed/clk_100
    SLICE_X50Y84         FDCE                                         r  u_core/u_edge/u_control/u_seed/seed_d_reg[57]/C

Slack:                    inf
  Source:                 SW[0]
                            (input port)
  Destination:            u_core/u_edge/u_control/u_seed/seed_d_reg[60]/D
                            (rising edge-triggered cell FDCE clocked by clk_100_raw  {rise@0.000ns fall@5.000ns period=10.000ns})
  Path Group:             (none)
  Path Type:              Hold (Min at Fast Process Corner)
  Data Path Delay:        2.441ns  (logic 0.308ns (12.612%)  route 2.134ns (87.388%))
  Logic Levels:           3  (IBUF=1 LUT2=1 LUT4=1)
  Clock Path Skew:        -0.394ns (DCD - SCD - CPR)
    Destination Clock Delay (DCD):    -0.394ns
    Source Clock Delay      (SCD):    0.000ns
    Clock Pessimism Removal (CPR):    -0.000ns

    Location             Delay type                Incr(ns)  Path(ns)    Netlist Resource(s)
  -------------------------------------------------------------------    -------------------
    G19                                               0.000     0.000 r  SW[0] (IN)
                         net (fo=0)                   0.000     0.000    SW[0]
    G19                  IBUF (Prop_ibuf_I_O)         0.220     0.220 r  SW_IBUF[0]_inst/O
                         net (fo=6, routed)           1.924     2.144    u_transport/SW_IBUF[0]
    SLICE_X51Y84         LUT2 (Prop_lut2_I1_O)        0.045     2.189 f  u_transport/i___461_i_1__0/O
                         net (fo=109, routed)         0.209     2.398    u_core/u_edge/u_control/seed_d_reg[38]
    SLICE_X50Y84         LUT4 (Prop_lut4_I2_O)        0.043     2.441 r  u_core/u_edge/u_control/i___547/O
                         net (fo=1, routed)           0.000     2.441    u_core/u_edge/u_control/u_seed/D[60]
    SLICE_X50Y84         FDCE                                         r  u_core/u_edge/u_control/u_seed/seed_d_reg[60]/D
  -------------------------------------------------------------------    -------------------

                         (clock clk_100_raw rise edge)
                                                      0.000     0.000 r  
    N18                                               0.000     0.000 r  CLK50MHZ (IN)
                         net (fo=0)                   0.000     0.000    CLK50MHZ
    N18                  IBUF (Prop_ibuf_I_O)         0.417     0.417 r  CLK50MHZ_IBUF_inst/O
                         net (fo=1, routed)           0.481     0.898    CLK50MHZ_IBUF
    PLLE2_ADV_X1Y1       PLLE2_ADV (Prop_plle2_adv_CLKIN1_CLKOUT0)
                                                     -2.727    -1.829 r  u_pll/CLKOUT0
                         net (fo=1, routed)           0.592    -1.237    clk_100_raw
    BUFGCTRL_X0Y16       BUFG (Prop_bufg_I_O)         0.029    -1.208 r  u_clk_100_bufg/O
                         net (fo=20208, routed)       0.814    -0.394    u_core/u_edge/u_control/u_seed/clk_100
    SLICE_X50Y84         FDCE                                         r  u_core/u_edge/u_control/u_seed/seed_d_reg[60]/C

Slack:                    inf
  Source:                 SW[0]
                            (input port)
  Destination:            u_core/u_edge/u_control/u_seed/seed_d_reg[59]/D
                            (rising edge-triggered cell FDCE clocked by clk_100_raw  {rise@0.000ns fall@5.000ns period=10.000ns})
  Path Group:             (none)
  Path Type:              Hold (Min at Fast Process Corner)
  Data Path Delay:        2.443ns  (logic 0.310ns (12.684%)  route 2.134ns (87.316%))
  Logic Levels:           3  (IBUF=1 LUT2=1 LUT4=1)
  Clock Path Skew:        -0.394ns (DCD - SCD - CPR)
    Destination Clock Delay (DCD):    -0.394ns
    Source Clock Delay      (SCD):    0.000ns
    Clock Pessimism Removal (CPR):    -0.000ns

    Location             Delay type                Incr(ns)  Path(ns)    Netlist Resource(s)
  -------------------------------------------------------------------    -------------------
    G19                                               0.000     0.000 r  SW[0] (IN)
                         net (fo=0)                   0.000     0.000    SW[0]
    G19                  IBUF (Prop_ibuf_I_O)         0.220     0.220 r  SW_IBUF[0]_inst/O
                         net (fo=6, routed)           1.924     2.144    u_transport/SW_IBUF[0]
    SLICE_X51Y84         LUT2 (Prop_lut2_I1_O)        0.045     2.189 f  u_transport/i___461_i_1__0/O
                         net (fo=109, routed)         0.209     2.398    u_core/u_edge/u_control/seed_d_reg[38]
    SLICE_X50Y84         LUT4 (Prop_lut4_I2_O)        0.045     2.443 r  u_core/u_edge/u_control/i___548/O
                         net (fo=1, routed)           0.000     2.443    u_core/u_edge/u_control/u_seed/D[59]
    SLICE_X50Y84         FDCE                                         r  u_core/u_edge/u_control/u_seed/seed_d_reg[59]/D
  -------------------------------------------------------------------    -------------------

                         (clock clk_100_raw rise edge)
                                                      0.000     0.000 r  
    N18                                               0.000     0.000 r  CLK50MHZ (IN)
                         net (fo=0)                   0.000     0.000    CLK50MHZ
    N18                  IBUF (Prop_ibuf_I_O)         0.417     0.417 r  CLK50MHZ_IBUF_inst/O
                         net (fo=1, routed)           0.481     0.898    CLK50MHZ_IBUF
    PLLE2_ADV_X1Y1       PLLE2_ADV (Prop_plle2_adv_CLKIN1_CLKOUT0)
                                                     -2.727    -1.829 r  u_pll/CLKOUT0
                         net (fo=1, routed)           0.592    -1.237    clk_100_raw
    BUFGCTRL_X0Y16       BUFG (Prop_bufg_I_O)         0.029    -1.208 r  u_clk_100_bufg/O
                         net (fo=20208, routed)       0.814    -0.394    u_core/u_edge/u_control/u_seed/clk_100
    SLICE_X50Y84         FDCE                                         r  u_core/u_edge/u_control/u_seed/seed_d_reg[59]/C

Slack:                    inf
  Source:                 SW[0]
                            (input port)
  Destination:            u_core/u_fe/r_reg_reg[7]/D
                            (rising edge-triggered cell FDCE clocked by clk_100_raw  {rise@0.000ns fall@5.000ns period=10.000ns})
  Path Group:             (none)
  Path Type:              Hold (Min at Fast Process Corner)
  Data Path Delay:        2.450ns  (logic 0.355ns (14.486%)  route 2.095ns (85.514%))
  Logic Levels:           4  (IBUF=1 LUT2=1 LUT3=1 LUT5=1)
  Clock Path Skew:        -0.372ns (DCD - SCD - CPR)
    Destination Clock Delay (DCD):    -0.372ns
    Source Clock Delay      (SCD):    0.000ns
    Clock Pessimism Removal (CPR):    -0.000ns

    Location             Delay type                Incr(ns)  Path(ns)    Netlist Resource(s)
  -------------------------------------------------------------------    -------------------
    G19                                               0.000     0.000 r  SW[0] (IN)
                         net (fo=0)                   0.000     0.000    SW[0]
    G19                  IBUF (Prop_ibuf_I_O)         0.220     0.220 r  SW_IBUF[0]_inst/O
                         net (fo=6, routed)           1.472     1.692    u_transport/SW_IBUF[0]
    SLICE_X81Y77         LUT2 (Prop_lut2_I1_O)        0.045     1.737 f  u_transport/i___788_i_1__0/O
                         net (fo=111, routed)         0.426     2.163    u_core/u_fe/result_success_reg
    SLICE_X67Y72         LUT5 (Prop_lut5_I0_O)        0.045     2.208 f  u_core/u_fe/r_reg[12]_i_2/O
                         net (fo=126, routed)         0.198     2.405    u_core/u_puf/shiftreg_inst/r_reg_reg[0]
    SLICE_X64Y71         LUT3 (Prop_lut3_I2_O)        0.045     2.450 r  u_core/u_puf/shiftreg_inst/r_reg[7]_i_1/O
                         net (fo=1, routed)           0.000     2.450    u_core/u_fe/r_reg_reg[263]_0[7]
    SLICE_X64Y71         FDCE                                         r  u_core/u_fe/r_reg_reg[7]/D
  -------------------------------------------------------------------    -------------------

                         (clock clk_100_raw rise edge)
                                                      0.000     0.000 r  
    N18                                               0.000     0.000 r  CLK50MHZ (IN)
                         net (fo=0)                   0.000     0.000    CLK50MHZ
    N18                  IBUF (Prop_ibuf_I_O)         0.417     0.417 r  CLK50MHZ_IBUF_inst/O
                         net (fo=1, routed)           0.481     0.898    CLK50MHZ_IBUF
    PLLE2_ADV_X1Y1       PLLE2_ADV (Prop_plle2_adv_CLKIN1_CLKOUT0)
                                                     -2.727    -1.829 r  u_pll/CLKOUT0
                         net (fo=1, routed)           0.592    -1.237    clk_100_raw
    BUFGCTRL_X0Y16       BUFG (Prop_bufg_I_O)         0.029    -1.208 r  u_clk_100_bufg/O
                         net (fo=20208, routed)       0.836    -0.372    u_core/u_fe/clk_100
    SLICE_X64Y71         FDCE                                         r  u_core/u_fe/r_reg_reg[7]/C

Slack:                    inf
  Source:                 SW[0]
                            (input port)
  Destination:            u_core/u_edge/u_control/u_seed/seed_d_reg[129]/D
                            (rising edge-triggered cell FDCE clocked by clk_100_raw  {rise@0.000ns fall@5.000ns period=10.000ns})
  Path Group:             (none)
  Path Type:              Hold (Min at Fast Process Corner)
  Data Path Delay:        2.485ns  (logic 0.310ns (12.471%)  route 2.175ns (87.529%))
  Logic Levels:           3  (IBUF=1 LUT2=1 LUT4=1)
  Clock Path Skew:        -0.394ns (DCD - SCD - CPR)
    Destination Clock Delay (DCD):    -0.394ns
    Source Clock Delay      (SCD):    0.000ns
    Clock Pessimism Removal (CPR):    -0.000ns

    Location             Delay type                Incr(ns)  Path(ns)    Netlist Resource(s)
  -------------------------------------------------------------------    -------------------
    G19                                               0.000     0.000 r  SW[0] (IN)
                         net (fo=0)                   0.000     0.000    SW[0]
    G19                  IBUF (Prop_ibuf_I_O)         0.220     0.220 r  SW_IBUF[0]_inst/O
                         net (fo=6, routed)           1.924     2.144    u_transport/SW_IBUF[0]
    SLICE_X51Y84         LUT2 (Prop_lut2_I1_O)        0.045     2.189 f  u_transport/i___461_i_1__0/O
                         net (fo=109, routed)         0.251     2.440    u_core/u_edge/u_control/seed_d_reg[38]
    SLICE_X51Y84         LUT4 (Prop_lut4_I2_O)        0.045     2.485 r  u_core/u_edge/u_control/i___478/O
                         net (fo=1, routed)           0.000     2.485    u_core/u_edge/u_control/u_seed/D[129]
    SLICE_X51Y84         FDCE                                         r  u_core/u_edge/u_control/u_seed/seed_d_reg[129]/D
  -------------------------------------------------------------------    -------------------

                         (clock clk_100_raw rise edge)
                                                      0.000     0.000 r  
    N18                                               0.000     0.000 r  CLK50MHZ (IN)
                         net (fo=0)                   0.000     0.000    CLK50MHZ
    N18                  IBUF (Prop_ibuf_I_O)         0.417     0.417 r  CLK50MHZ_IBUF_inst/O
                         net (fo=1, routed)           0.481     0.898    CLK50MHZ_IBUF
    PLLE2_ADV_X1Y1       PLLE2_ADV (Prop_plle2_adv_CLKIN1_CLKOUT0)
                                                     -2.727    -1.829 r  u_pll/CLKOUT0
                         net (fo=1, routed)           0.592    -1.237    clk_100_raw
    BUFGCTRL_X0Y16       BUFG (Prop_bufg_I_O)         0.029    -1.208 r  u_clk_100_bufg/O
                         net (fo=20208, routed)       0.814    -0.394    u_core/u_edge/u_control/u_seed/clk_100
    SLICE_X51Y84         FDCE                                         r  u_core/u_edge/u_control/u_seed/seed_d_reg[129]/C

Slack:                    inf
  Source:                 SW[0]
                            (input port)
  Destination:            u_core/u_edge/u_control/u_seed/seed_d_reg[130]/D
                            (rising edge-triggered cell FDCE clocked by clk_100_raw  {rise@0.000ns fall@5.000ns period=10.000ns})
  Path Group:             (none)
  Path Type:              Hold (Min at Fast Process Corner)
  Data Path Delay:        2.486ns  (logic 0.311ns (12.507%)  route 2.175ns (87.493%))
  Logic Levels:           3  (IBUF=1 LUT2=1 LUT4=1)
  Clock Path Skew:        -0.394ns (DCD - SCD - CPR)
    Destination Clock Delay (DCD):    -0.394ns
    Source Clock Delay      (SCD):    0.000ns
    Clock Pessimism Removal (CPR):    -0.000ns

    Location             Delay type                Incr(ns)  Path(ns)    Netlist Resource(s)
  -------------------------------------------------------------------    -------------------
    G19                                               0.000     0.000 r  SW[0] (IN)
                         net (fo=0)                   0.000     0.000    SW[0]
    G19                  IBUF (Prop_ibuf_I_O)         0.220     0.220 r  SW_IBUF[0]_inst/O
                         net (fo=6, routed)           1.924     2.144    u_transport/SW_IBUF[0]
    SLICE_X51Y84         LUT2 (Prop_lut2_I1_O)        0.045     2.189 f  u_transport/i___461_i_1__0/O
                         net (fo=109, routed)         0.251     2.440    u_core/u_edge/u_control/seed_d_reg[38]
    SLICE_X51Y84         LUT4 (Prop_lut4_I2_O)        0.046     2.486 r  u_core/u_edge/u_control/i___477/O
                         net (fo=1, routed)           0.000     2.486    u_core/u_edge/u_control/u_seed/D[130]
    SLICE_X51Y84         FDCE                                         r  u_core/u_edge/u_control/u_seed/seed_d_reg[130]/D
  -------------------------------------------------------------------    -------------------

                         (clock clk_100_raw rise edge)
                                                      0.000     0.000 r  
    N18                                               0.000     0.000 r  CLK50MHZ (IN)
                         net (fo=0)                   0.000     0.000    CLK50MHZ
    N18                  IBUF (Prop_ibuf_I_O)         0.417     0.417 r  CLK50MHZ_IBUF_inst/O
                         net (fo=1, routed)           0.481     0.898    CLK50MHZ_IBUF
    PLLE2_ADV_X1Y1       PLLE2_ADV (Prop_plle2_adv_CLKIN1_CLKOUT0)
                                                     -2.727    -1.829 r  u_pll/CLKOUT0
                         net (fo=1, routed)           0.592    -1.237    clk_100_raw
    BUFGCTRL_X0Y16       BUFG (Prop_bufg_I_O)         0.029    -1.208 r  u_clk_100_bufg/O
                         net (fo=20208, routed)       0.814    -0.394    u_core/u_edge/u_control/u_seed/clk_100
    SLICE_X51Y84         FDCE                                         r  u_core/u_edge/u_control/u_seed/seed_d_reg[130]/C

Slack:                    inf
  Source:                 SW[0]
                            (input port)
  Destination:            u_core/u_fe/resp_reg_reg[49]/D
                            (rising edge-triggered cell FDCE clocked by clk_100_raw  {rise@0.000ns fall@5.000ns period=10.000ns})
  Path Group:             (none)
  Path Type:              Hold (Min at Fast Process Corner)
  Data Path Delay:        2.507ns  (logic 0.359ns (14.318%)  route 2.148ns (85.682%))
  Logic Levels:           4  (IBUF=1 LUT2=2 LUT5=1)
  Clock Path Skew:        -0.367ns (DCD - SCD - CPR)
    Destination Clock Delay (DCD):    -0.367ns
    Source Clock Delay      (SCD):    0.000ns
    Clock Pessimism Removal (CPR):    -0.000ns

    Location             Delay type                Incr(ns)  Path(ns)    Netlist Resource(s)
  -------------------------------------------------------------------    -------------------
    G19                                               0.000     0.000 r  SW[0] (IN)
                         net (fo=0)                   0.000     0.000    SW[0]
    G19                  IBUF (Prop_ibuf_I_O)         0.220     0.220 r  SW_IBUF[0]_inst/O
                         net (fo=6, routed)           1.472     1.692    u_transport/SW_IBUF[0]
    SLICE_X81Y77         LUT2 (Prop_lut2_I1_O)        0.045     1.737 f  u_transport/i___788_i_1__0/O
                         net (fo=111, routed)         0.483     2.220    u_core/u_fe/result_success_reg
    SLICE_X83Y71         LUT5 (Prop_lut5_I0_O)        0.045     2.265 f  u_core/u_fe/resp_reg[87]_i_2/O
                         net (fo=88, routed)          0.193     2.458    u_core/u_puf/shiftreg_inst/resp_reg_reg[0]
    SLICE_X85Y70         LUT2 (Prop_lut2_I1_O)        0.049     2.507 r  u_core/u_puf/shiftreg_inst/resp_reg[49]_i_1/O
                         net (fo=1, routed)           0.000     2.507    u_core/u_fe/resp_reg_reg[263]_0[49]
    SLICE_X85Y70         FDCE                                         r  u_core/u_fe/resp_reg_reg[49]/D
  -------------------------------------------------------------------    -------------------

                         (clock clk_100_raw rise edge)
                                                      0.000     0.000 r  
    N18                                               0.000     0.000 r  CLK50MHZ (IN)
                         net (fo=0)                   0.000     0.000    CLK50MHZ
    N18                  IBUF (Prop_ibuf_I_O)         0.417     0.417 r  CLK50MHZ_IBUF_inst/O
                         net (fo=1, routed)           0.481     0.898    CLK50MHZ_IBUF
    PLLE2_ADV_X1Y1       PLLE2_ADV (Prop_plle2_adv_CLKIN1_CLKOUT0)
                                                     -2.727    -1.829 r  u_pll/CLKOUT0
                         net (fo=1, routed)           0.592    -1.237    clk_100_raw
    BUFGCTRL_X0Y16       BUFG (Prop_bufg_I_O)         0.029    -1.208 r  u_clk_100_bufg/O
                         net (fo=20208, routed)       0.841    -0.367    u_core/u_fe/clk_100
    SLICE_X85Y70         FDCE                                         r  u_core/u_fe/resp_reg_reg[49]/C

Slack:                    inf
  Source:                 SW[0]
                            (input port)
  Destination:            u_core/u_edge/u_control/u_seed/seed_d_reg[120]/D
                            (rising edge-triggered cell FDCE clocked by clk_100_raw  {rise@0.000ns fall@5.000ns period=10.000ns})
  Path Group:             (none)
  Path Type:              Hold (Min at Fast Process Corner)
  Data Path Delay:        2.511ns  (logic 0.307ns (12.226%)  route 2.204ns (87.774%))
  Logic Levels:           3  (IBUF=1 LUT2=1 LUT4=1)
  Clock Path Skew:        -0.393ns (DCD - SCD - CPR)
    Destination Clock Delay (DCD):    -0.393ns
    Source Clock Delay      (SCD):    0.000ns
    Clock Pessimism Removal (CPR):    -0.000ns

    Location             Delay type                Incr(ns)  Path(ns)    Netlist Resource(s)
  -------------------------------------------------------------------    -------------------
    G19                                               0.000     0.000 r  SW[0] (IN)
                         net (fo=0)                   0.000     0.000    SW[0]
    G19                  IBUF (Prop_ibuf_I_O)         0.220     0.220 r  SW_IBUF[0]_inst/O
                         net (fo=6, routed)           1.924     2.144    u_transport/SW_IBUF[0]
    SLICE_X51Y84         LUT2 (Prop_lut2_I1_O)        0.045     2.189 f  u_transport/i___461_i_1__0/O
                         net (fo=109, routed)         0.280     2.469    u_core/u_edge/u_control/seed_d_reg[38]
    SLICE_X52Y85         LUT4 (Prop_lut4_I2_O)        0.042     2.511 r  u_core/u_edge/u_control/i___487/O
                         net (fo=1, routed)           0.000     2.511    u_core/u_edge/u_control/u_seed/D[120]
    SLICE_X52Y85         FDCE                                         r  u_core/u_edge/u_control/u_seed/seed_d_reg[120]/D
  -------------------------------------------------------------------    -------------------

                         (clock clk_100_raw rise edge)
                                                      0.000     0.000 r  
    N18                                               0.000     0.000 r  CLK50MHZ (IN)
                         net (fo=0)                   0.000     0.000    CLK50MHZ
    N18                  IBUF (Prop_ibuf_I_O)         0.417     0.417 r  CLK50MHZ_IBUF_inst/O
                         net (fo=1, routed)           0.481     0.898    CLK50MHZ_IBUF
    PLLE2_ADV_X1Y1       PLLE2_ADV (Prop_plle2_adv_CLKIN1_CLKOUT0)
                                                     -2.727    -1.829 r  u_pll/CLKOUT0
                         net (fo=1, routed)           0.592    -1.237    clk_100_raw
    BUFGCTRL_X0Y16       BUFG (Prop_bufg_I_O)         0.029    -1.208 r  u_clk_100_bufg/O
                         net (fo=20208, routed)       0.815    -0.393    u_core/u_edge/u_control/u_seed/clk_100
    SLICE_X52Y85         FDCE                                         r  u_core/u_edge/u_control/u_seed/seed_d_reg[120]/C

Slack:                    inf
  Source:                 SW[0]
                            (input port)
  Destination:            u_core/u_edge/u_control/u_seed/seed_d_reg[119]/D
                            (rising edge-triggered cell FDCE clocked by clk_100_raw  {rise@0.000ns fall@5.000ns period=10.000ns})
  Path Group:             (none)
  Path Type:              Hold (Min at Fast Process Corner)
  Data Path Delay:        2.514ns  (logic 0.310ns (12.330%)  route 2.204ns (87.670%))
  Logic Levels:           3  (IBUF=1 LUT2=1 LUT4=1)
  Clock Path Skew:        -0.393ns (DCD - SCD - CPR)
    Destination Clock Delay (DCD):    -0.393ns
    Source Clock Delay      (SCD):    0.000ns
    Clock Pessimism Removal (CPR):    -0.000ns

    Location             Delay type                Incr(ns)  Path(ns)    Netlist Resource(s)
  -------------------------------------------------------------------    -------------------
    G19                                               0.000     0.000 r  SW[0] (IN)
                         net (fo=0)                   0.000     0.000    SW[0]
    G19                  IBUF (Prop_ibuf_I_O)         0.220     0.220 r  SW_IBUF[0]_inst/O
                         net (fo=6, routed)           1.924     2.144    u_transport/SW_IBUF[0]
    SLICE_X51Y84         LUT2 (Prop_lut2_I1_O)        0.045     2.189 f  u_transport/i___461_i_1__0/O
                         net (fo=109, routed)         0.280     2.469    u_core/u_edge/u_control/seed_d_reg[38]
    SLICE_X52Y85         LUT4 (Prop_lut4_I2_O)        0.045     2.514 r  u_core/u_edge/u_control/i___488/O
                         net (fo=1, routed)           0.000     2.514    u_core/u_edge/u_control/u_seed/D[119]
    SLICE_X52Y85         FDCE                                         r  u_core/u_edge/u_control/u_seed/seed_d_reg[119]/D
  -------------------------------------------------------------------    -------------------

                         (clock clk_100_raw rise edge)
                                                      0.000     0.000 r  
    N18                                               0.000     0.000 r  CLK50MHZ (IN)
                         net (fo=0)                   0.000     0.000    CLK50MHZ
    N18                  IBUF (Prop_ibuf_I_O)         0.417     0.417 r  CLK50MHZ_IBUF_inst/O
                         net (fo=1, routed)           0.481     0.898    CLK50MHZ_IBUF
    PLLE2_ADV_X1Y1       PLLE2_ADV (Prop_plle2_adv_CLKIN1_CLKOUT0)
                                                     -2.727    -1.829 r  u_pll/CLKOUT0
                         net (fo=1, routed)           0.592    -1.237    clk_100_raw
    BUFGCTRL_X0Y16       BUFG (Prop_bufg_I_O)         0.029    -1.208 r  u_clk_100_bufg/O
                         net (fo=20208, routed)       0.815    -0.393    u_core/u_edge/u_control/u_seed/clk_100
    SLICE_X52Y85         FDCE                                         r  u_core/u_edge/u_control/u_seed/seed_d_reg[119]/C

Slack:                    inf
  Source:                 SW[0]
                            (input port)
  Destination:            u_core/u_fe/resp_reg_reg[48]/D
                            (rising edge-triggered cell FDCE clocked by clk_100_raw  {rise@0.000ns fall@5.000ns period=10.000ns})
  Path Group:             (none)
  Path Type:              Hold (Min at Fast Process Corner)
  Data Path Delay:        2.517ns  (logic 0.359ns (14.260%)  route 2.158ns (85.740%))
  Logic Levels:           4  (IBUF=1 LUT2=2 LUT5=1)
  Clock Path Skew:        -0.369ns (DCD - SCD - CPR)
    Destination Clock Delay (DCD):    -0.369ns
    Source Clock Delay      (SCD):    0.000ns
    Clock Pessimism Removal (CPR):    -0.000ns

    Location             Delay type                Incr(ns)  Path(ns)    Netlist Resource(s)
  -------------------------------------------------------------------    -------------------
    G19                                               0.000     0.000 r  SW[0] (IN)
                         net (fo=0)                   0.000     0.000    SW[0]
    G19                  IBUF (Prop_ibuf_I_O)         0.220     0.220 r  SW_IBUF[0]_inst/O
                         net (fo=6, routed)           1.472     1.692    u_transport/SW_IBUF[0]
    SLICE_X81Y77         LUT2 (Prop_lut2_I1_O)        0.045     1.737 f  u_transport/i___788_i_1__0/O
                         net (fo=111, routed)         0.483     2.220    u_core/u_fe/result_success_reg
    SLICE_X83Y71         LUT5 (Prop_lut5_I0_O)        0.045     2.265 f  u_core/u_fe/resp_reg[87]_i_2/O
                         net (fo=88, routed)          0.203     2.468    u_core/u_puf/shiftreg_inst/resp_reg_reg[0]
    SLICE_X85Y72         LUT2 (Prop_lut2_I1_O)        0.049     2.517 r  u_core/u_puf/shiftreg_inst/resp_reg[48]_i_1/O
                         net (fo=1, routed)           0.000     2.517    u_core/u_fe/resp_reg_reg[263]_0[48]
    SLICE_X85Y72         FDCE                                         r  u_core/u_fe/resp_reg_reg[48]/D
  -------------------------------------------------------------------    -------------------

                         (clock clk_100_raw rise edge)
                                                      0.000     0.000 r  
    N18                                               0.000     0.000 r  CLK50MHZ (IN)
                         net (fo=0)                   0.000     0.000    CLK50MHZ
    N18                  IBUF (Prop_ibuf_I_O)         0.417     0.417 r  CLK50MHZ_IBUF_inst/O
                         net (fo=1, routed)           0.481     0.898    CLK50MHZ_IBUF
    PLLE2_ADV_X1Y1       PLLE2_ADV (Prop_plle2_adv_CLKIN1_CLKOUT0)
                                                     -2.727    -1.829 r  u_pll/CLKOUT0
                         net (fo=1, routed)           0.592    -1.237    clk_100_raw
    BUFGCTRL_X0Y16       BUFG (Prop_bufg_I_O)         0.029    -1.208 r  u_clk_100_bufg/O
                         net (fo=20208, routed)       0.839    -0.369    u_core/u_fe/clk_100
    SLICE_X85Y72         FDCE                                         r  u_core/u_fe/resp_reg_reg[48]/C

Slack:                    inf
  Source:                 SW[0]
                            (input port)
  Destination:            u_core/u_fe/resp_reg_reg[42]/D
                            (rising edge-triggered cell FDCE clocked by clk_100_raw  {rise@0.000ns fall@5.000ns period=10.000ns})
  Path Group:             (none)
  Path Type:              Hold (Min at Fast Process Corner)
  Data Path Delay:        2.518ns  (logic 0.359ns (14.253%)  route 2.159ns (85.747%))
  Logic Levels:           4  (IBUF=1 LUT2=2 LUT5=1)
  Clock Path Skew:        -0.368ns (DCD - SCD - CPR)
    Destination Clock Delay (DCD):    -0.368ns
    Source Clock Delay      (SCD):    0.000ns
    Clock Pessimism Removal (CPR):    -0.000ns

    Location             Delay type                Incr(ns)  Path(ns)    Netlist Resource(s)
  -------------------------------------------------------------------    -------------------
    G19                                               0.000     0.000 r  SW[0] (IN)
                         net (fo=0)                   0.000     0.000    SW[0]
    G19                  IBUF (Prop_ibuf_I_O)         0.220     0.220 r  SW_IBUF[0]_inst/O
                         net (fo=6, routed)           1.472     1.692    u_transport/SW_IBUF[0]
    SLICE_X81Y77         LUT2 (Prop_lut2_I1_O)        0.045     1.737 f  u_transport/i___788_i_1__0/O
                         net (fo=111, routed)         0.483     2.220    u_core/u_fe/result_success_reg
    SLICE_X83Y71         LUT5 (Prop_lut5_I0_O)        0.045     2.265 f  u_core/u_fe/resp_reg[87]_i_2/O
                         net (fo=88, routed)          0.204     2.469    u_core/u_puf/shiftreg_inst/resp_reg_reg[0]
    SLICE_X83Y71         LUT2 (Prop_lut2_I1_O)        0.049     2.518 r  u_core/u_puf/shiftreg_inst/resp_reg[42]_i_1/O
                         net (fo=1, routed)           0.000     2.518    u_core/u_fe/resp_reg_reg[263]_0[42]
    SLICE_X83Y71         FDCE                                         r  u_core/u_fe/resp_reg_reg[42]/D
  -------------------------------------------------------------------    -------------------

                         (clock clk_100_raw rise edge)
                                                      0.000     0.000 r  
    N18                                               0.000     0.000 r  CLK50MHZ (IN)
                         net (fo=0)                   0.000     0.000    CLK50MHZ
    N18                  IBUF (Prop_ibuf_I_O)         0.417     0.417 r  CLK50MHZ_IBUF_inst/O
                         net (fo=1, routed)           0.481     0.898    CLK50MHZ_IBUF
    PLLE2_ADV_X1Y1       PLLE2_ADV (Prop_plle2_adv_CLKIN1_CLKOUT0)
                                                     -2.727    -1.829 r  u_pll/CLKOUT0
                         net (fo=1, routed)           0.592    -1.237    clk_100_raw
    BUFGCTRL_X0Y16       BUFG (Prop_bufg_I_O)         0.029    -1.208 r  u_clk_100_bufg/O
                         net (fo=20208, routed)       0.840    -0.368    u_core/u_fe/clk_100
    SLICE_X83Y71         FDCE                                         r  u_core/u_fe/resp_reg_reg[42]/C

Slack:                    inf
  Source:                 SW[0]
                            (input port)
  Destination:            u_core/u_edge/u_control/u_seed/seed_d_reg[162]/D
                            (rising edge-triggered cell FDCE clocked by clk_100_raw  {rise@0.000ns fall@5.000ns period=10.000ns})
  Path Group:             (none)
  Path Type:              Hold (Min at Fast Process Corner)
  Data Path Delay:        2.528ns  (logic 0.375ns (14.832%)  route 2.153ns (85.168%))
  Logic Levels:           3  (IBUF=1 LUT2=1 LUT4=1)
  Clock Path Skew:        -0.393ns (DCD - SCD - CPR)
    Destination Clock Delay (DCD):    -0.393ns
    Source Clock Delay      (SCD):    0.000ns
    Clock Pessimism Removal (CPR):    -0.000ns

    Location             Delay type                Incr(ns)  Path(ns)    Netlist Resource(s)
  -------------------------------------------------------------------    -------------------
    G19                                               0.000     0.000 r  SW[0] (IN)
                         net (fo=0)                   0.000     0.000    SW[0]
    G19                  IBUF (Prop_ibuf_I_O)         0.220     0.220 r  SW_IBUF[0]_inst/O
                         net (fo=6, routed)           1.924     2.144    u_transport/SW_IBUF[0]
    SLICE_X51Y84         LUT2 (Prop_lut2_I1_O)        0.043     2.187 f  u_transport/i___352_i_1__0/O
                         net (fo=109, routed)         0.229     2.416    u_core/u_edge/u_control/seed_d_reg[147]
    SLICE_X52Y86         LUT4 (Prop_lut4_I2_O)        0.112     2.528 r  u_core/u_edge/u_control/i___445/O
                         net (fo=1, routed)           0.000     2.528    u_core/u_edge/u_control/u_seed/D[162]
    SLICE_X52Y86         FDCE                                         r  u_core/u_edge/u_control/u_seed/seed_d_reg[162]/D
  -------------------------------------------------------------------    -------------------

                         (clock clk_100_raw rise edge)
                                                      0.000     0.000 r  
    N18                                               0.000     0.000 r  CLK50MHZ (IN)
                         net (fo=0)                   0.000     0.000    CLK50MHZ
    N18                  IBUF (Prop_ibuf_I_O)         0.417     0.417 r  CLK50MHZ_IBUF_inst/O
                         net (fo=1, routed)           0.481     0.898    CLK50MHZ_IBUF
    PLLE2_ADV_X1Y1       PLLE2_ADV (Prop_plle2_adv_CLKIN1_CLKOUT0)
                                                     -2.727    -1.829 r  u_pll/CLKOUT0
                         net (fo=1, routed)           0.592    -1.237    clk_100_raw
    BUFGCTRL_X0Y16       BUFG (Prop_bufg_I_O)         0.029    -1.208 r  u_clk_100_bufg/O
                         net (fo=20208, routed)       0.815    -0.393    u_core/u_edge/u_control/u_seed/clk_100
    SLICE_X52Y86         FDCE                                         r  u_core/u_edge/u_control/u_seed/seed_d_reg[162]/C





