Copyright 1986-2020 Xilinx, Inc. All Rights Reserved.
-----------------------------------------------------------------------------------------------------------------------------------------------------------------------------------------------------------------------------------------------------------------------------------
| Tool Version : Vivado v.2020.1 (lin64) Build 2902540 Wed May 27 19:54:35 MDT 2020
| Date         : Sat Sep 12 16:02:38 2026
| Host         : donglong-P7xxTM-1 running 64-bit Ubuntu 22.04.5 LTS
| Command      : report_timing_summary -delay_type min_max -report_unconstrained -max_paths 20 -file /home/donglong/Documents/Duy_prj/KECCAK_OPTIMIZE_POWER/OPTIMIZE_POWER/kyber_puf_fpga_delivery/build/fpga_100mhz/edgefull_10ns_state10pulse_v05_postphys/post_route_timing.rpt
| Design       : edge_puf_mlkem_core
| Device       : 7a35ti-csg324
| Speed File   : -1L  PRODUCTION 1.23 2018-06-13
-----------------------------------------------------------------------------------------------------------------------------------------------------------------------------------------------------------------------------------------------------------------------------------

Timing Summary Report

------------------------------------------------------------------------------------------------
| Timer Settings
| --------------
------------------------------------------------------------------------------------------------

  Enable Multi Corner Analysis               :  Yes
  Enable Pessimism Removal                   :  Yes
  Pessimism Removal Resolution               :  Nearest Common Node
  Enable Input Delay Default Clock           :  No
  Enable Preset / Clear Arcs                 :  No
  Disable Flight Delays                      :  No
  Ignore I/O Paths                           :  No
  Timing Early Launch at Borrowing Latches   :  No
  Borrow Time for Max Delay Exceptions       :  Yes
  Merge Timing Exceptions                    :  Yes

  Corner  Analyze    Analyze
  Name    Max Paths  Min Paths
  ------  ---------  ---------
  Slow    Yes        Yes
  Fast    Yes        Yes



check_timing report

Table of Contents
-----------------
1. checking no_clock (360)
2. checking constant_clock (0)
3. checking pulse_width_clock (0)
4. checking unconstrained_internal_endpoints (206)
5. checking no_input_delay (311)
6. checking no_output_delay (561)
7. checking multiple_clock (0)
8. checking generated_clocks (0)
9. checking loops (32)
10. checking partial_input_delay (0)
11. checking partial_output_delay (0)
12. checking latch_loops (0)

1. checking no_clock (360)
--------------------------
 There are 72 register/latch pins with no clock driven by root clock pin: u_puf/ctrl_inst/FSM_onehot_state_reg[3]/Q (HIGH)

 There are 36 register/latch pins with no clock driven by root clock pin: u_puf/lfsr_inst/r_lfsr_reg[1]/Q (HIGH)

 There are 36 register/latch pins with no clock driven by root clock pin: u_puf/lfsr_inst/r_lfsr_reg[2]/Q (HIGH)

 There are 36 register/latch pins with no clock driven by root clock pin: u_puf/lfsr_inst/r_lfsr_reg[3]/Q (HIGH)

 There are 36 register/latch pins with no clock driven by root clock pin: u_puf/lfsr_inst/r_lfsr_reg[4]/Q (HIGH)

 There are 36 register/latch pins with no clock driven by root clock pin: u_puf/lfsr_inst/r_lfsr_reg[5]/Q (HIGH)

 There are 36 register/latch pins with no clock driven by root clock pin: u_puf/lfsr_inst/r_lfsr_reg[6]/Q (HIGH)

 There are 36 register/latch pins with no clock driven by root clock pin: u_puf/lfsr_inst/r_lfsr_reg[7]/Q (HIGH)

 There are 36 register/latch pins with no clock driven by root clock pin: u_puf/lfsr_inst/r_lfsr_reg[8]/Q (HIGH)


2. checking constant_clock (0)
------------------------------
 There are 0 register/latch pins with constant_clock.


3. checking pulse_width_clock (0)
---------------------------------
 There are 0 register/latch pins which need pulse_width check


4. checking unconstrained_internal_endpoints (206)
--------------------------------------------------
 There are 206 pins that are not constrained for maximum delay. (HIGH)

 There are 0 pins that are not constrained for maximum delay due to constant clock.


5. checking no_input_delay (311)
--------------------------------
 There are 311 input ports with no input delay specified. (HIGH)

 There are 0 input ports with no input delay but user has a false path constraint.


6. checking no_output_delay (561)
---------------------------------
 There are 561 ports with no output delay specified. (HIGH)

 There are 0 ports with no output delay but user has a false path constraint

 There are 0 ports with no output delay but with a timing clock defined on it or propagating through it


7. checking multiple_clock (0)
------------------------------
 There are 0 register/latch pins with multiple clocks.


8. checking generated_clocks (0)
--------------------------------
 There are 0 generated clocks that are not connected to a clock source.


9. checking loops (32)
----------------------
 There are 32 combinational loops in the design. (HIGH)


10. checking partial_input_delay (0)
------------------------------------
 There are 0 input ports with partial input delay specified.


11. checking partial_output_delay (0)
-------------------------------------
 There are 0 ports with partial output delay specified.


12. checking latch_loops (0)
----------------------------
 There are 0 combinational latch loops in the design through latch input



------------------------------------------------------------------------------------------------
| Design Timing Summary
| ---------------------
------------------------------------------------------------------------------------------------

    WNS(ns)      TNS(ns)  TNS Failing Endpoints  TNS Total Endpoints      WHS(ns)      THS(ns)  THS Failing Endpoints  THS Total Endpoints     WPWS(ns)     TPWS(ns)  TPWS Failing Endpoints  TPWS Total Endpoints
    -------      -------  ---------------------  -------------------      -------      -------  ---------------------  -------------------     --------     --------  ----------------------  --------------------
      0.072        0.000                      0                53751        0.058        0.000                      0                53751        4.020        0.000                       0                 19606


All user specified timing constraints are met.


------------------------------------------------------------------------------------------------
| Clock Summary
| -------------
------------------------------------------------------------------------------------------------

Clock    Waveform(ns)       Period(ns)      Frequency(MHz)
-----    ------------       ----------      --------------
sys_clk  {0.000 5.000}      10.000          100.000


------------------------------------------------------------------------------------------------
| Intra Clock Table
| -----------------
------------------------------------------------------------------------------------------------

Clock             WNS(ns)      TNS(ns)  TNS Failing Endpoints  TNS Total Endpoints      WHS(ns)      THS(ns)  THS Failing Endpoints  THS Total Endpoints     WPWS(ns)     TPWS(ns)  TPWS Failing Endpoints  TPWS Total Endpoints
-----             -------      -------  ---------------------  -------------------      -------      -------  ---------------------  -------------------     --------     --------  ----------------------  --------------------
sys_clk             0.072        0.000                      0                47766        0.058        0.000                      0                47766        4.020        0.000                       0                 19606


------------------------------------------------------------------------------------------------
| Inter Clock Table
| -----------------
------------------------------------------------------------------------------------------------

From Clock    To Clock          WNS(ns)      TNS(ns)  TNS Failing Endpoints  TNS Total Endpoints      WHS(ns)      THS(ns)  THS Failing Endpoints  THS Total Endpoints
----------    --------          -------      -------  ---------------------  -------------------      -------      -------  ---------------------  -------------------


------------------------------------------------------------------------------------------------
| Other Path Groups Table
| -----------------------
------------------------------------------------------------------------------------------------

Path Group         From Clock         To Clock               WNS(ns)      TNS(ns)  TNS Failing Endpoints  TNS Total Endpoints      WHS(ns)      THS(ns)  THS Failing Endpoints  THS Total Endpoints
----------         ----------         --------               -------      -------  ---------------------  -------------------      -------      -------  ---------------------  -------------------
**async_default**  sys_clk            sys_clk                  0.428        0.000                      0                 5985        0.891        0.000                      0                 5985


------------------------------------------------------------------------------------------------
| User Ignored Path Table
| -----------------------
------------------------------------------------------------------------------------------------

Path Group    From Clock    To Clock
----------    ----------    --------


------------------------------------------------------------------------------------------------
| Unconstrained Path Table
| ------------------------
------------------------------------------------------------------------------------------------

Path Group    From Clock    To Clock
----------    ----------    --------
(none)
(none)        sys_clk
(none)                      sys_clk


------------------------------------------------------------------------------------------------
| Timing Details
| --------------
------------------------------------------------------------------------------------------------


---------------------------------------------------------------------------------------------------
From Clock:  sys_clk
  To Clock:  sys_clk

Setup :            0  Failing Endpoints,  Worst Slack        0.072ns,  Total Violation        0.000ns
Hold  :            0  Failing Endpoints,  Worst Slack        0.058ns,  Total Violation        0.000ns
PW    :            0  Failing Endpoints,  Worst Slack        4.020ns,  Total Violation        0.000ns
---------------------------------------------------------------------------------------------------


Max Delay Paths
--------------------------------------------------------------------------------------
Slack (MET) :             0.072ns  (required time - arrival time)
  Source:                 u_edge/u_server/hash/ififo_inst/inst/wr_ptr_reg[4]/C
                            (rising edge-triggered cell FDRE clocked by sys_clk  {rise@0.000ns fall@5.000ns period=10.000ns})
  Destination:            u_edge/u_server/hash/sponge/squeeze_reg_reg[1106]/R
                            (rising edge-triggered cell FDRE clocked by sys_clk  {rise@0.000ns fall@5.000ns period=10.000ns})
  Path Group:             sys_clk
  Path Type:              Setup (Max at Slow Process Corner)
  Requirement:            10.000ns  (sys_clk rise@10.000ns - sys_clk rise@0.000ns)
  Data Path Delay:        9.320ns  (logic 2.343ns (25.139%)  route 6.977ns (74.861%))
  Logic Levels:           9  (CARRY4=1 LUT2=1 LUT4=1 LUT6=6)
  Clock Path Skew:        -0.049ns (DCD - SCD + CPR)
    Destination Clock Delay (DCD):    0.924ns = ( 10.924 - 10.000 )
    Source Clock Delay      (SCD):    0.973ns
    Clock Pessimism Removal (CPR):    0.000ns
  Clock Uncertainty:      0.035ns  ((TSJ^2 + TIJ^2)^1/2 + DJ) / 2 + PE
    Total System Jitter     (TSJ):    0.071ns
    Total Input Jitter      (TIJ):    0.000ns
    Discrete Jitter          (DJ):    0.000ns
    Phase Error              (PE):    0.000ns

    Location             Delay type                Incr(ns)  Path(ns)    Netlist Resource(s)
  -------------------------------------------------------------------    -------------------
                         (clock sys_clk rise edge)    0.000     0.000 r
                                                      0.000     0.000 r  clk (IN)
                         net (fo=19605, unset)        0.973     0.973    u_edge/u_server/hash/ififo_inst/inst/clk
    SLICE_X28Y95         FDRE                                         r  u_edge/u_server/hash/ififo_inst/inst/wr_ptr_reg[4]/C
  -------------------------------------------------------------------    -------------------
    SLICE_X28Y95         FDRE (Prop_fdre_C_Q)         0.419     1.392 r  u_edge/u_server/hash/ififo_inst/inst/wr_ptr_reg[4]/Q
                         net (fo=6, routed)           0.873     2.265    u_edge/u_server/hash/ififo_inst/inst/Q[4]
    SLICE_X29Y95         LUT6 (Prop_lut6_I0_O)        0.297     2.562 r  u_edge/u_server/hash/ififo_inst/inst/rd_empty_carry_i_2__0/O
                         net (fo=1, routed)           0.000     2.562    u_edge/u_server/hash/ififo_inst/inst/rd_empty_carry_i_2__0_n_0
    SLICE_X29Y95         CARRY4 (Prop_carry4_S[1]_CO[2])
                                                      0.570     3.132 r  u_edge/u_server/hash/ififo_inst/inst/rd_empty_carry/CO[2]
                         net (fo=6, routed)           0.638     3.770    u_edge/u_server/hash/ififo_inst/inst/CO[0]
    SLICE_X15Y95         LUT6 (Prop_lut6_I3_O)        0.313     4.083 r  u_edge/u_server/hash/ififo_inst/inst/state[0]_i_16/O
                         net (fo=1, routed)           0.634     4.717    u_edge/u_server/hash/ififo_inst/inst/state[0]_i_16_n_0
    SLICE_X15Y96         LUT6 (Prop_lut6_I4_O)        0.124     4.841 f  u_edge/u_server/hash/ififo_inst/inst/state[0]_i_5__0/O
                         net (fo=1, routed)           0.398     5.239    u_edge/u_server/hash/ofifo0_inst/inst/state_reg[0]_3
    SLICE_X13Y96         LUT6 (Prop_lut6_I4_O)        0.124     5.363 r  u_edge/u_server/hash/ofifo0_inst/inst/state[0]_i_1__2/O
                         net (fo=6, routed)           0.657     6.020    u_edge/u_server/hash/ofifo0_inst/inst/state_reg[5]
    SLICE_X13Y97         LUT6 (Prop_lut6_I0_O)        0.124     6.144 f  u_edge/u_server/hash/ofifo0_inst/inst/group_eta3_i_5/O
                         net (fo=3, routed)           0.439     6.583    u_edge/u_server/hash/ofifo0_inst/inst/group_eta3_i_5_n_0
    SLICE_X14Y98         LUT6 (Prop_lut6_I0_O)        0.124     6.707 r  u_edge/u_server/hash/ofifo0_inst/inst/wr_idx[5]_i_4/O
                         net (fo=10, routed)          0.700     7.407    u_edge/u_server/ntt/init_clears
    SLICE_X21Y103        LUT2 (Prop_lut2_I1_O)        0.124     7.531 r  u_edge/u_server/ntt/mode_latched[1]_i_3/O
                         net (fo=7, routed)           0.612     8.143    u_edge/u_control/u_scrub/squeeze_reg_reg[0]
    SLICE_X24Y103        LUT4 (Prop_lut4_I2_O)        0.124     8.267 r  u_edge/u_control/u_scrub/squeeze_reg[1599]_i_1/O
                         net (fo=1600, routed)        2.026    10.293    u_edge/u_server/hash/sponge/squeeze_reg_reg[0]_3[0]
    SLICE_X46Y128        FDRE                                         r  u_edge/u_server/hash/sponge/squeeze_reg_reg[1106]/R
  -------------------------------------------------------------------    -------------------

                         (clock sys_clk rise edge)   10.000    10.000 r
                                                      0.000    10.000 r  clk (IN)
                         net (fo=19605, unset)        0.924    10.924    u_edge/u_server/hash/sponge/clk
    SLICE_X46Y128        FDRE                                         r  u_edge/u_server/hash/sponge/squeeze_reg_reg[1106]/C
                         clock pessimism              0.000    10.924
                         clock uncertainty           -0.035    10.889
    SLICE_X46Y128        FDRE (Setup_fdre_C_R)       -0.524    10.365    u_edge/u_server/hash/sponge/squeeze_reg_reg[1106]
  -------------------------------------------------------------------
                         required time                         10.365
                         arrival time                         -10.293
  -------------------------------------------------------------------
                         slack                                  0.072

Slack (MET) :             0.072ns  (required time - arrival time)
  Source:                 u_edge/u_server/hash/ififo_inst/inst/wr_ptr_reg[4]/C
                            (rising edge-triggered cell FDRE clocked by sys_clk  {rise@0.000ns fall@5.000ns period=10.000ns})
  Destination:            u_edge/u_server/hash/sponge/squeeze_reg_reg[1107]/R
                            (rising edge-triggered cell FDRE clocked by sys_clk  {rise@0.000ns fall@5.000ns period=10.000ns})
  Path Group:             sys_clk
  Path Type:              Setup (Max at Slow Process Corner)
  Requirement:            10.000ns  (sys_clk rise@10.000ns - sys_clk rise@0.000ns)
  Data Path Delay:        9.320ns  (logic 2.343ns (25.139%)  route 6.977ns (74.861%))
  Logic Levels:           9  (CARRY4=1 LUT2=1 LUT4=1 LUT6=6)
  Clock Path Skew:        -0.049ns (DCD - SCD + CPR)
    Destination Clock Delay (DCD):    0.924ns = ( 10.924 - 10.000 )
    Source Clock Delay      (SCD):    0.973ns
    Clock Pessimism Removal (CPR):    0.000ns
  Clock Uncertainty:      0.035ns  ((TSJ^2 + TIJ^2)^1/2 + DJ) / 2 + PE
    Total System Jitter     (TSJ):    0.071ns
    Total Input Jitter      (TIJ):    0.000ns
    Discrete Jitter          (DJ):    0.000ns
    Phase Error              (PE):    0.000ns

    Location             Delay type                Incr(ns)  Path(ns)    Netlist Resource(s)
  -------------------------------------------------------------------    -------------------
                         (clock sys_clk rise edge)    0.000     0.000 r
                                                      0.000     0.000 r  clk (IN)
                         net (fo=19605, unset)        0.973     0.973    u_edge/u_server/hash/ififo_inst/inst/clk
    SLICE_X28Y95         FDRE                                         r  u_edge/u_server/hash/ififo_inst/inst/wr_ptr_reg[4]/C
  -------------------------------------------------------------------    -------------------
    SLICE_X28Y95         FDRE (Prop_fdre_C_Q)         0.419     1.392 r  u_edge/u_server/hash/ififo_inst/inst/wr_ptr_reg[4]/Q
                         net (fo=6, routed)           0.873     2.265    u_edge/u_server/hash/ififo_inst/inst/Q[4]
    SLICE_X29Y95         LUT6 (Prop_lut6_I0_O)        0.297     2.562 r  u_edge/u_server/hash/ififo_inst/inst/rd_empty_carry_i_2__0/O
                         net (fo=1, routed)           0.000     2.562    u_edge/u_server/hash/ififo_inst/inst/rd_empty_carry_i_2__0_n_0
    SLICE_X29Y95         CARRY4 (Prop_carry4_S[1]_CO[2])
                                                      0.570     3.132 r  u_edge/u_server/hash/ififo_inst/inst/rd_empty_carry/CO[2]
                         net (fo=6, routed)           0.638     3.770    u_edge/u_server/hash/ififo_inst/inst/CO[0]
    SLICE_X15Y95         LUT6 (Prop_lut6_I3_O)        0.313     4.083 r  u_edge/u_server/hash/ififo_inst/inst/state[0]_i_16/O
                         net (fo=1, routed)           0.634     4.717    u_edge/u_server/hash/ififo_inst/inst/state[0]_i_16_n_0
    SLICE_X15Y96         LUT6 (Prop_lut6_I4_O)        0.124     4.841 f  u_edge/u_server/hash/ififo_inst/inst/state[0]_i_5__0/O
                         net (fo=1, routed)           0.398     5.239    u_edge/u_server/hash/ofifo0_inst/inst/state_reg[0]_3
    SLICE_X13Y96         LUT6 (Prop_lut6_I4_O)        0.124     5.363 r  u_edge/u_server/hash/ofifo0_inst/inst/state[0]_i_1__2/O
                         net (fo=6, routed)           0.657     6.020    u_edge/u_server/hash/ofifo0_inst/inst/state_reg[5]
    SLICE_X13Y97         LUT6 (Prop_lut6_I0_O)        0.124     6.144 f  u_edge/u_server/hash/ofifo0_inst/inst/group_eta3_i_5/O
                         net (fo=3, routed)           0.439     6.583    u_edge/u_server/hash/ofifo0_inst/inst/group_eta3_i_5_n_0
    SLICE_X14Y98         LUT6 (Prop_lut6_I0_O)        0.124     6.707 r  u_edge/u_server/hash/ofifo0_inst/inst/wr_idx[5]_i_4/O
                         net (fo=10, routed)          0.700     7.407    u_edge/u_server/ntt/init_clears
    SLICE_X21Y103        LUT2 (Prop_lut2_I1_O)        0.124     7.531 r  u_edge/u_server/ntt/mode_latched[1]_i_3/O
                         net (fo=7, routed)           0.612     8.143    u_edge/u_control/u_scrub/squeeze_reg_reg[0]
    SLICE_X24Y103        LUT4 (Prop_lut4_I2_O)        0.124     8.267 r  u_edge/u_control/u_scrub/squeeze_reg[1599]_i_1/O
                         net (fo=1600, routed)        2.026    10.293    u_edge/u_server/hash/sponge/squeeze_reg_reg[0]_3[0]
    SLICE_X46Y128        FDRE                                         r  u_edge/u_server/hash/sponge/squeeze_reg_reg[1107]/R
  -------------------------------------------------------------------    -------------------

                         (clock sys_clk rise edge)   10.000    10.000 r
                                                      0.000    10.000 r  clk (IN)
                         net (fo=19605, unset)        0.924    10.924    u_edge/u_server/hash/sponge/clk
    SLICE_X46Y128        FDRE                                         r  u_edge/u_server/hash/sponge/squeeze_reg_reg[1107]/C
                         clock pessimism              0.000    10.924
                         clock uncertainty           -0.035    10.889
    SLICE_X46Y128        FDRE (Setup_fdre_C_R)       -0.524    10.365    u_edge/u_server/hash/sponge/squeeze_reg_reg[1107]
  -------------------------------------------------------------------
                         required time                         10.365
                         arrival time                         -10.293
  -------------------------------------------------------------------
                         slack                                  0.072

Slack (MET) :             0.072ns  (required time - arrival time)
  Source:                 u_edge/u_server/hash/ififo_inst/inst/wr_ptr_reg[4]/C
                            (rising edge-triggered cell FDRE clocked by sys_clk  {rise@0.000ns fall@5.000ns period=10.000ns})
  Destination:            u_edge/u_server/hash/sponge/squeeze_reg_reg[1138]/R
                            (rising edge-triggered cell FDRE clocked by sys_clk  {rise@0.000ns fall@5.000ns period=10.000ns})
  Path Group:             sys_clk
  Path Type:              Setup (Max at Slow Process Corner)
  Requirement:            10.000ns  (sys_clk rise@10.000ns - sys_clk rise@0.000ns)
  Data Path Delay:        9.320ns  (logic 2.343ns (25.139%)  route 6.977ns (74.861%))
  Logic Levels:           9  (CARRY4=1 LUT2=1 LUT4=1 LUT6=6)
  Clock Path Skew:        -0.049ns (DCD - SCD + CPR)
    Destination Clock Delay (DCD):    0.924ns = ( 10.924 - 10.000 )
    Source Clock Delay      (SCD):    0.973ns
    Clock Pessimism Removal (CPR):    0.000ns
  Clock Uncertainty:      0.035ns  ((TSJ^2 + TIJ^2)^1/2 + DJ) / 2 + PE
    Total System Jitter     (TSJ):    0.071ns
    Total Input Jitter      (TIJ):    0.000ns
    Discrete Jitter          (DJ):    0.000ns
    Phase Error              (PE):    0.000ns

    Location             Delay type                Incr(ns)  Path(ns)    Netlist Resource(s)
  -------------------------------------------------------------------    -------------------
                         (clock sys_clk rise edge)    0.000     0.000 r
                                                      0.000     0.000 r  clk (IN)
                         net (fo=19605, unset)        0.973     0.973    u_edge/u_server/hash/ififo_inst/inst/clk
    SLICE_X28Y95         FDRE                                         r  u_edge/u_server/hash/ififo_inst/inst/wr_ptr_reg[4]/C
  -------------------------------------------------------------------    -------------------
    SLICE_X28Y95         FDRE (Prop_fdre_C_Q)         0.419     1.392 r  u_edge/u_server/hash/ififo_inst/inst/wr_ptr_reg[4]/Q
                         net (fo=6, routed)           0.873     2.265    u_edge/u_server/hash/ififo_inst/inst/Q[4]
    SLICE_X29Y95         LUT6 (Prop_lut6_I0_O)        0.297     2.562 r  u_edge/u_server/hash/ififo_inst/inst/rd_empty_carry_i_2__0/O
                         net (fo=1, routed)           0.000     2.562    u_edge/u_server/hash/ififo_inst/inst/rd_empty_carry_i_2__0_n_0
    SLICE_X29Y95         CARRY4 (Prop_carry4_S[1]_CO[2])
                                                      0.570     3.132 r  u_edge/u_server/hash/ififo_inst/inst/rd_empty_carry/CO[2]
                         net (fo=6, routed)           0.638     3.770    u_edge/u_server/hash/ififo_inst/inst/CO[0]
    SLICE_X15Y95         LUT6 (Prop_lut6_I3_O)        0.313     4.083 r  u_edge/u_server/hash/ififo_inst/inst/state[0]_i_16/O
                         net (fo=1, routed)           0.634     4.717    u_edge/u_server/hash/ififo_inst/inst/state[0]_i_16_n_0
    SLICE_X15Y96         LUT6 (Prop_lut6_I4_O)        0.124     4.841 f  u_edge/u_server/hash/ififo_inst/inst/state[0]_i_5__0/O
                         net (fo=1, routed)           0.398     5.239    u_edge/u_server/hash/ofifo0_inst/inst/state_reg[0]_3
    SLICE_X13Y96         LUT6 (Prop_lut6_I4_O)        0.124     5.363 r  u_edge/u_server/hash/ofifo0_inst/inst/state[0]_i_1__2/O
                         net (fo=6, routed)           0.657     6.020    u_edge/u_server/hash/ofifo0_inst/inst/state_reg[5]
    SLICE_X13Y97         LUT6 (Prop_lut6_I0_O)        0.124     6.144 f  u_edge/u_server/hash/ofifo0_inst/inst/group_eta3_i_5/O
                         net (fo=3, routed)           0.439     6.583    u_edge/u_server/hash/ofifo0_inst/inst/group_eta3_i_5_n_0
    SLICE_X14Y98         LUT6 (Prop_lut6_I0_O)        0.124     6.707 r  u_edge/u_server/hash/ofifo0_inst/inst/wr_idx[5]_i_4/O
                         net (fo=10, routed)          0.700     7.407    u_edge/u_server/ntt/init_clears
    SLICE_X21Y103        LUT2 (Prop_lut2_I1_O)        0.124     7.531 r  u_edge/u_server/ntt/mode_latched[1]_i_3/O
                         net (fo=7, routed)           0.612     8.143    u_edge/u_control/u_scrub/squeeze_reg_reg[0]
    SLICE_X24Y103        LUT4 (Prop_lut4_I2_O)        0.124     8.267 r  u_edge/u_control/u_scrub/squeeze_reg[1599]_i_1/O
                         net (fo=1600, routed)        2.026    10.293    u_edge/u_server/hash/sponge/squeeze_reg_reg[0]_3[0]
    SLICE_X46Y128        FDRE                                         r  u_edge/u_server/hash/sponge/squeeze_reg_reg[1138]/R
  -------------------------------------------------------------------    -------------------

                         (clock sys_clk rise edge)   10.000    10.000 r
                                                      0.000    10.000 r  clk (IN)
                         net (fo=19605, unset)        0.924    10.924    u_edge/u_server/hash/sponge/clk
    SLICE_X46Y128        FDRE                                         r  u_edge/u_server/hash/sponge/squeeze_reg_reg[1138]/C
                         clock pessimism              0.000    10.924
                         clock uncertainty           -0.035    10.889
    SLICE_X46Y128        FDRE (Setup_fdre_C_R)       -0.524    10.365    u_edge/u_server/hash/sponge/squeeze_reg_reg[1138]
  -------------------------------------------------------------------
                         required time                         10.365
                         arrival time                         -10.293
  -------------------------------------------------------------------
                         slack                                  0.072

Slack (MET) :             0.072ns  (required time - arrival time)
  Source:                 u_edge/u_server/hash/ififo_inst/inst/wr_ptr_reg[4]/C
                            (rising edge-triggered cell FDRE clocked by sys_clk  {rise@0.000ns fall@5.000ns period=10.000ns})
  Destination:            u_edge/u_server/hash/sponge/squeeze_reg_reg[1139]/R
                            (rising edge-triggered cell FDRE clocked by sys_clk  {rise@0.000ns fall@5.000ns period=10.000ns})
  Path Group:             sys_clk
  Path Type:              Setup (Max at Slow Process Corner)
  Requirement:            10.000ns  (sys_clk rise@10.000ns - sys_clk rise@0.000ns)
  Data Path Delay:        9.320ns  (logic 2.343ns (25.139%)  route 6.977ns (74.861%))
  Logic Levels:           9  (CARRY4=1 LUT2=1 LUT4=1 LUT6=6)
  Clock Path Skew:        -0.049ns (DCD - SCD + CPR)
    Destination Clock Delay (DCD):    0.924ns = ( 10.924 - 10.000 )
    Source Clock Delay      (SCD):    0.973ns
    Clock Pessimism Removal (CPR):    0.000ns
  Clock Uncertainty:      0.035ns  ((TSJ^2 + TIJ^2)^1/2 + DJ) / 2 + PE
    Total System Jitter     (TSJ):    0.071ns
    Total Input Jitter      (TIJ):    0.000ns
    Discrete Jitter          (DJ):    0.000ns
    Phase Error              (PE):    0.000ns

    Location             Delay type                Incr(ns)  Path(ns)    Netlist Resource(s)
  -------------------------------------------------------------------    -------------------
                         (clock sys_clk rise edge)    0.000     0.000 r
                                                      0.000     0.000 r  clk (IN)
                         net (fo=19605, unset)        0.973     0.973    u_edge/u_server/hash/ififo_inst/inst/clk
    SLICE_X28Y95         FDRE                                         r  u_edge/u_server/hash/ififo_inst/inst/wr_ptr_reg[4]/C
  -------------------------------------------------------------------    -------------------
    SLICE_X28Y95         FDRE (Prop_fdre_C_Q)         0.419     1.392 r  u_edge/u_server/hash/ififo_inst/inst/wr_ptr_reg[4]/Q
                         net (fo=6, routed)           0.873     2.265    u_edge/u_server/hash/ififo_inst/inst/Q[4]
    SLICE_X29Y95         LUT6 (Prop_lut6_I0_O)        0.297     2.562 r  u_edge/u_server/hash/ififo_inst/inst/rd_empty_carry_i_2__0/O
                         net (fo=1, routed)           0.000     2.562    u_edge/u_server/hash/ififo_inst/inst/rd_empty_carry_i_2__0_n_0
    SLICE_X29Y95         CARRY4 (Prop_carry4_S[1]_CO[2])
                                                      0.570     3.132 r  u_edge/u_server/hash/ififo_inst/inst/rd_empty_carry/CO[2]
                         net (fo=6, routed)           0.638     3.770    u_edge/u_server/hash/ififo_inst/inst/CO[0]
    SLICE_X15Y95         LUT6 (Prop_lut6_I3_O)        0.313     4.083 r  u_edge/u_server/hash/ififo_inst/inst/state[0]_i_16/O
                         net (fo=1, routed)           0.634     4.717    u_edge/u_server/hash/ififo_inst/inst/state[0]_i_16_n_0
    SLICE_X15Y96         LUT6 (Prop_lut6_I4_O)        0.124     4.841 f  u_edge/u_server/hash/ififo_inst/inst/state[0]_i_5__0/O
                         net (fo=1, routed)           0.398     5.239    u_edge/u_server/hash/ofifo0_inst/inst/state_reg[0]_3
    SLICE_X13Y96         LUT6 (Prop_lut6_I4_O)        0.124     5.363 r  u_edge/u_server/hash/ofifo0_inst/inst/state[0]_i_1__2/O
                         net (fo=6, routed)           0.657     6.020    u_edge/u_server/hash/ofifo0_inst/inst/state_reg[5]
    SLICE_X13Y97         LUT6 (Prop_lut6_I0_O)        0.124     6.144 f  u_edge/u_server/hash/ofifo0_inst/inst/group_eta3_i_5/O
                         net (fo=3, routed)           0.439     6.583    u_edge/u_server/hash/ofifo0_inst/inst/group_eta3_i_5_n_0
    SLICE_X14Y98         LUT6 (Prop_lut6_I0_O)        0.124     6.707 r  u_edge/u_server/hash/ofifo0_inst/inst/wr_idx[5]_i_4/O
                         net (fo=10, routed)          0.700     7.407    u_edge/u_server/ntt/init_clears
    SLICE_X21Y103        LUT2 (Prop_lut2_I1_O)        0.124     7.531 r  u_edge/u_server/ntt/mode_latched[1]_i_3/O
                         net (fo=7, routed)           0.612     8.143    u_edge/u_control/u_scrub/squeeze_reg_reg[0]
    SLICE_X24Y103        LUT4 (Prop_lut4_I2_O)        0.124     8.267 r  u_edge/u_control/u_scrub/squeeze_reg[1599]_i_1/O
                         net (fo=1600, routed)        2.026    10.293    u_edge/u_server/hash/sponge/squeeze_reg_reg[0]_3[0]
    SLICE_X46Y128        FDRE                                         r  u_edge/u_server/hash/sponge/squeeze_reg_reg[1139]/R
  -------------------------------------------------------------------    -------------------

                         (clock sys_clk rise edge)   10.000    10.000 r
                                                      0.000    10.000 r  clk (IN)
                         net (fo=19605, unset)        0.924    10.924    u_edge/u_server/hash/sponge/clk
    SLICE_X46Y128        FDRE                                         r  u_edge/u_server/hash/sponge/squeeze_reg_reg[1139]/C
                         clock pessimism              0.000    10.924
                         clock uncertainty           -0.035    10.889
    SLICE_X46Y128        FDRE (Setup_fdre_C_R)       -0.524    10.365    u_edge/u_server/hash/sponge/squeeze_reg_reg[1139]
  -------------------------------------------------------------------
                         required time                         10.365
                         arrival time                         -10.293
  -------------------------------------------------------------------
                         slack                                  0.072

Slack (MET) :             0.072ns  (required time - arrival time)
  Source:                 u_edge/u_server/hash/ififo_inst/inst/wr_ptr_reg[4]/C
                            (rising edge-triggered cell FDRE clocked by sys_clk  {rise@0.000ns fall@5.000ns period=10.000ns})
  Destination:            u_edge/u_server/hash/sponge/squeeze_reg_reg[1170]/R
                            (rising edge-triggered cell FDRE clocked by sys_clk  {rise@0.000ns fall@5.000ns period=10.000ns})
  Path Group:             sys_clk
  Path Type:              Setup (Max at Slow Process Corner)
  Requirement:            10.000ns  (sys_clk rise@10.000ns - sys_clk rise@0.000ns)
  Data Path Delay:        9.320ns  (logic 2.343ns (25.139%)  route 6.977ns (74.861%))
  Logic Levels:           9  (CARRY4=1 LUT2=1 LUT4=1 LUT6=6)
  Clock Path Skew:        -0.049ns (DCD - SCD + CPR)
    Destination Clock Delay (DCD):    0.924ns = ( 10.924 - 10.000 )
    Source Clock Delay      (SCD):    0.973ns
    Clock Pessimism Removal (CPR):    0.000ns
  Clock Uncertainty:      0.035ns  ((TSJ^2 + TIJ^2)^1/2 + DJ) / 2 + PE
    Total System Jitter     (TSJ):    0.071ns
    Total Input Jitter      (TIJ):    0.000ns
    Discrete Jitter          (DJ):    0.000ns
    Phase Error              (PE):    0.000ns

    Location             Delay type                Incr(ns)  Path(ns)    Netlist Resource(s)
  -------------------------------------------------------------------    -------------------
                         (clock sys_clk rise edge)    0.000     0.000 r
                                                      0.000     0.000 r  clk (IN)
                         net (fo=19605, unset)        0.973     0.973    u_edge/u_server/hash/ififo_inst/inst/clk
    SLICE_X28Y95         FDRE                                         r  u_edge/u_server/hash/ififo_inst/inst/wr_ptr_reg[4]/C
  -------------------------------------------------------------------    -------------------
    SLICE_X28Y95         FDRE (Prop_fdre_C_Q)         0.419     1.392 r  u_edge/u_server/hash/ififo_inst/inst/wr_ptr_reg[4]/Q
                         net (fo=6, routed)           0.873     2.265    u_edge/u_server/hash/ififo_inst/inst/Q[4]
    SLICE_X29Y95         LUT6 (Prop_lut6_I0_O)        0.297     2.562 r  u_edge/u_server/hash/ififo_inst/inst/rd_empty_carry_i_2__0/O
                         net (fo=1, routed)           0.000     2.562    u_edge/u_server/hash/ififo_inst/inst/rd_empty_carry_i_2__0_n_0
    SLICE_X29Y95         CARRY4 (Prop_carry4_S[1]_CO[2])
                                                      0.570     3.132 r  u_edge/u_server/hash/ififo_inst/inst/rd_empty_carry/CO[2]
                         net (fo=6, routed)           0.638     3.770    u_edge/u_server/hash/ififo_inst/inst/CO[0]
    SLICE_X15Y95         LUT6 (Prop_lut6_I3_O)        0.313     4.083 r  u_edge/u_server/hash/ififo_inst/inst/state[0]_i_16/O
                         net (fo=1, routed)           0.634     4.717    u_edge/u_server/hash/ififo_inst/inst/state[0]_i_16_n_0
    SLICE_X15Y96         LUT6 (Prop_lut6_I4_O)        0.124     4.841 f  u_edge/u_server/hash/ififo_inst/inst/state[0]_i_5__0/O
                         net (fo=1, routed)           0.398     5.239    u_edge/u_server/hash/ofifo0_inst/inst/state_reg[0]_3
    SLICE_X13Y96         LUT6 (Prop_lut6_I4_O)        0.124     5.363 r  u_edge/u_server/hash/ofifo0_inst/inst/state[0]_i_1__2/O
                         net (fo=6, routed)           0.657     6.020    u_edge/u_server/hash/ofifo0_inst/inst/state_reg[5]
    SLICE_X13Y97         LUT6 (Prop_lut6_I0_O)        0.124     6.144 f  u_edge/u_server/hash/ofifo0_inst/inst/group_eta3_i_5/O
                         net (fo=3, routed)           0.439     6.583    u_edge/u_server/hash/ofifo0_inst/inst/group_eta3_i_5_n_0
    SLICE_X14Y98         LUT6 (Prop_lut6_I0_O)        0.124     6.707 r  u_edge/u_server/hash/ofifo0_inst/inst/wr_idx[5]_i_4/O
                         net (fo=10, routed)          0.700     7.407    u_edge/u_server/ntt/init_clears
    SLICE_X21Y103        LUT2 (Prop_lut2_I1_O)        0.124     7.531 r  u_edge/u_server/ntt/mode_latched[1]_i_3/O
                         net (fo=7, routed)           0.612     8.143    u_edge/u_control/u_scrub/squeeze_reg_reg[0]
    SLICE_X24Y103        LUT4 (Prop_lut4_I2_O)        0.124     8.267 r  u_edge/u_control/u_scrub/squeeze_reg[1599]_i_1/O
                         net (fo=1600, routed)        2.026    10.293    u_edge/u_server/hash/sponge/squeeze_reg_reg[0]_3[0]
    SLICE_X46Y128        FDRE                                         r  u_edge/u_server/hash/sponge/squeeze_reg_reg[1170]/R
  -------------------------------------------------------------------    -------------------

                         (clock sys_clk rise edge)   10.000    10.000 r
                                                      0.000    10.000 r  clk (IN)
                         net (fo=19605, unset)        0.924    10.924    u_edge/u_server/hash/sponge/clk
    SLICE_X46Y128        FDRE                                         r  u_edge/u_server/hash/sponge/squeeze_reg_reg[1170]/C
                         clock pessimism              0.000    10.924
                         clock uncertainty           -0.035    10.889
    SLICE_X46Y128        FDRE (Setup_fdre_C_R)       -0.524    10.365    u_edge/u_server/hash/sponge/squeeze_reg_reg[1170]
  -------------------------------------------------------------------
                         required time                         10.365
                         arrival time                         -10.293
  -------------------------------------------------------------------
                         slack                                  0.072

Slack (MET) :             0.072ns  (required time - arrival time)
  Source:                 u_edge/u_server/hash/ififo_inst/inst/wr_ptr_reg[4]/C
                            (rising edge-triggered cell FDRE clocked by sys_clk  {rise@0.000ns fall@5.000ns period=10.000ns})
  Destination:            u_edge/u_server/hash/sponge/squeeze_reg_reg[1171]/R
                            (rising edge-triggered cell FDRE clocked by sys_clk  {rise@0.000ns fall@5.000ns period=10.000ns})
  Path Group:             sys_clk
  Path Type:              Setup (Max at Slow Process Corner)
  Requirement:            10.000ns  (sys_clk rise@10.000ns - sys_clk rise@0.000ns)
  Data Path Delay:        9.320ns  (logic 2.343ns (25.139%)  route 6.977ns (74.861%))
  Logic Levels:           9  (CARRY4=1 LUT2=1 LUT4=1 LUT6=6)
  Clock Path Skew:        -0.049ns (DCD - SCD + CPR)
    Destination Clock Delay (DCD):    0.924ns = ( 10.924 - 10.000 )
    Source Clock Delay      (SCD):    0.973ns
    Clock Pessimism Removal (CPR):    0.000ns
  Clock Uncertainty:      0.035ns  ((TSJ^2 + TIJ^2)^1/2 + DJ) / 2 + PE
    Total System Jitter     (TSJ):    0.071ns
    Total Input Jitter      (TIJ):    0.000ns
    Discrete Jitter          (DJ):    0.000ns
    Phase Error              (PE):    0.000ns

    Location             Delay type                Incr(ns)  Path(ns)    Netlist Resource(s)
  -------------------------------------------------------------------    -------------------
                         (clock sys_clk rise edge)    0.000     0.000 r
                                                      0.000     0.000 r  clk (IN)
                         net (fo=19605, unset)        0.973     0.973    u_edge/u_server/hash/ififo_inst/inst/clk
    SLICE_X28Y95         FDRE                                         r  u_edge/u_server/hash/ififo_inst/inst/wr_ptr_reg[4]/C
  -------------------------------------------------------------------    -------------------
    SLICE_X28Y95         FDRE (Prop_fdre_C_Q)         0.419     1.392 r  u_edge/u_server/hash/ififo_inst/inst/wr_ptr_reg[4]/Q
                         net (fo=6, routed)           0.873     2.265    u_edge/u_server/hash/ififo_inst/inst/Q[4]
    SLICE_X29Y95         LUT6 (Prop_lut6_I0_O)        0.297     2.562 r  u_edge/u_server/hash/ififo_inst/inst/rd_empty_carry_i_2__0/O
                         net (fo=1, routed)           0.000     2.562    u_edge/u_server/hash/ififo_inst/inst/rd_empty_carry_i_2__0_n_0
    SLICE_X29Y95         CARRY4 (Prop_carry4_S[1]_CO[2])
                                                      0.570     3.132 r  u_edge/u_server/hash/ififo_inst/inst/rd_empty_carry/CO[2]
                         net (fo=6, routed)           0.638     3.770    u_edge/u_server/hash/ififo_inst/inst/CO[0]
    SLICE_X15Y95         LUT6 (Prop_lut6_I3_O)        0.313     4.083 r  u_edge/u_server/hash/ififo_inst/inst/state[0]_i_16/O
                         net (fo=1, routed)           0.634     4.717    u_edge/u_server/hash/ififo_inst/inst/state[0]_i_16_n_0
    SLICE_X15Y96         LUT6 (Prop_lut6_I4_O)        0.124     4.841 f  u_edge/u_server/hash/ififo_inst/inst/state[0]_i_5__0/O
                         net (fo=1, routed)           0.398     5.239    u_edge/u_server/hash/ofifo0_inst/inst/state_reg[0]_3
    SLICE_X13Y96         LUT6 (Prop_lut6_I4_O)        0.124     5.363 r  u_edge/u_server/hash/ofifo0_inst/inst/state[0]_i_1__2/O
                         net (fo=6, routed)           0.657     6.020    u_edge/u_server/hash/ofifo0_inst/inst/state_reg[5]
    SLICE_X13Y97         LUT6 (Prop_lut6_I0_O)        0.124     6.144 f  u_edge/u_server/hash/ofifo0_inst/inst/group_eta3_i_5/O
                         net (fo=3, routed)           0.439     6.583    u_edge/u_server/hash/ofifo0_inst/inst/group_eta3_i_5_n_0
    SLICE_X14Y98         LUT6 (Prop_lut6_I0_O)        0.124     6.707 r  u_edge/u_server/hash/ofifo0_inst/inst/wr_idx[5]_i_4/O
                         net (fo=10, routed)          0.700     7.407    u_edge/u_server/ntt/init_clears
    SLICE_X21Y103        LUT2 (Prop_lut2_I1_O)        0.124     7.531 r  u_edge/u_server/ntt/mode_latched[1]_i_3/O
                         net (fo=7, routed)           0.612     8.143    u_edge/u_control/u_scrub/squeeze_reg_reg[0]
    SLICE_X24Y103        LUT4 (Prop_lut4_I2_O)        0.124     8.267 r  u_edge/u_control/u_scrub/squeeze_reg[1599]_i_1/O
                         net (fo=1600, routed)        2.026    10.293    u_edge/u_server/hash/sponge/squeeze_reg_reg[0]_3[0]
    SLICE_X46Y128        FDRE                                         r  u_edge/u_server/hash/sponge/squeeze_reg_reg[1171]/R
  -------------------------------------------------------------------    -------------------

                         (clock sys_clk rise edge)   10.000    10.000 r
                                                      0.000    10.000 r  clk (IN)
                         net (fo=19605, unset)        0.924    10.924    u_edge/u_server/hash/sponge/clk
    SLICE_X46Y128        FDRE                                         r  u_edge/u_server/hash/sponge/squeeze_reg_reg[1171]/C
                         clock pessimism              0.000    10.924
                         clock uncertainty           -0.035    10.889
    SLICE_X46Y128        FDRE (Setup_fdre_C_R)       -0.524    10.365    u_edge/u_server/hash/sponge/squeeze_reg_reg[1171]
  -------------------------------------------------------------------
                         required time                         10.365
                         arrival time                         -10.293
  -------------------------------------------------------------------
                         slack                                  0.072

Slack (MET) :             0.072ns  (required time - arrival time)
  Source:                 u_edge/u_server/hash/ififo_inst/inst/wr_ptr_reg[4]/C
                            (rising edge-triggered cell FDRE clocked by sys_clk  {rise@0.000ns fall@5.000ns period=10.000ns})
  Destination:            u_edge/u_server/hash/sponge/squeeze_reg_reg[1202]/R
                            (rising edge-triggered cell FDRE clocked by sys_clk  {rise@0.000ns fall@5.000ns period=10.000ns})
  Path Group:             sys_clk
  Path Type:              Setup (Max at Slow Process Corner)
  Requirement:            10.000ns  (sys_clk rise@10.000ns - sys_clk rise@0.000ns)
  Data Path Delay:        9.320ns  (logic 2.343ns (25.139%)  route 6.977ns (74.861%))
  Logic Levels:           9  (CARRY4=1 LUT2=1 LUT4=1 LUT6=6)
  Clock Path Skew:        -0.049ns (DCD - SCD + CPR)
    Destination Clock Delay (DCD):    0.924ns = ( 10.924 - 10.000 )
    Source Clock Delay      (SCD):    0.973ns
    Clock Pessimism Removal (CPR):    0.000ns
  Clock Uncertainty:      0.035ns  ((TSJ^2 + TIJ^2)^1/2 + DJ) / 2 + PE
    Total System Jitter     (TSJ):    0.071ns
    Total Input Jitter      (TIJ):    0.000ns
    Discrete Jitter          (DJ):    0.000ns
    Phase Error              (PE):    0.000ns

    Location             Delay type                Incr(ns)  Path(ns)    Netlist Resource(s)
  -------------------------------------------------------------------    -------------------
                         (clock sys_clk rise edge)    0.000     0.000 r
                                                      0.000     0.000 r  clk (IN)
                         net (fo=19605, unset)        0.973     0.973    u_edge/u_server/hash/ififo_inst/inst/clk
    SLICE_X28Y95         FDRE                                         r  u_edge/u_server/hash/ififo_inst/inst/wr_ptr_reg[4]/C
  -------------------------------------------------------------------    -------------------
    SLICE_X28Y95         FDRE (Prop_fdre_C_Q)         0.419     1.392 r  u_edge/u_server/hash/ififo_inst/inst/wr_ptr_reg[4]/Q
                         net (fo=6, routed)           0.873     2.265    u_edge/u_server/hash/ififo_inst/inst/Q[4]
    SLICE_X29Y95         LUT6 (Prop_lut6_I0_O)        0.297     2.562 r  u_edge/u_server/hash/ififo_inst/inst/rd_empty_carry_i_2__0/O
                         net (fo=1, routed)           0.000     2.562    u_edge/u_server/hash/ififo_inst/inst/rd_empty_carry_i_2__0_n_0
    SLICE_X29Y95         CARRY4 (Prop_carry4_S[1]_CO[2])
                                                      0.570     3.132 r  u_edge/u_server/hash/ififo_inst/inst/rd_empty_carry/CO[2]
                         net (fo=6, routed)           0.638     3.770    u_edge/u_server/hash/ififo_inst/inst/CO[0]
    SLICE_X15Y95         LUT6 (Prop_lut6_I3_O)        0.313     4.083 r  u_edge/u_server/hash/ififo_inst/inst/state[0]_i_16/O
                         net (fo=1, routed)           0.634     4.717    u_edge/u_server/hash/ififo_inst/inst/state[0]_i_16_n_0
    SLICE_X15Y96         LUT6 (Prop_lut6_I4_O)        0.124     4.841 f  u_edge/u_server/hash/ififo_inst/inst/state[0]_i_5__0/O
                         net (fo=1, routed)           0.398     5.239    u_edge/u_server/hash/ofifo0_inst/inst/state_reg[0]_3
    SLICE_X13Y96         LUT6 (Prop_lut6_I4_O)        0.124     5.363 r  u_edge/u_server/hash/ofifo0_inst/inst/state[0]_i_1__2/O
                         net (fo=6, routed)           0.657     6.020    u_edge/u_server/hash/ofifo0_inst/inst/state_reg[5]
    SLICE_X13Y97         LUT6 (Prop_lut6_I0_O)        0.124     6.144 f  u_edge/u_server/hash/ofifo0_inst/inst/group_eta3_i_5/O
                         net (fo=3, routed)           0.439     6.583    u_edge/u_server/hash/ofifo0_inst/inst/group_eta3_i_5_n_0
    SLICE_X14Y98         LUT6 (Prop_lut6_I0_O)        0.124     6.707 r  u_edge/u_server/hash/ofifo0_inst/inst/wr_idx[5]_i_4/O
                         net (fo=10, routed)          0.700     7.407    u_edge/u_server/ntt/init_clears
    SLICE_X21Y103        LUT2 (Prop_lut2_I1_O)        0.124     7.531 r  u_edge/u_server/ntt/mode_latched[1]_i_3/O
                         net (fo=7, routed)           0.612     8.143    u_edge/u_control/u_scrub/squeeze_reg_reg[0]
    SLICE_X24Y103        LUT4 (Prop_lut4_I2_O)        0.124     8.267 r  u_edge/u_control/u_scrub/squeeze_reg[1599]_i_1/O
                         net (fo=1600, routed)        2.026    10.293    u_edge/u_server/hash/sponge/squeeze_reg_reg[0]_3[0]
    SLICE_X46Y128        FDRE                                         r  u_edge/u_server/hash/sponge/squeeze_reg_reg[1202]/R
  -------------------------------------------------------------------    -------------------

                         (clock sys_clk rise edge)   10.000    10.000 r
                                                      0.000    10.000 r  clk (IN)
                         net (fo=19605, unset)        0.924    10.924    u_edge/u_server/hash/sponge/clk
    SLICE_X46Y128        FDRE                                         r  u_edge/u_server/hash/sponge/squeeze_reg_reg[1202]/C
                         clock pessimism              0.000    10.924
                         clock uncertainty           -0.035    10.889
    SLICE_X46Y128        FDRE (Setup_fdre_C_R)       -0.524    10.365    u_edge/u_server/hash/sponge/squeeze_reg_reg[1202]
  -------------------------------------------------------------------
                         required time                         10.365
                         arrival time                         -10.293
  -------------------------------------------------------------------
                         slack                                  0.072

Slack (MET) :             0.072ns  (required time - arrival time)
  Source:                 u_edge/u_server/hash/ififo_inst/inst/wr_ptr_reg[4]/C
                            (rising edge-triggered cell FDRE clocked by sys_clk  {rise@0.000ns fall@5.000ns period=10.000ns})
  Destination:            u_edge/u_server/hash/sponge/squeeze_reg_reg[1203]/R
                            (rising edge-triggered cell FDRE clocked by sys_clk  {rise@0.000ns fall@5.000ns period=10.000ns})
  Path Group:             sys_clk
  Path Type:              Setup (Max at Slow Process Corner)
  Requirement:            10.000ns  (sys_clk rise@10.000ns - sys_clk rise@0.000ns)
  Data Path Delay:        9.320ns  (logic 2.343ns (25.139%)  route 6.977ns (74.861%))
  Logic Levels:           9  (CARRY4=1 LUT2=1 LUT4=1 LUT6=6)
  Clock Path Skew:        -0.049ns (DCD - SCD + CPR)
    Destination Clock Delay (DCD):    0.924ns = ( 10.924 - 10.000 )
    Source Clock Delay      (SCD):    0.973ns
    Clock Pessimism Removal (CPR):    0.000ns
  Clock Uncertainty:      0.035ns  ((TSJ^2 + TIJ^2)^1/2 + DJ) / 2 + PE
    Total System Jitter     (TSJ):    0.071ns
    Total Input Jitter      (TIJ):    0.000ns
    Discrete Jitter          (DJ):    0.000ns
    Phase Error              (PE):    0.000ns

    Location             Delay type                Incr(ns)  Path(ns)    Netlist Resource(s)
  -------------------------------------------------------------------    -------------------
                         (clock sys_clk rise edge)    0.000     0.000 r
                                                      0.000     0.000 r  clk (IN)
                         net (fo=19605, unset)        0.973     0.973    u_edge/u_server/hash/ififo_inst/inst/clk
    SLICE_X28Y95         FDRE                                         r  u_edge/u_server/hash/ififo_inst/inst/wr_ptr_reg[4]/C
  -------------------------------------------------------------------    -------------------
    SLICE_X28Y95         FDRE (Prop_fdre_C_Q)         0.419     1.392 r  u_edge/u_server/hash/ififo_inst/inst/wr_ptr_reg[4]/Q
                         net (fo=6, routed)           0.873     2.265    u_edge/u_server/hash/ififo_inst/inst/Q[4]
    SLICE_X29Y95         LUT6 (Prop_lut6_I0_O)        0.297     2.562 r  u_edge/u_server/hash/ififo_inst/inst/rd_empty_carry_i_2__0/O
                         net (fo=1, routed)           0.000     2.562    u_edge/u_server/hash/ififo_inst/inst/rd_empty_carry_i_2__0_n_0
    SLICE_X29Y95         CARRY4 (Prop_carry4_S[1]_CO[2])
                                                      0.570     3.132 r  u_edge/u_server/hash/ififo_inst/inst/rd_empty_carry/CO[2]
                         net (fo=6, routed)           0.638     3.770    u_edge/u_server/hash/ififo_inst/inst/CO[0]
    SLICE_X15Y95         LUT6 (Prop_lut6_I3_O)        0.313     4.083 r  u_edge/u_server/hash/ififo_inst/inst/state[0]_i_16/O
                         net (fo=1, routed)           0.634     4.717    u_edge/u_server/hash/ififo_inst/inst/state[0]_i_16_n_0
    SLICE_X15Y96         LUT6 (Prop_lut6_I4_O)        0.124     4.841 f  u_edge/u_server/hash/ififo_inst/inst/state[0]_i_5__0/O
                         net (fo=1, routed)           0.398     5.239    u_edge/u_server/hash/ofifo0_inst/inst/state_reg[0]_3
    SLICE_X13Y96         LUT6 (Prop_lut6_I4_O)        0.124     5.363 r  u_edge/u_server/hash/ofifo0_inst/inst/state[0]_i_1__2/O
                         net (fo=6, routed)           0.657     6.020    u_edge/u_server/hash/ofifo0_inst/inst/state_reg[5]
    SLICE_X13Y97         LUT6 (Prop_lut6_I0_O)        0.124     6.144 f  u_edge/u_server/hash/ofifo0_inst/inst/group_eta3_i_5/O
                         net (fo=3, routed)           0.439     6.583    u_edge/u_server/hash/ofifo0_inst/inst/group_eta3_i_5_n_0
    SLICE_X14Y98         LUT6 (Prop_lut6_I0_O)        0.124     6.707 r  u_edge/u_server/hash/ofifo0_inst/inst/wr_idx[5]_i_4/O
                         net (fo=10, routed)          0.700     7.407    u_edge/u_server/ntt/init_clears
    SLICE_X21Y103        LUT2 (Prop_lut2_I1_O)        0.124     7.531 r  u_edge/u_server/ntt/mode_latched[1]_i_3/O
                         net (fo=7, routed)           0.612     8.143    u_edge/u_control/u_scrub/squeeze_reg_reg[0]
    SLICE_X24Y103        LUT4 (Prop_lut4_I2_O)        0.124     8.267 r  u_edge/u_control/u_scrub/squeeze_reg[1599]_i_1/O
                         net (fo=1600, routed)        2.026    10.293    u_edge/u_server/hash/sponge/squeeze_reg_reg[0]_3[0]
    SLICE_X46Y128        FDRE                                         r  u_edge/u_server/hash/sponge/squeeze_reg_reg[1203]/R
  -------------------------------------------------------------------    -------------------

                         (clock sys_clk rise edge)   10.000    10.000 r
                                                      0.000    10.000 r  clk (IN)
                         net (fo=19605, unset)        0.924    10.924    u_edge/u_server/hash/sponge/clk
    SLICE_X46Y128        FDRE                                         r  u_edge/u_server/hash/sponge/squeeze_reg_reg[1203]/C
                         clock pessimism              0.000    10.924
                         clock uncertainty           -0.035    10.889
    SLICE_X46Y128        FDRE (Setup_fdre_C_R)       -0.524    10.365    u_edge/u_server/hash/sponge/squeeze_reg_reg[1203]
  -------------------------------------------------------------------
                         required time                         10.365
                         arrival time                         -10.293
  -------------------------------------------------------------------
                         slack                                  0.072

Slack (MET) :             0.091ns  (required time - arrival time)
  Source:                 u_edge/u_server/hash/ififo_inst/inst/wr_ptr_reg[4]/C
                            (rising edge-triggered cell FDRE clocked by sys_clk  {rise@0.000ns fall@5.000ns period=10.000ns})
  Destination:            u_edge/u_server/hash/sponge/squeeze_reg_reg[1178]/R
                            (rising edge-triggered cell FDRE clocked by sys_clk  {rise@0.000ns fall@5.000ns period=10.000ns})
  Path Group:             sys_clk
  Path Type:              Setup (Max at Slow Process Corner)
  Requirement:            10.000ns  (sys_clk rise@10.000ns - sys_clk rise@0.000ns)
  Data Path Delay:        9.396ns  (logic 2.343ns (24.936%)  route 7.053ns (75.064%))
  Logic Levels:           9  (CARRY4=1 LUT2=1 LUT4=1 LUT6=6)
  Clock Path Skew:        -0.049ns (DCD - SCD + CPR)
    Destination Clock Delay (DCD):    0.924ns = ( 10.924 - 10.000 )
    Source Clock Delay      (SCD):    0.973ns
    Clock Pessimism Removal (CPR):    0.000ns
  Clock Uncertainty:      0.035ns  ((TSJ^2 + TIJ^2)^1/2 + DJ) / 2 + PE
    Total System Jitter     (TSJ):    0.071ns
    Total Input Jitter      (TIJ):    0.000ns
    Discrete Jitter          (DJ):    0.000ns
    Phase Error              (PE):    0.000ns

    Location             Delay type                Incr(ns)  Path(ns)    Netlist Resource(s)
  -------------------------------------------------------------------    -------------------
                         (clock sys_clk rise edge)    0.000     0.000 r
                                                      0.000     0.000 r  clk (IN)
                         net (fo=19605, unset)        0.973     0.973    u_edge/u_server/hash/ififo_inst/inst/clk
    SLICE_X28Y95         FDRE                                         r  u_edge/u_server/hash/ififo_inst/inst/wr_ptr_reg[4]/C
  -------------------------------------------------------------------    -------------------
    SLICE_X28Y95         FDRE (Prop_fdre_C_Q)         0.419     1.392 r  u_edge/u_server/hash/ififo_inst/inst/wr_ptr_reg[4]/Q
                         net (fo=6, routed)           0.873     2.265    u_edge/u_server/hash/ififo_inst/inst/Q[4]
    SLICE_X29Y95         LUT6 (Prop_lut6_I0_O)        0.297     2.562 r  u_edge/u_server/hash/ififo_inst/inst/rd_empty_carry_i_2__0/O
                         net (fo=1, routed)           0.000     2.562    u_edge/u_server/hash/ififo_inst/inst/rd_empty_carry_i_2__0_n_0
    SLICE_X29Y95         CARRY4 (Prop_carry4_S[1]_CO[2])
                                                      0.570     3.132 r  u_edge/u_server/hash/ififo_inst/inst/rd_empty_carry/CO[2]
                         net (fo=6, routed)           0.638     3.770    u_edge/u_server/hash/ififo_inst/inst/CO[0]
    SLICE_X15Y95         LUT6 (Prop_lut6_I3_O)        0.313     4.083 r  u_edge/u_server/hash/ififo_inst/inst/state[0]_i_16/O
                         net (fo=1, routed)           0.634     4.717    u_edge/u_server/hash/ififo_inst/inst/state[0]_i_16_n_0
    SLICE_X15Y96         LUT6 (Prop_lut6_I4_O)        0.124     4.841 f  u_edge/u_server/hash/ififo_inst/inst/state[0]_i_5__0/O
                         net (fo=1, routed)           0.398     5.239    u_edge/u_server/hash/ofifo0_inst/inst/state_reg[0]_3
    SLICE_X13Y96         LUT6 (Prop_lut6_I4_O)        0.124     5.363 r  u_edge/u_server/hash/ofifo0_inst/inst/state[0]_i_1__2/O
                         net (fo=6, routed)           0.657     6.020    u_edge/u_server/hash/ofifo0_inst/inst/state_reg[5]
    SLICE_X13Y97         LUT6 (Prop_lut6_I0_O)        0.124     6.144 f  u_edge/u_server/hash/ofifo0_inst/inst/group_eta3_i_5/O
                         net (fo=3, routed)           0.439     6.583    u_edge/u_server/hash/ofifo0_inst/inst/group_eta3_i_5_n_0
    SLICE_X14Y98         LUT6 (Prop_lut6_I0_O)        0.124     6.707 r  u_edge/u_server/hash/ofifo0_inst/inst/wr_idx[5]_i_4/O
                         net (fo=10, routed)          0.700     7.407    u_edge/u_server/ntt/init_clears
    SLICE_X21Y103        LUT2 (Prop_lut2_I1_O)        0.124     7.531 r  u_edge/u_server/ntt/mode_latched[1]_i_3/O
                         net (fo=7, routed)           0.612     8.143    u_edge/u_control/u_scrub/squeeze_reg_reg[0]
    SLICE_X24Y103        LUT4 (Prop_lut4_I2_O)        0.124     8.267 r  u_edge/u_control/u_scrub/squeeze_reg[1599]_i_1/O
                         net (fo=1600, routed)        2.102    10.369    u_edge/u_server/hash/sponge/squeeze_reg_reg[0]_3[0]
    SLICE_X48Y124        FDRE                                         r  u_edge/u_server/hash/sponge/squeeze_reg_reg[1178]/R
  -------------------------------------------------------------------    -------------------

                         (clock sys_clk rise edge)   10.000    10.000 r
                                                      0.000    10.000 r  clk (IN)
                         net (fo=19605, unset)        0.924    10.924    u_edge/u_server/hash/sponge/clk
    SLICE_X48Y124        FDRE                                         r  u_edge/u_server/hash/sponge/squeeze_reg_reg[1178]/C
                         clock pessimism              0.000    10.924
                         clock uncertainty           -0.035    10.889
    SLICE_X48Y124        FDRE (Setup_fdre_C_R)       -0.429    10.460    u_edge/u_server/hash/sponge/squeeze_reg_reg[1178]
  -------------------------------------------------------------------
                         required time                         10.460
                         arrival time                         -10.369
  -------------------------------------------------------------------
                         slack                                  0.091

Slack (MET) :             0.091ns  (required time - arrival time)
  Source:                 u_edge/u_server/hash/ififo_inst/inst/wr_ptr_reg[4]/C
                            (rising edge-triggered cell FDRE clocked by sys_clk  {rise@0.000ns fall@5.000ns period=10.000ns})
  Destination:            u_edge/u_server/hash/sponge/squeeze_reg_reg[1179]/R
                            (rising edge-triggered cell FDRE clocked by sys_clk  {rise@0.000ns fall@5.000ns period=10.000ns})
  Path Group:             sys_clk
  Path Type:              Setup (Max at Slow Process Corner)
  Requirement:            10.000ns  (sys_clk rise@10.000ns - sys_clk rise@0.000ns)
  Data Path Delay:        9.396ns  (logic 2.343ns (24.936%)  route 7.053ns (75.064%))
  Logic Levels:           9  (CARRY4=1 LUT2=1 LUT4=1 LUT6=6)
  Clock Path Skew:        -0.049ns (DCD - SCD + CPR)
    Destination Clock Delay (DCD):    0.924ns = ( 10.924 - 10.000 )
    Source Clock Delay      (SCD):    0.973ns
    Clock Pessimism Removal (CPR):    0.000ns
  Clock Uncertainty:      0.035ns  ((TSJ^2 + TIJ^2)^1/2 + DJ) / 2 + PE
    Total System Jitter     (TSJ):    0.071ns
    Total Input Jitter      (TIJ):    0.000ns
    Discrete Jitter          (DJ):    0.000ns
    Phase Error              (PE):    0.000ns

    Location             Delay type                Incr(ns)  Path(ns)    Netlist Resource(s)
  -------------------------------------------------------------------    -------------------
                         (clock sys_clk rise edge)    0.000     0.000 r
                                                      0.000     0.000 r  clk (IN)
                         net (fo=19605, unset)        0.973     0.973    u_edge/u_server/hash/ififo_inst/inst/clk
    SLICE_X28Y95         FDRE                                         r  u_edge/u_server/hash/ififo_inst/inst/wr_ptr_reg[4]/C
  -------------------------------------------------------------------    -------------------
    SLICE_X28Y95         FDRE (Prop_fdre_C_Q)         0.419     1.392 r  u_edge/u_server/hash/ififo_inst/inst/wr_ptr_reg[4]/Q
                         net (fo=6, routed)           0.873     2.265    u_edge/u_server/hash/ififo_inst/inst/Q[4]
    SLICE_X29Y95         LUT6 (Prop_lut6_I0_O)        0.297     2.562 r  u_edge/u_server/hash/ififo_inst/inst/rd_empty_carry_i_2__0/O
                         net (fo=1, routed)           0.000     2.562    u_edge/u_server/hash/ififo_inst/inst/rd_empty_carry_i_2__0_n_0
    SLICE_X29Y95         CARRY4 (Prop_carry4_S[1]_CO[2])
                                                      0.570     3.132 r  u_edge/u_server/hash/ififo_inst/inst/rd_empty_carry/CO[2]
                         net (fo=6, routed)           0.638     3.770    u_edge/u_server/hash/ififo_inst/inst/CO[0]
    SLICE_X15Y95         LUT6 (Prop_lut6_I3_O)        0.313     4.083 r  u_edge/u_server/hash/ififo_inst/inst/state[0]_i_16/O
                         net (fo=1, routed)           0.634     4.717    u_edge/u_server/hash/ififo_inst/inst/state[0]_i_16_n_0
    SLICE_X15Y96         LUT6 (Prop_lut6_I4_O)        0.124     4.841 f  u_edge/u_server/hash/ififo_inst/inst/state[0]_i_5__0/O
                         net (fo=1, routed)           0.398     5.239    u_edge/u_server/hash/ofifo0_inst/inst/state_reg[0]_3
    SLICE_X13Y96         LUT6 (Prop_lut6_I4_O)        0.124     5.363 r  u_edge/u_server/hash/ofifo0_inst/inst/state[0]_i_1__2/O
                         net (fo=6, routed)           0.657     6.020    u_edge/u_server/hash/ofifo0_inst/inst/state_reg[5]
    SLICE_X13Y97         LUT6 (Prop_lut6_I0_O)        0.124     6.144 f  u_edge/u_server/hash/ofifo0_inst/inst/group_eta3_i_5/O
                         net (fo=3, routed)           0.439     6.583    u_edge/u_server/hash/ofifo0_inst/inst/group_eta3_i_5_n_0
    SLICE_X14Y98         LUT6 (Prop_lut6_I0_O)        0.124     6.707 r  u_edge/u_server/hash/ofifo0_inst/inst/wr_idx[5]_i_4/O
                         net (fo=10, routed)          0.700     7.407    u_edge/u_server/ntt/init_clears
    SLICE_X21Y103        LUT2 (Prop_lut2_I1_O)        0.124     7.531 r  u_edge/u_server/ntt/mode_latched[1]_i_3/O
                         net (fo=7, routed)           0.612     8.143    u_edge/u_control/u_scrub/squeeze_reg_reg[0]
    SLICE_X24Y103        LUT4 (Prop_lut4_I2_O)        0.124     8.267 r  u_edge/u_control/u_scrub/squeeze_reg[1599]_i_1/O
                         net (fo=1600, routed)        2.102    10.369    u_edge/u_server/hash/sponge/squeeze_reg_reg[0]_3[0]
    SLICE_X48Y124        FDRE                                         r  u_edge/u_server/hash/sponge/squeeze_reg_reg[1179]/R
  -------------------------------------------------------------------    -------------------

                         (clock sys_clk rise edge)   10.000    10.000 r
                                                      0.000    10.000 r  clk (IN)
                         net (fo=19605, unset)        0.924    10.924    u_edge/u_server/hash/sponge/clk
    SLICE_X48Y124        FDRE                                         r  u_edge/u_server/hash/sponge/squeeze_reg_reg[1179]/C
                         clock pessimism              0.000    10.924
                         clock uncertainty           -0.035    10.889
    SLICE_X48Y124        FDRE (Setup_fdre_C_R)       -0.429    10.460    u_edge/u_server/hash/sponge/squeeze_reg_reg[1179]
  -------------------------------------------------------------------
                         required time                         10.460
                         arrival time                         -10.369
  -------------------------------------------------------------------
                         slack                                  0.091

Slack (MET) :             0.091ns  (required time - arrival time)
  Source:                 u_edge/u_server/hash/ififo_inst/inst/wr_ptr_reg[4]/C
                            (rising edge-triggered cell FDRE clocked by sys_clk  {rise@0.000ns fall@5.000ns period=10.000ns})
  Destination:            u_edge/u_server/hash/sponge/squeeze_reg_reg[1210]/R
                            (rising edge-triggered cell FDRE clocked by sys_clk  {rise@0.000ns fall@5.000ns period=10.000ns})
  Path Group:             sys_clk
  Path Type:              Setup (Max at Slow Process Corner)
  Requirement:            10.000ns  (sys_clk rise@10.000ns - sys_clk rise@0.000ns)
  Data Path Delay:        9.396ns  (logic 2.343ns (24.936%)  route 7.053ns (75.064%))
  Logic Levels:           9  (CARRY4=1 LUT2=1 LUT4=1 LUT6=6)
  Clock Path Skew:        -0.049ns (DCD - SCD + CPR)
    Destination Clock Delay (DCD):    0.924ns = ( 10.924 - 10.000 )
    Source Clock Delay      (SCD):    0.973ns
    Clock Pessimism Removal (CPR):    0.000ns
  Clock Uncertainty:      0.035ns  ((TSJ^2 + TIJ^2)^1/2 + DJ) / 2 + PE
    Total System Jitter     (TSJ):    0.071ns
    Total Input Jitter      (TIJ):    0.000ns
    Discrete Jitter          (DJ):    0.000ns
    Phase Error              (PE):    0.000ns

    Location             Delay type                Incr(ns)  Path(ns)    Netlist Resource(s)
  -------------------------------------------------------------------    -------------------
                         (clock sys_clk rise edge)    0.000     0.000 r
                                                      0.000     0.000 r  clk (IN)
                         net (fo=19605, unset)        0.973     0.973    u_edge/u_server/hash/ififo_inst/inst/clk
    SLICE_X28Y95         FDRE                                         r  u_edge/u_server/hash/ififo_inst/inst/wr_ptr_reg[4]/C
  -------------------------------------------------------------------    -------------------
    SLICE_X28Y95         FDRE (Prop_fdre_C_Q)         0.419     1.392 r  u_edge/u_server/hash/ififo_inst/inst/wr_ptr_reg[4]/Q
                         net (fo=6, routed)           0.873     2.265    u_edge/u_server/hash/ififo_inst/inst/Q[4]
    SLICE_X29Y95         LUT6 (Prop_lut6_I0_O)        0.297     2.562 r  u_edge/u_server/hash/ififo_inst/inst/rd_empty_carry_i_2__0/O
                         net (fo=1, routed)           0.000     2.562    u_edge/u_server/hash/ififo_inst/inst/rd_empty_carry_i_2__0_n_0
    SLICE_X29Y95         CARRY4 (Prop_carry4_S[1]_CO[2])
                                                      0.570     3.132 r  u_edge/u_server/hash/ififo_inst/inst/rd_empty_carry/CO[2]
                         net (fo=6, routed)           0.638     3.770    u_edge/u_server/hash/ififo_inst/inst/CO[0]
    SLICE_X15Y95         LUT6 (Prop_lut6_I3_O)        0.313     4.083 r  u_edge/u_server/hash/ififo_inst/inst/state[0]_i_16/O
                         net (fo=1, routed)           0.634     4.717    u_edge/u_server/hash/ififo_inst/inst/state[0]_i_16_n_0
    SLICE_X15Y96         LUT6 (Prop_lut6_I4_O)        0.124     4.841 f  u_edge/u_server/hash/ififo_inst/inst/state[0]_i_5__0/O
                         net (fo=1, routed)           0.398     5.239    u_edge/u_server/hash/ofifo0_inst/inst/state_reg[0]_3
    SLICE_X13Y96         LUT6 (Prop_lut6_I4_O)        0.124     5.363 r  u_edge/u_server/hash/ofifo0_inst/inst/state[0]_i_1__2/O
                         net (fo=6, routed)           0.657     6.020    u_edge/u_server/hash/ofifo0_inst/inst/state_reg[5]
    SLICE_X13Y97         LUT6 (Prop_lut6_I0_O)        0.124     6.144 f  u_edge/u_server/hash/ofifo0_inst/inst/group_eta3_i_5/O
                         net (fo=3, routed)           0.439     6.583    u_edge/u_server/hash/ofifo0_inst/inst/group_eta3_i_5_n_0
    SLICE_X14Y98         LUT6 (Prop_lut6_I0_O)        0.124     6.707 r  u_edge/u_server/hash/ofifo0_inst/inst/wr_idx[5]_i_4/O
                         net (fo=10, routed)          0.700     7.407    u_edge/u_server/ntt/init_clears
    SLICE_X21Y103        LUT2 (Prop_lut2_I1_O)        0.124     7.531 r  u_edge/u_server/ntt/mode_latched[1]_i_3/O
                         net (fo=7, routed)           0.612     8.143    u_edge/u_control/u_scrub/squeeze_reg_reg[0]
    SLICE_X24Y103        LUT4 (Prop_lut4_I2_O)        0.124     8.267 r  u_edge/u_control/u_scrub/squeeze_reg[1599]_i_1/O
                         net (fo=1600, routed)        2.102    10.369    u_edge/u_server/hash/sponge/squeeze_reg_reg[0]_3[0]
    SLICE_X48Y124        FDRE                                         r  u_edge/u_server/hash/sponge/squeeze_reg_reg[1210]/R
  -------------------------------------------------------------------    -------------------

                         (clock sys_clk rise edge)   10.000    10.000 r
                                                      0.000    10.000 r  clk (IN)
                         net (fo=19605, unset)        0.924    10.924    u_edge/u_server/hash/sponge/clk
    SLICE_X48Y124        FDRE                                         r  u_edge/u_server/hash/sponge/squeeze_reg_reg[1210]/C
                         clock pessimism              0.000    10.924
                         clock uncertainty           -0.035    10.889
    SLICE_X48Y124        FDRE (Setup_fdre_C_R)       -0.429    10.460    u_edge/u_server/hash/sponge/squeeze_reg_reg[1210]
  -------------------------------------------------------------------
                         required time                         10.460
                         arrival time                         -10.369
  -------------------------------------------------------------------
                         slack                                  0.091

Slack (MET) :             0.091ns  (required time - arrival time)
  Source:                 u_edge/u_server/hash/ififo_inst/inst/wr_ptr_reg[4]/C
                            (rising edge-triggered cell FDRE clocked by sys_clk  {rise@0.000ns fall@5.000ns period=10.000ns})
  Destination:            u_edge/u_server/hash/sponge/squeeze_reg_reg[1211]/R
                            (rising edge-triggered cell FDRE clocked by sys_clk  {rise@0.000ns fall@5.000ns period=10.000ns})
  Path Group:             sys_clk
  Path Type:              Setup (Max at Slow Process Corner)
  Requirement:            10.000ns  (sys_clk rise@10.000ns - sys_clk rise@0.000ns)
  Data Path Delay:        9.396ns  (logic 2.343ns (24.936%)  route 7.053ns (75.064%))
  Logic Levels:           9  (CARRY4=1 LUT2=1 LUT4=1 LUT6=6)
  Clock Path Skew:        -0.049ns (DCD - SCD + CPR)
    Destination Clock Delay (DCD):    0.924ns = ( 10.924 - 10.000 )
    Source Clock Delay      (SCD):    0.973ns
    Clock Pessimism Removal (CPR):    0.000ns
  Clock Uncertainty:      0.035ns  ((TSJ^2 + TIJ^2)^1/2 + DJ) / 2 + PE
    Total System Jitter     (TSJ):    0.071ns
    Total Input Jitter      (TIJ):    0.000ns
    Discrete Jitter          (DJ):    0.000ns
    Phase Error              (PE):    0.000ns

    Location             Delay type                Incr(ns)  Path(ns)    Netlist Resource(s)
  -------------------------------------------------------------------    -------------------
                         (clock sys_clk rise edge)    0.000     0.000 r
                                                      0.000     0.000 r  clk (IN)
                         net (fo=19605, unset)        0.973     0.973    u_edge/u_server/hash/ififo_inst/inst/clk
    SLICE_X28Y95         FDRE                                         r  u_edge/u_server/hash/ififo_inst/inst/wr_ptr_reg[4]/C
  -------------------------------------------------------------------    -------------------
    SLICE_X28Y95         FDRE (Prop_fdre_C_Q)         0.419     1.392 r  u_edge/u_server/hash/ififo_inst/inst/wr_ptr_reg[4]/Q
                         net (fo=6, routed)           0.873     2.265    u_edge/u_server/hash/ififo_inst/inst/Q[4]
    SLICE_X29Y95         LUT6 (Prop_lut6_I0_O)        0.297     2.562 r  u_edge/u_server/hash/ififo_inst/inst/rd_empty_carry_i_2__0/O
                         net (fo=1, routed)           0.000     2.562    u_edge/u_server/hash/ififo_inst/inst/rd_empty_carry_i_2__0_n_0
    SLICE_X29Y95         CARRY4 (Prop_carry4_S[1]_CO[2])
                                                      0.570     3.132 r  u_edge/u_server/hash/ififo_inst/inst/rd_empty_carry/CO[2]
                         net (fo=6, routed)           0.638     3.770    u_edge/u_server/hash/ififo_inst/inst/CO[0]
    SLICE_X15Y95         LUT6 (Prop_lut6_I3_O)        0.313     4.083 r  u_edge/u_server/hash/ififo_inst/inst/state[0]_i_16/O
                         net (fo=1, routed)           0.634     4.717    u_edge/u_server/hash/ififo_inst/inst/state[0]_i_16_n_0
    SLICE_X15Y96         LUT6 (Prop_lut6_I4_O)        0.124     4.841 f  u_edge/u_server/hash/ififo_inst/inst/state[0]_i_5__0/O
                         net (fo=1, routed)           0.398     5.239    u_edge/u_server/hash/ofifo0_inst/inst/state_reg[0]_3
    SLICE_X13Y96         LUT6 (Prop_lut6_I4_O)        0.124     5.363 r  u_edge/u_server/hash/ofifo0_inst/inst/state[0]_i_1__2/O
                         net (fo=6, routed)           0.657     6.020    u_edge/u_server/hash/ofifo0_inst/inst/state_reg[5]
    SLICE_X13Y97         LUT6 (Prop_lut6_I0_O)        0.124     6.144 f  u_edge/u_server/hash/ofifo0_inst/inst/group_eta3_i_5/O
                         net (fo=3, routed)           0.439     6.583    u_edge/u_server/hash/ofifo0_inst/inst/group_eta3_i_5_n_0
    SLICE_X14Y98         LUT6 (Prop_lut6_I0_O)        0.124     6.707 r  u_edge/u_server/hash/ofifo0_inst/inst/wr_idx[5]_i_4/O
                         net (fo=10, routed)          0.700     7.407    u_edge/u_server/ntt/init_clears
    SLICE_X21Y103        LUT2 (Prop_lut2_I1_O)        0.124     7.531 r  u_edge/u_server/ntt/mode_latched[1]_i_3/O
                         net (fo=7, routed)           0.612     8.143    u_edge/u_control/u_scrub/squeeze_reg_reg[0]
    SLICE_X24Y103        LUT4 (Prop_lut4_I2_O)        0.124     8.267 r  u_edge/u_control/u_scrub/squeeze_reg[1599]_i_1/O
                         net (fo=1600, routed)        2.102    10.369    u_edge/u_server/hash/sponge/squeeze_reg_reg[0]_3[0]
    SLICE_X48Y124        FDRE                                         r  u_edge/u_server/hash/sponge/squeeze_reg_reg[1211]/R
  -------------------------------------------------------------------    -------------------

                         (clock sys_clk rise edge)   10.000    10.000 r
                                                      0.000    10.000 r  clk (IN)
                         net (fo=19605, unset)        0.924    10.924    u_edge/u_server/hash/sponge/clk
    SLICE_X48Y124        FDRE                                         r  u_edge/u_server/hash/sponge/squeeze_reg_reg[1211]/C
                         clock pessimism              0.000    10.924
                         clock uncertainty           -0.035    10.889
    SLICE_X48Y124        FDRE (Setup_fdre_C_R)       -0.429    10.460    u_edge/u_server/hash/sponge/squeeze_reg_reg[1211]
  -------------------------------------------------------------------
                         required time                         10.460
                         arrival time                         -10.369
  -------------------------------------------------------------------
                         slack                                  0.091

Slack (MET) :             0.091ns  (required time - arrival time)
  Source:                 u_edge/u_server/hash/ififo_inst/inst/wr_ptr_reg[4]/C
                            (rising edge-triggered cell FDRE clocked by sys_clk  {rise@0.000ns fall@5.000ns period=10.000ns})
  Destination:            u_edge/u_server/hash/sponge/squeeze_reg_reg[1242]/R
                            (rising edge-triggered cell FDRE clocked by sys_clk  {rise@0.000ns fall@5.000ns period=10.000ns})
  Path Group:             sys_clk
  Path Type:              Setup (Max at Slow Process Corner)
  Requirement:            10.000ns  (sys_clk rise@10.000ns - sys_clk rise@0.000ns)
  Data Path Delay:        9.396ns  (logic 2.343ns (24.936%)  route 7.053ns (75.064%))
  Logic Levels:           9  (CARRY4=1 LUT2=1 LUT4=1 LUT6=6)
  Clock Path Skew:        -0.049ns (DCD - SCD + CPR)
    Destination Clock Delay (DCD):    0.924ns = ( 10.924 - 10.000 )
    Source Clock Delay      (SCD):    0.973ns
    Clock Pessimism Removal (CPR):    0.000ns
  Clock Uncertainty:      0.035ns  ((TSJ^2 + TIJ^2)^1/2 + DJ) / 2 + PE
    Total System Jitter     (TSJ):    0.071ns
    Total Input Jitter      (TIJ):    0.000ns
    Discrete Jitter          (DJ):    0.000ns
    Phase Error              (PE):    0.000ns

    Location             Delay type                Incr(ns)  Path(ns)    Netlist Resource(s)
  -------------------------------------------------------------------    -------------------
                         (clock sys_clk rise edge)    0.000     0.000 r
                                                      0.000     0.000 r  clk (IN)
                         net (fo=19605, unset)        0.973     0.973    u_edge/u_server/hash/ififo_inst/inst/clk
    SLICE_X28Y95         FDRE                                         r  u_edge/u_server/hash/ififo_inst/inst/wr_ptr_reg[4]/C
  -------------------------------------------------------------------    -------------------
    SLICE_X28Y95         FDRE (Prop_fdre_C_Q)         0.419     1.392 r  u_edge/u_server/hash/ififo_inst/inst/wr_ptr_reg[4]/Q
                         net (fo=6, routed)           0.873     2.265    u_edge/u_server/hash/ififo_inst/inst/Q[4]
    SLICE_X29Y95         LUT6 (Prop_lut6_I0_O)        0.297     2.562 r  u_edge/u_server/hash/ififo_inst/inst/rd_empty_carry_i_2__0/O
                         net (fo=1, routed)           0.000     2.562    u_edge/u_server/hash/ififo_inst/inst/rd_empty_carry_i_2__0_n_0
    SLICE_X29Y95         CARRY4 (Prop_carry4_S[1]_CO[2])
                                                      0.570     3.132 r  u_edge/u_server/hash/ififo_inst/inst/rd_empty_carry/CO[2]
                         net (fo=6, routed)           0.638     3.770    u_edge/u_server/hash/ififo_inst/inst/CO[0]
    SLICE_X15Y95         LUT6 (Prop_lut6_I3_O)        0.313     4.083 r  u_edge/u_server/hash/ififo_inst/inst/state[0]_i_16/O
                         net (fo=1, routed)           0.634     4.717    u_edge/u_server/hash/ififo_inst/inst/state[0]_i_16_n_0
    SLICE_X15Y96         LUT6 (Prop_lut6_I4_O)        0.124     4.841 f  u_edge/u_server/hash/ififo_inst/inst/state[0]_i_5__0/O
                         net (fo=1, routed)           0.398     5.239    u_edge/u_server/hash/ofifo0_inst/inst/state_reg[0]_3
    SLICE_X13Y96         LUT6 (Prop_lut6_I4_O)        0.124     5.363 r  u_edge/u_server/hash/ofifo0_inst/inst/state[0]_i_1__2/O
                         net (fo=6, routed)           0.657     6.020    u_edge/u_server/hash/ofifo0_inst/inst/state_reg[5]
    SLICE_X13Y97         LUT6 (Prop_lut6_I0_O)        0.124     6.144 f  u_edge/u_server/hash/ofifo0_inst/inst/group_eta3_i_5/O
                         net (fo=3, routed)           0.439     6.583    u_edge/u_server/hash/ofifo0_inst/inst/group_eta3_i_5_n_0
    SLICE_X14Y98         LUT6 (Prop_lut6_I0_O)        0.124     6.707 r  u_edge/u_server/hash/ofifo0_inst/inst/wr_idx[5]_i_4/O
                         net (fo=10, routed)          0.700     7.407    u_edge/u_server/ntt/init_clears
    SLICE_X21Y103        LUT2 (Prop_lut2_I1_O)        0.124     7.531 r  u_edge/u_server/ntt/mode_latched[1]_i_3/O
                         net (fo=7, routed)           0.612     8.143    u_edge/u_control/u_scrub/squeeze_reg_reg[0]
    SLICE_X24Y103        LUT4 (Prop_lut4_I2_O)        0.124     8.267 r  u_edge/u_control/u_scrub/squeeze_reg[1599]_i_1/O
                         net (fo=1600, routed)        2.102    10.369    u_edge/u_server/hash/sponge/squeeze_reg_reg[0]_3[0]
    SLICE_X48Y124        FDRE                                         r  u_edge/u_server/hash/sponge/squeeze_reg_reg[1242]/R
  -------------------------------------------------------------------    -------------------

                         (clock sys_clk rise edge)   10.000    10.000 r
                                                      0.000    10.000 r  clk (IN)
                         net (fo=19605, unset)        0.924    10.924    u_edge/u_server/hash/sponge/clk
    SLICE_X48Y124        FDRE                                         r  u_edge/u_server/hash/sponge/squeeze_reg_reg[1242]/C
                         clock pessimism              0.000    10.924
                         clock uncertainty           -0.035    10.889
    SLICE_X48Y124        FDRE (Setup_fdre_C_R)       -0.429    10.460    u_edge/u_server/hash/sponge/squeeze_reg_reg[1242]
  -------------------------------------------------------------------
                         required time                         10.460
                         arrival time                         -10.369
  -------------------------------------------------------------------
                         slack                                  0.091

Slack (MET) :             0.091ns  (required time - arrival time)
  Source:                 u_edge/u_server/hash/ififo_inst/inst/wr_ptr_reg[4]/C
                            (rising edge-triggered cell FDRE clocked by sys_clk  {rise@0.000ns fall@5.000ns period=10.000ns})
  Destination:            u_edge/u_server/hash/sponge/squeeze_reg_reg[1243]/R
                            (rising edge-triggered cell FDRE clocked by sys_clk  {rise@0.000ns fall@5.000ns period=10.000ns})
  Path Group:             sys_clk
  Path Type:              Setup (Max at Slow Process Corner)
  Requirement:            10.000ns  (sys_clk rise@10.000ns - sys_clk rise@0.000ns)
  Data Path Delay:        9.396ns  (logic 2.343ns (24.936%)  route 7.053ns (75.064%))
  Logic Levels:           9  (CARRY4=1 LUT2=1 LUT4=1 LUT6=6)
  Clock Path Skew:        -0.049ns (DCD - SCD + CPR)
    Destination Clock Delay (DCD):    0.924ns = ( 10.924 - 10.000 )
    Source Clock Delay      (SCD):    0.973ns
    Clock Pessimism Removal (CPR):    0.000ns
  Clock Uncertainty:      0.035ns  ((TSJ^2 + TIJ^2)^1/2 + DJ) / 2 + PE
    Total System Jitter     (TSJ):    0.071ns
    Total Input Jitter      (TIJ):    0.000ns
    Discrete Jitter          (DJ):    0.000ns
    Phase Error              (PE):    0.000ns

    Location             Delay type                Incr(ns)  Path(ns)    Netlist Resource(s)
  -------------------------------------------------------------------    -------------------
                         (clock sys_clk rise edge)    0.000     0.000 r
                                                      0.000     0.000 r  clk (IN)
                         net (fo=19605, unset)        0.973     0.973    u_edge/u_server/hash/ififo_inst/inst/clk
    SLICE_X28Y95         FDRE                                         r  u_edge/u_server/hash/ififo_inst/inst/wr_ptr_reg[4]/C
  -------------------------------------------------------------------    -------------------
    SLICE_X28Y95         FDRE (Prop_fdre_C_Q)         0.419     1.392 r  u_edge/u_server/hash/ififo_inst/inst/wr_ptr_reg[4]/Q
                         net (fo=6, routed)           0.873     2.265    u_edge/u_server/hash/ififo_inst/inst/Q[4]
    SLICE_X29Y95         LUT6 (Prop_lut6_I0_O)        0.297     2.562 r  u_edge/u_server/hash/ififo_inst/inst/rd_empty_carry_i_2__0/O
                         net (fo=1, routed)           0.000     2.562    u_edge/u_server/hash/ififo_inst/inst/rd_empty_carry_i_2__0_n_0
    SLICE_X29Y95         CARRY4 (Prop_carry4_S[1]_CO[2])
                                                      0.570     3.132 r  u_edge/u_server/hash/ififo_inst/inst/rd_empty_carry/CO[2]
                         net (fo=6, routed)           0.638     3.770    u_edge/u_server/hash/ififo_inst/inst/CO[0]
    SLICE_X15Y95         LUT6 (Prop_lut6_I3_O)        0.313     4.083 r  u_edge/u_server/hash/ififo_inst/inst/state[0]_i_16/O
                         net (fo=1, routed)           0.634     4.717    u_edge/u_server/hash/ififo_inst/inst/state[0]_i_16_n_0
    SLICE_X15Y96         LUT6 (Prop_lut6_I4_O)        0.124     4.841 f  u_edge/u_server/hash/ififo_inst/inst/state[0]_i_5__0/O
                         net (fo=1, routed)           0.398     5.239    u_edge/u_server/hash/ofifo0_inst/inst/state_reg[0]_3
    SLICE_X13Y96         LUT6 (Prop_lut6_I4_O)        0.124     5.363 r  u_edge/u_server/hash/ofifo0_inst/inst/state[0]_i_1__2/O
                         net (fo=6, routed)           0.657     6.020    u_edge/u_server/hash/ofifo0_inst/inst/state_reg[5]
    SLICE_X13Y97         LUT6 (Prop_lut6_I0_O)        0.124     6.144 f  u_edge/u_server/hash/ofifo0_inst/inst/group_eta3_i_5/O
                         net (fo=3, routed)           0.439     6.583    u_edge/u_server/hash/ofifo0_inst/inst/group_eta3_i_5_n_0
    SLICE_X14Y98         LUT6 (Prop_lut6_I0_O)        0.124     6.707 r  u_edge/u_server/hash/ofifo0_inst/inst/wr_idx[5]_i_4/O
                         net (fo=10, routed)          0.700     7.407    u_edge/u_server/ntt/init_clears
    SLICE_X21Y103        LUT2 (Prop_lut2_I1_O)        0.124     7.531 r  u_edge/u_server/ntt/mode_latched[1]_i_3/O
                         net (fo=7, routed)           0.612     8.143    u_edge/u_control/u_scrub/squeeze_reg_reg[0]
    SLICE_X24Y103        LUT4 (Prop_lut4_I2_O)        0.124     8.267 r  u_edge/u_control/u_scrub/squeeze_reg[1599]_i_1/O
                         net (fo=1600, routed)        2.102    10.369    u_edge/u_server/hash/sponge/squeeze_reg_reg[0]_3[0]
    SLICE_X48Y124        FDRE                                         r  u_edge/u_server/hash/sponge/squeeze_reg_reg[1243]/R
  -------------------------------------------------------------------    -------------------

                         (clock sys_clk rise edge)   10.000    10.000 r
                                                      0.000    10.000 r  clk (IN)
                         net (fo=19605, unset)        0.924    10.924    u_edge/u_server/hash/sponge/clk
    SLICE_X48Y124        FDRE                                         r  u_edge/u_server/hash/sponge/squeeze_reg_reg[1243]/C
                         clock pessimism              0.000    10.924
                         clock uncertainty           -0.035    10.889
    SLICE_X48Y124        FDRE (Setup_fdre_C_R)       -0.429    10.460    u_edge/u_server/hash/sponge/squeeze_reg_reg[1243]
  -------------------------------------------------------------------
                         required time                         10.460
                         arrival time                         -10.369
  -------------------------------------------------------------------
                         slack                                  0.091

Slack (MET) :             0.091ns  (required time - arrival time)
  Source:                 u_edge/u_server/hash/ififo_inst/inst/wr_ptr_reg[4]/C
                            (rising edge-triggered cell FDRE clocked by sys_clk  {rise@0.000ns fall@5.000ns period=10.000ns})
  Destination:            u_edge/u_server/hash/sponge/squeeze_reg_reg[1274]/R
                            (rising edge-triggered cell FDRE clocked by sys_clk  {rise@0.000ns fall@5.000ns period=10.000ns})
  Path Group:             sys_clk
  Path Type:              Setup (Max at Slow Process Corner)
  Requirement:            10.000ns  (sys_clk rise@10.000ns - sys_clk rise@0.000ns)
  Data Path Delay:        9.396ns  (logic 2.343ns (24.936%)  route 7.053ns (75.064%))
  Logic Levels:           9  (CARRY4=1 LUT2=1 LUT4=1 LUT6=6)
  Clock Path Skew:        -0.049ns (DCD - SCD + CPR)
    Destination Clock Delay (DCD):    0.924ns = ( 10.924 - 10.000 )
    Source Clock Delay      (SCD):    0.973ns
    Clock Pessimism Removal (CPR):    0.000ns
  Clock Uncertainty:      0.035ns  ((TSJ^2 + TIJ^2)^1/2 + DJ) / 2 + PE
    Total System Jitter     (TSJ):    0.071ns
    Total Input Jitter      (TIJ):    0.000ns
    Discrete Jitter          (DJ):    0.000ns
    Phase Error              (PE):    0.000ns

    Location             Delay type                Incr(ns)  Path(ns)    Netlist Resource(s)
  -------------------------------------------------------------------    -------------------
                         (clock sys_clk rise edge)    0.000     0.000 r
                                                      0.000     0.000 r  clk (IN)
                         net (fo=19605, unset)        0.973     0.973    u_edge/u_server/hash/ififo_inst/inst/clk
    SLICE_X28Y95         FDRE                                         r  u_edge/u_server/hash/ififo_inst/inst/wr_ptr_reg[4]/C
  -------------------------------------------------------------------    -------------------
    SLICE_X28Y95         FDRE (Prop_fdre_C_Q)         0.419     1.392 r  u_edge/u_server/hash/ififo_inst/inst/wr_ptr_reg[4]/Q
                         net (fo=6, routed)           0.873     2.265    u_edge/u_server/hash/ififo_inst/inst/Q[4]
    SLICE_X29Y95         LUT6 (Prop_lut6_I0_O)        0.297     2.562 r  u_edge/u_server/hash/ififo_inst/inst/rd_empty_carry_i_2__0/O
                         net (fo=1, routed)           0.000     2.562    u_edge/u_server/hash/ififo_inst/inst/rd_empty_carry_i_2__0_n_0
    SLICE_X29Y95         CARRY4 (Prop_carry4_S[1]_CO[2])
                                                      0.570     3.132 r  u_edge/u_server/hash/ififo_inst/inst/rd_empty_carry/CO[2]
                         net (fo=6, routed)           0.638     3.770    u_edge/u_server/hash/ififo_inst/inst/CO[0]
    SLICE_X15Y95         LUT6 (Prop_lut6_I3_O)        0.313     4.083 r  u_edge/u_server/hash/ififo_inst/inst/state[0]_i_16/O
                         net (fo=1, routed)           0.634     4.717    u_edge/u_server/hash/ififo_inst/inst/state[0]_i_16_n_0
    SLICE_X15Y96         LUT6 (Prop_lut6_I4_O)        0.124     4.841 f  u_edge/u_server/hash/ififo_inst/inst/state[0]_i_5__0/O
                         net (fo=1, routed)           0.398     5.239    u_edge/u_server/hash/ofifo0_inst/inst/state_reg[0]_3
    SLICE_X13Y96         LUT6 (Prop_lut6_I4_O)        0.124     5.363 r  u_edge/u_server/hash/ofifo0_inst/inst/state[0]_i_1__2/O
                         net (fo=6, routed)           0.657     6.020    u_edge/u_server/hash/ofifo0_inst/inst/state_reg[5]
    SLICE_X13Y97         LUT6 (Prop_lut6_I0_O)        0.124     6.144 f  u_edge/u_server/hash/ofifo0_inst/inst/group_eta3_i_5/O
                         net (fo=3, routed)           0.439     6.583    u_edge/u_server/hash/ofifo0_inst/inst/group_eta3_i_5_n_0
    SLICE_X14Y98         LUT6 (Prop_lut6_I0_O)        0.124     6.707 r  u_edge/u_server/hash/ofifo0_inst/inst/wr_idx[5]_i_4/O
                         net (fo=10, routed)          0.700     7.407    u_edge/u_server/ntt/init_clears
    SLICE_X21Y103        LUT2 (Prop_lut2_I1_O)        0.124     7.531 r  u_edge/u_server/ntt/mode_latched[1]_i_3/O
                         net (fo=7, routed)           0.612     8.143    u_edge/u_control/u_scrub/squeeze_reg_reg[0]
    SLICE_X24Y103        LUT4 (Prop_lut4_I2_O)        0.124     8.267 r  u_edge/u_control/u_scrub/squeeze_reg[1599]_i_1/O
                         net (fo=1600, routed)        2.102    10.369    u_edge/u_server/hash/sponge/squeeze_reg_reg[0]_3[0]
    SLICE_X48Y124        FDRE                                         r  u_edge/u_server/hash/sponge/squeeze_reg_reg[1274]/R
  -------------------------------------------------------------------    -------------------

                         (clock sys_clk rise edge)   10.000    10.000 r
                                                      0.000    10.000 r  clk (IN)
                         net (fo=19605, unset)        0.924    10.924    u_edge/u_server/hash/sponge/clk
    SLICE_X48Y124        FDRE                                         r  u_edge/u_server/hash/sponge/squeeze_reg_reg[1274]/C
                         clock pessimism              0.000    10.924
                         clock uncertainty           -0.035    10.889
    SLICE_X48Y124        FDRE (Setup_fdre_C_R)       -0.429    10.460    u_edge/u_server/hash/sponge/squeeze_reg_reg[1274]
  -------------------------------------------------------------------
                         required time                         10.460
                         arrival time                         -10.369
  -------------------------------------------------------------------
                         slack                                  0.091

Slack (MET) :             0.091ns  (required time - arrival time)
  Source:                 u_edge/u_server/hash/ififo_inst/inst/wr_ptr_reg[4]/C
                            (rising edge-triggered cell FDRE clocked by sys_clk  {rise@0.000ns fall@5.000ns period=10.000ns})
  Destination:            u_edge/u_server/hash/sponge/squeeze_reg_reg[1275]/R
                            (rising edge-triggered cell FDRE clocked by sys_clk  {rise@0.000ns fall@5.000ns period=10.000ns})
  Path Group:             sys_clk
  Path Type:              Setup (Max at Slow Process Corner)
  Requirement:            10.000ns  (sys_clk rise@10.000ns - sys_clk rise@0.000ns)
  Data Path Delay:        9.396ns  (logic 2.343ns (24.936%)  route 7.053ns (75.064%))
  Logic Levels:           9  (CARRY4=1 LUT2=1 LUT4=1 LUT6=6)
  Clock Path Skew:        -0.049ns (DCD - SCD + CPR)
    Destination Clock Delay (DCD):    0.924ns = ( 10.924 - 10.000 )
    Source Clock Delay      (SCD):    0.973ns
    Clock Pessimism Removal (CPR):    0.000ns
  Clock Uncertainty:      0.035ns  ((TSJ^2 + TIJ^2)^1/2 + DJ) / 2 + PE
    Total System Jitter     (TSJ):    0.071ns
    Total Input Jitter      (TIJ):    0.000ns
    Discrete Jitter          (DJ):    0.000ns
    Phase Error              (PE):    0.000ns

    Location             Delay type                Incr(ns)  Path(ns)    Netlist Resource(s)
  -------------------------------------------------------------------    -------------------
                         (clock sys_clk rise edge)    0.000     0.000 r
                                                      0.000     0.000 r  clk (IN)
                         net (fo=19605, unset)        0.973     0.973    u_edge/u_server/hash/ififo_inst/inst/clk
    SLICE_X28Y95         FDRE                                         r  u_edge/u_server/hash/ififo_inst/inst/wr_ptr_reg[4]/C
  -------------------------------------------------------------------    -------------------
    SLICE_X28Y95         FDRE (Prop_fdre_C_Q)         0.419     1.392 r  u_edge/u_server/hash/ififo_inst/inst/wr_ptr_reg[4]/Q
                         net (fo=6, routed)           0.873     2.265    u_edge/u_server/hash/ififo_inst/inst/Q[4]
    SLICE_X29Y95         LUT6 (Prop_lut6_I0_O)        0.297     2.562 r  u_edge/u_server/hash/ififo_inst/inst/rd_empty_carry_i_2__0/O
                         net (fo=1, routed)           0.000     2.562    u_edge/u_server/hash/ififo_inst/inst/rd_empty_carry_i_2__0_n_0
    SLICE_X29Y95         CARRY4 (Prop_carry4_S[1]_CO[2])
                                                      0.570     3.132 r  u_edge/u_server/hash/ififo_inst/inst/rd_empty_carry/CO[2]
                         net (fo=6, routed)           0.638     3.770    u_edge/u_server/hash/ififo_inst/inst/CO[0]
    SLICE_X15Y95         LUT6 (Prop_lut6_I3_O)        0.313     4.083 r  u_edge/u_server/hash/ififo_inst/inst/state[0]_i_16/O
                         net (fo=1, routed)           0.634     4.717    u_edge/u_server/hash/ififo_inst/inst/state[0]_i_16_n_0
    SLICE_X15Y96         LUT6 (Prop_lut6_I4_O)        0.124     4.841 f  u_edge/u_server/hash/ififo_inst/inst/state[0]_i_5__0/O
                         net (fo=1, routed)           0.398     5.239    u_edge/u_server/hash/ofifo0_inst/inst/state_reg[0]_3
    SLICE_X13Y96         LUT6 (Prop_lut6_I4_O)        0.124     5.363 r  u_edge/u_server/hash/ofifo0_inst/inst/state[0]_i_1__2/O
                         net (fo=6, routed)           0.657     6.020    u_edge/u_server/hash/ofifo0_inst/inst/state_reg[5]
    SLICE_X13Y97         LUT6 (Prop_lut6_I0_O)        0.124     6.144 f  u_edge/u_server/hash/ofifo0_inst/inst/group_eta3_i_5/O
                         net (fo=3, routed)           0.439     6.583    u_edge/u_server/hash/ofifo0_inst/inst/group_eta3_i_5_n_0
    SLICE_X14Y98         LUT6 (Prop_lut6_I0_O)        0.124     6.707 r  u_edge/u_server/hash/ofifo0_inst/inst/wr_idx[5]_i_4/O
                         net (fo=10, routed)          0.700     7.407    u_edge/u_server/ntt/init_clears
    SLICE_X21Y103        LUT2 (Prop_lut2_I1_O)        0.124     7.531 r  u_edge/u_server/ntt/mode_latched[1]_i_3/O
                         net (fo=7, routed)           0.612     8.143    u_edge/u_control/u_scrub/squeeze_reg_reg[0]
    SLICE_X24Y103        LUT4 (Prop_lut4_I2_O)        0.124     8.267 r  u_edge/u_control/u_scrub/squeeze_reg[1599]_i_1/O
                         net (fo=1600, routed)        2.102    10.369    u_edge/u_server/hash/sponge/squeeze_reg_reg[0]_3[0]
    SLICE_X48Y124        FDRE                                         r  u_edge/u_server/hash/sponge/squeeze_reg_reg[1275]/R
  -------------------------------------------------------------------    -------------------

                         (clock sys_clk rise edge)   10.000    10.000 r
                                                      0.000    10.000 r  clk (IN)
                         net (fo=19605, unset)        0.924    10.924    u_edge/u_server/hash/sponge/clk
    SLICE_X48Y124        FDRE                                         r  u_edge/u_server/hash/sponge/squeeze_reg_reg[1275]/C
                         clock pessimism              0.000    10.924
                         clock uncertainty           -0.035    10.889
    SLICE_X48Y124        FDRE (Setup_fdre_C_R)       -0.429    10.460    u_edge/u_server/hash/sponge/squeeze_reg_reg[1275]
  -------------------------------------------------------------------
                         required time                         10.460
                         arrival time                         -10.369
  -------------------------------------------------------------------
                         slack                                  0.091

Slack (MET) :             0.095ns  (required time - arrival time)
  Source:                 u_edge/u_server/hash/ififo_inst/inst/wr_ptr_reg[4]/C
                            (rising edge-triggered cell FDRE clocked by sys_clk  {rise@0.000ns fall@5.000ns period=10.000ns})
  Destination:            u_edge/u_server/hash/sponge/squeeze_reg_reg[198]/R
                            (rising edge-triggered cell FDRE clocked by sys_clk  {rise@0.000ns fall@5.000ns period=10.000ns})
  Path Group:             sys_clk
  Path Type:              Setup (Max at Slow Process Corner)
  Requirement:            10.000ns  (sys_clk rise@10.000ns - sys_clk rise@0.000ns)
  Data Path Delay:        9.392ns  (logic 2.343ns (24.948%)  route 7.049ns (75.052%))
  Logic Levels:           9  (CARRY4=1 LUT2=1 LUT4=1 LUT6=6)
  Clock Path Skew:        -0.049ns (DCD - SCD + CPR)
    Destination Clock Delay (DCD):    0.924ns = ( 10.924 - 10.000 )
    Source Clock Delay      (SCD):    0.973ns
    Clock Pessimism Removal (CPR):    0.000ns
  Clock Uncertainty:      0.035ns  ((TSJ^2 + TIJ^2)^1/2 + DJ) / 2 + PE
    Total System Jitter     (TSJ):    0.071ns
    Total Input Jitter      (TIJ):    0.000ns
    Discrete Jitter          (DJ):    0.000ns
    Phase Error              (PE):    0.000ns

    Location             Delay type                Incr(ns)  Path(ns)    Netlist Resource(s)
  -------------------------------------------------------------------    -------------------
                         (clock sys_clk rise edge)    0.000     0.000 r
                                                      0.000     0.000 r  clk (IN)
                         net (fo=19605, unset)        0.973     0.973    u_edge/u_server/hash/ififo_inst/inst/clk
    SLICE_X28Y95         FDRE                                         r  u_edge/u_server/hash/ififo_inst/inst/wr_ptr_reg[4]/C
  -------------------------------------------------------------------    -------------------
    SLICE_X28Y95         FDRE (Prop_fdre_C_Q)         0.419     1.392 r  u_edge/u_server/hash/ififo_inst/inst/wr_ptr_reg[4]/Q
                         net (fo=6, routed)           0.873     2.265    u_edge/u_server/hash/ififo_inst/inst/Q[4]
    SLICE_X29Y95         LUT6 (Prop_lut6_I0_O)        0.297     2.562 r  u_edge/u_server/hash/ififo_inst/inst/rd_empty_carry_i_2__0/O
                         net (fo=1, routed)           0.000     2.562    u_edge/u_server/hash/ififo_inst/inst/rd_empty_carry_i_2__0_n_0
    SLICE_X29Y95         CARRY4 (Prop_carry4_S[1]_CO[2])
                                                      0.570     3.132 r  u_edge/u_server/hash/ififo_inst/inst/rd_empty_carry/CO[2]
                         net (fo=6, routed)           0.638     3.770    u_edge/u_server/hash/ififo_inst/inst/CO[0]
    SLICE_X15Y95         LUT6 (Prop_lut6_I3_O)        0.313     4.083 r  u_edge/u_server/hash/ififo_inst/inst/state[0]_i_16/O
                         net (fo=1, routed)           0.634     4.717    u_edge/u_server/hash/ififo_inst/inst/state[0]_i_16_n_0
    SLICE_X15Y96         LUT6 (Prop_lut6_I4_O)        0.124     4.841 f  u_edge/u_server/hash/ififo_inst/inst/state[0]_i_5__0/O
                         net (fo=1, routed)           0.398     5.239    u_edge/u_server/hash/ofifo0_inst/inst/state_reg[0]_3
    SLICE_X13Y96         LUT6 (Prop_lut6_I4_O)        0.124     5.363 r  u_edge/u_server/hash/ofifo0_inst/inst/state[0]_i_1__2/O
                         net (fo=6, routed)           0.657     6.020    u_edge/u_server/hash/ofifo0_inst/inst/state_reg[5]
    SLICE_X13Y97         LUT6 (Prop_lut6_I0_O)        0.124     6.144 f  u_edge/u_server/hash/ofifo0_inst/inst/group_eta3_i_5/O
                         net (fo=3, routed)           0.439     6.583    u_edge/u_server/hash/ofifo0_inst/inst/group_eta3_i_5_n_0
    SLICE_X14Y98         LUT6 (Prop_lut6_I0_O)        0.124     6.707 r  u_edge/u_server/hash/ofifo0_inst/inst/wr_idx[5]_i_4/O
                         net (fo=10, routed)          0.700     7.407    u_edge/u_server/ntt/init_clears
    SLICE_X21Y103        LUT2 (Prop_lut2_I1_O)        0.124     7.531 r  u_edge/u_server/ntt/mode_latched[1]_i_3/O
                         net (fo=7, routed)           0.612     8.143    u_edge/u_control/u_scrub/squeeze_reg_reg[0]
    SLICE_X24Y103        LUT4 (Prop_lut4_I2_O)        0.124     8.267 r  u_edge/u_control/u_scrub/squeeze_reg[1599]_i_1/O
                         net (fo=1600, routed)        2.097    10.365    u_edge/u_server/hash/sponge/squeeze_reg_reg[0]_3[0]
    SLICE_X49Y124        FDRE                                         r  u_edge/u_server/hash/sponge/squeeze_reg_reg[198]/R
  -------------------------------------------------------------------    -------------------

                         (clock sys_clk rise edge)   10.000    10.000 r
                                                      0.000    10.000 r  clk (IN)
                         net (fo=19605, unset)        0.924    10.924    u_edge/u_server/hash/sponge/clk
    SLICE_X49Y124        FDRE                                         r  u_edge/u_server/hash/sponge/squeeze_reg_reg[198]/C
                         clock pessimism              0.000    10.924
                         clock uncertainty           -0.035    10.889
    SLICE_X49Y124        FDRE (Setup_fdre_C_R)       -0.429    10.460    u_edge/u_server/hash/sponge/squeeze_reg_reg[198]
  -------------------------------------------------------------------
                         required time                         10.460
                         arrival time                         -10.365
  -------------------------------------------------------------------
                         slack                                  0.095

Slack (MET) :             0.095ns  (required time - arrival time)
  Source:                 u_edge/u_server/hash/ififo_inst/inst/wr_ptr_reg[4]/C
                            (rising edge-triggered cell FDRE clocked by sys_clk  {rise@0.000ns fall@5.000ns period=10.000ns})
  Destination:            u_edge/u_server/hash/sponge/squeeze_reg_reg[199]/R
                            (rising edge-triggered cell FDRE clocked by sys_clk  {rise@0.000ns fall@5.000ns period=10.000ns})
  Path Group:             sys_clk
  Path Type:              Setup (Max at Slow Process Corner)
  Requirement:            10.000ns  (sys_clk rise@10.000ns - sys_clk rise@0.000ns)
  Data Path Delay:        9.392ns  (logic 2.343ns (24.948%)  route 7.049ns (75.052%))
  Logic Levels:           9  (CARRY4=1 LUT2=1 LUT4=1 LUT6=6)
  Clock Path Skew:        -0.049ns (DCD - SCD + CPR)
    Destination Clock Delay (DCD):    0.924ns = ( 10.924 - 10.000 )
    Source Clock Delay      (SCD):    0.973ns
    Clock Pessimism Removal (CPR):    0.000ns
  Clock Uncertainty:      0.035ns  ((TSJ^2 + TIJ^2)^1/2 + DJ) / 2 + PE
    Total System Jitter     (TSJ):    0.071ns
    Total Input Jitter      (TIJ):    0.000ns
    Discrete Jitter          (DJ):    0.000ns
    Phase Error              (PE):    0.000ns

    Location             Delay type                Incr(ns)  Path(ns)    Netlist Resource(s)
  -------------------------------------------------------------------    -------------------
                         (clock sys_clk rise edge)    0.000     0.000 r
                                                      0.000     0.000 r  clk (IN)
                         net (fo=19605, unset)        0.973     0.973    u_edge/u_server/hash/ififo_inst/inst/clk
    SLICE_X28Y95         FDRE                                         r  u_edge/u_server/hash/ififo_inst/inst/wr_ptr_reg[4]/C
  -------------------------------------------------------------------    -------------------
    SLICE_X28Y95         FDRE (Prop_fdre_C_Q)         0.419     1.392 r  u_edge/u_server/hash/ififo_inst/inst/wr_ptr_reg[4]/Q
                         net (fo=6, routed)           0.873     2.265    u_edge/u_server/hash/ififo_inst/inst/Q[4]
    SLICE_X29Y95         LUT6 (Prop_lut6_I0_O)        0.297     2.562 r  u_edge/u_server/hash/ififo_inst/inst/rd_empty_carry_i_2__0/O
                         net (fo=1, routed)           0.000     2.562    u_edge/u_server/hash/ififo_inst/inst/rd_empty_carry_i_2__0_n_0
    SLICE_X29Y95         CARRY4 (Prop_carry4_S[1]_CO[2])
                                                      0.570     3.132 r  u_edge/u_server/hash/ififo_inst/inst/rd_empty_carry/CO[2]
                         net (fo=6, routed)           0.638     3.770    u_edge/u_server/hash/ififo_inst/inst/CO[0]
    SLICE_X15Y95         LUT6 (Prop_lut6_I3_O)        0.313     4.083 r  u_edge/u_server/hash/ififo_inst/inst/state[0]_i_16/O
                         net (fo=1, routed)           0.634     4.717    u_edge/u_server/hash/ififo_inst/inst/state[0]_i_16_n_0
    SLICE_X15Y96         LUT6 (Prop_lut6_I4_O)        0.124     4.841 f  u_edge/u_server/hash/ififo_inst/inst/state[0]_i_5__0/O
                         net (fo=1, routed)           0.398     5.239    u_edge/u_server/hash/ofifo0_inst/inst/state_reg[0]_3
    SLICE_X13Y96         LUT6 (Prop_lut6_I4_O)        0.124     5.363 r  u_edge/u_server/hash/ofifo0_inst/inst/state[0]_i_1__2/O
                         net (fo=6, routed)           0.657     6.020    u_edge/u_server/hash/ofifo0_inst/inst/state_reg[5]
    SLICE_X13Y97         LUT6 (Prop_lut6_I0_O)        0.124     6.144 f  u_edge/u_server/hash/ofifo0_inst/inst/group_eta3_i_5/O
                         net (fo=3, routed)           0.439     6.583    u_edge/u_server/hash/ofifo0_inst/inst/group_eta3_i_5_n_0
    SLICE_X14Y98         LUT6 (Prop_lut6_I0_O)        0.124     6.707 r  u_edge/u_server/hash/ofifo0_inst/inst/wr_idx[5]_i_4/O
                         net (fo=10, routed)          0.700     7.407    u_edge/u_server/ntt/init_clears
    SLICE_X21Y103        LUT2 (Prop_lut2_I1_O)        0.124     7.531 r  u_edge/u_server/ntt/mode_latched[1]_i_3/O
                         net (fo=7, routed)           0.612     8.143    u_edge/u_control/u_scrub/squeeze_reg_reg[0]
    SLICE_X24Y103        LUT4 (Prop_lut4_I2_O)        0.124     8.267 r  u_edge/u_control/u_scrub/squeeze_reg[1599]_i_1/O
                         net (fo=1600, routed)        2.097    10.365    u_edge/u_server/hash/sponge/squeeze_reg_reg[0]_3[0]
    SLICE_X49Y124        FDRE                                         r  u_edge/u_server/hash/sponge/squeeze_reg_reg[199]/R
  -------------------------------------------------------------------    -------------------

                         (clock sys_clk rise edge)   10.000    10.000 r
                                                      0.000    10.000 r  clk (IN)
                         net (fo=19605, unset)        0.924    10.924    u_edge/u_server/hash/sponge/clk
    SLICE_X49Y124        FDRE                                         r  u_edge/u_server/hash/sponge/squeeze_reg_reg[199]/C
                         clock pessimism              0.000    10.924
                         clock uncertainty           -0.035    10.889
    SLICE_X49Y124        FDRE (Setup_fdre_C_R)       -0.429    10.460    u_edge/u_server/hash/sponge/squeeze_reg_reg[199]
  -------------------------------------------------------------------
                         required time                         10.460
                         arrival time                         -10.365
  -------------------------------------------------------------------
                         slack                                  0.095

Slack (MET) :             0.095ns  (required time - arrival time)
  Source:                 u_edge/u_server/hash/ififo_inst/inst/wr_ptr_reg[4]/C
                            (rising edge-triggered cell FDRE clocked by sys_clk  {rise@0.000ns fall@5.000ns period=10.000ns})
  Destination:            u_edge/u_server/hash/sponge/squeeze_reg_reg[230]/R
                            (rising edge-triggered cell FDRE clocked by sys_clk  {rise@0.000ns fall@5.000ns period=10.000ns})
  Path Group:             sys_clk
  Path Type:              Setup (Max at Slow Process Corner)
  Requirement:            10.000ns  (sys_clk rise@10.000ns - sys_clk rise@0.000ns)
  Data Path Delay:        9.392ns  (logic 2.343ns (24.948%)  route 7.049ns (75.052%))
  Logic Levels:           9  (CARRY4=1 LUT2=1 LUT4=1 LUT6=6)
  Clock Path Skew:        -0.049ns (DCD - SCD + CPR)
    Destination Clock Delay (DCD):    0.924ns = ( 10.924 - 10.000 )
    Source Clock Delay      (SCD):    0.973ns
    Clock Pessimism Removal (CPR):    0.000ns
  Clock Uncertainty:      0.035ns  ((TSJ^2 + TIJ^2)^1/2 + DJ) / 2 + PE
    Total System Jitter     (TSJ):    0.071ns
    Total Input Jitter      (TIJ):    0.000ns
    Discrete Jitter          (DJ):    0.000ns
    Phase Error              (PE):    0.000ns

    Location             Delay type                Incr(ns)  Path(ns)    Netlist Resource(s)
  -------------------------------------------------------------------    -------------------
                         (clock sys_clk rise edge)    0.000     0.000 r
                                                      0.000     0.000 r  clk (IN)
                         net (fo=19605, unset)        0.973     0.973    u_edge/u_server/hash/ififo_inst/inst/clk
    SLICE_X28Y95         FDRE                                         r  u_edge/u_server/hash/ififo_inst/inst/wr_ptr_reg[4]/C
  -------------------------------------------------------------------    -------------------
    SLICE_X28Y95         FDRE (Prop_fdre_C_Q)         0.419     1.392 r  u_edge/u_server/hash/ififo_inst/inst/wr_ptr_reg[4]/Q
                         net (fo=6, routed)           0.873     2.265    u_edge/u_server/hash/ififo_inst/inst/Q[4]
    SLICE_X29Y95         LUT6 (Prop_lut6_I0_O)        0.297     2.562 r  u_edge/u_server/hash/ififo_inst/inst/rd_empty_carry_i_2__0/O
                         net (fo=1, routed)           0.000     2.562    u_edge/u_server/hash/ififo_inst/inst/rd_empty_carry_i_2__0_n_0
    SLICE_X29Y95         CARRY4 (Prop_carry4_S[1]_CO[2])
                                                      0.570     3.132 r  u_edge/u_server/hash/ififo_inst/inst/rd_empty_carry/CO[2]
                         net (fo=6, routed)           0.638     3.770    u_edge/u_server/hash/ififo_inst/inst/CO[0]
    SLICE_X15Y95         LUT6 (Prop_lut6_I3_O)        0.313     4.083 r  u_edge/u_server/hash/ififo_inst/inst/state[0]_i_16/O
                         net (fo=1, routed)           0.634     4.717    u_edge/u_server/hash/ififo_inst/inst/state[0]_i_16_n_0
    SLICE_X15Y96         LUT6 (Prop_lut6_I4_O)        0.124     4.841 f  u_edge/u_server/hash/ififo_inst/inst/state[0]_i_5__0/O
                         net (fo=1, routed)           0.398     5.239    u_edge/u_server/hash/ofifo0_inst/inst/state_reg[0]_3
    SLICE_X13Y96         LUT6 (Prop_lut6_I4_O)        0.124     5.363 r  u_edge/u_server/hash/ofifo0_inst/inst/state[0]_i_1__2/O
                         net (fo=6, routed)           0.657     6.020    u_edge/u_server/hash/ofifo0_inst/inst/state_reg[5]
    SLICE_X13Y97         LUT6 (Prop_lut6_I0_O)        0.124     6.144 f  u_edge/u_server/hash/ofifo0_inst/inst/group_eta3_i_5/O
                         net (fo=3, routed)           0.439     6.583    u_edge/u_server/hash/ofifo0_inst/inst/group_eta3_i_5_n_0
    SLICE_X14Y98         LUT6 (Prop_lut6_I0_O)        0.124     6.707 r  u_edge/u_server/hash/ofifo0_inst/inst/wr_idx[5]_i_4/O
                         net (fo=10, routed)          0.700     7.407    u_edge/u_server/ntt/init_clears
    SLICE_X21Y103        LUT2 (Prop_lut2_I1_O)        0.124     7.531 r  u_edge/u_server/ntt/mode_latched[1]_i_3/O
                         net (fo=7, routed)           0.612     8.143    u_edge/u_control/u_scrub/squeeze_reg_reg[0]
    SLICE_X24Y103        LUT4 (Prop_lut4_I2_O)        0.124     8.267 r  u_edge/u_control/u_scrub/squeeze_reg[1599]_i_1/O
                         net (fo=1600, routed)        2.097    10.365    u_edge/u_server/hash/sponge/squeeze_reg_reg[0]_3[0]
    SLICE_X49Y124        FDRE                                         r  u_edge/u_server/hash/sponge/squeeze_reg_reg[230]/R
  -------------------------------------------------------------------    -------------------

                         (clock sys_clk rise edge)   10.000    10.000 r
                                                      0.000    10.000 r  clk (IN)
                         net (fo=19605, unset)        0.924    10.924    u_edge/u_server/hash/sponge/clk
    SLICE_X49Y124        FDRE                                         r  u_edge/u_server/hash/sponge/squeeze_reg_reg[230]/C
                         clock pessimism              0.000    10.924
                         clock uncertainty           -0.035    10.889
    SLICE_X49Y124        FDRE (Setup_fdre_C_R)       -0.429    10.460    u_edge/u_server/hash/sponge/squeeze_reg_reg[230]
  -------------------------------------------------------------------
                         required time                         10.460
                         arrival time                         -10.365
  -------------------------------------------------------------------
                         slack                                  0.095

Slack (MET) :             0.095ns  (required time - arrival time)
  Source:                 u_edge/u_server/hash/ififo_inst/inst/wr_ptr_reg[4]/C
                            (rising edge-triggered cell FDRE clocked by sys_clk  {rise@0.000ns fall@5.000ns period=10.000ns})
  Destination:            u_edge/u_server/hash/sponge/squeeze_reg_reg[231]/R
                            (rising edge-triggered cell FDRE clocked by sys_clk  {rise@0.000ns fall@5.000ns period=10.000ns})
  Path Group:             sys_clk
  Path Type:              Setup (Max at Slow Process Corner)
  Requirement:            10.000ns  (sys_clk rise@10.000ns - sys_clk rise@0.000ns)
  Data Path Delay:        9.392ns  (logic 2.343ns (24.948%)  route 7.049ns (75.052%))
  Logic Levels:           9  (CARRY4=1 LUT2=1 LUT4=1 LUT6=6)
  Clock Path Skew:        -0.049ns (DCD - SCD + CPR)
    Destination Clock Delay (DCD):    0.924ns = ( 10.924 - 10.000 )
    Source Clock Delay      (SCD):    0.973ns
    Clock Pessimism Removal (CPR):    0.000ns
  Clock Uncertainty:      0.035ns  ((TSJ^2 + TIJ^2)^1/2 + DJ) / 2 + PE
    Total System Jitter     (TSJ):    0.071ns
    Total Input Jitter      (TIJ):    0.000ns
    Discrete Jitter          (DJ):    0.000ns
    Phase Error              (PE):    0.000ns

    Location             Delay type                Incr(ns)  Path(ns)    Netlist Resource(s)
  -------------------------------------------------------------------    -------------------
                         (clock sys_clk rise edge)    0.000     0.000 r
                                                      0.000     0.000 r  clk (IN)
                         net (fo=19605, unset)        0.973     0.973    u_edge/u_server/hash/ififo_inst/inst/clk
    SLICE_X28Y95         FDRE                                         r  u_edge/u_server/hash/ififo_inst/inst/wr_ptr_reg[4]/C
  -------------------------------------------------------------------    -------------------
    SLICE_X28Y95         FDRE (Prop_fdre_C_Q)         0.419     1.392 r  u_edge/u_server/hash/ififo_inst/inst/wr_ptr_reg[4]/Q
                         net (fo=6, routed)           0.873     2.265    u_edge/u_server/hash/ififo_inst/inst/Q[4]
    SLICE_X29Y95         LUT6 (Prop_lut6_I0_O)        0.297     2.562 r  u_edge/u_server/hash/ififo_inst/inst/rd_empty_carry_i_2__0/O
                         net (fo=1, routed)           0.000     2.562    u_edge/u_server/hash/ififo_inst/inst/rd_empty_carry_i_2__0_n_0
    SLICE_X29Y95         CARRY4 (Prop_carry4_S[1]_CO[2])
                                                      0.570     3.132 r  u_edge/u_server/hash/ififo_inst/inst/rd_empty_carry/CO[2]
                         net (fo=6, routed)           0.638     3.770    u_edge/u_server/hash/ififo_inst/inst/CO[0]
    SLICE_X15Y95         LUT6 (Prop_lut6_I3_O)        0.313     4.083 r  u_edge/u_server/hash/ififo_inst/inst/state[0]_i_16/O
                         net (fo=1, routed)           0.634     4.717    u_edge/u_server/hash/ififo_inst/inst/state[0]_i_16_n_0
    SLICE_X15Y96         LUT6 (Prop_lut6_I4_O)        0.124     4.841 f  u_edge/u_server/hash/ififo_inst/inst/state[0]_i_5__0/O
                         net (fo=1, routed)           0.398     5.239    u_edge/u_server/hash/ofifo0_inst/inst/state_reg[0]_3
    SLICE_X13Y96         LUT6 (Prop_lut6_I4_O)        0.124     5.363 r  u_edge/u_server/hash/ofifo0_inst/inst/state[0]_i_1__2/O
                         net (fo=6, routed)           0.657     6.020    u_edge/u_server/hash/ofifo0_inst/inst/state_reg[5]
    SLICE_X13Y97         LUT6 (Prop_lut6_I0_O)        0.124     6.144 f  u_edge/u_server/hash/ofifo0_inst/inst/group_eta3_i_5/O
                         net (fo=3, routed)           0.439     6.583    u_edge/u_server/hash/ofifo0_inst/inst/group_eta3_i_5_n_0
    SLICE_X14Y98         LUT6 (Prop_lut6_I0_O)        0.124     6.707 r  u_edge/u_server/hash/ofifo0_inst/inst/wr_idx[5]_i_4/O
                         net (fo=10, routed)          0.700     7.407    u_edge/u_server/ntt/init_clears
    SLICE_X21Y103        LUT2 (Prop_lut2_I1_O)        0.124     7.531 r  u_edge/u_server/ntt/mode_latched[1]_i_3/O
                         net (fo=7, routed)           0.612     8.143    u_edge/u_control/u_scrub/squeeze_reg_reg[0]
    SLICE_X24Y103        LUT4 (Prop_lut4_I2_O)        0.124     8.267 r  u_edge/u_control/u_scrub/squeeze_reg[1599]_i_1/O
                         net (fo=1600, routed)        2.097    10.365    u_edge/u_server/hash/sponge/squeeze_reg_reg[0]_3[0]
    SLICE_X49Y124        FDRE                                         r  u_edge/u_server/hash/sponge/squeeze_reg_reg[231]/R
  -------------------------------------------------------------------    -------------------

                         (clock sys_clk rise edge)   10.000    10.000 r
                                                      0.000    10.000 r  clk (IN)
                         net (fo=19605, unset)        0.924    10.924    u_edge/u_server/hash/sponge/clk
    SLICE_X49Y124        FDRE                                         r  u_edge/u_server/hash/sponge/squeeze_reg_reg[231]/C
                         clock pessimism              0.000    10.924
                         clock uncertainty           -0.035    10.889
    SLICE_X49Y124        FDRE (Setup_fdre_C_R)       -0.429    10.460    u_edge/u_server/hash/sponge/squeeze_reg_reg[231]
  -------------------------------------------------------------------
                         required time                         10.460
                         arrival time                         -10.365
  -------------------------------------------------------------------
                         slack                                  0.095





Min Delay Paths
--------------------------------------------------------------------------------------
Slack (MET) :             0.058ns  (arrival time - required time)
  Source:                 u_edge/u_server/ntt/BU/dec0_reg[4]__0/C
                            (rising edge-triggered cell FDRE clocked by sys_clk  {rise@0.000ns fall@5.000ns period=10.000ns})
  Destination:            u_edge/u_server/ntt/BU/S12/inst/gen_depth_gt1.shift_reg_reg[4][4]_srl5/D
                            (rising edge-triggered cell SRL16E clocked by sys_clk  {rise@0.000ns fall@5.000ns period=10.000ns})
  Path Group:             sys_clk
  Path Type:              Hold (Min at Fast Process Corner)
  Requirement:            0.000ns  (sys_clk rise@0.000ns - sys_clk rise@0.000ns)
  Data Path Delay:        0.197ns  (logic 0.141ns (71.611%)  route 0.056ns (28.389%))
  Logic Levels:           0
  Clock Path Skew:        0.022ns (DCD - SCD - CPR)
    Destination Clock Delay (DCD):    0.432ns
    Source Clock Delay      (SCD):    0.410ns
    Clock Pessimism Removal (CPR):    -0.000ns

    Location             Delay type                Incr(ns)  Path(ns)    Netlist Resource(s)
  -------------------------------------------------------------------    -------------------
                         (clock sys_clk rise edge)    0.000     0.000 r
                                                      0.000     0.000 r  clk (IN)
                         net (fo=19605, unset)        0.410     0.410    u_edge/u_server/ntt/BU/clk
    SLICE_X7Y74          FDRE                                         r  u_edge/u_server/ntt/BU/dec0_reg[4]__0/C
  -------------------------------------------------------------------    -------------------
    SLICE_X7Y74          FDRE (Prop_fdre_C_Q)         0.141     0.551 r  u_edge/u_server/ntt/BU/dec0_reg[4]__0/Q
                         net (fo=1, routed)           0.056     0.607    u_edge/u_server/ntt/BU/S12/inst/decomp0_butt_r1_reg[4]__0
    SLICE_X6Y74          SRL16E                                       r  u_edge/u_server/ntt/BU/S12/inst/gen_depth_gt1.shift_reg_reg[4][4]_srl5/D
  -------------------------------------------------------------------    -------------------

                         (clock sys_clk rise edge)    0.000     0.000 r
                                                      0.000     0.000 r  clk (IN)
                         net (fo=19605, unset)        0.432     0.432    u_edge/u_server/ntt/BU/S12/inst/clk
    SLICE_X6Y74          SRL16E                                       r  u_edge/u_server/ntt/BU/S12/inst/gen_depth_gt1.shift_reg_reg[4][4]_srl5/CLK
                         clock pessimism              0.000     0.432
    SLICE_X6Y74          SRL16E (Hold_srl16e_CLK_D)
                                                      0.117     0.549    u_edge/u_server/ntt/BU/S12/inst/gen_depth_gt1.shift_reg_reg[4][4]_srl5
  -------------------------------------------------------------------
                         required time                         -0.549
                         arrival time                           0.607
  -------------------------------------------------------------------
                         slack                                  0.058

Slack (MET) :             0.098ns  (arrival time - required time)
  Source:                 u_fe/u_decode/u_bma/u_bch_syndrome_shuffle/syn_shuffled_reg[95]/C
                            (rising edge-triggered cell FDRE clocked by sys_clk  {rise@0.000ns fall@5.000ns period=10.000ns})
  Destination:            u_fe/u_decode/u_bma/u_bch_syndrome_shuffle/syn_shuffled_reg[113]/D
                            (rising edge-triggered cell FDRE clocked by sys_clk  {rise@0.000ns fall@5.000ns period=10.000ns})
  Path Group:             sys_clk
  Path Type:              Hold (Min at Fast Process Corner)
  Requirement:            0.000ns  (sys_clk rise@0.000ns - sys_clk rise@0.000ns)
  Data Path Delay:        0.240ns  (logic 0.186ns (77.466%)  route 0.054ns (22.534%))
  Logic Levels:           1  (LUT5=1)
  Clock Path Skew:        0.022ns (DCD - SCD - CPR)
    Destination Clock Delay (DCD):    0.432ns
    Source Clock Delay      (SCD):    0.410ns
    Clock Pessimism Removal (CPR):    -0.000ns

    Location             Delay type                Incr(ns)  Path(ns)    Netlist Resource(s)
  -------------------------------------------------------------------    -------------------
                         (clock sys_clk rise edge)    0.000     0.000 r
                                                      0.000     0.000 r  clk (IN)
                         net (fo=19605, unset)        0.410     0.410    u_fe/u_decode/u_bma/u_bch_syndrome_shuffle/clk
    SLICE_X43Y8          FDRE                                         r  u_fe/u_decode/u_bma/u_bch_syndrome_shuffle/syn_shuffled_reg[95]/C
  -------------------------------------------------------------------    -------------------
    SLICE_X43Y8          FDRE (Prop_fdre_C_Q)         0.141     0.551 r  u_fe/u_decode/u_bma/u_bch_syndrome_shuffle/syn_shuffled_reg[95]/Q
                         net (fo=1, routed)           0.054     0.605    u_fe/u_decode/u_bch_syndrome/SYNDROMES[1].METHOD2.u_syn2a/syn_shuffled_reg[8][14]
    SLICE_X42Y8          LUT5 (Prop_lut5_I0_O)        0.045     0.650 r  u_fe/u_decode/u_bch_syndrome/SYNDROMES[1].METHOD2.u_syn2a/syn_shuffled[113]_i_1/O
                         net (fo=1, routed)           0.000     0.650    u_fe/u_decode/u_bma/u_bch_syndrome_shuffle/syn_shuffled_reg[134]_0[113]
    SLICE_X42Y8          FDRE                                         r  u_fe/u_decode/u_bma/u_bch_syndrome_shuffle/syn_shuffled_reg[113]/D
  -------------------------------------------------------------------    -------------------

                         (clock sys_clk rise edge)    0.000     0.000 r
                                                      0.000     0.000 r  clk (IN)
                         net (fo=19605, unset)        0.432     0.432    u_fe/u_decode/u_bma/u_bch_syndrome_shuffle/clk
    SLICE_X42Y8          FDRE                                         r  u_fe/u_decode/u_bma/u_bch_syndrome_shuffle/syn_shuffled_reg[113]/C
                         clock pessimism              0.000     0.432
    SLICE_X42Y8          FDRE (Hold_fdre_C_D)         0.121     0.553    u_fe/u_decode/u_bma/u_bch_syndrome_shuffle/syn_shuffled_reg[113]
  -------------------------------------------------------------------
                         required time                         -0.553
                         arrival time                           0.650
  -------------------------------------------------------------------
                         slack                                  0.098

Slack (MET) :             0.100ns  (arrival time - required time)
  Source:                 u_puf/winner_meta_reg/C
                            (rising edge-triggered cell FDCE clocked by sys_clk  {rise@0.000ns fall@5.000ns period=10.000ns})
  Destination:            u_puf/winner_sync_reg/D
                            (rising edge-triggered cell FDCE clocked by sys_clk  {rise@0.000ns fall@5.000ns period=10.000ns})
  Path Group:             sys_clk
  Path Type:              Hold (Min at Fast Process Corner)
  Requirement:            0.000ns  (sys_clk rise@0.000ns - sys_clk rise@0.000ns)
  Data Path Delay:        0.197ns  (logic 0.141ns (71.611%)  route 0.056ns (28.389%))
  Logic Levels:           0
  Clock Path Skew:        0.022ns (DCD - SCD - CPR)
    Destination Clock Delay (DCD):    0.432ns
    Source Clock Delay      (SCD):    0.410ns
    Clock Pessimism Removal (CPR):    -0.000ns

    Location             Delay type                Incr(ns)  Path(ns)    Netlist Resource(s)
  -------------------------------------------------------------------    -------------------
                         (clock sys_clk rise edge)    0.000     0.000 r
                                                      0.000     0.000 r  clk (IN)
                         net (fo=19605, unset)        0.410     0.410    u_puf/clk
    SLICE_X3Y32          FDCE                                         r  u_puf/winner_meta_reg/C
  -------------------------------------------------------------------    -------------------
    SLICE_X3Y32          FDCE (Prop_fdce_C_Q)         0.141     0.551 r  u_puf/winner_meta_reg/Q
                         net (fo=1, routed)           0.056     0.607    u_puf/winner_meta
    SLICE_X3Y32          FDCE                                         r  u_puf/winner_sync_reg/D
  -------------------------------------------------------------------    -------------------

                         (clock sys_clk rise edge)    0.000     0.000 r
                                                      0.000     0.000 r  clk (IN)
                         net (fo=19605, unset)        0.432     0.432    u_puf/clk
    SLICE_X3Y32          FDCE                                         r  u_puf/winner_sync_reg/C
                         clock pessimism              0.000     0.432
    SLICE_X3Y32          FDCE (Hold_fdce_C_D)         0.075     0.507    u_puf/winner_sync_reg
  -------------------------------------------------------------------
                         required time                         -0.507
                         arrival time                           0.607
  -------------------------------------------------------------------
                         slack                                  0.100

Slack (MET) :             0.104ns  (arrival time - required time)
  Source:                 u_edge/u_server/K_reg[101]/C
                            (rising edge-triggered cell FDRE clocked by sys_clk  {rise@0.000ns fall@5.000ns period=10.000ns})
  Destination:            u_edge/u_server/K_reg[69]/D
                            (rising edge-triggered cell FDRE clocked by sys_clk  {rise@0.000ns fall@5.000ns period=10.000ns})
  Path Group:             sys_clk
  Path Type:              Hold (Min at Fast Process Corner)
  Requirement:            0.000ns  (sys_clk rise@0.000ns - sys_clk rise@0.000ns)
  Data Path Delay:        0.197ns  (logic 0.141ns (71.611%)  route 0.056ns (28.389%))
  Logic Levels:           0
  Clock Path Skew:        0.022ns (DCD - SCD - CPR)
    Destination Clock Delay (DCD):    0.432ns
    Source Clock Delay      (SCD):    0.410ns
    Clock Pessimism Removal (CPR):    -0.000ns

    Location             Delay type                Incr(ns)  Path(ns)    Netlist Resource(s)
  -------------------------------------------------------------------    -------------------
                         (clock sys_clk rise edge)    0.000     0.000 r
                                                      0.000     0.000 r  clk (IN)
                         net (fo=19605, unset)        0.410     0.410    u_edge/u_server/clk
    SLICE_X49Y91         FDRE                                         r  u_edge/u_server/K_reg[101]/C
  -------------------------------------------------------------------    -------------------
    SLICE_X49Y91         FDRE (Prop_fdre_C_Q)         0.141     0.551 r  u_edge/u_server/K_reg[101]/Q
                         net (fo=1, routed)           0.056     0.607    u_edge/u_server/shared_secret[101]
    SLICE_X49Y91         FDRE                                         r  u_edge/u_server/K_reg[69]/D
  -------------------------------------------------------------------    -------------------

                         (clock sys_clk rise edge)    0.000     0.000 r
                                                      0.000     0.000 r  clk (IN)
                         net (fo=19605, unset)        0.432     0.432    u_edge/u_server/clk
    SLICE_X49Y91         FDRE                                         r  u_edge/u_server/K_reg[69]/C
                         clock pessimism              0.000     0.432
    SLICE_X49Y91         FDRE (Hold_fdre_C_D)         0.071     0.503    u_edge/u_server/K_reg[69]
  -------------------------------------------------------------------
                         required time                         -0.503
                         arrival time                           0.607
  -------------------------------------------------------------------
                         slack                                  0.104

Slack (MET) :             0.104ns  (arrival time - required time)
  Source:                 u_edge/u_server/K_reg[104]/C
                            (rising edge-triggered cell FDRE clocked by sys_clk  {rise@0.000ns fall@5.000ns period=10.000ns})
  Destination:            u_edge/u_server/K_reg[72]/D
                            (rising edge-triggered cell FDRE clocked by sys_clk  {rise@0.000ns fall@5.000ns period=10.000ns})
  Path Group:             sys_clk
  Path Type:              Hold (Min at Fast Process Corner)
  Requirement:            0.000ns  (sys_clk rise@0.000ns - sys_clk rise@0.000ns)
  Data Path Delay:        0.197ns  (logic 0.141ns (71.611%)  route 0.056ns (28.389%))
  Logic Levels:           0
  Clock Path Skew:        0.022ns (DCD - SCD - CPR)
    Destination Clock Delay (DCD):    0.432ns
    Source Clock Delay      (SCD):    0.410ns
    Clock Pessimism Removal (CPR):    -0.000ns

    Location             Delay type                Incr(ns)  Path(ns)    Netlist Resource(s)
  -------------------------------------------------------------------    -------------------
                         (clock sys_clk rise edge)    0.000     0.000 r
                                                      0.000     0.000 r  clk (IN)
                         net (fo=19605, unset)        0.410     0.410    u_edge/u_server/clk
    SLICE_X41Y90         FDRE                                         r  u_edge/u_server/K_reg[104]/C
  -------------------------------------------------------------------    -------------------
    SLICE_X41Y90         FDRE (Prop_fdre_C_Q)         0.141     0.551 r  u_edge/u_server/K_reg[104]/Q
                         net (fo=1, routed)           0.056     0.607    u_edge/u_server/shared_secret[104]
    SLICE_X41Y90         FDRE                                         r  u_edge/u_server/K_reg[72]/D
  -------------------------------------------------------------------    -------------------

                         (clock sys_clk rise edge)    0.000     0.000 r
                                                      0.000     0.000 r  clk (IN)
                         net (fo=19605, unset)        0.432     0.432    u_edge/u_server/clk
    SLICE_X41Y90         FDRE                                         r  u_edge/u_server/K_reg[72]/C
                         clock pessimism              0.000     0.432
    SLICE_X41Y90         FDRE (Hold_fdre_C_D)         0.071     0.503    u_edge/u_server/K_reg[72]
  -------------------------------------------------------------------
                         required time                         -0.503
                         arrival time                           0.607
  -------------------------------------------------------------------
                         slack                                  0.104

Slack (MET) :             0.107ns  (arrival time - required time)
  Source:                 u_edge/u_server/patt_r_reg[66]/C
                            (rising edge-triggered cell FDSE clocked by sys_clk  {rise@0.000ns fall@5.000ns period=10.000ns})
  Destination:            u_edge/u_server/patt_r_reg[69]_srl3___u_edge_u_server_endp_r_reg_r_1/D
                            (rising edge-triggered cell SRL16E clocked by sys_clk  {rise@0.000ns fall@5.000ns period=10.000ns})
  Path Group:             sys_clk
  Path Type:              Hold (Min at Fast Process Corner)
  Requirement:            0.000ns  (sys_clk rise@0.000ns - sys_clk rise@0.000ns)
  Data Path Delay:        0.311ns  (logic 0.141ns (45.298%)  route 0.170ns (54.702%))
  Logic Levels:           0
  Clock Path Skew:        0.022ns (DCD - SCD - CPR)
    Destination Clock Delay (DCD):    0.432ns
    Source Clock Delay      (SCD):    0.410ns
    Clock Pessimism Removal (CPR):    -0.000ns

    Location             Delay type                Incr(ns)  Path(ns)    Netlist Resource(s)
  -------------------------------------------------------------------    -------------------
                         (clock sys_clk rise edge)    0.000     0.000 r
                                                      0.000     0.000 r  clk (IN)
                         net (fo=19605, unset)        0.410     0.410    u_edge/u_server/clk
    SLICE_X3Y93          FDSE                                         r  u_edge/u_server/patt_r_reg[66]/C
  -------------------------------------------------------------------    -------------------
    SLICE_X3Y93          FDSE (Prop_fdse_C_Q)         0.141     0.551 r  u_edge/u_server/patt_r_reg[66]/Q
                         net (fo=1, routed)           0.170     0.721    u_edge/u_server/patt_r__0[66]
    SLICE_X2Y92          SRL16E                                       r  u_edge/u_server/patt_r_reg[69]_srl3___u_edge_u_server_endp_r_reg_r_1/D
  -------------------------------------------------------------------    -------------------

                         (clock sys_clk rise edge)    0.000     0.000 r
                                                      0.000     0.000 r  clk (IN)
                         net (fo=19605, unset)        0.432     0.432    u_edge/u_server/clk
    SLICE_X2Y92          SRL16E                                       r  u_edge/u_server/patt_r_reg[69]_srl3___u_edge_u_server_endp_r_reg_r_1/CLK
                         clock pessimism              0.000     0.432
    SLICE_X2Y92          SRL16E (Hold_srl16e_CLK_D)
                                                      0.183     0.615    u_edge/u_server/patt_r_reg[69]_srl3___u_edge_u_server_endp_r_reg_r_1
  -------------------------------------------------------------------
                         required time                         -0.615
                         arrival time                           0.721
  -------------------------------------------------------------------
                         slack                                  0.107

Slack (MET) :             0.109ns  (arrival time - required time)
  Source:                 u_edge/u_control/u_seed/u_kdf/lane_a_reg[12][59]/C
                            (rising edge-triggered cell FDCE clocked by sys_clk  {rise@0.000ns fall@5.000ns period=10.000ns})
  Destination:            u_edge/u_control/u_seed/u_kdf/column_reg[2][59]/D
                            (rising edge-triggered cell FDCE clocked by sys_clk  {rise@0.000ns fall@5.000ns period=10.000ns})
  Path Group:             sys_clk
  Path Type:              Hold (Min at Fast Process Corner)
  Requirement:            0.000ns  (sys_clk rise@0.000ns - sys_clk rise@0.000ns)
  Data Path Delay:        0.251ns  (logic 0.186ns (74.042%)  route 0.065ns (25.958%))
  Logic Levels:           1  (LUT6=1)
  Clock Path Skew:        0.022ns (DCD - SCD - CPR)
    Destination Clock Delay (DCD):    0.432ns
    Source Clock Delay      (SCD):    0.410ns
    Clock Pessimism Removal (CPR):    -0.000ns

    Location             Delay type                Incr(ns)  Path(ns)    Netlist Resource(s)
  -------------------------------------------------------------------    -------------------
                         (clock sys_clk rise edge)    0.000     0.000 r
                                                      0.000     0.000 r  clk (IN)
                         net (fo=19605, unset)        0.410     0.410    u_edge/u_control/u_seed/u_kdf/clk
    SLICE_X53Y75         FDCE                                         r  u_edge/u_control/u_seed/u_kdf/lane_a_reg[12][59]/C
  -------------------------------------------------------------------    -------------------
    SLICE_X53Y75         FDCE (Prop_fdce_C_Q)         0.141     0.551 r  u_edge/u_control/u_seed/u_kdf/lane_a_reg[12][59]/Q
                         net (fo=3, routed)           0.065     0.616    u_edge/u_control/u_kdf/lane_a_reg[12]_7[59]
    SLICE_X52Y75         LUT6 (Prop_lut6_I5_O)        0.045     0.661 r  u_edge/u_control/i___219/O
                         net (fo=1, routed)           0.000     0.661    u_edge/u_control/u_seed/u_kdf/column_reg[2][63]_0[59]
    SLICE_X52Y75         FDCE                                         r  u_edge/u_control/u_seed/u_kdf/column_reg[2][59]/D
  -------------------------------------------------------------------    -------------------

                         (clock sys_clk rise edge)    0.000     0.000 r
                                                      0.000     0.000 r  clk (IN)
                         net (fo=19605, unset)        0.432     0.432    u_edge/u_control/u_seed/u_kdf/clk
    SLICE_X52Y75         FDCE                                         r  u_edge/u_control/u_seed/u_kdf/column_reg[2][59]/C
                         clock pessimism              0.000     0.432
    SLICE_X52Y75         FDCE (Hold_fdce_C_D)         0.121     0.553    u_edge/u_control/u_seed/u_kdf/column_reg[2][59]
  -------------------------------------------------------------------
                         required time                         -0.553
                         arrival time                           0.661
  -------------------------------------------------------------------
                         slack                                  0.109

Slack (MET) :             0.110ns  (arrival time - required time)
  Source:                 u_fe/u_decode/u_bma/msm_serial_standard_multiplier/out_reg[4]/C
                            (rising edge-triggered cell FDRE clocked by sys_clk  {rise@0.000ns fall@5.000ns period=10.000ns})
  Destination:            u_fe/u_decode/u_bma/msm_serial_standard_multiplier/out_reg[5]/D
                            (rising edge-triggered cell FDRE clocked by sys_clk  {rise@0.000ns fall@5.000ns period=10.000ns})
  Path Group:             sys_clk
  Path Type:              Hold (Min at Fast Process Corner)
  Requirement:            0.000ns  (sys_clk rise@0.000ns - sys_clk rise@0.000ns)
  Data Path Delay:        0.252ns  (logic 0.186ns (73.721%)  route 0.066ns (26.279%))
  Logic Levels:           1  (LUT6=1)
  Clock Path Skew:        0.022ns (DCD - SCD - CPR)
    Destination Clock Delay (DCD):    0.432ns
    Source Clock Delay      (SCD):    0.410ns
    Clock Pessimism Removal (CPR):    -0.000ns

    Location             Delay type                Incr(ns)  Path(ns)    Netlist Resource(s)
  -------------------------------------------------------------------    -------------------
                         (clock sys_clk rise edge)    0.000     0.000 r
                                                      0.000     0.000 r  clk (IN)
                         net (fo=19605, unset)        0.410     0.410    u_fe/u_decode/u_bma/msm_serial_standard_multiplier/clk
    SLICE_X43Y7          FDRE                                         r  u_fe/u_decode/u_bma/msm_serial_standard_multiplier/out_reg[4]/C
  -------------------------------------------------------------------    -------------------
    SLICE_X43Y7          FDRE (Prop_fdre_C_Q)         0.141     0.551 r  u_fe/u_decode/u_bma/msm_serial_standard_multiplier/out_reg[4]/Q
                         net (fo=4, routed)           0.066     0.617    u_fe/u_decode/u_bma/u_cN[2]/out_reg[0][3]
    SLICE_X42Y7          LUT6 (Prop_lut6_I5_O)        0.045     0.662 r  u_fe/u_decode/u_bma/u_cN[2]/out[5]_i_1__50/O
                         net (fo=1, routed)           0.000     0.662    u_fe/u_decode/u_bma/msm_serial_standard_multiplier/D[5]
    SLICE_X42Y7          FDRE                                         r  u_fe/u_decode/u_bma/msm_serial_standard_multiplier/out_reg[5]/D
  -------------------------------------------------------------------    -------------------

                         (clock sys_clk rise edge)    0.000     0.000 r
                                                      0.000     0.000 r  clk (IN)
                         net (fo=19605, unset)        0.432     0.432    u_fe/u_decode/u_bma/msm_serial_standard_multiplier/clk
    SLICE_X42Y7          FDRE                                         r  u_fe/u_decode/u_bma/msm_serial_standard_multiplier/out_reg[5]/C
                         clock pessimism              0.000     0.432
    SLICE_X42Y7          FDRE (Hold_fdre_C_D)         0.121     0.553    u_fe/u_decode/u_bma/msm_serial_standard_multiplier/out_reg[5]
  -------------------------------------------------------------------
                         required time                         -0.553
                         arrival time                           0.662
  -------------------------------------------------------------------
                         slack                                  0.110

Slack (MET) :             0.111ns  (arrival time - required time)
  Source:                 u_fe/u_encode/u_encode/u_counter/count_reg[4]/C
                            (rising edge-triggered cell FDRE clocked by sys_clk  {rise@0.000ns fall@5.000ns period=10.000ns})
  Destination:            u_fe/u_encode/u_encode/u_counter/count_reg[5]/D
                            (rising edge-triggered cell FDRE clocked by sys_clk  {rise@0.000ns fall@5.000ns period=10.000ns})
  Path Group:             sys_clk
  Path Type:              Hold (Min at Fast Process Corner)
  Requirement:            0.000ns  (sys_clk rise@0.000ns - sys_clk rise@0.000ns)
  Data Path Delay:        0.208ns  (logic 0.141ns (67.788%)  route 0.067ns (32.212%))
  Logic Levels:           0
  Clock Path Skew:        0.022ns (DCD - SCD - CPR)
    Destination Clock Delay (DCD):    0.432ns
    Source Clock Delay      (SCD):    0.410ns
    Clock Pessimism Removal (CPR):    -0.000ns

    Location             Delay type                Incr(ns)  Path(ns)    Netlist Resource(s)
  -------------------------------------------------------------------    -------------------
                         (clock sys_clk rise edge)    0.000     0.000 r
                                                      0.000     0.000 r  clk (IN)
                         net (fo=19605, unset)        0.410     0.410    u_fe/u_encode/u_encode/u_counter/clk
    SLICE_X5Y20          FDRE                                         r  u_fe/u_encode/u_encode/u_counter/count_reg[4]/C
  -------------------------------------------------------------------    -------------------
    SLICE_X5Y20          FDRE (Prop_fdre_C_Q)         0.141     0.551 r  u_fe/u_encode/u_encode/u_counter/count_reg[4]/Q
                         net (fo=3, routed)           0.067     0.618    u_fe/u_encode/u_encode/u_counter/count[4]
    SLICE_X5Y20          FDRE                                         r  u_fe/u_encode/u_encode/u_counter/count_reg[5]/D
  -------------------------------------------------------------------    -------------------

                         (clock sys_clk rise edge)    0.000     0.000 r
                                                      0.000     0.000 r  clk (IN)
                         net (fo=19605, unset)        0.432     0.432    u_fe/u_encode/u_encode/u_counter/clk
    SLICE_X5Y20          FDRE                                         r  u_fe/u_encode/u_encode/u_counter/count_reg[5]/C
                         clock pessimism              0.000     0.432
    SLICE_X5Y20          FDRE (Hold_fdre_C_D)         0.075     0.507    u_fe/u_encode/u_encode/u_counter/count_reg[5]
  -------------------------------------------------------------------
                         required time                         -0.507
                         arrival time                           0.618
  -------------------------------------------------------------------
                         slack                                  0.111

Slack (MET) :             0.112ns  (arrival time - required time)
  Source:                 u_edge/u_control/u_seed/u_kdf/lane_a_reg[12][9]/C
                            (rising edge-triggered cell FDCE clocked by sys_clk  {rise@0.000ns fall@5.000ns period=10.000ns})
  Destination:            u_edge/u_control/u_seed/u_kdf/column_reg[2][9]/D
                            (rising edge-triggered cell FDCE clocked by sys_clk  {rise@0.000ns fall@5.000ns period=10.000ns})
  Path Group:             sys_clk
  Path Type:              Hold (Min at Fast Process Corner)
  Requirement:            0.000ns  (sys_clk rise@0.000ns - sys_clk rise@0.000ns)
  Data Path Delay:        0.253ns  (logic 0.186ns (73.457%)  route 0.067ns (26.543%))
  Logic Levels:           1  (LUT6=1)
  Clock Path Skew:        0.022ns (DCD - SCD - CPR)
    Destination Clock Delay (DCD):    0.432ns
    Source Clock Delay      (SCD):    0.410ns
    Clock Pessimism Removal (CPR):    -0.000ns

    Location             Delay type                Incr(ns)  Path(ns)    Netlist Resource(s)
  -------------------------------------------------------------------    -------------------
                         (clock sys_clk rise edge)    0.000     0.000 r
                                                      0.000     0.000 r  clk (IN)
                         net (fo=19605, unset)        0.410     0.410    u_edge/u_control/u_seed/u_kdf/clk
    SLICE_X57Y30         FDCE                                         r  u_edge/u_control/u_seed/u_kdf/lane_a_reg[12][9]/C
  -------------------------------------------------------------------    -------------------
    SLICE_X57Y30         FDCE (Prop_fdce_C_Q)         0.141     0.551 r  u_edge/u_control/u_seed/u_kdf/lane_a_reg[12][9]/Q
                         net (fo=3, routed)           0.067     0.618    u_edge/u_control/u_kdf/lane_a_reg[12]_7[9]
    SLICE_X56Y30         LUT6 (Prop_lut6_I5_O)        0.045     0.663 r  u_edge/u_control/i___169/O
                         net (fo=1, routed)           0.000     0.663    u_edge/u_control/u_seed/u_kdf/column_reg[2][63]_0[9]
    SLICE_X56Y30         FDCE                                         r  u_edge/u_control/u_seed/u_kdf/column_reg[2][9]/D
  -------------------------------------------------------------------    -------------------

                         (clock sys_clk rise edge)    0.000     0.000 r
                                                      0.000     0.000 r  clk (IN)
                         net (fo=19605, unset)        0.432     0.432    u_edge/u_control/u_seed/u_kdf/clk
    SLICE_X56Y30         FDCE                                         r  u_edge/u_control/u_seed/u_kdf/column_reg[2][9]/C
                         clock pessimism              0.000     0.432
    SLICE_X56Y30         FDCE (Hold_fdce_C_D)         0.120     0.552    u_edge/u_control/u_seed/u_kdf/column_reg[2][9]
  -------------------------------------------------------------------
                         required time                         -0.552
                         arrival time                           0.663
  -------------------------------------------------------------------
                         slack                                  0.112

Slack (MET) :             0.112ns  (arrival time - required time)
  Source:                 u_edge/u_control/u_seed/u_kdf/lane_a_reg[13][7]/C
                            (rising edge-triggered cell FDCE clocked by sys_clk  {rise@0.000ns fall@5.000ns period=10.000ns})
  Destination:            u_edge/u_control/u_seed/u_kdf/column_reg[3][7]/D
                            (rising edge-triggered cell FDCE clocked by sys_clk  {rise@0.000ns fall@5.000ns period=10.000ns})
  Path Group:             sys_clk
  Path Type:              Hold (Min at Fast Process Corner)
  Requirement:            0.000ns  (sys_clk rise@0.000ns - sys_clk rise@0.000ns)
  Data Path Delay:        0.253ns  (logic 0.186ns (73.457%)  route 0.067ns (26.543%))
  Logic Levels:           1  (LUT6=1)
  Clock Path Skew:        0.022ns (DCD - SCD - CPR)
    Destination Clock Delay (DCD):    0.432ns
    Source Clock Delay      (SCD):    0.410ns
    Clock Pessimism Removal (CPR):    -0.000ns

    Location             Delay type                Incr(ns)  Path(ns)    Netlist Resource(s)
  -------------------------------------------------------------------    -------------------
                         (clock sys_clk rise edge)    0.000     0.000 r
                                                      0.000     0.000 r  clk (IN)
                         net (fo=19605, unset)        0.410     0.410    u_edge/u_control/u_seed/u_kdf/clk
    SLICE_X47Y41         FDCE                                         r  u_edge/u_control/u_seed/u_kdf/lane_a_reg[13][7]/C
  -------------------------------------------------------------------    -------------------
    SLICE_X47Y41         FDCE (Prop_fdce_C_Q)         0.141     0.551 r  u_edge/u_control/u_seed/u_kdf/lane_a_reg[13][7]/Q
                         net (fo=3, routed)           0.067     0.618    u_edge/u_control/u_kdf/lane_a_reg[13]_28[7]
    SLICE_X46Y41         LUT6 (Prop_lut6_I4_O)        0.045     0.663 r  u_edge/u_control/i___231/O
                         net (fo=1, routed)           0.000     0.663    u_edge/u_control/u_seed/u_kdf/column_reg[3][63]_0[7]
    SLICE_X46Y41         FDCE                                         r  u_edge/u_control/u_seed/u_kdf/column_reg[3][7]/D
  -------------------------------------------------------------------    -------------------

                         (clock sys_clk rise edge)    0.000     0.000 r
                                                      0.000     0.000 r  clk (IN)
                         net (fo=19605, unset)        0.432     0.432    u_edge/u_control/u_seed/u_kdf/clk
    SLICE_X46Y41         FDCE                                         r  u_edge/u_control/u_seed/u_kdf/column_reg[3][7]/C
                         clock pessimism              0.000     0.432
    SLICE_X46Y41         FDCE (Hold_fdce_C_D)         0.120     0.552    u_edge/u_control/u_seed/u_kdf/column_reg[3][7]
  -------------------------------------------------------------------
                         required time                         -0.552
                         arrival time                           0.663
  -------------------------------------------------------------------
                         slack                                  0.112

Slack (MET) :             0.112ns  (arrival time - required time)
  Source:                 u_edge/u_control/u_seed/u_kdf/lane_b_reg[1][31]/C
                            (rising edge-triggered cell FDCE clocked by sys_clk  {rise@0.000ns fall@5.000ns period=10.000ns})
  Destination:            u_edge/u_control/u_seed/u_kdf/lane_a_reg[1][31]/D
                            (rising edge-triggered cell FDCE clocked by sys_clk  {rise@0.000ns fall@5.000ns period=10.000ns})
  Path Group:             sys_clk
  Path Type:              Hold (Min at Fast Process Corner)
  Requirement:            0.000ns  (sys_clk rise@0.000ns - sys_clk rise@0.000ns)
  Data Path Delay:        0.254ns  (logic 0.186ns (73.093%)  route 0.068ns (26.907%))
  Logic Levels:           1  (LUT5=1)
  Clock Path Skew:        0.022ns (DCD - SCD - CPR)
    Destination Clock Delay (DCD):    0.432ns
    Source Clock Delay      (SCD):    0.410ns
    Clock Pessimism Removal (CPR):    -0.000ns

    Location             Delay type                Incr(ns)  Path(ns)    Netlist Resource(s)
  -------------------------------------------------------------------    -------------------
                         (clock sys_clk rise edge)    0.000     0.000 r
                                                      0.000     0.000 r  clk (IN)
                         net (fo=19605, unset)        0.410     0.410    u_edge/u_control/u_seed/u_kdf/clk
    SLICE_X61Y49         FDCE                                         r  u_edge/u_control/u_seed/u_kdf/lane_b_reg[1][31]/C
  -------------------------------------------------------------------    -------------------
    SLICE_X61Y49         FDCE (Prop_fdce_C_Q)         0.141     0.551 r  u_edge/u_control/u_seed/u_kdf/lane_b_reg[1][31]/Q
                         net (fo=3, routed)           0.068     0.620    u_edge/u_control/u_seed/u_kdf/lane_b_reg[1]_6[31]
    SLICE_X60Y49         LUT5 (Prop_lut5_I4_O)        0.045     0.665 r  u_edge/u_control/u_seed/u_kdf/lane_a[1][31]_i_1/O
                         net (fo=1, routed)           0.000     0.665    u_edge/u_control/u_seed/u_kdf/lane_a[31]
    SLICE_X60Y49         FDCE                                         r  u_edge/u_control/u_seed/u_kdf/lane_a_reg[1][31]/D
  -------------------------------------------------------------------    -------------------

                         (clock sys_clk rise edge)    0.000     0.000 r
                                                      0.000     0.000 r  clk (IN)
                         net (fo=19605, unset)        0.432     0.432    u_edge/u_control/u_seed/u_kdf/clk
    SLICE_X60Y49         FDCE                                         r  u_edge/u_control/u_seed/u_kdf/lane_a_reg[1][31]/C
                         clock pessimism              0.000     0.432
    SLICE_X60Y49         FDCE (Hold_fdce_C_D)         0.121     0.553    u_edge/u_control/u_seed/u_kdf/lane_a_reg[1][31]
  -------------------------------------------------------------------
                         required time                         -0.553
                         arrival time                           0.665
  -------------------------------------------------------------------
                         slack                                  0.112

Slack (MET) :             0.112ns  (arrival time - required time)
  Source:                 u_edge/u_server/endp_r_reg[50]/C
                            (rising edge-triggered cell FDRE clocked by sys_clk  {rise@0.000ns fall@5.000ns period=10.000ns})
  Destination:            u_edge/u_server/endp_r_reg[70]_srl20___u_edge_u_server_endp_r_reg_r_18/D
                            (rising edge-triggered cell SRLC32E clocked by sys_clk  {rise@0.000ns fall@5.000ns period=10.000ns})
  Path Group:             sys_clk
  Path Type:              Hold (Min at Fast Process Corner)
  Requirement:            0.000ns  (sys_clk rise@0.000ns - sys_clk rise@0.000ns)
  Data Path Delay:        0.251ns  (logic 0.141ns (56.174%)  route 0.110ns (43.826%))
  Logic Levels:           0
  Clock Path Skew:        0.022ns (DCD - SCD - CPR)
    Destination Clock Delay (DCD):    0.432ns
    Source Clock Delay      (SCD):    0.410ns
    Clock Pessimism Removal (CPR):    -0.000ns

    Location             Delay type                Incr(ns)  Path(ns)    Netlist Resource(s)
  -------------------------------------------------------------------    -------------------
                         (clock sys_clk rise edge)    0.000     0.000 r
                                                      0.000     0.000 r  clk (IN)
                         net (fo=19605, unset)        0.410     0.410    u_edge/u_server/clk
    SLICE_X3Y92          FDRE                                         r  u_edge/u_server/endp_r_reg[50]/C
  -------------------------------------------------------------------    -------------------
    SLICE_X3Y92          FDRE (Prop_fdre_C_Q)         0.141     0.551 r  u_edge/u_server/endp_r_reg[50]/Q
                         net (fo=1, routed)           0.110     0.661    u_edge/u_server/endp_r_reg_n_0_[50]
    SLICE_X2Y91          SRLC32E                                      r  u_edge/u_server/endp_r_reg[70]_srl20___u_edge_u_server_endp_r_reg_r_18/D
  -------------------------------------------------------------------    -------------------

                         (clock sys_clk rise edge)    0.000     0.000 r
                                                      0.000     0.000 r  clk (IN)
                         net (fo=19605, unset)        0.432     0.432    u_edge/u_server/clk
    SLICE_X2Y91          SRLC32E                                      r  u_edge/u_server/endp_r_reg[70]_srl20___u_edge_u_server_endp_r_reg_r_18/CLK
                         clock pessimism              0.000     0.432
    SLICE_X2Y91          SRLC32E (Hold_srlc32e_CLK_D)
                                                      0.117     0.549    u_edge/u_server/endp_r_reg[70]_srl20___u_edge_u_server_endp_r_reg_r_18
  -------------------------------------------------------------------
                         required time                         -0.549
                         arrival time                           0.661
  -------------------------------------------------------------------
                         slack                                  0.112

Slack (MET) :             0.112ns  (arrival time - required time)
  Source:                 u_edge/u_server/ntt/req_noise_r1_reg/C
                            (rising edge-triggered cell FDRE clocked by sys_clk  {rise@0.000ns fall@5.000ns period=10.000ns})
  Destination:            u_edge/u_server/ntt/req_noise_r2_reg/D
                            (rising edge-triggered cell FDRE clocked by sys_clk  {rise@0.000ns fall@5.000ns period=10.000ns})
  Path Group:             sys_clk
  Path Type:              Hold (Min at Fast Process Corner)
  Requirement:            0.000ns  (sys_clk rise@0.000ns - sys_clk rise@0.000ns)
  Data Path Delay:        0.209ns  (logic 0.141ns (67.454%)  route 0.068ns (32.546%))
  Logic Levels:           0
  Clock Path Skew:        0.022ns (DCD - SCD - CPR)
    Destination Clock Delay (DCD):    0.432ns
    Source Clock Delay      (SCD):    0.410ns
    Clock Pessimism Removal (CPR):    -0.000ns

    Location             Delay type                Incr(ns)  Path(ns)    Netlist Resource(s)
  -------------------------------------------------------------------    -------------------
                         (clock sys_clk rise edge)    0.000     0.000 r
                                                      0.000     0.000 r  clk (IN)
                         net (fo=19605, unset)        0.410     0.410    u_edge/u_server/ntt/clk
    SLICE_X13Y75         FDRE                                         r  u_edge/u_server/ntt/req_noise_r1_reg/C
  -------------------------------------------------------------------    -------------------
    SLICE_X13Y75         FDRE (Prop_fdre_C_Q)         0.141     0.551 r  u_edge/u_server/ntt/req_noise_r1_reg/Q
                         net (fo=2, routed)           0.068     0.619    u_edge/u_server/ntt/req_noise_r1
    SLICE_X13Y75         FDRE                                         r  u_edge/u_server/ntt/req_noise_r2_reg/D
  -------------------------------------------------------------------    -------------------

                         (clock sys_clk rise edge)    0.000     0.000 r
                                                      0.000     0.000 r  clk (IN)
                         net (fo=19605, unset)        0.432     0.432    u_edge/u_server/ntt/clk
    SLICE_X13Y75         FDRE                                         r  u_edge/u_server/ntt/req_noise_r2_reg/C
                         clock pessimism              0.000     0.432
    SLICE_X13Y75         FDRE (Hold_fdre_C_D)         0.075     0.507    u_edge/u_server/ntt/req_noise_r2_reg
  -------------------------------------------------------------------
                         required time                         -0.507
                         arrival time                           0.619
  -------------------------------------------------------------------
                         slack                                  0.112

Slack (MET) :             0.118ns  (arrival time - required time)
  Source:                 u_edge/u_control/u_seed/seed_z_reg[82]/C
                            (rising edge-triggered cell FDCE clocked by sys_clk  {rise@0.000ns fall@5.000ns period=10.000ns})
  Destination:            u_edge/u_server/z_reg[82]/D
                            (rising edge-triggered cell FDRE clocked by sys_clk  {rise@0.000ns fall@5.000ns period=10.000ns})
  Path Group:             sys_clk
  Path Type:              Hold (Min at Fast Process Corner)
  Requirement:            0.000ns  (sys_clk rise@0.000ns - sys_clk rise@0.000ns)
  Data Path Delay:        0.270ns  (logic 0.190ns (70.343%)  route 0.080ns (29.657%))
  Logic Levels:           1  (LUT3=1)
  Clock Path Skew:        0.022ns (DCD - SCD - CPR)
    Destination Clock Delay (DCD):    0.432ns
    Source Clock Delay      (SCD):    0.410ns
    Clock Pessimism Removal (CPR):    -0.000ns

    Location             Delay type                Incr(ns)  Path(ns)    Netlist Resource(s)
  -------------------------------------------------------------------    -------------------
                         (clock sys_clk rise edge)    0.000     0.000 r
                                                      0.000     0.000 r  clk (IN)
                         net (fo=19605, unset)        0.410     0.410    u_edge/u_control/u_seed/clk
    SLICE_X43Y69         FDCE                                         r  u_edge/u_control/u_seed/seed_z_reg[82]/C
  -------------------------------------------------------------------    -------------------
    SLICE_X43Y69         FDCE (Prop_fdce_C_Q)         0.141     0.551 r  u_edge/u_control/u_seed/seed_z_reg[82]/Q
                         net (fo=1, routed)           0.080     0.631    u_edge/u_server/z_reg[255]_0[82]
    SLICE_X42Y69         LUT3 (Prop_lut3_I2_O)        0.049     0.680 r  u_edge/u_server/z[82]_i_1/O
                         net (fo=1, routed)           0.000     0.680    u_edge/u_server/z[82]_i_1_n_0
    SLICE_X42Y69         FDRE                                         r  u_edge/u_server/z_reg[82]/D
  -------------------------------------------------------------------    -------------------

                         (clock sys_clk rise edge)    0.000     0.000 r
                                                      0.000     0.000 r  clk (IN)
                         net (fo=19605, unset)        0.432     0.432    u_edge/u_server/clk
    SLICE_X42Y69         FDRE                                         r  u_edge/u_server/z_reg[82]/C
                         clock pessimism              0.000     0.432
    SLICE_X42Y69         FDRE (Hold_fdre_C_D)         0.131     0.563    u_edge/u_server/z_reg[82]
  -------------------------------------------------------------------
                         required time                         -0.563
                         arrival time                           0.680
  -------------------------------------------------------------------
                         slack                                  0.118

Slack (MET) :             0.120ns  (arrival time - required time)
  Source:                 u_fe/u_decode/u_bch_syndrome/SYNDROMES[6].METHOD1.u_syn1a/pow_reg[57]/C
                            (rising edge-triggered cell FDSE clocked by sys_clk  {rise@0.000ns fall@5.000ns period=10.000ns})
  Destination:            u_fe/u_decode/u_bch_syndrome/SYNDROMES[6].METHOD1.u_syn1a/pow_reg[62]/D
                            (rising edge-triggered cell FDSE clocked by sys_clk  {rise@0.000ns fall@5.000ns period=10.000ns})
  Path Group:             sys_clk
  Path Type:              Hold (Min at Fast Process Corner)
  Requirement:            0.000ns  (sys_clk rise@0.000ns - sys_clk rise@0.000ns)
  Data Path Delay:        0.262ns  (logic 0.186ns (70.964%)  route 0.076ns (29.036%))
  Logic Levels:           1  (LUT6=1)
  Clock Path Skew:        0.022ns (DCD - SCD - CPR)
    Destination Clock Delay (DCD):    0.432ns
    Source Clock Delay      (SCD):    0.410ns
    Clock Pessimism Removal (CPR):    -0.000ns

    Location             Delay type                Incr(ns)  Path(ns)    Netlist Resource(s)
  -------------------------------------------------------------------    -------------------
                         (clock sys_clk rise edge)    0.000     0.000 r
                                                      0.000     0.000 r  clk (IN)
                         net (fo=19605, unset)        0.410     0.410    u_fe/u_decode/u_bch_syndrome/SYNDROMES[6].METHOD1.u_syn1a/clk
    SLICE_X43Y14         FDSE                                         r  u_fe/u_decode/u_bch_syndrome/SYNDROMES[6].METHOD1.u_syn1a/pow_reg[57]/C
  -------------------------------------------------------------------    -------------------
    SLICE_X43Y14         FDSE (Prop_fdse_C_Q)         0.141     0.551 r  u_fe/u_decode/u_bch_syndrome/SYNDROMES[6].METHOD1.u_syn1a/pow_reg[57]/Q
                         net (fo=5, routed)           0.076     0.627    u_fe/u_decode/u_bch_syndrome/SYNDROMES[6].METHOD1.u_syn1a/Q[57]
    SLICE_X42Y14         LUT6 (Prop_lut6_I1_O)        0.045     0.672 r  u_fe/u_decode/u_bch_syndrome/SYNDROMES[6].METHOD1.u_syn1a/pow[62]_i_1/O
                         net (fo=1, routed)           0.000     0.672    u_fe/u_decode/u_bch_syndrome/SYNDROMES[6].METHOD1.u_syn1a/I16[62]
    SLICE_X42Y14         FDSE                                         r  u_fe/u_decode/u_bch_syndrome/SYNDROMES[6].METHOD1.u_syn1a/pow_reg[62]/D
  -------------------------------------------------------------------    -------------------

                         (clock sys_clk rise edge)    0.000     0.000 r
                                                      0.000     0.000 r  clk (IN)
                         net (fo=19605, unset)        0.432     0.432    u_fe/u_decode/u_bch_syndrome/SYNDROMES[6].METHOD1.u_syn1a/clk
    SLICE_X42Y14         FDSE                                         r  u_fe/u_decode/u_bch_syndrome/SYNDROMES[6].METHOD1.u_syn1a/pow_reg[62]/C
                         clock pessimism              0.000     0.432
    SLICE_X42Y14         FDSE (Hold_fdse_C_D)         0.121     0.553    u_fe/u_decode/u_bch_syndrome/SYNDROMES[6].METHOD1.u_syn1a/pow_reg[62]
  -------------------------------------------------------------------
                         required time                         -0.553
                         arrival time                           0.672
  -------------------------------------------------------------------
                         slack                                  0.120

Slack (MET) :             0.120ns  (arrival time - required time)
  Source:                 u_fe/r_reg_reg[80]/C
                            (rising edge-triggered cell FDCE clocked by sys_clk  {rise@0.000ns fall@5.000ns period=10.000ns})
  Destination:            u_fe/key_reg_reg[8]/D
                            (rising edge-triggered cell FDCE clocked by sys_clk  {rise@0.000ns fall@5.000ns period=10.000ns})
  Path Group:             sys_clk
  Path Type:              Hold (Min at Fast Process Corner)
  Requirement:            0.000ns  (sys_clk rise@0.000ns - sys_clk rise@0.000ns)
  Data Path Delay:        0.262ns  (logic 0.186ns (70.874%)  route 0.076ns (29.126%))
  Logic Levels:           1  (LUT6=1)
  Clock Path Skew:        0.022ns (DCD - SCD - CPR)
    Destination Clock Delay (DCD):    0.432ns
    Source Clock Delay      (SCD):    0.410ns
    Clock Pessimism Removal (CPR):    -0.000ns

    Location             Delay type                Incr(ns)  Path(ns)    Netlist Resource(s)
  -------------------------------------------------------------------    -------------------
                         (clock sys_clk rise edge)    0.000     0.000 r
                                                      0.000     0.000 r  clk (IN)
                         net (fo=19605, unset)        0.410     0.410    u_fe/clk
    SLICE_X43Y26         FDCE                                         r  u_fe/r_reg_reg[80]/C
  -------------------------------------------------------------------    -------------------
    SLICE_X43Y26         FDCE (Prop_fdce_C_Q)         0.141     0.551 r  u_fe/r_reg_reg[80]/Q
                         net (fo=4, routed)           0.076     0.628    u_fe/r_reg_reg_n_0_[80]
    SLICE_X42Y26         LUT6 (Prop_lut6_I4_O)        0.045     0.673 r  u_fe/key_reg[8]_i_1/O
                         net (fo=1, routed)           0.000     0.673    u_fe/key_reg[8]_i_1_n_0
    SLICE_X42Y26         FDCE                                         r  u_fe/key_reg_reg[8]/D
  -------------------------------------------------------------------    -------------------

                         (clock sys_clk rise edge)    0.000     0.000 r
                                                      0.000     0.000 r  clk (IN)
                         net (fo=19605, unset)        0.432     0.432    u_fe/clk
    SLICE_X42Y26         FDCE                                         r  u_fe/key_reg_reg[8]/C
                         clock pessimism              0.000     0.432
    SLICE_X42Y26         FDCE (Hold_fdce_C_D)         0.121     0.553    u_fe/key_reg_reg[8]
  -------------------------------------------------------------------
                         required time                         -0.553
                         arrival time                           0.673
  -------------------------------------------------------------------
                         slack                                  0.120

Slack (MET) :             0.121ns  (arrival time - required time)
  Source:                 u_fe/u_decode/u_error_tmec/u_chien/BIT[2].REG[1].ORIG.u_chien_reg/out_reg[5]/C
                            (rising edge-triggered cell FDRE clocked by sys_clk  {rise@0.000ns fall@5.000ns period=10.000ns})
  Destination:            u_fe/u_decode/u_error_tmec/u_chien/BIT[2].REG[1].ORIG.u_chien_reg/out_reg[2]/D
                            (rising edge-triggered cell FDRE clocked by sys_clk  {rise@0.000ns fall@5.000ns period=10.000ns})
  Path Group:             sys_clk
  Path Type:              Hold (Min at Fast Process Corner)
  Requirement:            0.000ns  (sys_clk rise@0.000ns - sys_clk rise@0.000ns)
  Data Path Delay:        0.263ns  (logic 0.186ns (70.686%)  route 0.077ns (29.314%))
  Logic Levels:           1  (LUT5=1)
  Clock Path Skew:        0.022ns (DCD - SCD - CPR)
    Destination Clock Delay (DCD):    0.432ns
    Source Clock Delay      (SCD):    0.410ns
    Clock Pessimism Removal (CPR):    -0.000ns

    Location             Delay type                Incr(ns)  Path(ns)    Netlist Resource(s)
  -------------------------------------------------------------------    -------------------
                         (clock sys_clk rise edge)    0.000     0.000 r
                                                      0.000     0.000 r  clk (IN)
                         net (fo=19605, unset)        0.410     0.410    u_fe/u_decode/u_error_tmec/u_chien/BIT[2].REG[1].ORIG.u_chien_reg/clk
    SLICE_X9Y5           FDRE                                         r  u_fe/u_decode/u_error_tmec/u_chien/BIT[2].REG[1].ORIG.u_chien_reg/out_reg[5]/C
  -------------------------------------------------------------------    -------------------
    SLICE_X9Y5           FDRE (Prop_fdre_C_Q)         0.141     0.551 r  u_fe/u_decode/u_error_tmec/u_chien/BIT[2].REG[1].ORIG.u_chien_reg/out_reg[5]/Q
                         net (fo=4, routed)           0.077     0.628    u_fe/u_decode/u_error_tmec/u_chien/BIT[2].REG[1].ORIG.u_chien_reg/Q[5]
    SLICE_X8Y5           LUT5 (Prop_lut5_I2_O)        0.045     0.673 r  u_fe/u_decode/u_error_tmec/u_chien/BIT[2].REG[1].ORIG.u_chien_reg/out[2]_i_1__25/O
                         net (fo=1, routed)           0.000     0.673    u_fe/u_decode/u_error_tmec/u_chien/BIT[2].REG[1].ORIG.u_chien_reg/p_0_in[2]
    SLICE_X8Y5           FDRE                                         r  u_fe/u_decode/u_error_tmec/u_chien/BIT[2].REG[1].ORIG.u_chien_reg/out_reg[2]/D
  -------------------------------------------------------------------    -------------------

                         (clock sys_clk rise edge)    0.000     0.000 r
                                                      0.000     0.000 r  clk (IN)
                         net (fo=19605, unset)        0.432     0.432    u_fe/u_decode/u_error_tmec/u_chien/BIT[2].REG[1].ORIG.u_chien_reg/clk
    SLICE_X8Y5           FDRE                                         r  u_fe/u_decode/u_error_tmec/u_chien/BIT[2].REG[1].ORIG.u_chien_reg/out_reg[2]/C
                         clock pessimism              0.000     0.432
    SLICE_X8Y5           FDRE (Hold_fdre_C_D)         0.121     0.553    u_fe/u_decode/u_error_tmec/u_chien/BIT[2].REG[1].ORIG.u_chien_reg/out_reg[2]
  -------------------------------------------------------------------
                         required time                         -0.553
                         arrival time                           0.673
  -------------------------------------------------------------------
                         slack                                  0.121

Slack (MET) :             0.121ns  (arrival time - required time)
  Source:                 u_edge/u_server/ntt/BU/dec0_reg[5]__0/C
                            (rising edge-triggered cell FDRE clocked by sys_clk  {rise@0.000ns fall@5.000ns period=10.000ns})
  Destination:            u_edge/u_server/ntt/BU/S12/inst/gen_depth_gt1.shift_reg_reg[4][5]_srl5/D
                            (rising edge-triggered cell SRL16E clocked by sys_clk  {rise@0.000ns fall@5.000ns period=10.000ns})
  Path Group:             sys_clk
  Path Type:              Hold (Min at Fast Process Corner)
  Requirement:            0.000ns  (sys_clk rise@0.000ns - sys_clk rise@0.000ns)
  Data Path Delay:        0.257ns  (logic 0.141ns (54.828%)  route 0.116ns (45.172%))
  Logic Levels:           0
  Clock Path Skew:        0.022ns (DCD - SCD - CPR)
    Destination Clock Delay (DCD):    0.432ns
    Source Clock Delay      (SCD):    0.410ns
    Clock Pessimism Removal (CPR):    -0.000ns

    Location             Delay type                Incr(ns)  Path(ns)    Netlist Resource(s)
  -------------------------------------------------------------------    -------------------
                         (clock sys_clk rise edge)    0.000     0.000 r
                                                      0.000     0.000 r  clk (IN)
                         net (fo=19605, unset)        0.410     0.410    u_edge/u_server/ntt/BU/clk
    SLICE_X7Y74          FDRE                                         r  u_edge/u_server/ntt/BU/dec0_reg[5]__0/C
  -------------------------------------------------------------------    -------------------
    SLICE_X7Y74          FDRE (Prop_fdre_C_Q)         0.141     0.551 r  u_edge/u_server/ntt/BU/dec0_reg[5]__0/Q
                         net (fo=1, routed)           0.116     0.667    u_edge/u_server/ntt/BU/S12/inst/decomp0_butt_r1_reg[5]__0
    SLICE_X6Y74          SRL16E                                       r  u_edge/u_server/ntt/BU/S12/inst/gen_depth_gt1.shift_reg_reg[4][5]_srl5/D
  -------------------------------------------------------------------    -------------------

                         (clock sys_clk rise edge)    0.000     0.000 r
                                                      0.000     0.000 r  clk (IN)
                         net (fo=19605, unset)        0.432     0.432    u_edge/u_server/ntt/BU/S12/inst/clk
    SLICE_X6Y74          SRL16E                                       r  u_edge/u_server/ntt/BU/S12/inst/gen_depth_gt1.shift_reg_reg[4][5]_srl5/CLK
                         clock pessimism              0.000     0.432
    SLICE_X6Y74          SRL16E (Hold_srl16e_CLK_D)
                                                      0.115     0.547    u_edge/u_server/ntt/BU/S12/inst/gen_depth_gt1.shift_reg_reg[4][5]_srl5
  -------------------------------------------------------------------
                         required time                         -0.547
                         arrival time                           0.667
  -------------------------------------------------------------------
                         slack                                  0.121

Slack (MET) :             0.121ns  (arrival time - required time)
  Source:                 u_fe/u_decode/u_error_tmec/u_chien/BIT[7].REG[0].ORIG.u_chien_reg/out_reg[6]/C
                            (rising edge-triggered cell FDRE clocked by sys_clk  {rise@0.000ns fall@5.000ns period=10.000ns})
  Destination:            u_fe/u_decode/u_error_tmec/u_chien/BIT[7].REG[0].ORIG.u_chien_reg/out_reg[4]/D
                            (rising edge-triggered cell FDRE clocked by sys_clk  {rise@0.000ns fall@5.000ns period=10.000ns})
  Path Group:             sys_clk
  Path Type:              Hold (Min at Fast Process Corner)
  Requirement:            0.000ns  (sys_clk rise@0.000ns - sys_clk rise@0.000ns)
  Data Path Delay:        0.263ns  (logic 0.186ns (70.613%)  route 0.077ns (29.387%))
  Logic Levels:           1  (LUT5=1)
  Clock Path Skew:        0.022ns (DCD - SCD - CPR)
    Destination Clock Delay (DCD):    0.432ns
    Source Clock Delay      (SCD):    0.410ns
    Clock Pessimism Removal (CPR):    -0.000ns

    Location             Delay type                Incr(ns)  Path(ns)    Netlist Resource(s)
  -------------------------------------------------------------------    -------------------
                         (clock sys_clk rise edge)    0.000     0.000 r
                                                      0.000     0.000 r  clk (IN)
                         net (fo=19605, unset)        0.410     0.410    u_fe/u_decode/u_error_tmec/u_chien/BIT[7].REG[0].ORIG.u_chien_reg/clk
    SLICE_X11Y2          FDRE                                         r  u_fe/u_decode/u_error_tmec/u_chien/BIT[7].REG[0].ORIG.u_chien_reg/out_reg[6]/C
  -------------------------------------------------------------------    -------------------
    SLICE_X11Y2          FDRE (Prop_fdre_C_Q)         0.141     0.551 r  u_fe/u_decode/u_error_tmec/u_chien/BIT[7].REG[0].ORIG.u_chien_reg/out_reg[6]/Q
                         net (fo=4, routed)           0.077     0.629    u_fe/u_decode/u_error_tmec/u_chien/BIT[7].REG[0].ORIG.u_chien_reg/Q[6]
    SLICE_X10Y2          LUT5 (Prop_lut5_I2_O)        0.045     0.674 r  u_fe/u_decode/u_error_tmec/u_chien/BIT[7].REG[0].ORIG.u_chien_reg/out[4]_i_1__15/O
                         net (fo=1, routed)           0.000     0.674    u_fe/u_decode/u_error_tmec/u_chien/BIT[7].REG[0].ORIG.u_chien_reg/out[4]_i_1__15_n_0
    SLICE_X10Y2          FDRE                                         r  u_fe/u_decode/u_error_tmec/u_chien/BIT[7].REG[0].ORIG.u_chien_reg/out_reg[4]/D
  -------------------------------------------------------------------    -------------------

                         (clock sys_clk rise edge)    0.000     0.000 r
                                                      0.000     0.000 r  clk (IN)
                         net (fo=19605, unset)        0.432     0.432    u_fe/u_decode/u_error_tmec/u_chien/BIT[7].REG[0].ORIG.u_chien_reg/clk
    SLICE_X10Y2          FDRE                                         r  u_fe/u_decode/u_error_tmec/u_chien/BIT[7].REG[0].ORIG.u_chien_reg/out_reg[4]/C
                         clock pessimism              0.000     0.432
    SLICE_X10Y2          FDRE (Hold_fdre_C_D)         0.121     0.553    u_fe/u_decode/u_error_tmec/u_chien/BIT[7].REG[0].ORIG.u_chien_reg/out_reg[4]
  -------------------------------------------------------------------
                         required time                         -0.553
                         arrival time                           0.674
  -------------------------------------------------------------------
                         slack                                  0.121





Pulse Width Checks
--------------------------------------------------------------------------------------
Clock Name:         sys_clk
Waveform(ns):       { 0.000 5.000 }
Period(ns):         10.000
Sources:            { clk }

Check Type        Corner  Lib Pin             Reference Pin  Required(ns)  Actual(ns)  Slack(ns)  Location      Pin
Min Period        n/a     DSP48E1/CLK         n/a            3.884         10.000      6.116      DSP48_X0Y22   u_edge/u_server/ntt/BU/M1/u_mult/product_reg_reg/CLK
Min Period        n/a     DSP48E1/CLK         n/a            3.884         10.000      6.116      DSP48_X0Y26   u_edge/u_server/ntt/BU/M0/u_mult/product_reg_reg/CLK
Min Period        n/a     RAMB18E1/CLKARDCLK  n/a            2.944         10.000      7.056      RAMB18_X0Y39  u_edge/u_server/hash/ofifo_inst/inst/mem_reg_1/CLKARDCLK
Min Period        n/a     RAMB18E1/CLKARDCLK  n/a            2.944         10.000      7.056      RAMB18_X0Y36  u_edge/u_server/DFIFO0/inst/mem_reg/CLKARDCLK
Min Period        n/a     RAMB18E1/CLKBWRCLK  n/a            2.944         10.000      7.056      RAMB18_X0Y36  u_edge/u_server/DFIFO0/inst/mem_reg/CLKBWRCLK
Min Period        n/a     RAMB18E1/CLKARDCLK  n/a            2.944         10.000      7.056      RAMB18_X0Y32  u_edge/u_server/DFIFO1/inst/mem_reg/CLKARDCLK
Min Period        n/a     RAMB18E1/CLKARDCLK  n/a            2.944         10.000      7.056      RAMB18_X1Y34  u_edge/u_server/IFIFO/inst/mem_reg/CLKARDCLK
Min Period        n/a     RAMB18E1/CLKBWRCLK  n/a            2.944         10.000      7.056      RAMB18_X1Y34  u_edge/u_server/IFIFO/inst/mem_reg/CLKBWRCLK
Min Period        n/a     RAMB18E1/CLKARDCLK  n/a            2.944         10.000      7.056      RAMB18_X1Y35  u_edge/u_server/OFIFO/inst/mem_reg/CLKARDCLK
Min Period        n/a     RAMB18E1/CLKBWRCLK  n/a            2.944         10.000      7.056      RAMB18_X1Y35  u_edge/u_server/OFIFO/inst/mem_reg/CLKBWRCLK
Min Period        n/a     RAMB36E1/CLKARDCLK  n/a            2.944         10.000      7.056      RAMB36_X1Y18  u_edge/u_server/ciphertext_store/mem_reg/CLKARDCLK
Min Period        n/a     RAMB36E1/CLKBWRCLK  n/a            2.944         10.000      7.056      RAMB36_X1Y18  u_edge/u_server/ciphertext_store/mem_reg/CLKBWRCLK
Min Period        n/a     RAMB36E1/CLKARDCLK  n/a            2.944         10.000      7.056      RAMB36_X0Y14  u_edge/u_server/ntt/RAM0/inst/mem_reg/CLKARDCLK
Min Period        n/a     RAMB36E1/CLKBWRCLK  n/a            2.944         10.000      7.056      RAMB36_X0Y14  u_edge/u_server/ntt/RAM0/inst/mem_reg/CLKBWRCLK
Min Period        n/a     RAMB36E1/CLKARDCLK  n/a            2.944         10.000      7.056      RAMB36_X0Y12  u_edge/u_server/ntt/RAM1/inst/mem_reg/CLKARDCLK
Min Period        n/a     RAMB36E1/CLKBWRCLK  n/a            2.944         10.000      7.056      RAMB36_X0Y12  u_edge/u_server/ntt/RAM1/inst/mem_reg/CLKBWRCLK
Min Period        n/a     RAMB36E1/CLKARDCLK  n/a            2.944         10.000      7.056      RAMB36_X0Y15  u_edge/u_server/ntt/RAM2/inst/mem_reg/CLKARDCLK
Min Period        n/a     RAMB36E1/CLKBWRCLK  n/a            2.944         10.000      7.056      RAMB36_X0Y15  u_edge/u_server/ntt/RAM2/inst/mem_reg/CLKBWRCLK
Min Period        n/a     RAMB36E1/CLKARDCLK  n/a            2.944         10.000      7.056      RAMB36_X0Y11  u_edge/u_server/ntt/RAM3/inst/mem_reg/CLKARDCLK
Min Period        n/a     RAMB36E1/CLKBWRCLK  n/a            2.944         10.000      7.056      RAMB36_X0Y11  u_edge/u_server/ntt/RAM3/inst/mem_reg/CLKBWRCLK
Low Pulse Width   Fast    SRL16E/CLK          n/a            0.980         5.000       4.020      SLICE_X14Y62  u_edge/u_server/ntt/S5/inst/gen_depth_gt1.shift_reg_reg[10][0]_srl11/CLK
Low Pulse Width   Fast    SRL16E/CLK          n/a            0.980         5.000       4.020      SLICE_X14Y62  u_edge/u_server/ntt/S5/inst/gen_depth_gt1.shift_reg_reg[10][1]_srl11/CLK
Low Pulse Width   Fast    SRL16E/CLK          n/a            0.980         5.000       4.020      SLICE_X14Y62  u_edge/u_server/ntt/S5/inst/gen_depth_gt1.shift_reg_reg[10][2]_srl11/CLK
Low Pulse Width   Fast    SRL16E/CLK          n/a            0.980         5.000       4.020      SLICE_X14Y62  u_edge/u_server/ntt/S5/inst/gen_depth_gt1.shift_reg_reg[10][3]_srl11/CLK
Low Pulse Width   Fast    SRL16E/CLK          n/a            0.980         5.000       4.020      SLICE_X14Y62  u_edge/u_server/ntt/S5/inst/gen_depth_gt1.shift_reg_reg[10][4]_srl11/CLK
Low Pulse Width   Fast    SRL16E/CLK          n/a            0.980         5.000       4.020      SLICE_X14Y62  u_edge/u_server/ntt/S5/inst/gen_depth_gt1.shift_reg_reg[10][5]_srl11/CLK
Low Pulse Width   Fast    SRL16E/CLK          n/a            0.980         5.000       4.020      SLICE_X14Y62  u_edge/u_server/ntt/S5/inst/gen_depth_gt1.shift_reg_reg[10][6]_srl11/CLK
Low Pulse Width   Fast    SRL16E/CLK          n/a            0.980         5.000       4.020      SLICE_X14Y62  u_edge/u_server/ntt/S5/inst/gen_depth_gt1.shift_reg_reg[10][7]_srl11/CLK
Low Pulse Width   Fast    SRL16E/CLK          n/a            0.980         5.000       4.020      SLICE_X12Y63  u_edge/u_server/ntt/S6/inst/gen_depth_gt1.shift_reg_reg[10][0]_srl11/CLK
Low Pulse Width   Fast    SRL16E/CLK          n/a            0.980         5.000       4.020      SLICE_X12Y63  u_edge/u_server/ntt/S6/inst/gen_depth_gt1.shift_reg_reg[10][1]_srl11/CLK
Low Pulse Width   Fast    SRL16E/CLK          n/a            0.980         5.000       4.020      SLICE_X12Y63  u_edge/u_server/ntt/S6/inst/gen_depth_gt1.shift_reg_reg[10][2]_srl11/CLK
Low Pulse Width   Fast    SRL16E/CLK          n/a            0.980         5.000       4.020      SLICE_X12Y63  u_edge/u_server/ntt/S6/inst/gen_depth_gt1.shift_reg_reg[10][3]_srl11/CLK
Low Pulse Width   Fast    SRL16E/CLK          n/a            0.980         5.000       4.020      SLICE_X12Y63  u_edge/u_server/ntt/S6/inst/gen_depth_gt1.shift_reg_reg[10][4]_srl11/CLK
Low Pulse Width   Fast    SRL16E/CLK          n/a            0.980         5.000       4.020      SLICE_X12Y63  u_edge/u_server/ntt/S6/inst/gen_depth_gt1.shift_reg_reg[10][5]_srl11/CLK
Low Pulse Width   Fast    SRL16E/CLK          n/a            0.980         5.000       4.020      SLICE_X12Y60  u_edge/u_server/ntt/S7/inst/gen_depth_gt1.shift_reg_reg[10][0]_srl9/CLK
Low Pulse Width   Fast    SRL16E/CLK          n/a            0.980         5.000       4.020      SLICE_X14Y65  u_edge/u_server/ntt/S7/inst/gen_depth_gt1.shift_reg_reg[10][1]_srl11/CLK
Low Pulse Width   Fast    SRL16E/CLK          n/a            0.980         5.000       4.020      SLICE_X14Y65  u_edge/u_server/ntt/S7/inst/gen_depth_gt1.shift_reg_reg[10][2]_srl11/CLK
Low Pulse Width   Fast    SRL16E/CLK          n/a            0.980         5.000       4.020      SLICE_X14Y65  u_edge/u_server/ntt/S7/inst/gen_depth_gt1.shift_reg_reg[10][3]_srl11/CLK
Low Pulse Width   Fast    SRL16E/CLK          n/a            0.980         5.000       4.020      SLICE_X14Y65  u_edge/u_server/ntt/S7/inst/gen_depth_gt1.shift_reg_reg[10][4]_srl11/CLK
Low Pulse Width   Fast    SRL16E/CLK          n/a            0.980         5.000       4.020      SLICE_X14Y65  u_edge/u_server/ntt/S7/inst/gen_depth_gt1.shift_reg_reg[10][5]_srl11/CLK
High Pulse Width  Slow    SRL16E/CLK          n/a            0.980         5.000       4.020      SLICE_X14Y62  u_edge/u_server/ntt/S5/inst/gen_depth_gt1.shift_reg_reg[10][0]_srl11/CLK
High Pulse Width  Fast    SRL16E/CLK          n/a            0.980         5.000       4.020      SLICE_X14Y62  u_edge/u_server/ntt/S5/inst/gen_depth_gt1.shift_reg_reg[10][0]_srl11/CLK
High Pulse Width  Slow    SRL16E/CLK          n/a            0.980         5.000       4.020      SLICE_X14Y62  u_edge/u_server/ntt/S5/inst/gen_depth_gt1.shift_reg_reg[10][1]_srl11/CLK
High Pulse Width  Fast    SRL16E/CLK          n/a            0.980         5.000       4.020      SLICE_X14Y62  u_edge/u_server/ntt/S5/inst/gen_depth_gt1.shift_reg_reg[10][1]_srl11/CLK
High Pulse Width  Slow    SRL16E/CLK          n/a            0.980         5.000       4.020      SLICE_X14Y62  u_edge/u_server/ntt/S5/inst/gen_depth_gt1.shift_reg_reg[10][2]_srl11/CLK
High Pulse Width  Fast    SRL16E/CLK          n/a            0.980         5.000       4.020      SLICE_X14Y62  u_edge/u_server/ntt/S5/inst/gen_depth_gt1.shift_reg_reg[10][2]_srl11/CLK
High Pulse Width  Slow    SRL16E/CLK          n/a            0.980         5.000       4.020      SLICE_X14Y62  u_edge/u_server/ntt/S5/inst/gen_depth_gt1.shift_reg_reg[10][3]_srl11/CLK
High Pulse Width  Fast    SRL16E/CLK          n/a            0.980         5.000       4.020      SLICE_X14Y62  u_edge/u_server/ntt/S5/inst/gen_depth_gt1.shift_reg_reg[10][3]_srl11/CLK
High Pulse Width  Slow    SRL16E/CLK          n/a            0.980         5.000       4.020      SLICE_X14Y62  u_edge/u_server/ntt/S5/inst/gen_depth_gt1.shift_reg_reg[10][4]_srl11/CLK
High Pulse Width  Fast    SRL16E/CLK          n/a            0.980         5.000       4.020      SLICE_X14Y62  u_edge/u_server/ntt/S5/inst/gen_depth_gt1.shift_reg_reg[10][4]_srl11/CLK
High Pulse Width  Slow    SRL16E/CLK          n/a            0.980         5.000       4.020      SLICE_X14Y62  u_edge/u_server/ntt/S5/inst/gen_depth_gt1.shift_reg_reg[10][5]_srl11/CLK
High Pulse Width  Fast    SRL16E/CLK          n/a            0.980         5.000       4.020      SLICE_X14Y62  u_edge/u_server/ntt/S5/inst/gen_depth_gt1.shift_reg_reg[10][5]_srl11/CLK
High Pulse Width  Slow    SRL16E/CLK          n/a            0.980         5.000       4.020      SLICE_X14Y62  u_edge/u_server/ntt/S5/inst/gen_depth_gt1.shift_reg_reg[10][6]_srl11/CLK
High Pulse Width  Fast    SRL16E/CLK          n/a            0.980         5.000       4.020      SLICE_X14Y62  u_edge/u_server/ntt/S5/inst/gen_depth_gt1.shift_reg_reg[10][6]_srl11/CLK
High Pulse Width  Slow    SRL16E/CLK          n/a            0.980         5.000       4.020      SLICE_X14Y62  u_edge/u_server/ntt/S5/inst/gen_depth_gt1.shift_reg_reg[10][7]_srl11/CLK
High Pulse Width  Fast    SRL16E/CLK          n/a            0.980         5.000       4.020      SLICE_X14Y62  u_edge/u_server/ntt/S5/inst/gen_depth_gt1.shift_reg_reg[10][7]_srl11/CLK
High Pulse Width  Slow    SRL16E/CLK          n/a            0.980         5.000       4.020      SLICE_X12Y63  u_edge/u_server/ntt/S6/inst/gen_depth_gt1.shift_reg_reg[10][0]_srl11/CLK
High Pulse Width  Fast    SRL16E/CLK          n/a            0.980         5.000       4.020      SLICE_X12Y63  u_edge/u_server/ntt/S6/inst/gen_depth_gt1.shift_reg_reg[10][0]_srl11/CLK
High Pulse Width  Slow    SRL16E/CLK          n/a            0.980         5.000       4.020      SLICE_X12Y63  u_edge/u_server/ntt/S6/inst/gen_depth_gt1.shift_reg_reg[10][1]_srl11/CLK
High Pulse Width  Fast    SRL16E/CLK          n/a            0.980         5.000       4.020      SLICE_X12Y63  u_edge/u_server/ntt/S6/inst/gen_depth_gt1.shift_reg_reg[10][1]_srl11/CLK



---------------------------------------------------------------------------------------------------
Path Group:  **async_default**
From Clock:  sys_clk
  To Clock:  sys_clk

Setup :            0  Failing Endpoints,  Worst Slack        0.428ns,  Total Violation        0.000ns
Hold  :            0  Failing Endpoints,  Worst Slack        0.891ns,  Total Violation        0.000ns
---------------------------------------------------------------------------------------------------


Max Delay Paths
--------------------------------------------------------------------------------------
Slack (MET) :             0.428ns  (required time - arrival time)
  Source:                 u_edge/u_control/u_scrub/FSM_sequential_state_reg[1]/C
                            (rising edge-triggered cell FDCE clocked by sys_clk  {rise@0.000ns fall@5.000ns period=10.000ns})
  Destination:            u_edge/u_server/hash/sponge/algo_inst/STEP_MAPPING_5/Str_out_reg[1300]/CLR
                            (recovery check against rising-edge clock sys_clk  {rise@0.000ns fall@5.000ns period=10.000ns})
  Path Group:             **async_default**
  Path Type:              Recovery (Max at Slow Process Corner)
  Requirement:            10.000ns  (sys_clk rise@10.000ns - sys_clk rise@0.000ns)
  Data Path Delay:        9.083ns  (logic 0.580ns (6.385%)  route 8.503ns (93.615%))
  Logic Levels:           1  (LUT5=1)
  Clock Path Skew:        -0.049ns (DCD - SCD + CPR)
    Destination Clock Delay (DCD):    0.924ns = ( 10.924 - 10.000 )
    Source Clock Delay      (SCD):    0.973ns
    Clock Pessimism Removal (CPR):    0.000ns
  Clock Uncertainty:      0.035ns  ((TSJ^2 + TIJ^2)^1/2 + DJ) / 2 + PE
    Total System Jitter     (TSJ):    0.071ns
    Total Input Jitter      (TIJ):    0.000ns
    Discrete Jitter          (DJ):    0.000ns
    Phase Error              (PE):    0.000ns

    Location             Delay type                Incr(ns)  Path(ns)    Netlist Resource(s)
  -------------------------------------------------------------------    -------------------
                         (clock sys_clk rise edge)    0.000     0.000 r
                                                      0.000     0.000 r  clk (IN)
                         net (fo=19605, unset)        0.973     0.973    u_edge/u_control/u_scrub/clk
    SLICE_X29Y89         FDCE                                         r  u_edge/u_control/u_scrub/FSM_sequential_state_reg[1]/C
  -------------------------------------------------------------------    -------------------
    SLICE_X29Y89         FDCE (Prop_fdce_C_Q)         0.456     1.429 r  u_edge/u_control/u_scrub/FSM_sequential_state_reg[1]/Q
                         net (fo=27, routed)          1.896     3.325    u_edge/u_control/state__0[1]
    SLICE_X14Y87         LUT5 (Prop_lut5_I0_O)        0.124     3.449 f  u_edge/u_control/valid_out_reg_i_1/O
                         net (fo=2551, routed)        6.607    10.056    u_edge/u_server/hash/sponge/algo_inst/STEP_MAPPING_5/core_reset
    SLICE_X11Y142        FDCE                                         f  u_edge/u_server/hash/sponge/algo_inst/STEP_MAPPING_5/Str_out_reg[1300]/CLR
  -------------------------------------------------------------------    -------------------

                         (clock sys_clk rise edge)   10.000    10.000 r
                                                      0.000    10.000 r  clk (IN)
                         net (fo=19605, unset)        0.924    10.924    u_edge/u_server/hash/sponge/algo_inst/STEP_MAPPING_5/clk
    SLICE_X11Y142        FDCE                                         r  u_edge/u_server/hash/sponge/algo_inst/STEP_MAPPING_5/Str_out_reg[1300]/C
                         clock pessimism              0.000    10.924
                         clock uncertainty           -0.035    10.889
    SLICE_X11Y142        FDCE (Recov_fdce_C_CLR)     -0.405    10.484    u_edge/u_server/hash/sponge/algo_inst/STEP_MAPPING_5/Str_out_reg[1300]
  -------------------------------------------------------------------
                         required time                         10.484
                         arrival time                         -10.056
  -------------------------------------------------------------------
                         slack                                  0.428

Slack (MET) :             0.428ns  (required time - arrival time)
  Source:                 u_edge/u_control/u_scrub/FSM_sequential_state_reg[1]/C
                            (rising edge-triggered cell FDCE clocked by sys_clk  {rise@0.000ns fall@5.000ns period=10.000ns})
  Destination:            u_edge/u_server/hash/sponge/algo_inst/STEP_MAPPING_5/Str_out_reg[1364]/CLR
                            (recovery check against rising-edge clock sys_clk  {rise@0.000ns fall@5.000ns period=10.000ns})
  Path Group:             **async_default**
  Path Type:              Recovery (Max at Slow Process Corner)
  Requirement:            10.000ns  (sys_clk rise@10.000ns - sys_clk rise@0.000ns)
  Data Path Delay:        9.083ns  (logic 0.580ns (6.385%)  route 8.503ns (93.615%))
  Logic Levels:           1  (LUT5=1)
  Clock Path Skew:        -0.049ns (DCD - SCD + CPR)
    Destination Clock Delay (DCD):    0.924ns = ( 10.924 - 10.000 )
    Source Clock Delay      (SCD):    0.973ns
    Clock Pessimism Removal (CPR):    0.000ns
  Clock Uncertainty:      0.035ns  ((TSJ^2 + TIJ^2)^1/2 + DJ) / 2 + PE
    Total System Jitter     (TSJ):    0.071ns
    Total Input Jitter      (TIJ):    0.000ns
    Discrete Jitter          (DJ):    0.000ns
    Phase Error              (PE):    0.000ns

    Location             Delay type                Incr(ns)  Path(ns)    Netlist Resource(s)
  -------------------------------------------------------------------    -------------------
                         (clock sys_clk rise edge)    0.000     0.000 r
                                                      0.000     0.000 r  clk (IN)
                         net (fo=19605, unset)        0.973     0.973    u_edge/u_control/u_scrub/clk
    SLICE_X29Y89         FDCE                                         r  u_edge/u_control/u_scrub/FSM_sequential_state_reg[1]/C
  -------------------------------------------------------------------    -------------------
    SLICE_X29Y89         FDCE (Prop_fdce_C_Q)         0.456     1.429 r  u_edge/u_control/u_scrub/FSM_sequential_state_reg[1]/Q
                         net (fo=27, routed)          1.896     3.325    u_edge/u_control/state__0[1]
    SLICE_X14Y87         LUT5 (Prop_lut5_I0_O)        0.124     3.449 f  u_edge/u_control/valid_out_reg_i_1/O
                         net (fo=2551, routed)        6.607    10.056    u_edge/u_server/hash/sponge/algo_inst/STEP_MAPPING_5/core_reset
    SLICE_X11Y142        FDCE                                         f  u_edge/u_server/hash/sponge/algo_inst/STEP_MAPPING_5/Str_out_reg[1364]/CLR
  -------------------------------------------------------------------    -------------------

                         (clock sys_clk rise edge)   10.000    10.000 r
                                                      0.000    10.000 r  clk (IN)
                         net (fo=19605, unset)        0.924    10.924    u_edge/u_server/hash/sponge/algo_inst/STEP_MAPPING_5/clk
    SLICE_X11Y142        FDCE                                         r  u_edge/u_server/hash/sponge/algo_inst/STEP_MAPPING_5/Str_out_reg[1364]/C
                         clock pessimism              0.000    10.924
                         clock uncertainty           -0.035    10.889
    SLICE_X11Y142        FDCE (Recov_fdce_C_CLR)     -0.405    10.484    u_edge/u_server/hash/sponge/algo_inst/STEP_MAPPING_5/Str_out_reg[1364]
  -------------------------------------------------------------------
                         required time                         10.484
                         arrival time                         -10.056
  -------------------------------------------------------------------
                         slack                                  0.428

Slack (MET) :             0.428ns  (required time - arrival time)
  Source:                 u_edge/u_control/u_scrub/FSM_sequential_state_reg[1]/C
                            (rising edge-triggered cell FDCE clocked by sys_clk  {rise@0.000ns fall@5.000ns period=10.000ns})
  Destination:            u_edge/u_server/hash/sponge/algo_inst/STEP_MAPPING_5/Str_out_reg[1492]/CLR
                            (recovery check against rising-edge clock sys_clk  {rise@0.000ns fall@5.000ns period=10.000ns})
  Path Group:             **async_default**
  Path Type:              Recovery (Max at Slow Process Corner)
  Requirement:            10.000ns  (sys_clk rise@10.000ns - sys_clk rise@0.000ns)
  Data Path Delay:        9.083ns  (logic 0.580ns (6.385%)  route 8.503ns (93.615%))
  Logic Levels:           1  (LUT5=1)
  Clock Path Skew:        -0.049ns (DCD - SCD + CPR)
    Destination Clock Delay (DCD):    0.924ns = ( 10.924 - 10.000 )
    Source Clock Delay      (SCD):    0.973ns
    Clock Pessimism Removal (CPR):    0.000ns
  Clock Uncertainty:      0.035ns  ((TSJ^2 + TIJ^2)^1/2 + DJ) / 2 + PE
    Total System Jitter     (TSJ):    0.071ns
    Total Input Jitter      (TIJ):    0.000ns
    Discrete Jitter          (DJ):    0.000ns
    Phase Error              (PE):    0.000ns

    Location             Delay type                Incr(ns)  Path(ns)    Netlist Resource(s)
  -------------------------------------------------------------------    -------------------
                         (clock sys_clk rise edge)    0.000     0.000 r
                                                      0.000     0.000 r  clk (IN)
                         net (fo=19605, unset)        0.973     0.973    u_edge/u_control/u_scrub/clk
    SLICE_X29Y89         FDCE                                         r  u_edge/u_control/u_scrub/FSM_sequential_state_reg[1]/C
  -------------------------------------------------------------------    -------------------
    SLICE_X29Y89         FDCE (Prop_fdce_C_Q)         0.456     1.429 r  u_edge/u_control/u_scrub/FSM_sequential_state_reg[1]/Q
                         net (fo=27, routed)          1.896     3.325    u_edge/u_control/state__0[1]
    SLICE_X14Y87         LUT5 (Prop_lut5_I0_O)        0.124     3.449 f  u_edge/u_control/valid_out_reg_i_1/O
                         net (fo=2551, routed)        6.607    10.056    u_edge/u_server/hash/sponge/algo_inst/STEP_MAPPING_5/core_reset
    SLICE_X11Y142        FDCE                                         f  u_edge/u_server/hash/sponge/algo_inst/STEP_MAPPING_5/Str_out_reg[1492]/CLR
  -------------------------------------------------------------------    -------------------

                         (clock sys_clk rise edge)   10.000    10.000 r
                                                      0.000    10.000 r  clk (IN)
                         net (fo=19605, unset)        0.924    10.924    u_edge/u_server/hash/sponge/algo_inst/STEP_MAPPING_5/clk
    SLICE_X11Y142        FDCE                                         r  u_edge/u_server/hash/sponge/algo_inst/STEP_MAPPING_5/Str_out_reg[1492]/C
                         clock pessimism              0.000    10.924
                         clock uncertainty           -0.035    10.889
    SLICE_X11Y142        FDCE (Recov_fdce_C_CLR)     -0.405    10.484    u_edge/u_server/hash/sponge/algo_inst/STEP_MAPPING_5/Str_out_reg[1492]
  -------------------------------------------------------------------
                         required time                         10.484
                         arrival time                         -10.056
  -------------------------------------------------------------------
                         slack                                  0.428

Slack (MET) :             0.428ns  (required time - arrival time)
  Source:                 u_edge/u_control/u_scrub/FSM_sequential_state_reg[1]/C
                            (rising edge-triggered cell FDCE clocked by sys_clk  {rise@0.000ns fall@5.000ns period=10.000ns})
  Destination:            u_edge/u_server/hash/sponge/algo_inst/STEP_MAPPING_5/Str_out_reg[1556]/CLR
                            (recovery check against rising-edge clock sys_clk  {rise@0.000ns fall@5.000ns period=10.000ns})
  Path Group:             **async_default**
  Path Type:              Recovery (Max at Slow Process Corner)
  Requirement:            10.000ns  (sys_clk rise@10.000ns - sys_clk rise@0.000ns)
  Data Path Delay:        9.083ns  (logic 0.580ns (6.385%)  route 8.503ns (93.615%))
  Logic Levels:           1  (LUT5=1)
  Clock Path Skew:        -0.049ns (DCD - SCD + CPR)
    Destination Clock Delay (DCD):    0.924ns = ( 10.924 - 10.000 )
    Source Clock Delay      (SCD):    0.973ns
    Clock Pessimism Removal (CPR):    0.000ns
  Clock Uncertainty:      0.035ns  ((TSJ^2 + TIJ^2)^1/2 + DJ) / 2 + PE
    Total System Jitter     (TSJ):    0.071ns
    Total Input Jitter      (TIJ):    0.000ns
    Discrete Jitter          (DJ):    0.000ns
    Phase Error              (PE):    0.000ns

    Location             Delay type                Incr(ns)  Path(ns)    Netlist Resource(s)
  -------------------------------------------------------------------    -------------------
                         (clock sys_clk rise edge)    0.000     0.000 r
                                                      0.000     0.000 r  clk (IN)
                         net (fo=19605, unset)        0.973     0.973    u_edge/u_control/u_scrub/clk
    SLICE_X29Y89         FDCE                                         r  u_edge/u_control/u_scrub/FSM_sequential_state_reg[1]/C
  -------------------------------------------------------------------    -------------------
    SLICE_X29Y89         FDCE (Prop_fdce_C_Q)         0.456     1.429 r  u_edge/u_control/u_scrub/FSM_sequential_state_reg[1]/Q
                         net (fo=27, routed)          1.896     3.325    u_edge/u_control/state__0[1]
    SLICE_X14Y87         LUT5 (Prop_lut5_I0_O)        0.124     3.449 f  u_edge/u_control/valid_out_reg_i_1/O
                         net (fo=2551, routed)        6.607    10.056    u_edge/u_server/hash/sponge/algo_inst/STEP_MAPPING_5/core_reset
    SLICE_X11Y142        FDCE                                         f  u_edge/u_server/hash/sponge/algo_inst/STEP_MAPPING_5/Str_out_reg[1556]/CLR
  -------------------------------------------------------------------    -------------------

                         (clock sys_clk rise edge)   10.000    10.000 r
                                                      0.000    10.000 r  clk (IN)
                         net (fo=19605, unset)        0.924    10.924    u_edge/u_server/hash/sponge/algo_inst/STEP_MAPPING_5/clk
    SLICE_X11Y142        FDCE                                         r  u_edge/u_server/hash/sponge/algo_inst/STEP_MAPPING_5/Str_out_reg[1556]/C
                         clock pessimism              0.000    10.924
                         clock uncertainty           -0.035    10.889
    SLICE_X11Y142        FDCE (Recov_fdce_C_CLR)     -0.405    10.484    u_edge/u_server/hash/sponge/algo_inst/STEP_MAPPING_5/Str_out_reg[1556]
  -------------------------------------------------------------------
                         required time                         10.484
                         arrival time                         -10.056
  -------------------------------------------------------------------
                         slack                                  0.428

Slack (MET) :             0.431ns  (required time - arrival time)
  Source:                 u_edge/u_control/u_scrub/FSM_sequential_state_reg[1]/C
                            (rising edge-triggered cell FDCE clocked by sys_clk  {rise@0.000ns fall@5.000ns period=10.000ns})
  Destination:            u_edge/u_server/hash/sponge/algo_inst/STEP_MAPPING_5/Str_out_reg[1345]/CLR
                            (recovery check against rising-edge clock sys_clk  {rise@0.000ns fall@5.000ns period=10.000ns})
  Path Group:             **async_default**
  Path Type:              Recovery (Max at Slow Process Corner)
  Requirement:            10.000ns  (sys_clk rise@10.000ns - sys_clk rise@0.000ns)
  Data Path Delay:        9.166ns  (logic 0.580ns (6.328%)  route 8.586ns (93.672%))
  Logic Levels:           1  (LUT5=1)
  Clock Path Skew:        -0.049ns (DCD - SCD + CPR)
    Destination Clock Delay (DCD):    0.924ns = ( 10.924 - 10.000 )
    Source Clock Delay      (SCD):    0.973ns
    Clock Pessimism Removal (CPR):    0.000ns
  Clock Uncertainty:      0.035ns  ((TSJ^2 + TIJ^2)^1/2 + DJ) / 2 + PE
    Total System Jitter     (TSJ):    0.071ns
    Total Input Jitter      (TIJ):    0.000ns
    Discrete Jitter          (DJ):    0.000ns
    Phase Error              (PE):    0.000ns

    Location             Delay type                Incr(ns)  Path(ns)    Netlist Resource(s)
  -------------------------------------------------------------------    -------------------
                         (clock sys_clk rise edge)    0.000     0.000 r
                                                      0.000     0.000 r  clk (IN)
                         net (fo=19605, unset)        0.973     0.973    u_edge/u_control/u_scrub/clk
    SLICE_X29Y89         FDCE                                         r  u_edge/u_control/u_scrub/FSM_sequential_state_reg[1]/C
  -------------------------------------------------------------------    -------------------
    SLICE_X29Y89         FDCE (Prop_fdce_C_Q)         0.456     1.429 r  u_edge/u_control/u_scrub/FSM_sequential_state_reg[1]/Q
                         net (fo=27, routed)          1.896     3.325    u_edge/u_control/state__0[1]
    SLICE_X14Y87         LUT5 (Prop_lut5_I0_O)        0.124     3.449 f  u_edge/u_control/valid_out_reg_i_1/O
                         net (fo=2551, routed)        6.690    10.139    u_edge/u_server/hash/sponge/algo_inst/STEP_MAPPING_5/core_reset
    SLICE_X10Y141        FDCE                                         f  u_edge/u_server/hash/sponge/algo_inst/STEP_MAPPING_5/Str_out_reg[1345]/CLR
  -------------------------------------------------------------------    -------------------

                         (clock sys_clk rise edge)   10.000    10.000 r
                                                      0.000    10.000 r  clk (IN)
                         net (fo=19605, unset)        0.924    10.924    u_edge/u_server/hash/sponge/algo_inst/STEP_MAPPING_5/clk
    SLICE_X10Y141        FDCE                                         r  u_edge/u_server/hash/sponge/algo_inst/STEP_MAPPING_5/Str_out_reg[1345]/C
                         clock pessimism              0.000    10.924
                         clock uncertainty           -0.035    10.889
    SLICE_X10Y141        FDCE (Recov_fdce_C_CLR)     -0.319    10.570    u_edge/u_server/hash/sponge/algo_inst/STEP_MAPPING_5/Str_out_reg[1345]
  -------------------------------------------------------------------
                         required time                         10.570
                         arrival time                         -10.139
  -------------------------------------------------------------------
                         slack                                  0.431

Slack (MET) :             0.431ns  (required time - arrival time)
  Source:                 u_edge/u_control/u_scrub/FSM_sequential_state_reg[1]/C
                            (rising edge-triggered cell FDCE clocked by sys_clk  {rise@0.000ns fall@5.000ns period=10.000ns})
  Destination:            u_edge/u_server/hash/sponge/algo_inst/STEP_MAPPING_5/Str_out_reg[831]/CLR
                            (recovery check against rising-edge clock sys_clk  {rise@0.000ns fall@5.000ns period=10.000ns})
  Path Group:             **async_default**
  Path Type:              Recovery (Max at Slow Process Corner)
  Requirement:            10.000ns  (sys_clk rise@10.000ns - sys_clk rise@0.000ns)
  Data Path Delay:        9.166ns  (logic 0.580ns (6.328%)  route 8.586ns (93.672%))
  Logic Levels:           1  (LUT5=1)
  Clock Path Skew:        -0.049ns (DCD - SCD + CPR)
    Destination Clock Delay (DCD):    0.924ns = ( 10.924 - 10.000 )
    Source Clock Delay      (SCD):    0.973ns
    Clock Pessimism Removal (CPR):    0.000ns
  Clock Uncertainty:      0.035ns  ((TSJ^2 + TIJ^2)^1/2 + DJ) / 2 + PE
    Total System Jitter     (TSJ):    0.071ns
    Total Input Jitter      (TIJ):    0.000ns
    Discrete Jitter          (DJ):    0.000ns
    Phase Error              (PE):    0.000ns

    Location             Delay type                Incr(ns)  Path(ns)    Netlist Resource(s)
  -------------------------------------------------------------------    -------------------
                         (clock sys_clk rise edge)    0.000     0.000 r
                                                      0.000     0.000 r  clk (IN)
                         net (fo=19605, unset)        0.973     0.973    u_edge/u_control/u_scrub/clk
    SLICE_X29Y89         FDCE                                         r  u_edge/u_control/u_scrub/FSM_sequential_state_reg[1]/C
  -------------------------------------------------------------------    -------------------
    SLICE_X29Y89         FDCE (Prop_fdce_C_Q)         0.456     1.429 r  u_edge/u_control/u_scrub/FSM_sequential_state_reg[1]/Q
                         net (fo=27, routed)          1.896     3.325    u_edge/u_control/state__0[1]
    SLICE_X14Y87         LUT5 (Prop_lut5_I0_O)        0.124     3.449 f  u_edge/u_control/valid_out_reg_i_1/O
                         net (fo=2551, routed)        6.690    10.139    u_edge/u_server/hash/sponge/algo_inst/STEP_MAPPING_5/core_reset
    SLICE_X10Y141        FDCE                                         f  u_edge/u_server/hash/sponge/algo_inst/STEP_MAPPING_5/Str_out_reg[831]/CLR
  -------------------------------------------------------------------    -------------------

                         (clock sys_clk rise edge)   10.000    10.000 r
                                                      0.000    10.000 r  clk (IN)
                         net (fo=19605, unset)        0.924    10.924    u_edge/u_server/hash/sponge/algo_inst/STEP_MAPPING_5/clk
    SLICE_X10Y141        FDCE                                         r  u_edge/u_server/hash/sponge/algo_inst/STEP_MAPPING_5/Str_out_reg[831]/C
                         clock pessimism              0.000    10.924
                         clock uncertainty           -0.035    10.889
    SLICE_X10Y141        FDCE (Recov_fdce_C_CLR)     -0.319    10.570    u_edge/u_server/hash/sponge/algo_inst/STEP_MAPPING_5/Str_out_reg[831]
  -------------------------------------------------------------------
                         required time                         10.570
                         arrival time                         -10.139
  -------------------------------------------------------------------
                         slack                                  0.431

Slack (MET) :             0.496ns  (required time - arrival time)
  Source:                 u_edge/u_control/u_scrub/FSM_sequential_state_reg[1]/C
                            (rising edge-triggered cell FDCE clocked by sys_clk  {rise@0.000ns fall@5.000ns period=10.000ns})
  Destination:            u_edge/u_server/hash/sponge/algo_inst/STEP_MAPPING_5/Str_out_reg[1314]/CLR
                            (recovery check against rising-edge clock sys_clk  {rise@0.000ns fall@5.000ns period=10.000ns})
  Path Group:             **async_default**
  Path Type:              Recovery (Max at Slow Process Corner)
  Requirement:            10.000ns  (sys_clk rise@10.000ns - sys_clk rise@0.000ns)
  Data Path Delay:        9.015ns  (logic 0.580ns (6.434%)  route 8.435ns (93.566%))
  Logic Levels:           1  (LUT5=1)
  Clock Path Skew:        -0.049ns (DCD - SCD + CPR)
    Destination Clock Delay (DCD):    0.924ns = ( 10.924 - 10.000 )
    Source Clock Delay      (SCD):    0.973ns
    Clock Pessimism Removal (CPR):    0.000ns
  Clock Uncertainty:      0.035ns  ((TSJ^2 + TIJ^2)^1/2 + DJ) / 2 + PE
    Total System Jitter     (TSJ):    0.071ns
    Total Input Jitter      (TIJ):    0.000ns
    Discrete Jitter          (DJ):    0.000ns
    Phase Error              (PE):    0.000ns

    Location             Delay type                Incr(ns)  Path(ns)    Netlist Resource(s)
  -------------------------------------------------------------------    -------------------
                         (clock sys_clk rise edge)    0.000     0.000 r
                                                      0.000     0.000 r  clk (IN)
                         net (fo=19605, unset)        0.973     0.973    u_edge/u_control/u_scrub/clk
    SLICE_X29Y89         FDCE                                         r  u_edge/u_control/u_scrub/FSM_sequential_state_reg[1]/C
  -------------------------------------------------------------------    -------------------
    SLICE_X29Y89         FDCE (Prop_fdce_C_Q)         0.456     1.429 r  u_edge/u_control/u_scrub/FSM_sequential_state_reg[1]/Q
                         net (fo=27, routed)          1.896     3.325    u_edge/u_control/state__0[1]
    SLICE_X14Y87         LUT5 (Prop_lut5_I0_O)        0.124     3.449 f  u_edge/u_control/valid_out_reg_i_1/O
                         net (fo=2551, routed)        6.539     9.988    u_edge/u_server/hash/sponge/algo_inst/STEP_MAPPING_5/core_reset
    SLICE_X1Y137         FDCE                                         f  u_edge/u_server/hash/sponge/algo_inst/STEP_MAPPING_5/Str_out_reg[1314]/CLR
  -------------------------------------------------------------------    -------------------

                         (clock sys_clk rise edge)   10.000    10.000 r
                                                      0.000    10.000 r  clk (IN)
                         net (fo=19605, unset)        0.924    10.924    u_edge/u_server/hash/sponge/algo_inst/STEP_MAPPING_5/clk
    SLICE_X1Y137         FDCE                                         r  u_edge/u_server/hash/sponge/algo_inst/STEP_MAPPING_5/Str_out_reg[1314]/C
                         clock pessimism              0.000    10.924
                         clock uncertainty           -0.035    10.889
    SLICE_X1Y137         FDCE (Recov_fdce_C_CLR)     -0.405    10.484    u_edge/u_server/hash/sponge/algo_inst/STEP_MAPPING_5/Str_out_reg[1314]
  -------------------------------------------------------------------
                         required time                         10.484
                         arrival time                          -9.988
  -------------------------------------------------------------------
                         slack                                  0.496

Slack (MET) :             0.496ns  (required time - arrival time)
  Source:                 u_edge/u_control/u_scrub/FSM_sequential_state_reg[1]/C
                            (rising edge-triggered cell FDCE clocked by sys_clk  {rise@0.000ns fall@5.000ns period=10.000ns})
  Destination:            u_edge/u_server/hash/sponge/algo_inst/STEP_MAPPING_5/Str_out_reg[1378]/CLR
                            (recovery check against rising-edge clock sys_clk  {rise@0.000ns fall@5.000ns period=10.000ns})
  Path Group:             **async_default**
  Path Type:              Recovery (Max at Slow Process Corner)
  Requirement:            10.000ns  (sys_clk rise@10.000ns - sys_clk rise@0.000ns)
  Data Path Delay:        9.015ns  (logic 0.580ns (6.434%)  route 8.435ns (93.566%))
  Logic Levels:           1  (LUT5=1)
  Clock Path Skew:        -0.049ns (DCD - SCD + CPR)
    Destination Clock Delay (DCD):    0.924ns = ( 10.924 - 10.000 )
    Source Clock Delay      (SCD):    0.973ns
    Clock Pessimism Removal (CPR):    0.000ns
  Clock Uncertainty:      0.035ns  ((TSJ^2 + TIJ^2)^1/2 + DJ) / 2 + PE
    Total System Jitter     (TSJ):    0.071ns
    Total Input Jitter      (TIJ):    0.000ns
    Discrete Jitter          (DJ):    0.000ns
    Phase Error              (PE):    0.000ns

    Location             Delay type                Incr(ns)  Path(ns)    Netlist Resource(s)
  -------------------------------------------------------------------    -------------------
                         (clock sys_clk rise edge)    0.000     0.000 r
                                                      0.000     0.000 r  clk (IN)
                         net (fo=19605, unset)        0.973     0.973    u_edge/u_control/u_scrub/clk
    SLICE_X29Y89         FDCE                                         r  u_edge/u_control/u_scrub/FSM_sequential_state_reg[1]/C
  -------------------------------------------------------------------    -------------------
    SLICE_X29Y89         FDCE (Prop_fdce_C_Q)         0.456     1.429 r  u_edge/u_control/u_scrub/FSM_sequential_state_reg[1]/Q
                         net (fo=27, routed)          1.896     3.325    u_edge/u_control/state__0[1]
    SLICE_X14Y87         LUT5 (Prop_lut5_I0_O)        0.124     3.449 f  u_edge/u_control/valid_out_reg_i_1/O
                         net (fo=2551, routed)        6.539     9.988    u_edge/u_server/hash/sponge/algo_inst/STEP_MAPPING_5/core_reset
    SLICE_X1Y137         FDCE                                         f  u_edge/u_server/hash/sponge/algo_inst/STEP_MAPPING_5/Str_out_reg[1378]/CLR
  -------------------------------------------------------------------    -------------------

                         (clock sys_clk rise edge)   10.000    10.000 r
                                                      0.000    10.000 r  clk (IN)
                         net (fo=19605, unset)        0.924    10.924    u_edge/u_server/hash/sponge/algo_inst/STEP_MAPPING_5/clk
    SLICE_X1Y137         FDCE                                         r  u_edge/u_server/hash/sponge/algo_inst/STEP_MAPPING_5/Str_out_reg[1378]/C
                         clock pessimism              0.000    10.924
                         clock uncertainty           -0.035    10.889
    SLICE_X1Y137         FDCE (Recov_fdce_C_CLR)     -0.405    10.484    u_edge/u_server/hash/sponge/algo_inst/STEP_MAPPING_5/Str_out_reg[1378]
  -------------------------------------------------------------------
                         required time                         10.484
                         arrival time                          -9.988
  -------------------------------------------------------------------
                         slack                                  0.496

Slack (MET) :             0.496ns  (required time - arrival time)
  Source:                 u_edge/u_control/u_scrub/FSM_sequential_state_reg[1]/C
                            (rising edge-triggered cell FDCE clocked by sys_clk  {rise@0.000ns fall@5.000ns period=10.000ns})
  Destination:            u_edge/u_server/hash/sponge/algo_inst/STEP_MAPPING_5/Str_out_reg[1570]/CLR
                            (recovery check against rising-edge clock sys_clk  {rise@0.000ns fall@5.000ns period=10.000ns})
  Path Group:             **async_default**
  Path Type:              Recovery (Max at Slow Process Corner)
  Requirement:            10.000ns  (sys_clk rise@10.000ns - sys_clk rise@0.000ns)
  Data Path Delay:        9.015ns  (logic 0.580ns (6.434%)  route 8.435ns (93.566%))
  Logic Levels:           1  (LUT5=1)
  Clock Path Skew:        -0.049ns (DCD - SCD + CPR)
    Destination Clock Delay (DCD):    0.924ns = ( 10.924 - 10.000 )
    Source Clock Delay      (SCD):    0.973ns
    Clock Pessimism Removal (CPR):    0.000ns
  Clock Uncertainty:      0.035ns  ((TSJ^2 + TIJ^2)^1/2 + DJ) / 2 + PE
    Total System Jitter     (TSJ):    0.071ns
    Total Input Jitter      (TIJ):    0.000ns
    Discrete Jitter          (DJ):    0.000ns
    Phase Error              (PE):    0.000ns

    Location             Delay type                Incr(ns)  Path(ns)    Netlist Resource(s)
  -------------------------------------------------------------------    -------------------
                         (clock sys_clk rise edge)    0.000     0.000 r
                                                      0.000     0.000 r  clk (IN)
                         net (fo=19605, unset)        0.973     0.973    u_edge/u_control/u_scrub/clk
    SLICE_X29Y89         FDCE                                         r  u_edge/u_control/u_scrub/FSM_sequential_state_reg[1]/C
  -------------------------------------------------------------------    -------------------
    SLICE_X29Y89         FDCE (Prop_fdce_C_Q)         0.456     1.429 r  u_edge/u_control/u_scrub/FSM_sequential_state_reg[1]/Q
                         net (fo=27, routed)          1.896     3.325    u_edge/u_control/state__0[1]
    SLICE_X14Y87         LUT5 (Prop_lut5_I0_O)        0.124     3.449 f  u_edge/u_control/valid_out_reg_i_1/O
                         net (fo=2551, routed)        6.539     9.988    u_edge/u_server/hash/sponge/algo_inst/STEP_MAPPING_5/core_reset
    SLICE_X1Y137         FDCE                                         f  u_edge/u_server/hash/sponge/algo_inst/STEP_MAPPING_5/Str_out_reg[1570]/CLR
  -------------------------------------------------------------------    -------------------

                         (clock sys_clk rise edge)   10.000    10.000 r
                                                      0.000    10.000 r  clk (IN)
                         net (fo=19605, unset)        0.924    10.924    u_edge/u_server/hash/sponge/algo_inst/STEP_MAPPING_5/clk
    SLICE_X1Y137         FDCE                                         r  u_edge/u_server/hash/sponge/algo_inst/STEP_MAPPING_5/Str_out_reg[1570]/C
                         clock pessimism              0.000    10.924
                         clock uncertainty           -0.035    10.889
    SLICE_X1Y137         FDCE (Recov_fdce_C_CLR)     -0.405    10.484    u_edge/u_server/hash/sponge/algo_inst/STEP_MAPPING_5/Str_out_reg[1570]
  -------------------------------------------------------------------
                         required time                         10.484
                         arrival time                          -9.988
  -------------------------------------------------------------------
                         slack                                  0.496

Slack (MET) :             0.514ns  (required time - arrival time)
  Source:                 u_edge/u_control/u_scrub/FSM_sequential_state_reg[1]/C
                            (rising edge-triggered cell FDCE clocked by sys_clk  {rise@0.000ns fall@5.000ns period=10.000ns})
  Destination:            u_edge/u_server/hash/sponge/algo_inst/STEP_MAPPING_5/Str_out_reg[725]/CLR
                            (recovery check against rising-edge clock sys_clk  {rise@0.000ns fall@5.000ns period=10.000ns})
  Path Group:             **async_default**
  Path Type:              Recovery (Max at Slow Process Corner)
  Requirement:            10.000ns  (sys_clk rise@10.000ns - sys_clk rise@0.000ns)
  Data Path Delay:        9.083ns  (logic 0.580ns (6.385%)  route 8.503ns (93.615%))
  Logic Levels:           1  (LUT5=1)
  Clock Path Skew:        -0.049ns (DCD - SCD + CPR)
    Destination Clock Delay (DCD):    0.924ns = ( 10.924 - 10.000 )
    Source Clock Delay      (SCD):    0.973ns
    Clock Pessimism Removal (CPR):    0.000ns
  Clock Uncertainty:      0.035ns  ((TSJ^2 + TIJ^2)^1/2 + DJ) / 2 + PE
    Total System Jitter     (TSJ):    0.071ns
    Total Input Jitter      (TIJ):    0.000ns
    Discrete Jitter          (DJ):    0.000ns
    Phase Error              (PE):    0.000ns

    Location             Delay type                Incr(ns)  Path(ns)    Netlist Resource(s)
  -------------------------------------------------------------------    -------------------
                         (clock sys_clk rise edge)    0.000     0.000 r
                                                      0.000     0.000 r  clk (IN)
                         net (fo=19605, unset)        0.973     0.973    u_edge/u_control/u_scrub/clk
    SLICE_X29Y89         FDCE                                         r  u_edge/u_control/u_scrub/FSM_sequential_state_reg[1]/C
  -------------------------------------------------------------------    -------------------
    SLICE_X29Y89         FDCE (Prop_fdce_C_Q)         0.456     1.429 r  u_edge/u_control/u_scrub/FSM_sequential_state_reg[1]/Q
                         net (fo=27, routed)          1.896     3.325    u_edge/u_control/state__0[1]
    SLICE_X14Y87         LUT5 (Prop_lut5_I0_O)        0.124     3.449 f  u_edge/u_control/valid_out_reg_i_1/O
                         net (fo=2551, routed)        6.607    10.056    u_edge/u_server/hash/sponge/algo_inst/STEP_MAPPING_5/core_reset
    SLICE_X10Y142        FDCE                                         f  u_edge/u_server/hash/sponge/algo_inst/STEP_MAPPING_5/Str_out_reg[725]/CLR
  -------------------------------------------------------------------    -------------------

                         (clock sys_clk rise edge)   10.000    10.000 r
                                                      0.000    10.000 r  clk (IN)
                         net (fo=19605, unset)        0.924    10.924    u_edge/u_server/hash/sponge/algo_inst/STEP_MAPPING_5/clk
    SLICE_X10Y142        FDCE                                         r  u_edge/u_server/hash/sponge/algo_inst/STEP_MAPPING_5/Str_out_reg[725]/C
                         clock pessimism              0.000    10.924
                         clock uncertainty           -0.035    10.889
    SLICE_X10Y142        FDCE (Recov_fdce_C_CLR)     -0.319    10.570    u_edge/u_server/hash/sponge/algo_inst/STEP_MAPPING_5/Str_out_reg[725]
  -------------------------------------------------------------------
                         required time                         10.570
                         arrival time                         -10.056
  -------------------------------------------------------------------
                         slack                                  0.514

Slack (MET) :             0.557ns  (required time - arrival time)
  Source:                 u_edge/u_control/u_scrub/FSM_sequential_state_reg[1]/C
                            (rising edge-triggered cell FDCE clocked by sys_clk  {rise@0.000ns fall@5.000ns period=10.000ns})
  Destination:            u_edge/u_server/hash/sponge/algo_inst/STEP_MAPPING_5/Str_out_reg[963]/CLR
                            (recovery check against rising-edge clock sys_clk  {rise@0.000ns fall@5.000ns period=10.000ns})
  Path Group:             **async_default**
  Path Type:              Recovery (Max at Slow Process Corner)
  Requirement:            10.000ns  (sys_clk rise@10.000ns - sys_clk rise@0.000ns)
  Data Path Delay:        9.040ns  (logic 0.580ns (6.416%)  route 8.460ns (93.584%))
  Logic Levels:           1  (LUT5=1)
  Clock Path Skew:        -0.049ns (DCD - SCD + CPR)
    Destination Clock Delay (DCD):    0.924ns = ( 10.924 - 10.000 )
    Source Clock Delay      (SCD):    0.973ns
    Clock Pessimism Removal (CPR):    0.000ns
  Clock Uncertainty:      0.035ns  ((TSJ^2 + TIJ^2)^1/2 + DJ) / 2 + PE
    Total System Jitter     (TSJ):    0.071ns
    Total Input Jitter      (TIJ):    0.000ns
    Discrete Jitter          (DJ):    0.000ns
    Phase Error              (PE):    0.000ns

    Location             Delay type                Incr(ns)  Path(ns)    Netlist Resource(s)
  -------------------------------------------------------------------    -------------------
                         (clock sys_clk rise edge)    0.000     0.000 r
                                                      0.000     0.000 r  clk (IN)
                         net (fo=19605, unset)        0.973     0.973    u_edge/u_control/u_scrub/clk
    SLICE_X29Y89         FDCE                                         r  u_edge/u_control/u_scrub/FSM_sequential_state_reg[1]/C
  -------------------------------------------------------------------    -------------------
    SLICE_X29Y89         FDCE (Prop_fdce_C_Q)         0.456     1.429 r  u_edge/u_control/u_scrub/FSM_sequential_state_reg[1]/Q
                         net (fo=27, routed)          1.896     3.325    u_edge/u_control/state__0[1]
    SLICE_X14Y87         LUT5 (Prop_lut5_I0_O)        0.124     3.449 f  u_edge/u_control/valid_out_reg_i_1/O
                         net (fo=2551, routed)        6.563    10.013    u_edge/u_server/hash/sponge/algo_inst/STEP_MAPPING_5/core_reset
    SLICE_X12Y143        FDCE                                         f  u_edge/u_server/hash/sponge/algo_inst/STEP_MAPPING_5/Str_out_reg[963]/CLR
  -------------------------------------------------------------------    -------------------

                         (clock sys_clk rise edge)   10.000    10.000 r
                                                      0.000    10.000 r  clk (IN)
                         net (fo=19605, unset)        0.924    10.924    u_edge/u_server/hash/sponge/algo_inst/STEP_MAPPING_5/clk
    SLICE_X12Y143        FDCE                                         r  u_edge/u_server/hash/sponge/algo_inst/STEP_MAPPING_5/Str_out_reg[963]/C
                         clock pessimism              0.000    10.924
                         clock uncertainty           -0.035    10.889
    SLICE_X12Y143        FDCE (Recov_fdce_C_CLR)     -0.319    10.570    u_edge/u_server/hash/sponge/algo_inst/STEP_MAPPING_5/Str_out_reg[963]
  -------------------------------------------------------------------
                         required time                         10.570
                         arrival time                         -10.013
  -------------------------------------------------------------------
                         slack                                  0.557

Slack (MET) :             0.586ns  (required time - arrival time)
  Source:                 u_edge/u_control/u_scrub/FSM_sequential_state_reg[1]/C
                            (rising edge-triggered cell FDCE clocked by sys_clk  {rise@0.000ns fall@5.000ns period=10.000ns})
  Destination:            u_edge/u_server/hash/sponge/algo_inst/STEP_MAPPING_5/Str_out_reg[1388]/CLR
                            (recovery check against rising-edge clock sys_clk  {rise@0.000ns fall@5.000ns period=10.000ns})
  Path Group:             **async_default**
  Path Type:              Recovery (Max at Slow Process Corner)
  Requirement:            10.000ns  (sys_clk rise@10.000ns - sys_clk rise@0.000ns)
  Data Path Delay:        8.925ns  (logic 0.580ns (6.499%)  route 8.345ns (93.501%))
  Logic Levels:           1  (LUT5=1)
  Clock Path Skew:        -0.049ns (DCD - SCD + CPR)
    Destination Clock Delay (DCD):    0.924ns = ( 10.924 - 10.000 )
    Source Clock Delay      (SCD):    0.973ns
    Clock Pessimism Removal (CPR):    0.000ns
  Clock Uncertainty:      0.035ns  ((TSJ^2 + TIJ^2)^1/2 + DJ) / 2 + PE
    Total System Jitter     (TSJ):    0.071ns
    Total Input Jitter      (TIJ):    0.000ns
    Discrete Jitter          (DJ):    0.000ns
    Phase Error              (PE):    0.000ns

    Location             Delay type                Incr(ns)  Path(ns)    Netlist Resource(s)
  -------------------------------------------------------------------    -------------------
                         (clock sys_clk rise edge)    0.000     0.000 r
                                                      0.000     0.000 r  clk (IN)
                         net (fo=19605, unset)        0.973     0.973    u_edge/u_control/u_scrub/clk
    SLICE_X29Y89         FDCE                                         r  u_edge/u_control/u_scrub/FSM_sequential_state_reg[1]/C
  -------------------------------------------------------------------    -------------------
    SLICE_X29Y89         FDCE (Prop_fdce_C_Q)         0.456     1.429 r  u_edge/u_control/u_scrub/FSM_sequential_state_reg[1]/Q
                         net (fo=27, routed)          1.896     3.325    u_edge/u_control/state__0[1]
    SLICE_X14Y87         LUT5 (Prop_lut5_I0_O)        0.124     3.449 f  u_edge/u_control/valid_out_reg_i_1/O
                         net (fo=2551, routed)        6.449     9.898    u_edge/u_server/hash/sponge/algo_inst/STEP_MAPPING_5/core_reset
    SLICE_X1Y139         FDCE                                         f  u_edge/u_server/hash/sponge/algo_inst/STEP_MAPPING_5/Str_out_reg[1388]/CLR
  -------------------------------------------------------------------    -------------------

                         (clock sys_clk rise edge)   10.000    10.000 r
                                                      0.000    10.000 r  clk (IN)
                         net (fo=19605, unset)        0.924    10.924    u_edge/u_server/hash/sponge/algo_inst/STEP_MAPPING_5/clk
    SLICE_X1Y139         FDCE                                         r  u_edge/u_server/hash/sponge/algo_inst/STEP_MAPPING_5/Str_out_reg[1388]/C
                         clock pessimism              0.000    10.924
                         clock uncertainty           -0.035    10.889
    SLICE_X1Y139         FDCE (Recov_fdce_C_CLR)     -0.405    10.484    u_edge/u_server/hash/sponge/algo_inst/STEP_MAPPING_5/Str_out_reg[1388]
  -------------------------------------------------------------------
                         required time                         10.484
                         arrival time                          -9.898
  -------------------------------------------------------------------
                         slack                                  0.586

Slack (MET) :             0.586ns  (required time - arrival time)
  Source:                 u_edge/u_control/u_scrub/FSM_sequential_state_reg[1]/C
                            (rising edge-triggered cell FDCE clocked by sys_clk  {rise@0.000ns fall@5.000ns period=10.000ns})
  Destination:            u_edge/u_server/hash/sponge/algo_inst/STEP_MAPPING_5/Str_out_reg[1452]/CLR
                            (recovery check against rising-edge clock sys_clk  {rise@0.000ns fall@5.000ns period=10.000ns})
  Path Group:             **async_default**
  Path Type:              Recovery (Max at Slow Process Corner)
  Requirement:            10.000ns  (sys_clk rise@10.000ns - sys_clk rise@0.000ns)
  Data Path Delay:        8.925ns  (logic 0.580ns (6.499%)  route 8.345ns (93.501%))
  Logic Levels:           1  (LUT5=1)
  Clock Path Skew:        -0.049ns (DCD - SCD + CPR)
    Destination Clock Delay (DCD):    0.924ns = ( 10.924 - 10.000 )
    Source Clock Delay      (SCD):    0.973ns
    Clock Pessimism Removal (CPR):    0.000ns
  Clock Uncertainty:      0.035ns  ((TSJ^2 + TIJ^2)^1/2 + DJ) / 2 + PE
    Total System Jitter     (TSJ):    0.071ns
    Total Input Jitter      (TIJ):    0.000ns
    Discrete Jitter          (DJ):    0.000ns
    Phase Error              (PE):    0.000ns

    Location             Delay type                Incr(ns)  Path(ns)    Netlist Resource(s)
  -------------------------------------------------------------------    -------------------
                         (clock sys_clk rise edge)    0.000     0.000 r
                                                      0.000     0.000 r  clk (IN)
                         net (fo=19605, unset)        0.973     0.973    u_edge/u_control/u_scrub/clk
    SLICE_X29Y89         FDCE                                         r  u_edge/u_control/u_scrub/FSM_sequential_state_reg[1]/C
  -------------------------------------------------------------------    -------------------
    SLICE_X29Y89         FDCE (Prop_fdce_C_Q)         0.456     1.429 r  u_edge/u_control/u_scrub/FSM_sequential_state_reg[1]/Q
                         net (fo=27, routed)          1.896     3.325    u_edge/u_control/state__0[1]
    SLICE_X14Y87         LUT5 (Prop_lut5_I0_O)        0.124     3.449 f  u_edge/u_control/valid_out_reg_i_1/O
                         net (fo=2551, routed)        6.449     9.898    u_edge/u_server/hash/sponge/algo_inst/STEP_MAPPING_5/core_reset
    SLICE_X1Y139         FDCE                                         f  u_edge/u_server/hash/sponge/algo_inst/STEP_MAPPING_5/Str_out_reg[1452]/CLR
  -------------------------------------------------------------------    -------------------

                         (clock sys_clk rise edge)   10.000    10.000 r
                                                      0.000    10.000 r  clk (IN)
                         net (fo=19605, unset)        0.924    10.924    u_edge/u_server/hash/sponge/algo_inst/STEP_MAPPING_5/clk
    SLICE_X1Y139         FDCE                                         r  u_edge/u_server/hash/sponge/algo_inst/STEP_MAPPING_5/Str_out_reg[1452]/C
                         clock pessimism              0.000    10.924
                         clock uncertainty           -0.035    10.889
    SLICE_X1Y139         FDCE (Recov_fdce_C_CLR)     -0.405    10.484    u_edge/u_server/hash/sponge/algo_inst/STEP_MAPPING_5/Str_out_reg[1452]
  -------------------------------------------------------------------
                         required time                         10.484
                         arrival time                          -9.898
  -------------------------------------------------------------------
                         slack                                  0.586

Slack (MET) :             0.586ns  (required time - arrival time)
  Source:                 u_edge/u_control/u_scrub/FSM_sequential_state_reg[1]/C
                            (rising edge-triggered cell FDCE clocked by sys_clk  {rise@0.000ns fall@5.000ns period=10.000ns})
  Destination:            u_edge/u_server/hash/sponge/algo_inst/STEP_MAPPING_5/Str_out_reg[1580]/CLR
                            (recovery check against rising-edge clock sys_clk  {rise@0.000ns fall@5.000ns period=10.000ns})
  Path Group:             **async_default**
  Path Type:              Recovery (Max at Slow Process Corner)
  Requirement:            10.000ns  (sys_clk rise@10.000ns - sys_clk rise@0.000ns)
  Data Path Delay:        8.925ns  (logic 0.580ns (6.499%)  route 8.345ns (93.501%))
  Logic Levels:           1  (LUT5=1)
  Clock Path Skew:        -0.049ns (DCD - SCD + CPR)
    Destination Clock Delay (DCD):    0.924ns = ( 10.924 - 10.000 )
    Source Clock Delay      (SCD):    0.973ns
    Clock Pessimism Removal (CPR):    0.000ns
  Clock Uncertainty:      0.035ns  ((TSJ^2 + TIJ^2)^1/2 + DJ) / 2 + PE
    Total System Jitter     (TSJ):    0.071ns
    Total Input Jitter      (TIJ):    0.000ns
    Discrete Jitter          (DJ):    0.000ns
    Phase Error              (PE):    0.000ns

    Location             Delay type                Incr(ns)  Path(ns)    Netlist Resource(s)
  -------------------------------------------------------------------    -------------------
                         (clock sys_clk rise edge)    0.000     0.000 r
                                                      0.000     0.000 r  clk (IN)
                         net (fo=19605, unset)        0.973     0.973    u_edge/u_control/u_scrub/clk
    SLICE_X29Y89         FDCE                                         r  u_edge/u_control/u_scrub/FSM_sequential_state_reg[1]/C
  -------------------------------------------------------------------    -------------------
    SLICE_X29Y89         FDCE (Prop_fdce_C_Q)         0.456     1.429 r  u_edge/u_control/u_scrub/FSM_sequential_state_reg[1]/Q
                         net (fo=27, routed)          1.896     3.325    u_edge/u_control/state__0[1]
    SLICE_X14Y87         LUT5 (Prop_lut5_I0_O)        0.124     3.449 f  u_edge/u_control/valid_out_reg_i_1/O
                         net (fo=2551, routed)        6.449     9.898    u_edge/u_server/hash/sponge/algo_inst/STEP_MAPPING_5/core_reset
    SLICE_X1Y139         FDCE                                         f  u_edge/u_server/hash/sponge/algo_inst/STEP_MAPPING_5/Str_out_reg[1580]/CLR
  -------------------------------------------------------------------    -------------------

                         (clock sys_clk rise edge)   10.000    10.000 r
                                                      0.000    10.000 r  clk (IN)
                         net (fo=19605, unset)        0.924    10.924    u_edge/u_server/hash/sponge/algo_inst/STEP_MAPPING_5/clk
    SLICE_X1Y139         FDCE                                         r  u_edge/u_server/hash/sponge/algo_inst/STEP_MAPPING_5/Str_out_reg[1580]/C
                         clock pessimism              0.000    10.924
                         clock uncertainty           -0.035    10.889
    SLICE_X1Y139         FDCE (Recov_fdce_C_CLR)     -0.405    10.484    u_edge/u_server/hash/sponge/algo_inst/STEP_MAPPING_5/Str_out_reg[1580]
  -------------------------------------------------------------------
                         required time                         10.484
                         arrival time                          -9.898
  -------------------------------------------------------------------
                         slack                                  0.586

Slack (MET) :             0.603ns  (required time - arrival time)
  Source:                 u_edge/u_control/u_scrub/FSM_sequential_state_reg[1]/C
                            (rising edge-triggered cell FDCE clocked by sys_clk  {rise@0.000ns fall@5.000ns period=10.000ns})
  Destination:            u_edge/u_server/hash/sponge/algo_inst/STEP_MAPPING_5/Str_out_reg[694]/CLR
                            (recovery check against rising-edge clock sys_clk  {rise@0.000ns fall@5.000ns period=10.000ns})
  Path Group:             **async_default**
  Path Type:              Recovery (Max at Slow Process Corner)
  Requirement:            10.000ns  (sys_clk rise@10.000ns - sys_clk rise@0.000ns)
  Data Path Delay:        8.908ns  (logic 0.580ns (6.511%)  route 8.328ns (93.489%))
  Logic Levels:           1  (LUT5=1)
  Clock Path Skew:        -0.049ns (DCD - SCD + CPR)
    Destination Clock Delay (DCD):    0.924ns = ( 10.924 - 10.000 )
    Source Clock Delay      (SCD):    0.973ns
    Clock Pessimism Removal (CPR):    0.000ns
  Clock Uncertainty:      0.035ns  ((TSJ^2 + TIJ^2)^1/2 + DJ) / 2 + PE
    Total System Jitter     (TSJ):    0.071ns
    Total Input Jitter      (TIJ):    0.000ns
    Discrete Jitter          (DJ):    0.000ns
    Phase Error              (PE):    0.000ns

    Location             Delay type                Incr(ns)  Path(ns)    Netlist Resource(s)
  -------------------------------------------------------------------    -------------------
                         (clock sys_clk rise edge)    0.000     0.000 r
                                                      0.000     0.000 r  clk (IN)
                         net (fo=19605, unset)        0.973     0.973    u_edge/u_control/u_scrub/clk
    SLICE_X29Y89         FDCE                                         r  u_edge/u_control/u_scrub/FSM_sequential_state_reg[1]/C
  -------------------------------------------------------------------    -------------------
    SLICE_X29Y89         FDCE (Prop_fdce_C_Q)         0.456     1.429 r  u_edge/u_control/u_scrub/FSM_sequential_state_reg[1]/Q
                         net (fo=27, routed)          1.896     3.325    u_edge/u_control/state__0[1]
    SLICE_X14Y87         LUT5 (Prop_lut5_I0_O)        0.124     3.449 f  u_edge/u_control/valid_out_reg_i_1/O
                         net (fo=2551, routed)        6.431     9.881    u_edge/u_server/hash/sponge/algo_inst/STEP_MAPPING_5/core_reset
    SLICE_X11Y145        FDCE                                         f  u_edge/u_server/hash/sponge/algo_inst/STEP_MAPPING_5/Str_out_reg[694]/CLR
  -------------------------------------------------------------------    -------------------

                         (clock sys_clk rise edge)   10.000    10.000 r
                                                      0.000    10.000 r  clk (IN)
                         net (fo=19605, unset)        0.924    10.924    u_edge/u_server/hash/sponge/algo_inst/STEP_MAPPING_5/clk
    SLICE_X11Y145        FDCE                                         r  u_edge/u_server/hash/sponge/algo_inst/STEP_MAPPING_5/Str_out_reg[694]/C
                         clock pessimism              0.000    10.924
                         clock uncertainty           -0.035    10.889
    SLICE_X11Y145        FDCE (Recov_fdce_C_CLR)     -0.405    10.484    u_edge/u_server/hash/sponge/algo_inst/STEP_MAPPING_5/Str_out_reg[694]
  -------------------------------------------------------------------
                         required time                         10.484
                         arrival time                          -9.881
  -------------------------------------------------------------------
                         slack                                  0.603

Slack (MET) :             0.603ns  (required time - arrival time)
  Source:                 u_edge/u_control/u_scrub/FSM_sequential_state_reg[1]/C
                            (rising edge-triggered cell FDCE clocked by sys_clk  {rise@0.000ns fall@5.000ns period=10.000ns})
  Destination:            u_edge/u_server/hash/sponge/algo_inst/STEP_MAPPING_5/Str_out_reg[758]/CLR
                            (recovery check against rising-edge clock sys_clk  {rise@0.000ns fall@5.000ns period=10.000ns})
  Path Group:             **async_default**
  Path Type:              Recovery (Max at Slow Process Corner)
  Requirement:            10.000ns  (sys_clk rise@10.000ns - sys_clk rise@0.000ns)
  Data Path Delay:        8.908ns  (logic 0.580ns (6.511%)  route 8.328ns (93.489%))
  Logic Levels:           1  (LUT5=1)
  Clock Path Skew:        -0.049ns (DCD - SCD + CPR)
    Destination Clock Delay (DCD):    0.924ns = ( 10.924 - 10.000 )
    Source Clock Delay      (SCD):    0.973ns
    Clock Pessimism Removal (CPR):    0.000ns
  Clock Uncertainty:      0.035ns  ((TSJ^2 + TIJ^2)^1/2 + DJ) / 2 + PE
    Total System Jitter     (TSJ):    0.071ns
    Total Input Jitter      (TIJ):    0.000ns
    Discrete Jitter          (DJ):    0.000ns
    Phase Error              (PE):    0.000ns

    Location             Delay type                Incr(ns)  Path(ns)    Netlist Resource(s)
  -------------------------------------------------------------------    -------------------
                         (clock sys_clk rise edge)    0.000     0.000 r
                                                      0.000     0.000 r  clk (IN)
                         net (fo=19605, unset)        0.973     0.973    u_edge/u_control/u_scrub/clk
    SLICE_X29Y89         FDCE                                         r  u_edge/u_control/u_scrub/FSM_sequential_state_reg[1]/C
  -------------------------------------------------------------------    -------------------
    SLICE_X29Y89         FDCE (Prop_fdce_C_Q)         0.456     1.429 r  u_edge/u_control/u_scrub/FSM_sequential_state_reg[1]/Q
                         net (fo=27, routed)          1.896     3.325    u_edge/u_control/state__0[1]
    SLICE_X14Y87         LUT5 (Prop_lut5_I0_O)        0.124     3.449 f  u_edge/u_control/valid_out_reg_i_1/O
                         net (fo=2551, routed)        6.431     9.881    u_edge/u_server/hash/sponge/algo_inst/STEP_MAPPING_5/core_reset
    SLICE_X11Y145        FDCE                                         f  u_edge/u_server/hash/sponge/algo_inst/STEP_MAPPING_5/Str_out_reg[758]/CLR
  -------------------------------------------------------------------    -------------------

                         (clock sys_clk rise edge)   10.000    10.000 r
                                                      0.000    10.000 r  clk (IN)
                         net (fo=19605, unset)        0.924    10.924    u_edge/u_server/hash/sponge/algo_inst/STEP_MAPPING_5/clk
    SLICE_X11Y145        FDCE                                         r  u_edge/u_server/hash/sponge/algo_inst/STEP_MAPPING_5/Str_out_reg[758]/C
                         clock pessimism              0.000    10.924
                         clock uncertainty           -0.035    10.889
    SLICE_X11Y145        FDCE (Recov_fdce_C_CLR)     -0.405    10.484    u_edge/u_server/hash/sponge/algo_inst/STEP_MAPPING_5/Str_out_reg[758]
  -------------------------------------------------------------------
                         required time                         10.484
                         arrival time                          -9.881
  -------------------------------------------------------------------
                         slack                                  0.603

Slack (MET) :             0.689ns  (required time - arrival time)
  Source:                 u_edge/u_control/u_scrub/FSM_sequential_state_reg[1]/C
                            (rising edge-triggered cell FDCE clocked by sys_clk  {rise@0.000ns fall@5.000ns period=10.000ns})
  Destination:            u_edge/u_server/hash/sponge/algo_inst/STEP_MAPPING_5/Str_out_reg[160]/CLR
                            (recovery check against rising-edge clock sys_clk  {rise@0.000ns fall@5.000ns period=10.000ns})
  Path Group:             **async_default**
  Path Type:              Recovery (Max at Slow Process Corner)
  Requirement:            10.000ns  (sys_clk rise@10.000ns - sys_clk rise@0.000ns)
  Data Path Delay:        8.908ns  (logic 0.580ns (6.511%)  route 8.328ns (93.489%))
  Logic Levels:           1  (LUT5=1)
  Clock Path Skew:        -0.049ns (DCD - SCD + CPR)
    Destination Clock Delay (DCD):    0.924ns = ( 10.924 - 10.000 )
    Source Clock Delay      (SCD):    0.973ns
    Clock Pessimism Removal (CPR):    0.000ns
  Clock Uncertainty:      0.035ns  ((TSJ^2 + TIJ^2)^1/2 + DJ) / 2 + PE
    Total System Jitter     (TSJ):    0.071ns
    Total Input Jitter      (TIJ):    0.000ns
    Discrete Jitter          (DJ):    0.000ns
    Phase Error              (PE):    0.000ns

    Location             Delay type                Incr(ns)  Path(ns)    Netlist Resource(s)
  -------------------------------------------------------------------    -------------------
                         (clock sys_clk rise edge)    0.000     0.000 r
                                                      0.000     0.000 r  clk (IN)
                         net (fo=19605, unset)        0.973     0.973    u_edge/u_control/u_scrub/clk
    SLICE_X29Y89         FDCE                                         r  u_edge/u_control/u_scrub/FSM_sequential_state_reg[1]/C
  -------------------------------------------------------------------    -------------------
    SLICE_X29Y89         FDCE (Prop_fdce_C_Q)         0.456     1.429 r  u_edge/u_control/u_scrub/FSM_sequential_state_reg[1]/Q
                         net (fo=27, routed)          1.896     3.325    u_edge/u_control/state__0[1]
    SLICE_X14Y87         LUT5 (Prop_lut5_I0_O)        0.124     3.449 f  u_edge/u_control/valid_out_reg_i_1/O
                         net (fo=2551, routed)        6.431     9.881    u_edge/u_server/hash/sponge/algo_inst/STEP_MAPPING_5/core_reset
    SLICE_X10Y145        FDCE                                         f  u_edge/u_server/hash/sponge/algo_inst/STEP_MAPPING_5/Str_out_reg[160]/CLR
  -------------------------------------------------------------------    -------------------

                         (clock sys_clk rise edge)   10.000    10.000 r
                                                      0.000    10.000 r  clk (IN)
                         net (fo=19605, unset)        0.924    10.924    u_edge/u_server/hash/sponge/algo_inst/STEP_MAPPING_5/clk
    SLICE_X10Y145        FDCE                                         r  u_edge/u_server/hash/sponge/algo_inst/STEP_MAPPING_5/Str_out_reg[160]/C
                         clock pessimism              0.000    10.924
                         clock uncertainty           -0.035    10.889
    SLICE_X10Y145        FDCE (Recov_fdce_C_CLR)     -0.319    10.570    u_edge/u_server/hash/sponge/algo_inst/STEP_MAPPING_5/Str_out_reg[160]
  -------------------------------------------------------------------
                         required time                         10.570
                         arrival time                          -9.881
  -------------------------------------------------------------------
                         slack                                  0.689

Slack (MET) :             0.689ns  (required time - arrival time)
  Source:                 u_edge/u_control/u_scrub/FSM_sequential_state_reg[1]/C
                            (rising edge-triggered cell FDCE clocked by sys_clk  {rise@0.000ns fall@5.000ns period=10.000ns})
  Destination:            u_edge/u_server/hash/sponge/algo_inst/STEP_MAPPING_5/Str_out_reg[224]/CLR
                            (recovery check against rising-edge clock sys_clk  {rise@0.000ns fall@5.000ns period=10.000ns})
  Path Group:             **async_default**
  Path Type:              Recovery (Max at Slow Process Corner)
  Requirement:            10.000ns  (sys_clk rise@10.000ns - sys_clk rise@0.000ns)
  Data Path Delay:        8.908ns  (logic 0.580ns (6.511%)  route 8.328ns (93.489%))
  Logic Levels:           1  (LUT5=1)
  Clock Path Skew:        -0.049ns (DCD - SCD + CPR)
    Destination Clock Delay (DCD):    0.924ns = ( 10.924 - 10.000 )
    Source Clock Delay      (SCD):    0.973ns
    Clock Pessimism Removal (CPR):    0.000ns
  Clock Uncertainty:      0.035ns  ((TSJ^2 + TIJ^2)^1/2 + DJ) / 2 + PE
    Total System Jitter     (TSJ):    0.071ns
    Total Input Jitter      (TIJ):    0.000ns
    Discrete Jitter          (DJ):    0.000ns
    Phase Error              (PE):    0.000ns

    Location             Delay type                Incr(ns)  Path(ns)    Netlist Resource(s)
  -------------------------------------------------------------------    -------------------
                         (clock sys_clk rise edge)    0.000     0.000 r
                                                      0.000     0.000 r  clk (IN)
                         net (fo=19605, unset)        0.973     0.973    u_edge/u_control/u_scrub/clk
    SLICE_X29Y89         FDCE                                         r  u_edge/u_control/u_scrub/FSM_sequential_state_reg[1]/C
  -------------------------------------------------------------------    -------------------
    SLICE_X29Y89         FDCE (Prop_fdce_C_Q)         0.456     1.429 r  u_edge/u_control/u_scrub/FSM_sequential_state_reg[1]/Q
                         net (fo=27, routed)          1.896     3.325    u_edge/u_control/state__0[1]
    SLICE_X14Y87         LUT5 (Prop_lut5_I0_O)        0.124     3.449 f  u_edge/u_control/valid_out_reg_i_1/O
                         net (fo=2551, routed)        6.431     9.881    u_edge/u_server/hash/sponge/algo_inst/STEP_MAPPING_5/core_reset
    SLICE_X10Y145        FDCE                                         f  u_edge/u_server/hash/sponge/algo_inst/STEP_MAPPING_5/Str_out_reg[224]/CLR
  -------------------------------------------------------------------    -------------------

                         (clock sys_clk rise edge)   10.000    10.000 r
                                                      0.000    10.000 r  clk (IN)
                         net (fo=19605, unset)        0.924    10.924    u_edge/u_server/hash/sponge/algo_inst/STEP_MAPPING_5/clk
    SLICE_X10Y145        FDCE                                         r  u_edge/u_server/hash/sponge/algo_inst/STEP_MAPPING_5/Str_out_reg[224]/C
                         clock pessimism              0.000    10.924
                         clock uncertainty           -0.035    10.889
    SLICE_X10Y145        FDCE (Recov_fdce_C_CLR)     -0.319    10.570    u_edge/u_server/hash/sponge/algo_inst/STEP_MAPPING_5/Str_out_reg[224]
  -------------------------------------------------------------------
                         required time                         10.570
                         arrival time                          -9.881
  -------------------------------------------------------------------
                         slack                                  0.689

Slack (MET) :             0.689ns  (required time - arrival time)
  Source:                 u_edge/u_control/u_scrub/FSM_sequential_state_reg[1]/C
                            (rising edge-triggered cell FDCE clocked by sys_clk  {rise@0.000ns fall@5.000ns period=10.000ns})
  Destination:            u_edge/u_server/hash/sponge/algo_inst/STEP_MAPPING_5/Str_out_reg[288]/CLR
                            (recovery check against rising-edge clock sys_clk  {rise@0.000ns fall@5.000ns period=10.000ns})
  Path Group:             **async_default**
  Path Type:              Recovery (Max at Slow Process Corner)
  Requirement:            10.000ns  (sys_clk rise@10.000ns - sys_clk rise@0.000ns)
  Data Path Delay:        8.908ns  (logic 0.580ns (6.511%)  route 8.328ns (93.489%))
  Logic Levels:           1  (LUT5=1)
  Clock Path Skew:        -0.049ns (DCD - SCD + CPR)
    Destination Clock Delay (DCD):    0.924ns = ( 10.924 - 10.000 )
    Source Clock Delay      (SCD):    0.973ns
    Clock Pessimism Removal (CPR):    0.000ns
  Clock Uncertainty:      0.035ns  ((TSJ^2 + TIJ^2)^1/2 + DJ) / 2 + PE
    Total System Jitter     (TSJ):    0.071ns
    Total Input Jitter      (TIJ):    0.000ns
    Discrete Jitter          (DJ):    0.000ns
    Phase Error              (PE):    0.000ns

    Location             Delay type                Incr(ns)  Path(ns)    Netlist Resource(s)
  -------------------------------------------------------------------    -------------------
                         (clock sys_clk rise edge)    0.000     0.000 r
                                                      0.000     0.000 r  clk (IN)
                         net (fo=19605, unset)        0.973     0.973    u_edge/u_control/u_scrub/clk
    SLICE_X29Y89         FDCE                                         r  u_edge/u_control/u_scrub/FSM_sequential_state_reg[1]/C
  -------------------------------------------------------------------    -------------------
    SLICE_X29Y89         FDCE (Prop_fdce_C_Q)         0.456     1.429 r  u_edge/u_control/u_scrub/FSM_sequential_state_reg[1]/Q
                         net (fo=27, routed)          1.896     3.325    u_edge/u_control/state__0[1]
    SLICE_X14Y87         LUT5 (Prop_lut5_I0_O)        0.124     3.449 f  u_edge/u_control/valid_out_reg_i_1/O
                         net (fo=2551, routed)        6.431     9.881    u_edge/u_server/hash/sponge/algo_inst/STEP_MAPPING_5/core_reset
    SLICE_X10Y145        FDCE                                         f  u_edge/u_server/hash/sponge/algo_inst/STEP_MAPPING_5/Str_out_reg[288]/CLR
  -------------------------------------------------------------------    -------------------

                         (clock sys_clk rise edge)   10.000    10.000 r
                                                      0.000    10.000 r  clk (IN)
                         net (fo=19605, unset)        0.924    10.924    u_edge/u_server/hash/sponge/algo_inst/STEP_MAPPING_5/clk
    SLICE_X10Y145        FDCE                                         r  u_edge/u_server/hash/sponge/algo_inst/STEP_MAPPING_5/Str_out_reg[288]/C
                         clock pessimism              0.000    10.924
                         clock uncertainty           -0.035    10.889
    SLICE_X10Y145        FDCE (Recov_fdce_C_CLR)     -0.319    10.570    u_edge/u_server/hash/sponge/algo_inst/STEP_MAPPING_5/Str_out_reg[288]
  -------------------------------------------------------------------
                         required time                         10.570
                         arrival time                          -9.881
  -------------------------------------------------------------------
                         slack                                  0.689

Slack (MET) :             0.689ns  (required time - arrival time)
  Source:                 u_edge/u_control/u_scrub/FSM_sequential_state_reg[1]/C
                            (rising edge-triggered cell FDCE clocked by sys_clk  {rise@0.000ns fall@5.000ns period=10.000ns})
  Destination:            u_edge/u_server/hash/sponge/algo_inst/STEP_MAPPING_5/Str_out_reg[96]/CLR
                            (recovery check against rising-edge clock sys_clk  {rise@0.000ns fall@5.000ns period=10.000ns})
  Path Group:             **async_default**
  Path Type:              Recovery (Max at Slow Process Corner)
  Requirement:            10.000ns  (sys_clk rise@10.000ns - sys_clk rise@0.000ns)
  Data Path Delay:        8.908ns  (logic 0.580ns (6.511%)  route 8.328ns (93.489%))
  Logic Levels:           1  (LUT5=1)
  Clock Path Skew:        -0.049ns (DCD - SCD + CPR)
    Destination Clock Delay (DCD):    0.924ns = ( 10.924 - 10.000 )
    Source Clock Delay      (SCD):    0.973ns
    Clock Pessimism Removal (CPR):    0.000ns
  Clock Uncertainty:      0.035ns  ((TSJ^2 + TIJ^2)^1/2 + DJ) / 2 + PE
    Total System Jitter     (TSJ):    0.071ns
    Total Input Jitter      (TIJ):    0.000ns
    Discrete Jitter          (DJ):    0.000ns
    Phase Error              (PE):    0.000ns

    Location             Delay type                Incr(ns)  Path(ns)    Netlist Resource(s)
  -------------------------------------------------------------------    -------------------
                         (clock sys_clk rise edge)    0.000     0.000 r
                                                      0.000     0.000 r  clk (IN)
                         net (fo=19605, unset)        0.973     0.973    u_edge/u_control/u_scrub/clk
    SLICE_X29Y89         FDCE                                         r  u_edge/u_control/u_scrub/FSM_sequential_state_reg[1]/C
  -------------------------------------------------------------------    -------------------
    SLICE_X29Y89         FDCE (Prop_fdce_C_Q)         0.456     1.429 r  u_edge/u_control/u_scrub/FSM_sequential_state_reg[1]/Q
                         net (fo=27, routed)          1.896     3.325    u_edge/u_control/state__0[1]
    SLICE_X14Y87         LUT5 (Prop_lut5_I0_O)        0.124     3.449 f  u_edge/u_control/valid_out_reg_i_1/O
                         net (fo=2551, routed)        6.431     9.881    u_edge/u_server/hash/sponge/algo_inst/STEP_MAPPING_5/core_reset
    SLICE_X10Y145        FDCE                                         f  u_edge/u_server/hash/sponge/algo_inst/STEP_MAPPING_5/Str_out_reg[96]/CLR
  -------------------------------------------------------------------    -------------------

                         (clock sys_clk rise edge)   10.000    10.000 r
                                                      0.000    10.000 r  clk (IN)
                         net (fo=19605, unset)        0.924    10.924    u_edge/u_server/hash/sponge/algo_inst/STEP_MAPPING_5/clk
    SLICE_X10Y145        FDCE                                         r  u_edge/u_server/hash/sponge/algo_inst/STEP_MAPPING_5/Str_out_reg[96]/C
                         clock pessimism              0.000    10.924
                         clock uncertainty           -0.035    10.889
    SLICE_X10Y145        FDCE (Recov_fdce_C_CLR)     -0.319    10.570    u_edge/u_server/hash/sponge/algo_inst/STEP_MAPPING_5/Str_out_reg[96]
  -------------------------------------------------------------------
                         required time                         10.570
                         arrival time                          -9.881
  -------------------------------------------------------------------
                         slack                                  0.689





Min Delay Paths
--------------------------------------------------------------------------------------
Slack (MET) :             0.891ns  (arrival time - required time)
  Source:                 FSM_sequential_state_reg[2]/C
                            (rising edge-triggered cell FDPE clocked by sys_clk  {rise@0.000ns fall@5.000ns period=10.000ns})
  Destination:            u_puf/shiftreg_inst/p_out_reg[66]/CLR
                            (removal check against rising-edge clock sys_clk  {rise@0.000ns fall@5.000ns period=10.000ns})
  Path Group:             **async_default**
  Path Type:              Removal (Min at Fast Process Corner)
  Requirement:            0.000ns  (sys_clk rise@0.000ns - sys_clk rise@0.000ns)
  Data Path Delay:        0.846ns  (logic 0.209ns (24.715%)  route 0.637ns (75.285%))
  Logic Levels:           1  (LUT6=1)
  Clock Path Skew:        0.022ns (DCD - SCD - CPR)
    Destination Clock Delay (DCD):    0.432ns
    Source Clock Delay      (SCD):    0.410ns
    Clock Pessimism Removal (CPR):    -0.000ns

    Location             Delay type                Incr(ns)  Path(ns)    Netlist Resource(s)
  -------------------------------------------------------------------    -------------------
                         (clock sys_clk rise edge)    0.000     0.000 r
                                                      0.000     0.000 r  clk (IN)
                         net (fo=19605, unset)        0.410     0.410    clk
    SLICE_X8Y31          FDPE                                         r  FSM_sequential_state_reg[2]/C
  -------------------------------------------------------------------    -------------------
    SLICE_X8Y31          FDPE (Prop_fdpe_C_Q)         0.164     0.574 r  FSM_sequential_state_reg[2]/Q
                         net (fo=17, routed)          0.328     0.902    u_puf/shiftreg_inst/p_out_reg[0]_0[2]
    SLICE_X8Y30          LUT6 (Prop_lut6_I3_O)        0.045     0.947 f  u_puf/shiftreg_inst/FSM_onehot_state[6]_i_3/O
                         net (fo=310, routed)         0.309     1.256    u_puf/shiftreg_inst/FSM_sequential_state_reg[1]
    SLICE_X6Y28          FDCE                                         f  u_puf/shiftreg_inst/p_out_reg[66]/CLR
  -------------------------------------------------------------------    -------------------

                         (clock sys_clk rise edge)    0.000     0.000 r
                                                      0.000     0.000 r  clk (IN)
                         net (fo=19605, unset)        0.432     0.432    u_puf/shiftreg_inst/clk
    SLICE_X6Y28          FDCE                                         r  u_puf/shiftreg_inst/p_out_reg[66]/C
                         clock pessimism              0.000     0.432
    SLICE_X6Y28          FDCE (Remov_fdce_C_CLR)     -0.067     0.365    u_puf/shiftreg_inst/p_out_reg[66]
  -------------------------------------------------------------------
                         required time                         -0.365
                         arrival time                           1.256
  -------------------------------------------------------------------
                         slack                                  0.891

Slack (MET) :             0.891ns  (arrival time - required time)
  Source:                 FSM_sequential_state_reg[2]/C
                            (rising edge-triggered cell FDPE clocked by sys_clk  {rise@0.000ns fall@5.000ns period=10.000ns})
  Destination:            u_puf/shiftreg_inst/p_out_reg[67]/CLR
                            (removal check against rising-edge clock sys_clk  {rise@0.000ns fall@5.000ns period=10.000ns})
  Path Group:             **async_default**
  Path Type:              Removal (Min at Fast Process Corner)
  Requirement:            0.000ns  (sys_clk rise@0.000ns - sys_clk rise@0.000ns)
  Data Path Delay:        0.846ns  (logic 0.209ns (24.715%)  route 0.637ns (75.285%))
  Logic Levels:           1  (LUT6=1)
  Clock Path Skew:        0.022ns (DCD - SCD - CPR)
    Destination Clock Delay (DCD):    0.432ns
    Source Clock Delay      (SCD):    0.410ns
    Clock Pessimism Removal (CPR):    -0.000ns

    Location             Delay type                Incr(ns)  Path(ns)    Netlist Resource(s)
  -------------------------------------------------------------------    -------------------
                         (clock sys_clk rise edge)    0.000     0.000 r
                                                      0.000     0.000 r  clk (IN)
                         net (fo=19605, unset)        0.410     0.410    clk
    SLICE_X8Y31          FDPE                                         r  FSM_sequential_state_reg[2]/C
  -------------------------------------------------------------------    -------------------
    SLICE_X8Y31          FDPE (Prop_fdpe_C_Q)         0.164     0.574 r  FSM_sequential_state_reg[2]/Q
                         net (fo=17, routed)          0.328     0.902    u_puf/shiftreg_inst/p_out_reg[0]_0[2]
    SLICE_X8Y30          LUT6 (Prop_lut6_I3_O)        0.045     0.947 f  u_puf/shiftreg_inst/FSM_onehot_state[6]_i_3/O
                         net (fo=310, routed)         0.309     1.256    u_puf/shiftreg_inst/FSM_sequential_state_reg[1]
    SLICE_X6Y28          FDCE                                         f  u_puf/shiftreg_inst/p_out_reg[67]/CLR
  -------------------------------------------------------------------    -------------------

                         (clock sys_clk rise edge)    0.000     0.000 r
                                                      0.000     0.000 r  clk (IN)
                         net (fo=19605, unset)        0.432     0.432    u_puf/shiftreg_inst/clk
    SLICE_X6Y28          FDCE                                         r  u_puf/shiftreg_inst/p_out_reg[67]/C
                         clock pessimism              0.000     0.432
    SLICE_X6Y28          FDCE (Remov_fdce_C_CLR)     -0.067     0.365    u_puf/shiftreg_inst/p_out_reg[67]
  -------------------------------------------------------------------
                         required time                         -0.365
                         arrival time                           1.256
  -------------------------------------------------------------------
                         slack                                  0.891

Slack (MET) :             0.891ns  (arrival time - required time)
  Source:                 FSM_sequential_state_reg[2]/C
                            (rising edge-triggered cell FDPE clocked by sys_clk  {rise@0.000ns fall@5.000ns period=10.000ns})
  Destination:            u_puf/shiftreg_inst/p_out_reg[68]/CLR
                            (removal check against rising-edge clock sys_clk  {rise@0.000ns fall@5.000ns period=10.000ns})
  Path Group:             **async_default**
  Path Type:              Removal (Min at Fast Process Corner)
  Requirement:            0.000ns  (sys_clk rise@0.000ns - sys_clk rise@0.000ns)
  Data Path Delay:        0.846ns  (logic 0.209ns (24.715%)  route 0.637ns (75.285%))
  Logic Levels:           1  (LUT6=1)
  Clock Path Skew:        0.022ns (DCD - SCD - CPR)
    Destination Clock Delay (DCD):    0.432ns
    Source Clock Delay      (SCD):    0.410ns
    Clock Pessimism Removal (CPR):    -0.000ns

    Location             Delay type                Incr(ns)  Path(ns)    Netlist Resource(s)
  -------------------------------------------------------------------    -------------------
                         (clock sys_clk rise edge)    0.000     0.000 r
                                                      0.000     0.000 r  clk (IN)
                         net (fo=19605, unset)        0.410     0.410    clk
    SLICE_X8Y31          FDPE                                         r  FSM_sequential_state_reg[2]/C
  -------------------------------------------------------------------    -------------------
    SLICE_X8Y31          FDPE (Prop_fdpe_C_Q)         0.164     0.574 r  FSM_sequential_state_reg[2]/Q
                         net (fo=17, routed)          0.328     0.902    u_puf/shiftreg_inst/p_out_reg[0]_0[2]
    SLICE_X8Y30          LUT6 (Prop_lut6_I3_O)        0.045     0.947 f  u_puf/shiftreg_inst/FSM_onehot_state[6]_i_3/O
                         net (fo=310, routed)         0.309     1.256    u_puf/shiftreg_inst/FSM_sequential_state_reg[1]
    SLICE_X6Y28          FDCE                                         f  u_puf/shiftreg_inst/p_out_reg[68]/CLR
  -------------------------------------------------------------------    -------------------

                         (clock sys_clk rise edge)    0.000     0.000 r
                                                      0.000     0.000 r  clk (IN)
                         net (fo=19605, unset)        0.432     0.432    u_puf/shiftreg_inst/clk
    SLICE_X6Y28          FDCE                                         r  u_puf/shiftreg_inst/p_out_reg[68]/C
                         clock pessimism              0.000     0.432
    SLICE_X6Y28          FDCE (Remov_fdce_C_CLR)     -0.067     0.365    u_puf/shiftreg_inst/p_out_reg[68]
  -------------------------------------------------------------------
                         required time                         -0.365
                         arrival time                           1.256
  -------------------------------------------------------------------
                         slack                                  0.891

Slack (MET) :             1.056ns  (arrival time - required time)
  Source:                 FSM_sequential_state_reg[2]/C
                            (rising edge-triggered cell FDPE clocked by sys_clk  {rise@0.000ns fall@5.000ns period=10.000ns})
  Destination:            u_puf/shiftreg_inst/p_out_reg[58]/CLR
                            (removal check against rising-edge clock sys_clk  {rise@0.000ns fall@5.000ns period=10.000ns})
  Path Group:             **async_default**
  Path Type:              Removal (Min at Fast Process Corner)
  Requirement:            0.000ns  (sys_clk rise@0.000ns - sys_clk rise@0.000ns)
  Data Path Delay:        1.011ns  (logic 0.209ns (20.672%)  route 0.802ns (79.328%))
  Logic Levels:           1  (LUT6=1)
  Clock Path Skew:        0.022ns (DCD - SCD - CPR)
    Destination Clock Delay (DCD):    0.432ns
    Source Clock Delay      (SCD):    0.410ns
    Clock Pessimism Removal (CPR):    -0.000ns

    Location             Delay type                Incr(ns)  Path(ns)    Netlist Resource(s)
  -------------------------------------------------------------------    -------------------
                         (clock sys_clk rise edge)    0.000     0.000 r
                                                      0.000     0.000 r  clk (IN)
                         net (fo=19605, unset)        0.410     0.410    clk
    SLICE_X8Y31          FDPE                                         r  FSM_sequential_state_reg[2]/C
  -------------------------------------------------------------------    -------------------
    SLICE_X8Y31          FDPE (Prop_fdpe_C_Q)         0.164     0.574 r  FSM_sequential_state_reg[2]/Q
                         net (fo=17, routed)          0.328     0.902    u_puf/shiftreg_inst/p_out_reg[0]_0[2]
    SLICE_X8Y30          LUT6 (Prop_lut6_I3_O)        0.045     0.947 f  u_puf/shiftreg_inst/FSM_onehot_state[6]_i_3/O
                         net (fo=310, routed)         0.474     1.421    u_puf/shiftreg_inst/FSM_sequential_state_reg[1]
    SLICE_X6Y27          FDCE                                         f  u_puf/shiftreg_inst/p_out_reg[58]/CLR
  -------------------------------------------------------------------    -------------------

                         (clock sys_clk rise edge)    0.000     0.000 r
                                                      0.000     0.000 r  clk (IN)
                         net (fo=19605, unset)        0.432     0.432    u_puf/shiftreg_inst/clk
    SLICE_X6Y27          FDCE                                         r  u_puf/shiftreg_inst/p_out_reg[58]/C
                         clock pessimism              0.000     0.432
    SLICE_X6Y27          FDCE (Remov_fdce_C_CLR)     -0.067     0.365    u_puf/shiftreg_inst/p_out_reg[58]
  -------------------------------------------------------------------
                         required time                         -0.365
                         arrival time                           1.421
  -------------------------------------------------------------------
                         slack                                  1.056

Slack (MET) :             1.056ns  (arrival time - required time)
  Source:                 FSM_sequential_state_reg[2]/C
                            (rising edge-triggered cell FDPE clocked by sys_clk  {rise@0.000ns fall@5.000ns period=10.000ns})
  Destination:            u_puf/shiftreg_inst/p_out_reg[59]/CLR
                            (removal check against rising-edge clock sys_clk  {rise@0.000ns fall@5.000ns period=10.000ns})
  Path Group:             **async_default**
  Path Type:              Removal (Min at Fast Process Corner)
  Requirement:            0.000ns  (sys_clk rise@0.000ns - sys_clk rise@0.000ns)
  Data Path Delay:        1.011ns  (logic 0.209ns (20.672%)  route 0.802ns (79.328%))
  Logic Levels:           1  (LUT6=1)
  Clock Path Skew:        0.022ns (DCD - SCD - CPR)
    Destination Clock Delay (DCD):    0.432ns
    Source Clock Delay      (SCD):    0.410ns
    Clock Pessimism Removal (CPR):    -0.000ns

    Location             Delay type                Incr(ns)  Path(ns)    Netlist Resource(s)
  -------------------------------------------------------------------    -------------------
                         (clock sys_clk rise edge)    0.000     0.000 r
                                                      0.000     0.000 r  clk (IN)
                         net (fo=19605, unset)        0.410     0.410    clk
    SLICE_X8Y31          FDPE                                         r  FSM_sequential_state_reg[2]/C
  -------------------------------------------------------------------    -------------------
    SLICE_X8Y31          FDPE (Prop_fdpe_C_Q)         0.164     0.574 r  FSM_sequential_state_reg[2]/Q
                         net (fo=17, routed)          0.328     0.902    u_puf/shiftreg_inst/p_out_reg[0]_0[2]
    SLICE_X8Y30          LUT6 (Prop_lut6_I3_O)        0.045     0.947 f  u_puf/shiftreg_inst/FSM_onehot_state[6]_i_3/O
                         net (fo=310, routed)         0.474     1.421    u_puf/shiftreg_inst/FSM_sequential_state_reg[1]
    SLICE_X6Y27          FDCE                                         f  u_puf/shiftreg_inst/p_out_reg[59]/CLR
  -------------------------------------------------------------------    -------------------

                         (clock sys_clk rise edge)    0.000     0.000 r
                                                      0.000     0.000 r  clk (IN)
                         net (fo=19605, unset)        0.432     0.432    u_puf/shiftreg_inst/clk
    SLICE_X6Y27          FDCE                                         r  u_puf/shiftreg_inst/p_out_reg[59]/C
                         clock pessimism              0.000     0.432
    SLICE_X6Y27          FDCE (Remov_fdce_C_CLR)     -0.067     0.365    u_puf/shiftreg_inst/p_out_reg[59]
  -------------------------------------------------------------------
                         required time                         -0.365
                         arrival time                           1.421
  -------------------------------------------------------------------
                         slack                                  1.056

Slack (MET) :             1.056ns  (arrival time - required time)
  Source:                 FSM_sequential_state_reg[2]/C
                            (rising edge-triggered cell FDPE clocked by sys_clk  {rise@0.000ns fall@5.000ns period=10.000ns})
  Destination:            u_puf/shiftreg_inst/p_out_reg[60]/CLR
                            (removal check against rising-edge clock sys_clk  {rise@0.000ns fall@5.000ns period=10.000ns})
  Path Group:             **async_default**
  Path Type:              Removal (Min at Fast Process Corner)
  Requirement:            0.000ns  (sys_clk rise@0.000ns - sys_clk rise@0.000ns)
  Data Path Delay:        1.011ns  (logic 0.209ns (20.672%)  route 0.802ns (79.328%))
  Logic Levels:           1  (LUT6=1)
  Clock Path Skew:        0.022ns (DCD - SCD - CPR)
    Destination Clock Delay (DCD):    0.432ns
    Source Clock Delay      (SCD):    0.410ns
    Clock Pessimism Removal (CPR):    -0.000ns

    Location             Delay type                Incr(ns)  Path(ns)    Netlist Resource(s)
  -------------------------------------------------------------------    -------------------
                         (clock sys_clk rise edge)    0.000     0.000 r
                                                      0.000     0.000 r  clk (IN)
                         net (fo=19605, unset)        0.410     0.410    clk
    SLICE_X8Y31          FDPE                                         r  FSM_sequential_state_reg[2]/C
  -------------------------------------------------------------------    -------------------
    SLICE_X8Y31          FDPE (Prop_fdpe_C_Q)         0.164     0.574 r  FSM_sequential_state_reg[2]/Q
                         net (fo=17, routed)          0.328     0.902    u_puf/shiftreg_inst/p_out_reg[0]_0[2]
    SLICE_X8Y30          LUT6 (Prop_lut6_I3_O)        0.045     0.947 f  u_puf/shiftreg_inst/FSM_onehot_state[6]_i_3/O
                         net (fo=310, routed)         0.474     1.421    u_puf/shiftreg_inst/FSM_sequential_state_reg[1]
    SLICE_X6Y27          FDCE                                         f  u_puf/shiftreg_inst/p_out_reg[60]/CLR
  -------------------------------------------------------------------    -------------------

                         (clock sys_clk rise edge)    0.000     0.000 r
                                                      0.000     0.000 r  clk (IN)
                         net (fo=19605, unset)        0.432     0.432    u_puf/shiftreg_inst/clk
    SLICE_X6Y27          FDCE                                         r  u_puf/shiftreg_inst/p_out_reg[60]/C
                         clock pessimism              0.000     0.432
    SLICE_X6Y27          FDCE (Remov_fdce_C_CLR)     -0.067     0.365    u_puf/shiftreg_inst/p_out_reg[60]
  -------------------------------------------------------------------
                         required time                         -0.365
                         arrival time                           1.421
  -------------------------------------------------------------------
                         slack                                  1.056

Slack (MET) :             1.056ns  (arrival time - required time)
  Source:                 FSM_sequential_state_reg[2]/C
                            (rising edge-triggered cell FDPE clocked by sys_clk  {rise@0.000ns fall@5.000ns period=10.000ns})
  Destination:            u_puf/shiftreg_inst/p_out_reg[61]/CLR
                            (removal check against rising-edge clock sys_clk  {rise@0.000ns fall@5.000ns period=10.000ns})
  Path Group:             **async_default**
  Path Type:              Removal (Min at Fast Process Corner)
  Requirement:            0.000ns  (sys_clk rise@0.000ns - sys_clk rise@0.000ns)
  Data Path Delay:        1.011ns  (logic 0.209ns (20.672%)  route 0.802ns (79.328%))
  Logic Levels:           1  (LUT6=1)
  Clock Path Skew:        0.022ns (DCD - SCD - CPR)
    Destination Clock Delay (DCD):    0.432ns
    Source Clock Delay      (SCD):    0.410ns
    Clock Pessimism Removal (CPR):    -0.000ns

    Location             Delay type                Incr(ns)  Path(ns)    Netlist Resource(s)
  -------------------------------------------------------------------    -------------------
                         (clock sys_clk rise edge)    0.000     0.000 r
                                                      0.000     0.000 r  clk (IN)
                         net (fo=19605, unset)        0.410     0.410    clk
    SLICE_X8Y31          FDPE                                         r  FSM_sequential_state_reg[2]/C
  -------------------------------------------------------------------    -------------------
    SLICE_X8Y31          FDPE (Prop_fdpe_C_Q)         0.164     0.574 r  FSM_sequential_state_reg[2]/Q
                         net (fo=17, routed)          0.328     0.902    u_puf/shiftreg_inst/p_out_reg[0]_0[2]
    SLICE_X8Y30          LUT6 (Prop_lut6_I3_O)        0.045     0.947 f  u_puf/shiftreg_inst/FSM_onehot_state[6]_i_3/O
                         net (fo=310, routed)         0.474     1.421    u_puf/shiftreg_inst/FSM_sequential_state_reg[1]
    SLICE_X6Y27          FDCE                                         f  u_puf/shiftreg_inst/p_out_reg[61]/CLR
  -------------------------------------------------------------------    -------------------

                         (clock sys_clk rise edge)    0.000     0.000 r
                                                      0.000     0.000 r  clk (IN)
                         net (fo=19605, unset)        0.432     0.432    u_puf/shiftreg_inst/clk
    SLICE_X6Y27          FDCE                                         r  u_puf/shiftreg_inst/p_out_reg[61]/C
                         clock pessimism              0.000     0.432
    SLICE_X6Y27          FDCE (Remov_fdce_C_CLR)     -0.067     0.365    u_puf/shiftreg_inst/p_out_reg[61]
  -------------------------------------------------------------------
                         required time                         -0.365
                         arrival time                           1.421
  -------------------------------------------------------------------
                         slack                                  1.056

Slack (MET) :             1.056ns  (arrival time - required time)
  Source:                 FSM_sequential_state_reg[2]/C
                            (rising edge-triggered cell FDPE clocked by sys_clk  {rise@0.000ns fall@5.000ns period=10.000ns})
  Destination:            u_puf/shiftreg_inst/p_out_reg[62]/CLR
                            (removal check against rising-edge clock sys_clk  {rise@0.000ns fall@5.000ns period=10.000ns})
  Path Group:             **async_default**
  Path Type:              Removal (Min at Fast Process Corner)
  Requirement:            0.000ns  (sys_clk rise@0.000ns - sys_clk rise@0.000ns)
  Data Path Delay:        1.011ns  (logic 0.209ns (20.672%)  route 0.802ns (79.328%))
  Logic Levels:           1  (LUT6=1)
  Clock Path Skew:        0.022ns (DCD - SCD - CPR)
    Destination Clock Delay (DCD):    0.432ns
    Source Clock Delay      (SCD):    0.410ns
    Clock Pessimism Removal (CPR):    -0.000ns

    Location             Delay type                Incr(ns)  Path(ns)    Netlist Resource(s)
  -------------------------------------------------------------------    -------------------
                         (clock sys_clk rise edge)    0.000     0.000 r
                                                      0.000     0.000 r  clk (IN)
                         net (fo=19605, unset)        0.410     0.410    clk
    SLICE_X8Y31          FDPE                                         r  FSM_sequential_state_reg[2]/C
  -------------------------------------------------------------------    -------------------
    SLICE_X8Y31          FDPE (Prop_fdpe_C_Q)         0.164     0.574 r  FSM_sequential_state_reg[2]/Q
                         net (fo=17, routed)          0.328     0.902    u_puf/shiftreg_inst/p_out_reg[0]_0[2]
    SLICE_X8Y30          LUT6 (Prop_lut6_I3_O)        0.045     0.947 f  u_puf/shiftreg_inst/FSM_onehot_state[6]_i_3/O
                         net (fo=310, routed)         0.474     1.421    u_puf/shiftreg_inst/FSM_sequential_state_reg[1]
    SLICE_X6Y27          FDCE                                         f  u_puf/shiftreg_inst/p_out_reg[62]/CLR
  -------------------------------------------------------------------    -------------------

                         (clock sys_clk rise edge)    0.000     0.000 r
                                                      0.000     0.000 r  clk (IN)
                         net (fo=19605, unset)        0.432     0.432    u_puf/shiftreg_inst/clk
    SLICE_X6Y27          FDCE                                         r  u_puf/shiftreg_inst/p_out_reg[62]/C
                         clock pessimism              0.000     0.432
    SLICE_X6Y27          FDCE (Remov_fdce_C_CLR)     -0.067     0.365    u_puf/shiftreg_inst/p_out_reg[62]
  -------------------------------------------------------------------
                         required time                         -0.365
                         arrival time                           1.421
  -------------------------------------------------------------------
                         slack                                  1.056

Slack (MET) :             1.056ns  (arrival time - required time)
  Source:                 FSM_sequential_state_reg[2]/C
                            (rising edge-triggered cell FDPE clocked by sys_clk  {rise@0.000ns fall@5.000ns period=10.000ns})
  Destination:            u_puf/shiftreg_inst/p_out_reg[63]/CLR
                            (removal check against rising-edge clock sys_clk  {rise@0.000ns fall@5.000ns period=10.000ns})
  Path Group:             **async_default**
  Path Type:              Removal (Min at Fast Process Corner)
  Requirement:            0.000ns  (sys_clk rise@0.000ns - sys_clk rise@0.000ns)
  Data Path Delay:        1.011ns  (logic 0.209ns (20.672%)  route 0.802ns (79.328%))
  Logic Levels:           1  (LUT6=1)
  Clock Path Skew:        0.022ns (DCD - SCD - CPR)
    Destination Clock Delay (DCD):    0.432ns
    Source Clock Delay      (SCD):    0.410ns
    Clock Pessimism Removal (CPR):    -0.000ns

    Location             Delay type                Incr(ns)  Path(ns)    Netlist Resource(s)
  -------------------------------------------------------------------    -------------------
                         (clock sys_clk rise edge)    0.000     0.000 r
                                                      0.000     0.000 r  clk (IN)
                         net (fo=19605, unset)        0.410     0.410    clk
    SLICE_X8Y31          FDPE                                         r  FSM_sequential_state_reg[2]/C
  -------------------------------------------------------------------    -------------------
    SLICE_X8Y31          FDPE (Prop_fdpe_C_Q)         0.164     0.574 r  FSM_sequential_state_reg[2]/Q
                         net (fo=17, routed)          0.328     0.902    u_puf/shiftreg_inst/p_out_reg[0]_0[2]
    SLICE_X8Y30          LUT6 (Prop_lut6_I3_O)        0.045     0.947 f  u_puf/shiftreg_inst/FSM_onehot_state[6]_i_3/O
                         net (fo=310, routed)         0.474     1.421    u_puf/shiftreg_inst/FSM_sequential_state_reg[1]
    SLICE_X6Y27          FDCE                                         f  u_puf/shiftreg_inst/p_out_reg[63]/CLR
  -------------------------------------------------------------------    -------------------

                         (clock sys_clk rise edge)    0.000     0.000 r
                                                      0.000     0.000 r  clk (IN)
                         net (fo=19605, unset)        0.432     0.432    u_puf/shiftreg_inst/clk
    SLICE_X6Y27          FDCE                                         r  u_puf/shiftreg_inst/p_out_reg[63]/C
                         clock pessimism              0.000     0.432
    SLICE_X6Y27          FDCE (Remov_fdce_C_CLR)     -0.067     0.365    u_puf/shiftreg_inst/p_out_reg[63]
  -------------------------------------------------------------------
                         required time                         -0.365
                         arrival time                           1.421
  -------------------------------------------------------------------
                         slack                                  1.056

Slack (MET) :             1.056ns  (arrival time - required time)
  Source:                 FSM_sequential_state_reg[2]/C
                            (rising edge-triggered cell FDPE clocked by sys_clk  {rise@0.000ns fall@5.000ns period=10.000ns})
  Destination:            u_puf/shiftreg_inst/p_out_reg[64]/CLR
                            (removal check against rising-edge clock sys_clk  {rise@0.000ns fall@5.000ns period=10.000ns})
  Path Group:             **async_default**
  Path Type:              Removal (Min at Fast Process Corner)
  Requirement:            0.000ns  (sys_clk rise@0.000ns - sys_clk rise@0.000ns)
  Data Path Delay:        1.011ns  (logic 0.209ns (20.672%)  route 0.802ns (79.328%))
  Logic Levels:           1  (LUT6=1)
  Clock Path Skew:        0.022ns (DCD - SCD - CPR)
    Destination Clock Delay (DCD):    0.432ns
    Source Clock Delay      (SCD):    0.410ns
    Clock Pessimism Removal (CPR):    -0.000ns

    Location             Delay type                Incr(ns)  Path(ns)    Netlist Resource(s)
  -------------------------------------------------------------------    -------------------
                         (clock sys_clk rise edge)    0.000     0.000 r
                                                      0.000     0.000 r  clk (IN)
                         net (fo=19605, unset)        0.410     0.410    clk
    SLICE_X8Y31          FDPE                                         r  FSM_sequential_state_reg[2]/C
  -------------------------------------------------------------------    -------------------
    SLICE_X8Y31          FDPE (Prop_fdpe_C_Q)         0.164     0.574 r  FSM_sequential_state_reg[2]/Q
                         net (fo=17, routed)          0.328     0.902    u_puf/shiftreg_inst/p_out_reg[0]_0[2]
    SLICE_X8Y30          LUT6 (Prop_lut6_I3_O)        0.045     0.947 f  u_puf/shiftreg_inst/FSM_onehot_state[6]_i_3/O
                         net (fo=310, routed)         0.474     1.421    u_puf/shiftreg_inst/FSM_sequential_state_reg[1]
    SLICE_X6Y27          FDCE                                         f  u_puf/shiftreg_inst/p_out_reg[64]/CLR
  -------------------------------------------------------------------    -------------------

                         (clock sys_clk rise edge)    0.000     0.000 r
                                                      0.000     0.000 r  clk (IN)
                         net (fo=19605, unset)        0.432     0.432    u_puf/shiftreg_inst/clk
    SLICE_X6Y27          FDCE                                         r  u_puf/shiftreg_inst/p_out_reg[64]/C
                         clock pessimism              0.000     0.432
    SLICE_X6Y27          FDCE (Remov_fdce_C_CLR)     -0.067     0.365    u_puf/shiftreg_inst/p_out_reg[64]
  -------------------------------------------------------------------
                         required time                         -0.365
                         arrival time                           1.421
  -------------------------------------------------------------------
                         slack                                  1.056

Slack (MET) :             1.056ns  (arrival time - required time)
  Source:                 FSM_sequential_state_reg[2]/C
                            (rising edge-triggered cell FDPE clocked by sys_clk  {rise@0.000ns fall@5.000ns period=10.000ns})
  Destination:            u_puf/shiftreg_inst/p_out_reg[65]/CLR
                            (removal check against rising-edge clock sys_clk  {rise@0.000ns fall@5.000ns period=10.000ns})
  Path Group:             **async_default**
  Path Type:              Removal (Min at Fast Process Corner)
  Requirement:            0.000ns  (sys_clk rise@0.000ns - sys_clk rise@0.000ns)
  Data Path Delay:        1.011ns  (logic 0.209ns (20.672%)  route 0.802ns (79.328%))
  Logic Levels:           1  (LUT6=1)
  Clock Path Skew:        0.022ns (DCD - SCD - CPR)
    Destination Clock Delay (DCD):    0.432ns
    Source Clock Delay      (SCD):    0.410ns
    Clock Pessimism Removal (CPR):    -0.000ns

    Location             Delay type                Incr(ns)  Path(ns)    Netlist Resource(s)
  -------------------------------------------------------------------    -------------------
                         (clock sys_clk rise edge)    0.000     0.000 r
                                                      0.000     0.000 r  clk (IN)
                         net (fo=19605, unset)        0.410     0.410    clk
    SLICE_X8Y31          FDPE                                         r  FSM_sequential_state_reg[2]/C
  -------------------------------------------------------------------    -------------------
    SLICE_X8Y31          FDPE (Prop_fdpe_C_Q)         0.164     0.574 r  FSM_sequential_state_reg[2]/Q
                         net (fo=17, routed)          0.328     0.902    u_puf/shiftreg_inst/p_out_reg[0]_0[2]
    SLICE_X8Y30          LUT6 (Prop_lut6_I3_O)        0.045     0.947 f  u_puf/shiftreg_inst/FSM_onehot_state[6]_i_3/O
                         net (fo=310, routed)         0.474     1.421    u_puf/shiftreg_inst/FSM_sequential_state_reg[1]
    SLICE_X6Y27          FDCE                                         f  u_puf/shiftreg_inst/p_out_reg[65]/CLR
  -------------------------------------------------------------------    -------------------

                         (clock sys_clk rise edge)    0.000     0.000 r
                                                      0.000     0.000 r  clk (IN)
                         net (fo=19605, unset)        0.432     0.432    u_puf/shiftreg_inst/clk
    SLICE_X6Y27          FDCE                                         r  u_puf/shiftreg_inst/p_out_reg[65]/C
                         clock pessimism              0.000     0.432
    SLICE_X6Y27          FDCE (Remov_fdce_C_CLR)     -0.067     0.365    u_puf/shiftreg_inst/p_out_reg[65]
  -------------------------------------------------------------------
                         required time                         -0.365
                         arrival time                           1.421
  -------------------------------------------------------------------
                         slack                                  1.056

Slack (MET) :             1.077ns  (arrival time - required time)
  Source:                 FSM_sequential_state_reg[2]/C
                            (rising edge-triggered cell FDPE clocked by sys_clk  {rise@0.000ns fall@5.000ns period=10.000ns})
  Destination:            u_puf/shiftreg_inst/p_out_reg[49]/CLR
                            (removal check against rising-edge clock sys_clk  {rise@0.000ns fall@5.000ns period=10.000ns})
  Path Group:             **async_default**
  Path Type:              Removal (Min at Fast Process Corner)
  Requirement:            0.000ns  (sys_clk rise@0.000ns - sys_clk rise@0.000ns)
  Data Path Delay:        1.006ns  (logic 0.209ns (20.773%)  route 0.797ns (79.227%))
  Logic Levels:           1  (LUT6=1)
  Clock Path Skew:        0.022ns (DCD - SCD - CPR)
    Destination Clock Delay (DCD):    0.432ns
    Source Clock Delay      (SCD):    0.410ns
    Clock Pessimism Removal (CPR):    -0.000ns

    Location             Delay type                Incr(ns)  Path(ns)    Netlist Resource(s)
  -------------------------------------------------------------------    -------------------
                         (clock sys_clk rise edge)    0.000     0.000 r
                                                      0.000     0.000 r  clk (IN)
                         net (fo=19605, unset)        0.410     0.410    clk
    SLICE_X8Y31          FDPE                                         r  FSM_sequential_state_reg[2]/C
  -------------------------------------------------------------------    -------------------
    SLICE_X8Y31          FDPE (Prop_fdpe_C_Q)         0.164     0.574 r  FSM_sequential_state_reg[2]/Q
                         net (fo=17, routed)          0.328     0.902    u_puf/shiftreg_inst/p_out_reg[0]_0[2]
    SLICE_X8Y30          LUT6 (Prop_lut6_I3_O)        0.045     0.947 f  u_puf/shiftreg_inst/FSM_onehot_state[6]_i_3/O
                         net (fo=310, routed)         0.470     1.416    u_puf/shiftreg_inst/FSM_sequential_state_reg[1]
    SLICE_X7Y26          FDCE                                         f  u_puf/shiftreg_inst/p_out_reg[49]/CLR
  -------------------------------------------------------------------    -------------------

                         (clock sys_clk rise edge)    0.000     0.000 r
                                                      0.000     0.000 r  clk (IN)
                         net (fo=19605, unset)        0.432     0.432    u_puf/shiftreg_inst/clk
    SLICE_X7Y26          FDCE                                         r  u_puf/shiftreg_inst/p_out_reg[49]/C
                         clock pessimism              0.000     0.432
    SLICE_X7Y26          FDCE (Remov_fdce_C_CLR)     -0.092     0.340    u_puf/shiftreg_inst/p_out_reg[49]
  -------------------------------------------------------------------
                         required time                         -0.340
                         arrival time                           1.416
  -------------------------------------------------------------------
                         slack                                  1.077

Slack (MET) :             1.077ns  (arrival time - required time)
  Source:                 FSM_sequential_state_reg[2]/C
                            (rising edge-triggered cell FDPE clocked by sys_clk  {rise@0.000ns fall@5.000ns period=10.000ns})
  Destination:            u_puf/shiftreg_inst/p_out_reg[50]/CLR
                            (removal check against rising-edge clock sys_clk  {rise@0.000ns fall@5.000ns period=10.000ns})
  Path Group:             **async_default**
  Path Type:              Removal (Min at Fast Process Corner)
  Requirement:            0.000ns  (sys_clk rise@0.000ns - sys_clk rise@0.000ns)
  Data Path Delay:        1.006ns  (logic 0.209ns (20.773%)  route 0.797ns (79.227%))
  Logic Levels:           1  (LUT6=1)
  Clock Path Skew:        0.022ns (DCD - SCD - CPR)
    Destination Clock Delay (DCD):    0.432ns
    Source Clock Delay      (SCD):    0.410ns
    Clock Pessimism Removal (CPR):    -0.000ns

    Location             Delay type                Incr(ns)  Path(ns)    Netlist Resource(s)
  -------------------------------------------------------------------    -------------------
                         (clock sys_clk rise edge)    0.000     0.000 r
                                                      0.000     0.000 r  clk (IN)
                         net (fo=19605, unset)        0.410     0.410    clk
    SLICE_X8Y31          FDPE                                         r  FSM_sequential_state_reg[2]/C
  -------------------------------------------------------------------    -------------------
    SLICE_X8Y31          FDPE (Prop_fdpe_C_Q)         0.164     0.574 r  FSM_sequential_state_reg[2]/Q
                         net (fo=17, routed)          0.328     0.902    u_puf/shiftreg_inst/p_out_reg[0]_0[2]
    SLICE_X8Y30          LUT6 (Prop_lut6_I3_O)        0.045     0.947 f  u_puf/shiftreg_inst/FSM_onehot_state[6]_i_3/O
                         net (fo=310, routed)         0.470     1.416    u_puf/shiftreg_inst/FSM_sequential_state_reg[1]
    SLICE_X7Y26          FDCE                                         f  u_puf/shiftreg_inst/p_out_reg[50]/CLR
  -------------------------------------------------------------------    -------------------

                         (clock sys_clk rise edge)    0.000     0.000 r
                                                      0.000     0.000 r  clk (IN)
                         net (fo=19605, unset)        0.432     0.432    u_puf/shiftreg_inst/clk
    SLICE_X7Y26          FDCE                                         r  u_puf/shiftreg_inst/p_out_reg[50]/C
                         clock pessimism              0.000     0.432
    SLICE_X7Y26          FDCE (Remov_fdce_C_CLR)     -0.092     0.340    u_puf/shiftreg_inst/p_out_reg[50]
  -------------------------------------------------------------------
                         required time                         -0.340
                         arrival time                           1.416
  -------------------------------------------------------------------
                         slack                                  1.077

Slack (MET) :             1.077ns  (arrival time - required time)
  Source:                 FSM_sequential_state_reg[2]/C
                            (rising edge-triggered cell FDPE clocked by sys_clk  {rise@0.000ns fall@5.000ns period=10.000ns})
  Destination:            u_puf/shiftreg_inst/p_out_reg[51]/CLR
                            (removal check against rising-edge clock sys_clk  {rise@0.000ns fall@5.000ns period=10.000ns})
  Path Group:             **async_default**
  Path Type:              Removal (Min at Fast Process Corner)
  Requirement:            0.000ns  (sys_clk rise@0.000ns - sys_clk rise@0.000ns)
  Data Path Delay:        1.006ns  (logic 0.209ns (20.773%)  route 0.797ns (79.227%))
  Logic Levels:           1  (LUT6=1)
  Clock Path Skew:        0.022ns (DCD - SCD - CPR)
    Destination Clock Delay (DCD):    0.432ns
    Source Clock Delay      (SCD):    0.410ns
    Clock Pessimism Removal (CPR):    -0.000ns

    Location             Delay type                Incr(ns)  Path(ns)    Netlist Resource(s)
  -------------------------------------------------------------------    -------------------
                         (clock sys_clk rise edge)    0.000     0.000 r
                                                      0.000     0.000 r  clk (IN)
                         net (fo=19605, unset)        0.410     0.410    clk
    SLICE_X8Y31          FDPE                                         r  FSM_sequential_state_reg[2]/C
  -------------------------------------------------------------------    -------------------
    SLICE_X8Y31          FDPE (Prop_fdpe_C_Q)         0.164     0.574 r  FSM_sequential_state_reg[2]/Q
                         net (fo=17, routed)          0.328     0.902    u_puf/shiftreg_inst/p_out_reg[0]_0[2]
    SLICE_X8Y30          LUT6 (Prop_lut6_I3_O)        0.045     0.947 f  u_puf/shiftreg_inst/FSM_onehot_state[6]_i_3/O
                         net (fo=310, routed)         0.470     1.416    u_puf/shiftreg_inst/FSM_sequential_state_reg[1]
    SLICE_X7Y26          FDCE                                         f  u_puf/shiftreg_inst/p_out_reg[51]/CLR
  -------------------------------------------------------------------    -------------------

                         (clock sys_clk rise edge)    0.000     0.000 r
                                                      0.000     0.000 r  clk (IN)
                         net (fo=19605, unset)        0.432     0.432    u_puf/shiftreg_inst/clk
    SLICE_X7Y26          FDCE                                         r  u_puf/shiftreg_inst/p_out_reg[51]/C
                         clock pessimism              0.000     0.432
    SLICE_X7Y26          FDCE (Remov_fdce_C_CLR)     -0.092     0.340    u_puf/shiftreg_inst/p_out_reg[51]
  -------------------------------------------------------------------
                         required time                         -0.340
                         arrival time                           1.416
  -------------------------------------------------------------------
                         slack                                  1.077

Slack (MET) :             1.077ns  (arrival time - required time)
  Source:                 FSM_sequential_state_reg[2]/C
                            (rising edge-triggered cell FDPE clocked by sys_clk  {rise@0.000ns fall@5.000ns period=10.000ns})
  Destination:            u_puf/shiftreg_inst/p_out_reg[52]/CLR
                            (removal check against rising-edge clock sys_clk  {rise@0.000ns fall@5.000ns period=10.000ns})
  Path Group:             **async_default**
  Path Type:              Removal (Min at Fast Process Corner)
  Requirement:            0.000ns  (sys_clk rise@0.000ns - sys_clk rise@0.000ns)
  Data Path Delay:        1.006ns  (logic 0.209ns (20.773%)  route 0.797ns (79.227%))
  Logic Levels:           1  (LUT6=1)
  Clock Path Skew:        0.022ns (DCD - SCD - CPR)
    Destination Clock Delay (DCD):    0.432ns
    Source Clock Delay      (SCD):    0.410ns
    Clock Pessimism Removal (CPR):    -0.000ns

    Location             Delay type                Incr(ns)  Path(ns)    Netlist Resource(s)
  -------------------------------------------------------------------    -------------------
                         (clock sys_clk rise edge)    0.000     0.000 r
                                                      0.000     0.000 r  clk (IN)
                         net (fo=19605, unset)        0.410     0.410    clk
    SLICE_X8Y31          FDPE                                         r  FSM_sequential_state_reg[2]/C
  -------------------------------------------------------------------    -------------------
    SLICE_X8Y31          FDPE (Prop_fdpe_C_Q)         0.164     0.574 r  FSM_sequential_state_reg[2]/Q
                         net (fo=17, routed)          0.328     0.902    u_puf/shiftreg_inst/p_out_reg[0]_0[2]
    SLICE_X8Y30          LUT6 (Prop_lut6_I3_O)        0.045     0.947 f  u_puf/shiftreg_inst/FSM_onehot_state[6]_i_3/O
                         net (fo=310, routed)         0.470     1.416    u_puf/shiftreg_inst/FSM_sequential_state_reg[1]
    SLICE_X7Y26          FDCE                                         f  u_puf/shiftreg_inst/p_out_reg[52]/CLR
  -------------------------------------------------------------------    -------------------

                         (clock sys_clk rise edge)    0.000     0.000 r
                                                      0.000     0.000 r  clk (IN)
                         net (fo=19605, unset)        0.432     0.432    u_puf/shiftreg_inst/clk
    SLICE_X7Y26          FDCE                                         r  u_puf/shiftreg_inst/p_out_reg[52]/C
                         clock pessimism              0.000     0.432
    SLICE_X7Y26          FDCE (Remov_fdce_C_CLR)     -0.092     0.340    u_puf/shiftreg_inst/p_out_reg[52]
  -------------------------------------------------------------------
                         required time                         -0.340
                         arrival time                           1.416
  -------------------------------------------------------------------
                         slack                                  1.077

Slack (MET) :             1.077ns  (arrival time - required time)
  Source:                 FSM_sequential_state_reg[2]/C
                            (rising edge-triggered cell FDPE clocked by sys_clk  {rise@0.000ns fall@5.000ns period=10.000ns})
  Destination:            u_puf/shiftreg_inst/p_out_reg[53]/CLR
                            (removal check against rising-edge clock sys_clk  {rise@0.000ns fall@5.000ns period=10.000ns})
  Path Group:             **async_default**
  Path Type:              Removal (Min at Fast Process Corner)
  Requirement:            0.000ns  (sys_clk rise@0.000ns - sys_clk rise@0.000ns)
  Data Path Delay:        1.006ns  (logic 0.209ns (20.773%)  route 0.797ns (79.227%))
  Logic Levels:           1  (LUT6=1)
  Clock Path Skew:        0.022ns (DCD - SCD - CPR)
    Destination Clock Delay (DCD):    0.432ns
    Source Clock Delay      (SCD):    0.410ns
    Clock Pessimism Removal (CPR):    -0.000ns

    Location             Delay type                Incr(ns)  Path(ns)    Netlist Resource(s)
  -------------------------------------------------------------------    -------------------
                         (clock sys_clk rise edge)    0.000     0.000 r
                                                      0.000     0.000 r  clk (IN)
                         net (fo=19605, unset)        0.410     0.410    clk
    SLICE_X8Y31          FDPE                                         r  FSM_sequential_state_reg[2]/C
  -------------------------------------------------------------------    -------------------
    SLICE_X8Y31          FDPE (Prop_fdpe_C_Q)         0.164     0.574 r  FSM_sequential_state_reg[2]/Q
                         net (fo=17, routed)          0.328     0.902    u_puf/shiftreg_inst/p_out_reg[0]_0[2]
    SLICE_X8Y30          LUT6 (Prop_lut6_I3_O)        0.045     0.947 f  u_puf/shiftreg_inst/FSM_onehot_state[6]_i_3/O
                         net (fo=310, routed)         0.470     1.416    u_puf/shiftreg_inst/FSM_sequential_state_reg[1]
    SLICE_X7Y26          FDCE                                         f  u_puf/shiftreg_inst/p_out_reg[53]/CLR
  -------------------------------------------------------------------    -------------------

                         (clock sys_clk rise edge)    0.000     0.000 r
                                                      0.000     0.000 r  clk (IN)
                         net (fo=19605, unset)        0.432     0.432    u_puf/shiftreg_inst/clk
    SLICE_X7Y26          FDCE                                         r  u_puf/shiftreg_inst/p_out_reg[53]/C
                         clock pessimism              0.000     0.432
    SLICE_X7Y26          FDCE (Remov_fdce_C_CLR)     -0.092     0.340    u_puf/shiftreg_inst/p_out_reg[53]
  -------------------------------------------------------------------
                         required time                         -0.340
                         arrival time                           1.416
  -------------------------------------------------------------------
                         slack                                  1.077

Slack (MET) :             1.077ns  (arrival time - required time)
  Source:                 FSM_sequential_state_reg[2]/C
                            (rising edge-triggered cell FDPE clocked by sys_clk  {rise@0.000ns fall@5.000ns period=10.000ns})
  Destination:            u_puf/shiftreg_inst/p_out_reg[54]/CLR
                            (removal check against rising-edge clock sys_clk  {rise@0.000ns fall@5.000ns period=10.000ns})
  Path Group:             **async_default**
  Path Type:              Removal (Min at Fast Process Corner)
  Requirement:            0.000ns  (sys_clk rise@0.000ns - sys_clk rise@0.000ns)
  Data Path Delay:        1.006ns  (logic 0.209ns (20.773%)  route 0.797ns (79.227%))
  Logic Levels:           1  (LUT6=1)
  Clock Path Skew:        0.022ns (DCD - SCD - CPR)
    Destination Clock Delay (DCD):    0.432ns
    Source Clock Delay      (SCD):    0.410ns
    Clock Pessimism Removal (CPR):    -0.000ns

    Location             Delay type                Incr(ns)  Path(ns)    Netlist Resource(s)
  -------------------------------------------------------------------    -------------------
                         (clock sys_clk rise edge)    0.000     0.000 r
                                                      0.000     0.000 r  clk (IN)
                         net (fo=19605, unset)        0.410     0.410    clk
    SLICE_X8Y31          FDPE                                         r  FSM_sequential_state_reg[2]/C
  -------------------------------------------------------------------    -------------------
    SLICE_X8Y31          FDPE (Prop_fdpe_C_Q)         0.164     0.574 r  FSM_sequential_state_reg[2]/Q
                         net (fo=17, routed)          0.328     0.902    u_puf/shiftreg_inst/p_out_reg[0]_0[2]
    SLICE_X8Y30          LUT6 (Prop_lut6_I3_O)        0.045     0.947 f  u_puf/shiftreg_inst/FSM_onehot_state[6]_i_3/O
                         net (fo=310, routed)         0.470     1.416    u_puf/shiftreg_inst/FSM_sequential_state_reg[1]
    SLICE_X7Y26          FDCE                                         f  u_puf/shiftreg_inst/p_out_reg[54]/CLR
  -------------------------------------------------------------------    -------------------

                         (clock sys_clk rise edge)    0.000     0.000 r
                                                      0.000     0.000 r  clk (IN)
                         net (fo=19605, unset)        0.432     0.432    u_puf/shiftreg_inst/clk
    SLICE_X7Y26          FDCE                                         r  u_puf/shiftreg_inst/p_out_reg[54]/C
                         clock pessimism              0.000     0.432
    SLICE_X7Y26          FDCE (Remov_fdce_C_CLR)     -0.092     0.340    u_puf/shiftreg_inst/p_out_reg[54]
  -------------------------------------------------------------------
                         required time                         -0.340
                         arrival time                           1.416
  -------------------------------------------------------------------
                         slack                                  1.077

Slack (MET) :             1.077ns  (arrival time - required time)
  Source:                 FSM_sequential_state_reg[2]/C
                            (rising edge-triggered cell FDPE clocked by sys_clk  {rise@0.000ns fall@5.000ns period=10.000ns})
  Destination:            u_puf/shiftreg_inst/p_out_reg[56]/CLR
                            (removal check against rising-edge clock sys_clk  {rise@0.000ns fall@5.000ns period=10.000ns})
  Path Group:             **async_default**
  Path Type:              Removal (Min at Fast Process Corner)
  Requirement:            0.000ns  (sys_clk rise@0.000ns - sys_clk rise@0.000ns)
  Data Path Delay:        1.006ns  (logic 0.209ns (20.773%)  route 0.797ns (79.227%))
  Logic Levels:           1  (LUT6=1)
  Clock Path Skew:        0.022ns (DCD - SCD - CPR)
    Destination Clock Delay (DCD):    0.432ns
    Source Clock Delay      (SCD):    0.410ns
    Clock Pessimism Removal (CPR):    -0.000ns

    Location             Delay type                Incr(ns)  Path(ns)    Netlist Resource(s)
  -------------------------------------------------------------------    -------------------
                         (clock sys_clk rise edge)    0.000     0.000 r
                                                      0.000     0.000 r  clk (IN)
                         net (fo=19605, unset)        0.410     0.410    clk
    SLICE_X8Y31          FDPE                                         r  FSM_sequential_state_reg[2]/C
  -------------------------------------------------------------------    -------------------
    SLICE_X8Y31          FDPE (Prop_fdpe_C_Q)         0.164     0.574 r  FSM_sequential_state_reg[2]/Q
                         net (fo=17, routed)          0.328     0.902    u_puf/shiftreg_inst/p_out_reg[0]_0[2]
    SLICE_X8Y30          LUT6 (Prop_lut6_I3_O)        0.045     0.947 f  u_puf/shiftreg_inst/FSM_onehot_state[6]_i_3/O
                         net (fo=310, routed)         0.470     1.416    u_puf/shiftreg_inst/FSM_sequential_state_reg[1]
    SLICE_X7Y26          FDCE                                         f  u_puf/shiftreg_inst/p_out_reg[56]/CLR
  -------------------------------------------------------------------    -------------------

                         (clock sys_clk rise edge)    0.000     0.000 r
                                                      0.000     0.000 r  clk (IN)
                         net (fo=19605, unset)        0.432     0.432    u_puf/shiftreg_inst/clk
    SLICE_X7Y26          FDCE                                         r  u_puf/shiftreg_inst/p_out_reg[56]/C
                         clock pessimism              0.000     0.432
    SLICE_X7Y26          FDCE (Remov_fdce_C_CLR)     -0.092     0.340    u_puf/shiftreg_inst/p_out_reg[56]
  -------------------------------------------------------------------
                         required time                         -0.340
                         arrival time                           1.416
  -------------------------------------------------------------------
                         slack                                  1.077

Slack (MET) :             1.077ns  (arrival time - required time)
  Source:                 FSM_sequential_state_reg[2]/C
                            (rising edge-triggered cell FDPE clocked by sys_clk  {rise@0.000ns fall@5.000ns period=10.000ns})
  Destination:            u_puf/shiftreg_inst/p_out_reg[57]/CLR
                            (removal check against rising-edge clock sys_clk  {rise@0.000ns fall@5.000ns period=10.000ns})
  Path Group:             **async_default**
  Path Type:              Removal (Min at Fast Process Corner)
  Requirement:            0.000ns  (sys_clk rise@0.000ns - sys_clk rise@0.000ns)
  Data Path Delay:        1.006ns  (logic 0.209ns (20.773%)  route 0.797ns (79.227%))
  Logic Levels:           1  (LUT6=1)
  Clock Path Skew:        0.022ns (DCD - SCD - CPR)
    Destination Clock Delay (DCD):    0.432ns
    Source Clock Delay      (SCD):    0.410ns
    Clock Pessimism Removal (CPR):    -0.000ns

    Location             Delay type                Incr(ns)  Path(ns)    Netlist Resource(s)
  -------------------------------------------------------------------    -------------------
                         (clock sys_clk rise edge)    0.000     0.000 r
                                                      0.000     0.000 r  clk (IN)
                         net (fo=19605, unset)        0.410     0.410    clk
    SLICE_X8Y31          FDPE                                         r  FSM_sequential_state_reg[2]/C
  -------------------------------------------------------------------    -------------------
    SLICE_X8Y31          FDPE (Prop_fdpe_C_Q)         0.164     0.574 r  FSM_sequential_state_reg[2]/Q
                         net (fo=17, routed)          0.328     0.902    u_puf/shiftreg_inst/p_out_reg[0]_0[2]
    SLICE_X8Y30          LUT6 (Prop_lut6_I3_O)        0.045     0.947 f  u_puf/shiftreg_inst/FSM_onehot_state[6]_i_3/O
                         net (fo=310, routed)         0.470     1.416    u_puf/shiftreg_inst/FSM_sequential_state_reg[1]
    SLICE_X7Y26          FDCE                                         f  u_puf/shiftreg_inst/p_out_reg[57]/CLR
  -------------------------------------------------------------------    -------------------

                         (clock sys_clk rise edge)    0.000     0.000 r
                                                      0.000     0.000 r  clk (IN)
                         net (fo=19605, unset)        0.432     0.432    u_puf/shiftreg_inst/clk
    SLICE_X7Y26          FDCE                                         r  u_puf/shiftreg_inst/p_out_reg[57]/C
                         clock pessimism              0.000     0.432
    SLICE_X7Y26          FDCE (Remov_fdce_C_CLR)     -0.092     0.340    u_puf/shiftreg_inst/p_out_reg[57]
  -------------------------------------------------------------------
                         required time                         -0.340
                         arrival time                           1.416
  -------------------------------------------------------------------
                         slack                                  1.077

Slack (MET) :             1.123ns  (arrival time - required time)
  Source:                 FSM_sequential_state_reg[2]/C
                            (rising edge-triggered cell FDPE clocked by sys_clk  {rise@0.000ns fall@5.000ns period=10.000ns})
  Destination:            u_puf/shiftreg_inst/p_out_reg[55]/CLR
                            (removal check against rising-edge clock sys_clk  {rise@0.000ns fall@5.000ns period=10.000ns})
  Path Group:             **async_default**
  Path Type:              Removal (Min at Fast Process Corner)
  Requirement:            0.000ns  (sys_clk rise@0.000ns - sys_clk rise@0.000ns)
  Data Path Delay:        1.077ns  (logic 0.209ns (19.400%)  route 0.868ns (80.600%))
  Logic Levels:           1  (LUT6=1)
  Clock Path Skew:        0.022ns (DCD - SCD - CPR)
    Destination Clock Delay (DCD):    0.432ns
    Source Clock Delay      (SCD):    0.410ns
    Clock Pessimism Removal (CPR):    -0.000ns

    Location             Delay type                Incr(ns)  Path(ns)    Netlist Resource(s)
  -------------------------------------------------------------------    -------------------
                         (clock sys_clk rise edge)    0.000     0.000 r
                                                      0.000     0.000 r  clk (IN)
                         net (fo=19605, unset)        0.410     0.410    clk
    SLICE_X8Y31          FDPE                                         r  FSM_sequential_state_reg[2]/C
  -------------------------------------------------------------------    -------------------
    SLICE_X8Y31          FDPE (Prop_fdpe_C_Q)         0.164     0.574 r  FSM_sequential_state_reg[2]/Q
                         net (fo=17, routed)          0.328     0.902    u_puf/shiftreg_inst/p_out_reg[0]_0[2]
    SLICE_X8Y30          LUT6 (Prop_lut6_I3_O)        0.045     0.947 f  u_puf/shiftreg_inst/FSM_onehot_state[6]_i_3/O
                         net (fo=310, routed)         0.541     1.487    u_puf/shiftreg_inst/FSM_sequential_state_reg[1]
    SLICE_X2Y26          FDCE                                         f  u_puf/shiftreg_inst/p_out_reg[55]/CLR
  -------------------------------------------------------------------    -------------------

                         (clock sys_clk rise edge)    0.000     0.000 r
                                                      0.000     0.000 r  clk (IN)
                         net (fo=19605, unset)        0.432     0.432    u_puf/shiftreg_inst/clk
    SLICE_X2Y26          FDCE                                         r  u_puf/shiftreg_inst/p_out_reg[55]/C
                         clock pessimism              0.000     0.432
    SLICE_X2Y26          FDCE (Remov_fdce_C_CLR)     -0.067     0.365    u_puf/shiftreg_inst/p_out_reg[55]
  -------------------------------------------------------------------
                         required time                         -0.365
                         arrival time                           1.487
  -------------------------------------------------------------------
                         slack                                  1.123





--------------------------------------------------------------------------------------
Path Group:  (none)
From Clock:
  To Clock:

Max Delay           204 Endpoints
Min Delay           204 Endpoints
--------------------------------------------------------------------------------------


Max Delay Paths
--------------------------------------------------------------------------------------
Slack:                    inf
  Source:                 u_puf/counter0/reset_release_reg[1]/C
                            (rising edge-triggered cell FDCE)
  Destination:            u_puf/counter0/q_reg[0]/CLR
  Path Group:             (none)
  Path Type:              Max at Slow Process Corner
  Data Path Delay:        3.414ns  (logic 0.718ns (21.030%)  route 2.696ns (78.970%))
  Logic Levels:           2  (FDCE=1 LUT1=1)

    Location             Delay type                Incr(ns)  Path(ns)    Netlist Resource(s)
  -------------------------------------------------------------------    -------------------
    SLICE_X4Y30          FDCE                         0.000     0.000 r  u_puf/counter0/reset_release_reg[1]/C
    SLICE_X4Y30          FDCE (Prop_fdce_C_Q)         0.419     0.419 r  u_puf/counter0/reset_release_reg[1]/Q
                         net (fo=1, routed)           0.826     1.245    u_puf/counter0/reset_release[1]
    SLICE_X3Y31          LUT1 (Prop_lut1_I0_O)        0.299     1.544 f  u_puf/counter0/en_meta_i_1/O
                         net (fo=34, routed)          1.870     3.414    u_puf/counter0/en_meta_i_1_n_0
    SLICE_X0Y23          FDCE                                         f  u_puf/counter0/q_reg[0]/CLR
  -------------------------------------------------------------------    -------------------

Slack:                    inf
  Source:                 u_puf/counter0/reset_release_reg[1]/C
                            (rising edge-triggered cell FDCE)
  Destination:            u_puf/counter0/q_reg[1]/CLR
  Path Group:             (none)
  Path Type:              Max at Slow Process Corner
  Data Path Delay:        3.414ns  (logic 0.718ns (21.030%)  route 2.696ns (78.970%))
  Logic Levels:           2  (FDCE=1 LUT1=1)

    Location             Delay type                Incr(ns)  Path(ns)    Netlist Resource(s)
  -------------------------------------------------------------------    -------------------
    SLICE_X4Y30          FDCE                         0.000     0.000 r  u_puf/counter0/reset_release_reg[1]/C
    SLICE_X4Y30          FDCE (Prop_fdce_C_Q)         0.419     0.419 r  u_puf/counter0/reset_release_reg[1]/Q
                         net (fo=1, routed)           0.826     1.245    u_puf/counter0/reset_release[1]
    SLICE_X3Y31          LUT1 (Prop_lut1_I0_O)        0.299     1.544 f  u_puf/counter0/en_meta_i_1/O
                         net (fo=34, routed)          1.870     3.414    u_puf/counter0/en_meta_i_1_n_0
    SLICE_X0Y23          FDCE                                         f  u_puf/counter0/q_reg[1]/CLR
  -------------------------------------------------------------------    -------------------

Slack:                    inf
  Source:                 u_puf/counter0/reset_release_reg[1]/C
                            (rising edge-triggered cell FDCE)
  Destination:            u_puf/counter0/q_reg[2]/CLR
  Path Group:             (none)
  Path Type:              Max at Slow Process Corner
  Data Path Delay:        3.414ns  (logic 0.718ns (21.030%)  route 2.696ns (78.970%))
  Logic Levels:           2  (FDCE=1 LUT1=1)

    Location             Delay type                Incr(ns)  Path(ns)    Netlist Resource(s)
  -------------------------------------------------------------------    -------------------
    SLICE_X4Y30          FDCE                         0.000     0.000 r  u_puf/counter0/reset_release_reg[1]/C
    SLICE_X4Y30          FDCE (Prop_fdce_C_Q)         0.419     0.419 r  u_puf/counter0/reset_release_reg[1]/Q
                         net (fo=1, routed)           0.826     1.245    u_puf/counter0/reset_release[1]
    SLICE_X3Y31          LUT1 (Prop_lut1_I0_O)        0.299     1.544 f  u_puf/counter0/en_meta_i_1/O
                         net (fo=34, routed)          1.870     3.414    u_puf/counter0/en_meta_i_1_n_0
    SLICE_X0Y23          FDCE                                         f  u_puf/counter0/q_reg[2]/CLR
  -------------------------------------------------------------------    -------------------

Slack:                    inf
  Source:                 u_puf/counter0/reset_release_reg[1]/C
                            (rising edge-triggered cell FDCE)
  Destination:            u_puf/counter0/q_reg[3]/CLR
  Path Group:             (none)
  Path Type:              Max at Slow Process Corner
  Data Path Delay:        3.414ns  (logic 0.718ns (21.030%)  route 2.696ns (78.970%))
  Logic Levels:           2  (FDCE=1 LUT1=1)

    Location             Delay type                Incr(ns)  Path(ns)    Netlist Resource(s)
  -------------------------------------------------------------------    -------------------
    SLICE_X4Y30          FDCE                         0.000     0.000 r  u_puf/counter0/reset_release_reg[1]/C
    SLICE_X4Y30          FDCE (Prop_fdce_C_Q)         0.419     0.419 r  u_puf/counter0/reset_release_reg[1]/Q
                         net (fo=1, routed)           0.826     1.245    u_puf/counter0/reset_release[1]
    SLICE_X3Y31          LUT1 (Prop_lut1_I0_O)        0.299     1.544 f  u_puf/counter0/en_meta_i_1/O
                         net (fo=34, routed)          1.870     3.414    u_puf/counter0/en_meta_i_1_n_0
    SLICE_X0Y23          FDCE                                         f  u_puf/counter0/q_reg[3]/CLR
  -------------------------------------------------------------------    -------------------

Slack:                    inf
  Source:                 rst_n
                            (input port)
  Destination:            u_puf/counter0/reset_release_reg[0]/CLR
  Path Group:             (none)
  Path Type:              Max at Slow Process Corner
  Data Path Delay:        3.308ns  (logic 0.276ns (8.344%)  route 3.032ns (91.656%))
  Logic Levels:           2  (LUT5=1 LUT6=1)

    Location             Delay type                Incr(ns)  Path(ns)    Netlist Resource(s)
  -------------------------------------------------------------------    -------------------
                                                      0.000     0.000 r  rst_n (IN)
                         net (fo=8, unset)            0.973     0.973    u_puf/ctrl_inst/rst_n
    SLICE_X2Y24          LUT6 (Prop_lut6_I1_O)        0.124     1.097 r  u_puf/ctrl_inst/reset_release[1]_i_7/O
                         net (fo=1, routed)           1.280     2.377    u_puf/ctrl_inst/reset_release[1]_i_7_n_0
    SLICE_X8Y30          LUT5 (Prop_lut5_I0_O)        0.152     2.529 f  u_puf/ctrl_inst/reset_release[1]_i_2__0/O
                         net (fo=4, routed)           0.779     3.308    u_puf/counter0/reset_release_reg[0]_0
    SLICE_X4Y30          FDCE                                         f  u_puf/counter0/reset_release_reg[0]/CLR
  -------------------------------------------------------------------    -------------------

Slack:                    inf
  Source:                 rst_n
                            (input port)
  Destination:            u_puf/counter0/reset_release_reg[1]/CLR
  Path Group:             (none)
  Path Type:              Max at Slow Process Corner
  Data Path Delay:        3.308ns  (logic 0.276ns (8.344%)  route 3.032ns (91.656%))
  Logic Levels:           2  (LUT5=1 LUT6=1)

    Location             Delay type                Incr(ns)  Path(ns)    Netlist Resource(s)
  -------------------------------------------------------------------    -------------------
                                                      0.000     0.000 r  rst_n (IN)
                         net (fo=8, unset)            0.973     0.973    u_puf/ctrl_inst/rst_n
    SLICE_X2Y24          LUT6 (Prop_lut6_I1_O)        0.124     1.097 r  u_puf/ctrl_inst/reset_release[1]_i_7/O
                         net (fo=1, routed)           1.280     2.377    u_puf/ctrl_inst/reset_release[1]_i_7_n_0
    SLICE_X8Y30          LUT5 (Prop_lut5_I0_O)        0.152     2.529 f  u_puf/ctrl_inst/reset_release[1]_i_2__0/O
                         net (fo=4, routed)           0.779     3.308    u_puf/counter0/reset_release_reg[0]_0
    SLICE_X4Y30          FDCE                                         f  u_puf/counter0/reset_release_reg[1]/CLR
  -------------------------------------------------------------------    -------------------

Slack:                    inf
  Source:                 u_puf/counter0/reset_release_reg[1]/C
                            (rising edge-triggered cell FDCE)
  Destination:            u_puf/counter0/q_reg[4]/CLR
  Path Group:             (none)
  Path Type:              Max at Slow Process Corner
  Data Path Delay:        3.273ns  (logic 0.718ns (21.935%)  route 2.555ns (78.065%))
  Logic Levels:           2  (FDCE=1 LUT1=1)

    Location             Delay type                Incr(ns)  Path(ns)    Netlist Resource(s)
  -------------------------------------------------------------------    -------------------
    SLICE_X4Y30          FDCE                         0.000     0.000 r  u_puf/counter0/reset_release_reg[1]/C
    SLICE_X4Y30          FDCE (Prop_fdce_C_Q)         0.419     0.419 r  u_puf/counter0/reset_release_reg[1]/Q
                         net (fo=1, routed)           0.826     1.245    u_puf/counter0/reset_release[1]
    SLICE_X3Y31          LUT1 (Prop_lut1_I0_O)        0.299     1.544 f  u_puf/counter0/en_meta_i_1/O
                         net (fo=34, routed)          1.729     3.273    u_puf/counter0/en_meta_i_1_n_0
    SLICE_X0Y24          FDCE                                         f  u_puf/counter0/q_reg[4]/CLR
  -------------------------------------------------------------------    -------------------

Slack:                    inf
  Source:                 u_puf/counter0/reset_release_reg[1]/C
                            (rising edge-triggered cell FDCE)
  Destination:            u_puf/counter0/q_reg[5]/CLR
  Path Group:             (none)
  Path Type:              Max at Slow Process Corner
  Data Path Delay:        3.273ns  (logic 0.718ns (21.935%)  route 2.555ns (78.065%))
  Logic Levels:           2  (FDCE=1 LUT1=1)

    Location             Delay type                Incr(ns)  Path(ns)    Netlist Resource(s)
  -------------------------------------------------------------------    -------------------
    SLICE_X4Y30          FDCE                         0.000     0.000 r  u_puf/counter0/reset_release_reg[1]/C
    SLICE_X4Y30          FDCE (Prop_fdce_C_Q)         0.419     0.419 r  u_puf/counter0/reset_release_reg[1]/Q
                         net (fo=1, routed)           0.826     1.245    u_puf/counter0/reset_release[1]
    SLICE_X3Y31          LUT1 (Prop_lut1_I0_O)        0.299     1.544 f  u_puf/counter0/en_meta_i_1/O
                         net (fo=34, routed)          1.729     3.273    u_puf/counter0/en_meta_i_1_n_0
    SLICE_X0Y24          FDCE                                         f  u_puf/counter0/q_reg[5]/CLR
  -------------------------------------------------------------------    -------------------

Slack:                    inf
  Source:                 u_puf/counter0/reset_release_reg[1]/C
                            (rising edge-triggered cell FDCE)
  Destination:            u_puf/counter0/q_reg[6]/CLR
  Path Group:             (none)
  Path Type:              Max at Slow Process Corner
  Data Path Delay:        3.273ns  (logic 0.718ns (21.935%)  route 2.555ns (78.065%))
  Logic Levels:           2  (FDCE=1 LUT1=1)

    Location             Delay type                Incr(ns)  Path(ns)    Netlist Resource(s)
  -------------------------------------------------------------------    -------------------
    SLICE_X4Y30          FDCE                         0.000     0.000 r  u_puf/counter0/reset_release_reg[1]/C
    SLICE_X4Y30          FDCE (Prop_fdce_C_Q)         0.419     0.419 r  u_puf/counter0/reset_release_reg[1]/Q
                         net (fo=1, routed)           0.826     1.245    u_puf/counter0/reset_release[1]
    SLICE_X3Y31          LUT1 (Prop_lut1_I0_O)        0.299     1.544 f  u_puf/counter0/en_meta_i_1/O
                         net (fo=34, routed)          1.729     3.273    u_puf/counter0/en_meta_i_1_n_0
    SLICE_X0Y24          FDCE                                         f  u_puf/counter0/q_reg[6]/CLR
  -------------------------------------------------------------------    -------------------

Slack:                    inf
  Source:                 u_puf/counter0/reset_release_reg[1]/C
                            (rising edge-triggered cell FDCE)
  Destination:            u_puf/counter0/q_reg[7]/CLR
  Path Group:             (none)
  Path Type:              Max at Slow Process Corner
  Data Path Delay:        3.273ns  (logic 0.718ns (21.935%)  route 2.555ns (78.065%))
  Logic Levels:           2  (FDCE=1 LUT1=1)

    Location             Delay type                Incr(ns)  Path(ns)    Netlist Resource(s)
  -------------------------------------------------------------------    -------------------
    SLICE_X4Y30          FDCE                         0.000     0.000 r  u_puf/counter0/reset_release_reg[1]/C
    SLICE_X4Y30          FDCE (Prop_fdce_C_Q)         0.419     0.419 r  u_puf/counter0/reset_release_reg[1]/Q
                         net (fo=1, routed)           0.826     1.245    u_puf/counter0/reset_release[1]
    SLICE_X3Y31          LUT1 (Prop_lut1_I0_O)        0.299     1.544 f  u_puf/counter0/en_meta_i_1/O
                         net (fo=34, routed)          1.729     3.273    u_puf/counter0/en_meta_i_1_n_0
    SLICE_X0Y24          FDCE                                         f  u_puf/counter0/q_reg[7]/CLR
  -------------------------------------------------------------------    -------------------

Slack:                    inf
  Source:                 rst_n
                            (input port)
  Destination:            u_puf/counter1/reset_release_reg[0]/CLR
  Path Group:             (none)
  Path Type:              Max at Slow Process Corner
  Data Path Delay:        3.125ns  (logic 0.276ns (8.832%)  route 2.849ns (91.168%))
  Logic Levels:           2  (LUT5=1 LUT6=1)

    Location             Delay type                Incr(ns)  Path(ns)    Netlist Resource(s)
  -------------------------------------------------------------------    -------------------
                                                      0.000     0.000 r  rst_n (IN)
                         net (fo=8, unset)            0.973     0.973    u_puf/ctrl_inst/rst_n
    SLICE_X2Y24          LUT6 (Prop_lut6_I1_O)        0.124     1.097 r  u_puf/ctrl_inst/reset_release[1]_i_7/O
                         net (fo=1, routed)           1.280     2.377    u_puf/ctrl_inst/reset_release[1]_i_7_n_0
    SLICE_X8Y30          LUT5 (Prop_lut5_I0_O)        0.152     2.529 f  u_puf/ctrl_inst/reset_release[1]_i_2__0/O
                         net (fo=4, routed)           0.596     3.125    u_puf/counter1/reset_release_reg[1]_0
    SLICE_X9Y30          FDCE                                         f  u_puf/counter1/reset_release_reg[0]/CLR
  -------------------------------------------------------------------    -------------------

Slack:                    inf
  Source:                 rst_n
                            (input port)
  Destination:            u_puf/counter1/reset_release_reg[1]/CLR
  Path Group:             (none)
  Path Type:              Max at Slow Process Corner
  Data Path Delay:        3.125ns  (logic 0.276ns (8.832%)  route 2.849ns (91.168%))
  Logic Levels:           2  (LUT5=1 LUT6=1)

    Location             Delay type                Incr(ns)  Path(ns)    Netlist Resource(s)
  -------------------------------------------------------------------    -------------------
                                                      0.000     0.000 r  rst_n (IN)
                         net (fo=8, unset)            0.973     0.973    u_puf/ctrl_inst/rst_n
    SLICE_X2Y24          LUT6 (Prop_lut6_I1_O)        0.124     1.097 r  u_puf/ctrl_inst/reset_release[1]_i_7/O
                         net (fo=1, routed)           1.280     2.377    u_puf/ctrl_inst/reset_release[1]_i_7_n_0
    SLICE_X8Y30          LUT5 (Prop_lut5_I0_O)        0.152     2.529 f  u_puf/ctrl_inst/reset_release[1]_i_2__0/O
                         net (fo=4, routed)           0.596     3.125    u_puf/counter1/reset_release_reg[1]_0
    SLICE_X9Y30          FDCE                                         f  u_puf/counter1/reset_release_reg[1]/CLR
  -------------------------------------------------------------------    -------------------

Slack:                    inf
  Source:                 u_puf/counter0/reset_release_reg[1]/C
                            (rising edge-triggered cell FDCE)
  Destination:            u_puf/counter0/q_reg[10]/CLR
  Path Group:             (none)
  Path Type:              Max at Slow Process Corner
  Data Path Delay:        3.094ns  (logic 0.718ns (23.205%)  route 2.376ns (76.795%))
  Logic Levels:           2  (FDCE=1 LUT1=1)

    Location             Delay type                Incr(ns)  Path(ns)    Netlist Resource(s)
  -------------------------------------------------------------------    -------------------
    SLICE_X4Y30          FDCE                         0.000     0.000 r  u_puf/counter0/reset_release_reg[1]/C
    SLICE_X4Y30          FDCE (Prop_fdce_C_Q)         0.419     0.419 r  u_puf/counter0/reset_release_reg[1]/Q
                         net (fo=1, routed)           0.826     1.245    u_puf/counter0/reset_release[1]
    SLICE_X3Y31          LUT1 (Prop_lut1_I0_O)        0.299     1.544 f  u_puf/counter0/en_meta_i_1/O
                         net (fo=34, routed)          1.550     3.094    u_puf/counter0/en_meta_i_1_n_0
    SLICE_X0Y25          FDCE                                         f  u_puf/counter0/q_reg[10]/CLR
  -------------------------------------------------------------------    -------------------

Slack:                    inf
  Source:                 u_puf/counter0/reset_release_reg[1]/C
                            (rising edge-triggered cell FDCE)
  Destination:            u_puf/counter0/q_reg[11]/CLR
  Path Group:             (none)
  Path Type:              Max at Slow Process Corner
  Data Path Delay:        3.094ns  (logic 0.718ns (23.205%)  route 2.376ns (76.795%))
  Logic Levels:           2  (FDCE=1 LUT1=1)

    Location             Delay type                Incr(ns)  Path(ns)    Netlist Resource(s)
  -------------------------------------------------------------------    -------------------
    SLICE_X4Y30          FDCE                         0.000     0.000 r  u_puf/counter0/reset_release_reg[1]/C
    SLICE_X4Y30          FDCE (Prop_fdce_C_Q)         0.419     0.419 r  u_puf/counter0/reset_release_reg[1]/Q
                         net (fo=1, routed)           0.826     1.245    u_puf/counter0/reset_release[1]
    SLICE_X3Y31          LUT1 (Prop_lut1_I0_O)        0.299     1.544 f  u_puf/counter0/en_meta_i_1/O
                         net (fo=34, routed)          1.550     3.094    u_puf/counter0/en_meta_i_1_n_0
    SLICE_X0Y25          FDCE                                         f  u_puf/counter0/q_reg[11]/CLR
  -------------------------------------------------------------------    -------------------

Slack:                    inf
  Source:                 u_puf/counter0/reset_release_reg[1]/C
                            (rising edge-triggered cell FDCE)
  Destination:            u_puf/counter0/q_reg[8]/CLR
  Path Group:             (none)
  Path Type:              Max at Slow Process Corner
  Data Path Delay:        3.094ns  (logic 0.718ns (23.205%)  route 2.376ns (76.795%))
  Logic Levels:           2  (FDCE=1 LUT1=1)

    Location             Delay type                Incr(ns)  Path(ns)    Netlist Resource(s)
  -------------------------------------------------------------------    -------------------
    SLICE_X4Y30          FDCE                         0.000     0.000 r  u_puf/counter0/reset_release_reg[1]/C
    SLICE_X4Y30          FDCE (Prop_fdce_C_Q)         0.419     0.419 r  u_puf/counter0/reset_release_reg[1]/Q
                         net (fo=1, routed)           0.826     1.245    u_puf/counter0/reset_release[1]
    SLICE_X3Y31          LUT1 (Prop_lut1_I0_O)        0.299     1.544 f  u_puf/counter0/en_meta_i_1/O
                         net (fo=34, routed)          1.550     3.094    u_puf/counter0/en_meta_i_1_n_0
    SLICE_X0Y25          FDCE                                         f  u_puf/counter0/q_reg[8]/CLR
  -------------------------------------------------------------------    -------------------

Slack:                    inf
  Source:                 u_puf/counter0/reset_release_reg[1]/C
                            (rising edge-triggered cell FDCE)
  Destination:            u_puf/counter0/q_reg[9]/CLR
  Path Group:             (none)
  Path Type:              Max at Slow Process Corner
  Data Path Delay:        3.094ns  (logic 0.718ns (23.205%)  route 2.376ns (76.795%))
  Logic Levels:           2  (FDCE=1 LUT1=1)

    Location             Delay type                Incr(ns)  Path(ns)    Netlist Resource(s)
  -------------------------------------------------------------------    -------------------
    SLICE_X4Y30          FDCE                         0.000     0.000 r  u_puf/counter0/reset_release_reg[1]/C
    SLICE_X4Y30          FDCE (Prop_fdce_C_Q)         0.419     0.419 r  u_puf/counter0/reset_release_reg[1]/Q
                         net (fo=1, routed)           0.826     1.245    u_puf/counter0/reset_release[1]
    SLICE_X3Y31          LUT1 (Prop_lut1_I0_O)        0.299     1.544 f  u_puf/counter0/en_meta_i_1/O
                         net (fo=34, routed)          1.550     3.094    u_puf/counter0/en_meta_i_1_n_0
    SLICE_X0Y25          FDCE                                         f  u_puf/counter0/q_reg[9]/CLR
  -------------------------------------------------------------------    -------------------

Slack:                    inf
  Source:                 u_puf/counter0/reset_release_reg[1]/C
                            (rising edge-triggered cell FDCE)
  Destination:            u_puf/counter0/q_reg[12]/CLR
  Path Group:             (none)
  Path Type:              Max at Slow Process Corner
  Data Path Delay:        2.943ns  (logic 0.718ns (24.394%)  route 2.225ns (75.606%))
  Logic Levels:           2  (FDCE=1 LUT1=1)

    Location             Delay type                Incr(ns)  Path(ns)    Netlist Resource(s)
  -------------------------------------------------------------------    -------------------
    SLICE_X4Y30          FDCE                         0.000     0.000 r  u_puf/counter0/reset_release_reg[1]/C
    SLICE_X4Y30          FDCE (Prop_fdce_C_Q)         0.419     0.419 r  u_puf/counter0/reset_release_reg[1]/Q
                         net (fo=1, routed)           0.826     1.245    u_puf/counter0/reset_release[1]
    SLICE_X3Y31          LUT1 (Prop_lut1_I0_O)        0.299     1.544 f  u_puf/counter0/en_meta_i_1/O
                         net (fo=34, routed)          1.400     2.943    u_puf/counter0/en_meta_i_1_n_0
    SLICE_X0Y26          FDCE                                         f  u_puf/counter0/q_reg[12]/CLR
  -------------------------------------------------------------------    -------------------

Slack:                    inf
  Source:                 u_puf/counter0/reset_release_reg[1]/C
                            (rising edge-triggered cell FDCE)
  Destination:            u_puf/counter0/q_reg[13]/CLR
  Path Group:             (none)
  Path Type:              Max at Slow Process Corner
  Data Path Delay:        2.943ns  (logic 0.718ns (24.394%)  route 2.225ns (75.606%))
  Logic Levels:           2  (FDCE=1 LUT1=1)

    Location             Delay type                Incr(ns)  Path(ns)    Netlist Resource(s)
  -------------------------------------------------------------------    -------------------
    SLICE_X4Y30          FDCE                         0.000     0.000 r  u_puf/counter0/reset_release_reg[1]/C
    SLICE_X4Y30          FDCE (Prop_fdce_C_Q)         0.419     0.419 r  u_puf/counter0/reset_release_reg[1]/Q
                         net (fo=1, routed)           0.826     1.245    u_puf/counter0/reset_release[1]
    SLICE_X3Y31          LUT1 (Prop_lut1_I0_O)        0.299     1.544 f  u_puf/counter0/en_meta_i_1/O
                         net (fo=34, routed)          1.400     2.943    u_puf/counter0/en_meta_i_1_n_0
    SLICE_X0Y26          FDCE                                         f  u_puf/counter0/q_reg[13]/CLR
  -------------------------------------------------------------------    -------------------

Slack:                    inf
  Source:                 u_puf/counter0/reset_release_reg[1]/C
                            (rising edge-triggered cell FDCE)
  Destination:            u_puf/counter0/q_reg[14]/CLR
  Path Group:             (none)
  Path Type:              Max at Slow Process Corner
  Data Path Delay:        2.943ns  (logic 0.718ns (24.394%)  route 2.225ns (75.606%))
  Logic Levels:           2  (FDCE=1 LUT1=1)

    Location             Delay type                Incr(ns)  Path(ns)    Netlist Resource(s)
  -------------------------------------------------------------------    -------------------
    SLICE_X4Y30          FDCE                         0.000     0.000 r  u_puf/counter0/reset_release_reg[1]/C
    SLICE_X4Y30          FDCE (Prop_fdce_C_Q)         0.419     0.419 r  u_puf/counter0/reset_release_reg[1]/Q
                         net (fo=1, routed)           0.826     1.245    u_puf/counter0/reset_release[1]
    SLICE_X3Y31          LUT1 (Prop_lut1_I0_O)        0.299     1.544 f  u_puf/counter0/en_meta_i_1/O
                         net (fo=34, routed)          1.400     2.943    u_puf/counter0/en_meta_i_1_n_0
    SLICE_X0Y26          FDCE                                         f  u_puf/counter0/q_reg[14]/CLR
  -------------------------------------------------------------------    -------------------

Slack:                    inf
  Source:                 u_puf/counter0/reset_release_reg[1]/C
                            (rising edge-triggered cell FDCE)
  Destination:            u_puf/counter0/q_reg[15]/CLR
  Path Group:             (none)
  Path Type:              Max at Slow Process Corner
  Data Path Delay:        2.943ns  (logic 0.718ns (24.394%)  route 2.225ns (75.606%))
  Logic Levels:           2  (FDCE=1 LUT1=1)

    Location             Delay type                Incr(ns)  Path(ns)    Netlist Resource(s)
  -------------------------------------------------------------------    -------------------
    SLICE_X4Y30          FDCE                         0.000     0.000 r  u_puf/counter0/reset_release_reg[1]/C
    SLICE_X4Y30          FDCE (Prop_fdce_C_Q)         0.419     0.419 r  u_puf/counter0/reset_release_reg[1]/Q
                         net (fo=1, routed)           0.826     1.245    u_puf/counter0/reset_release[1]
    SLICE_X3Y31          LUT1 (Prop_lut1_I0_O)        0.299     1.544 f  u_puf/counter0/en_meta_i_1/O
                         net (fo=34, routed)          1.400     2.943    u_puf/counter0/en_meta_i_1_n_0
    SLICE_X0Y26          FDCE                                         f  u_puf/counter0/q_reg[15]/CLR
  -------------------------------------------------------------------    -------------------





Min Delay Paths
--------------------------------------------------------------------------------------
Slack:                    inf
  Source:                 u_puf/counter0/en_meta_reg/C
                            (rising edge-triggered cell FDCE)
  Destination:            u_puf/counter0/en_sync_reg/D
  Path Group:             (none)
  Path Type:              Min at Fast Process Corner
  Data Path Delay:        0.197ns  (logic 0.141ns (71.611%)  route 0.056ns (28.389%))
  Logic Levels:           1  (FDCE=1)

    Location             Delay type                Incr(ns)  Path(ns)    Netlist Resource(s)
  -------------------------------------------------------------------    -------------------
    SLICE_X1Y28          FDCE                         0.000     0.000 r  u_puf/counter0/en_meta_reg/C
    SLICE_X1Y28          FDCE (Prop_fdce_C_Q)         0.141     0.141 r  u_puf/counter0/en_meta_reg/Q
                         net (fo=1, routed)           0.056     0.197    u_puf/counter0/en_meta
    SLICE_X1Y28          FDCE                                         r  u_puf/counter0/en_sync_reg/D
  -------------------------------------------------------------------    -------------------

Slack:                    inf
  Source:                 u_puf/counter1/reset_release_reg[0]/C
                            (rising edge-triggered cell FDCE)
  Destination:            u_puf/counter1/reset_release_reg[1]/D
  Path Group:             (none)
  Path Type:              Min at Fast Process Corner
  Data Path Delay:        0.197ns  (logic 0.141ns (71.611%)  route 0.056ns (28.389%))
  Logic Levels:           1  (FDCE=1)

    Location             Delay type                Incr(ns)  Path(ns)    Netlist Resource(s)
  -------------------------------------------------------------------    -------------------
    SLICE_X9Y30          FDCE                         0.000     0.000 r  u_puf/counter1/reset_release_reg[0]/C
    SLICE_X9Y30          FDCE (Prop_fdce_C_Q)         0.141     0.141 r  u_puf/counter1/reset_release_reg[0]/Q
                         net (fo=1, routed)           0.056     0.197    u_puf/counter1/reset_release[0]
    SLICE_X9Y30          FDCE                                         r  u_puf/counter1/reset_release_reg[1]/D
  -------------------------------------------------------------------    -------------------

Slack:                    inf
  Source:                 u_puf/counter0/reset_release_reg[0]/C
                            (rising edge-triggered cell FDCE)
  Destination:            u_puf/counter0/reset_release_reg[1]/D
  Path Group:             (none)
  Path Type:              Min at Fast Process Corner
  Data Path Delay:        0.206ns  (logic 0.141ns (68.336%)  route 0.065ns (31.664%))
  Logic Levels:           1  (FDCE=1)

    Location             Delay type                Incr(ns)  Path(ns)    Netlist Resource(s)
  -------------------------------------------------------------------    -------------------
    SLICE_X4Y30          FDCE                         0.000     0.000 r  u_puf/counter0/reset_release_reg[0]/C
    SLICE_X4Y30          FDCE (Prop_fdce_C_Q)         0.141     0.141 r  u_puf/counter0/reset_release_reg[0]/Q
                         net (fo=1, routed)           0.065     0.206    u_puf/counter0/reset_release[0]
    SLICE_X4Y30          FDCE                                         r  u_puf/counter0/reset_release_reg[1]/D
  -------------------------------------------------------------------    -------------------

Slack:                    inf
  Source:                 u_puf/counter1/en_meta_reg/C
                            (rising edge-triggered cell FDCE)
  Destination:            u_puf/counter1/en_sync_reg/D
  Path Group:             (none)
  Path Type:              Min at Fast Process Corner
  Data Path Delay:        0.206ns  (logic 0.141ns (68.336%)  route 0.065ns (31.664%))
  Logic Levels:           1  (FDCE=1)

    Location             Delay type                Incr(ns)  Path(ns)    Netlist Resource(s)
  -------------------------------------------------------------------    -------------------
    SLICE_X4Y24          FDCE                         0.000     0.000 r  u_puf/counter1/en_meta_reg/C
    SLICE_X4Y24          FDCE (Prop_fdce_C_Q)         0.141     0.141 r  u_puf/counter1/en_meta_reg/Q
                         net (fo=1, routed)           0.065     0.206    u_puf/counter1/en_meta
    SLICE_X4Y24          FDCE                                         r  u_puf/counter1/en_sync_reg/D
  -------------------------------------------------------------------    -------------------

Slack:                    inf
  Source:                 u_puf/counter1/en_sync_reg/C
                            (rising edge-triggered cell FDCE)
  Destination:            u_puf/counter1/q_reg[4]/CE
  Path Group:             (none)
  Path Type:              Min at Fast Process Corner
  Data Path Delay:        0.273ns  (logic 0.128ns (46.818%)  route 0.145ns (53.182%))
  Logic Levels:           1  (FDCE=1)

    Location             Delay type                Incr(ns)  Path(ns)    Netlist Resource(s)
  -------------------------------------------------------------------    -------------------
    SLICE_X4Y24          FDCE                         0.000     0.000 r  u_puf/counter1/en_sync_reg/C
    SLICE_X4Y24          FDCE (Prop_fdce_C_Q)         0.128     0.128 r  u_puf/counter1/en_sync_reg/Q
                         net (fo=32, routed)          0.145     0.273    u_puf/counter1/en_sync
    SLICE_X3Y24          FDCE                                         r  u_puf/counter1/q_reg[4]/CE
  -------------------------------------------------------------------    -------------------

Slack:                    inf
  Source:                 u_puf/counter1/en_sync_reg/C
                            (rising edge-triggered cell FDCE)
  Destination:            u_puf/counter1/q_reg[5]/CE
  Path Group:             (none)
  Path Type:              Min at Fast Process Corner
  Data Path Delay:        0.273ns  (logic 0.128ns (46.818%)  route 0.145ns (53.182%))
  Logic Levels:           1  (FDCE=1)

    Location             Delay type                Incr(ns)  Path(ns)    Netlist Resource(s)
  -------------------------------------------------------------------    -------------------
    SLICE_X4Y24          FDCE                         0.000     0.000 r  u_puf/counter1/en_sync_reg/C
    SLICE_X4Y24          FDCE (Prop_fdce_C_Q)         0.128     0.128 r  u_puf/counter1/en_sync_reg/Q
                         net (fo=32, routed)          0.145     0.273    u_puf/counter1/en_sync
    SLICE_X3Y24          FDCE                                         r  u_puf/counter1/q_reg[5]/CE
  -------------------------------------------------------------------    -------------------

Slack:                    inf
  Source:                 u_puf/counter1/en_sync_reg/C
                            (rising edge-triggered cell FDCE)
  Destination:            u_puf/counter1/q_reg[6]/CE
  Path Group:             (none)
  Path Type:              Min at Fast Process Corner
  Data Path Delay:        0.273ns  (logic 0.128ns (46.818%)  route 0.145ns (53.182%))
  Logic Levels:           1  (FDCE=1)

    Location             Delay type                Incr(ns)  Path(ns)    Netlist Resource(s)
  -------------------------------------------------------------------    -------------------
    SLICE_X4Y24          FDCE                         0.000     0.000 r  u_puf/counter1/en_sync_reg/C
    SLICE_X4Y24          FDCE (Prop_fdce_C_Q)         0.128     0.128 r  u_puf/counter1/en_sync_reg/Q
                         net (fo=32, routed)          0.145     0.273    u_puf/counter1/en_sync
    SLICE_X3Y24          FDCE                                         r  u_puf/counter1/q_reg[6]/CE
  -------------------------------------------------------------------    -------------------

Slack:                    inf
  Source:                 u_puf/counter1/en_sync_reg/C
                            (rising edge-triggered cell FDCE)
  Destination:            u_puf/counter1/q_reg[7]/CE
  Path Group:             (none)
  Path Type:              Min at Fast Process Corner
  Data Path Delay:        0.273ns  (logic 0.128ns (46.818%)  route 0.145ns (53.182%))
  Logic Levels:           1  (FDCE=1)

    Location             Delay type                Incr(ns)  Path(ns)    Netlist Resource(s)
  -------------------------------------------------------------------    -------------------
    SLICE_X4Y24          FDCE                         0.000     0.000 r  u_puf/counter1/en_sync_reg/C
    SLICE_X4Y24          FDCE (Prop_fdce_C_Q)         0.128     0.128 r  u_puf/counter1/en_sync_reg/Q
                         net (fo=32, routed)          0.145     0.273    u_puf/counter1/en_sync
    SLICE_X3Y24          FDCE                                         r  u_puf/counter1/q_reg[7]/CE
  -------------------------------------------------------------------    -------------------

Slack:                    inf
  Source:                 u_puf/counter0/en_sync_reg/C
                            (rising edge-triggered cell FDCE)
  Destination:            u_puf/counter0/q_reg[16]/CE
  Path Group:             (none)
  Path Type:              Min at Fast Process Corner
  Data Path Delay:        0.283ns  (logic 0.128ns (45.219%)  route 0.155ns (54.781%))
  Logic Levels:           1  (FDCE=1)

    Location             Delay type                Incr(ns)  Path(ns)    Netlist Resource(s)
  -------------------------------------------------------------------    -------------------
    SLICE_X1Y28          FDCE                         0.000     0.000 r  u_puf/counter0/en_sync_reg/C
    SLICE_X1Y28          FDCE (Prop_fdce_C_Q)         0.128     0.128 r  u_puf/counter0/en_sync_reg/Q
                         net (fo=32, routed)          0.155     0.283    u_puf/counter0/en_sync
    SLICE_X0Y27          FDCE                                         r  u_puf/counter0/q_reg[16]/CE
  -------------------------------------------------------------------    -------------------

Slack:                    inf
  Source:                 u_puf/counter0/en_sync_reg/C
                            (rising edge-triggered cell FDCE)
  Destination:            u_puf/counter0/q_reg[17]/CE
  Path Group:             (none)
  Path Type:              Min at Fast Process Corner
  Data Path Delay:        0.283ns  (logic 0.128ns (45.219%)  route 0.155ns (54.781%))
  Logic Levels:           1  (FDCE=1)

    Location             Delay type                Incr(ns)  Path(ns)    Netlist Resource(s)
  -------------------------------------------------------------------    -------------------
    SLICE_X1Y28          FDCE                         0.000     0.000 r  u_puf/counter0/en_sync_reg/C
    SLICE_X1Y28          FDCE (Prop_fdce_C_Q)         0.128     0.128 r  u_puf/counter0/en_sync_reg/Q
                         net (fo=32, routed)          0.155     0.283    u_puf/counter0/en_sync
    SLICE_X0Y27          FDCE                                         r  u_puf/counter0/q_reg[17]/CE
  -------------------------------------------------------------------    -------------------

Slack:                    inf
  Source:                 u_puf/counter0/en_sync_reg/C
                            (rising edge-triggered cell FDCE)
  Destination:            u_puf/counter0/q_reg[18]/CE
  Path Group:             (none)
  Path Type:              Min at Fast Process Corner
  Data Path Delay:        0.283ns  (logic 0.128ns (45.219%)  route 0.155ns (54.781%))
  Logic Levels:           1  (FDCE=1)

    Location             Delay type                Incr(ns)  Path(ns)    Netlist Resource(s)
  -------------------------------------------------------------------    -------------------
    SLICE_X1Y28          FDCE                         0.000     0.000 r  u_puf/counter0/en_sync_reg/C
    SLICE_X1Y28          FDCE (Prop_fdce_C_Q)         0.128     0.128 r  u_puf/counter0/en_sync_reg/Q
                         net (fo=32, routed)          0.155     0.283    u_puf/counter0/en_sync
    SLICE_X0Y27          FDCE                                         r  u_puf/counter0/q_reg[18]/CE
  -------------------------------------------------------------------    -------------------

Slack:                    inf
  Source:                 u_puf/counter0/en_sync_reg/C
                            (rising edge-triggered cell FDCE)
  Destination:            u_puf/counter0/q_reg[19]/CE
  Path Group:             (none)
  Path Type:              Min at Fast Process Corner
  Data Path Delay:        0.283ns  (logic 0.128ns (45.219%)  route 0.155ns (54.781%))
  Logic Levels:           1  (FDCE=1)

    Location             Delay type                Incr(ns)  Path(ns)    Netlist Resource(s)
  -------------------------------------------------------------------    -------------------
    SLICE_X1Y28          FDCE                         0.000     0.000 r  u_puf/counter0/en_sync_reg/C
    SLICE_X1Y28          FDCE (Prop_fdce_C_Q)         0.128     0.128 r  u_puf/counter0/en_sync_reg/Q
                         net (fo=32, routed)          0.155     0.283    u_puf/counter0/en_sync
    SLICE_X0Y27          FDCE                                         r  u_puf/counter0/q_reg[19]/CE
  -------------------------------------------------------------------    -------------------

Slack:                    inf
  Source:                 u_puf/counter0/en_sync_reg/C
                            (rising edge-triggered cell FDCE)
  Destination:            u_puf/counter0/q_reg[24]/CE
  Path Group:             (none)
  Path Type:              Min at Fast Process Corner
  Data Path Delay:        0.285ns  (logic 0.128ns (44.901%)  route 0.157ns (55.099%))
  Logic Levels:           1  (FDCE=1)

    Location             Delay type                Incr(ns)  Path(ns)    Netlist Resource(s)
  -------------------------------------------------------------------    -------------------
    SLICE_X1Y28          FDCE                         0.000     0.000 r  u_puf/counter0/en_sync_reg/C
    SLICE_X1Y28          FDCE (Prop_fdce_C_Q)         0.128     0.128 r  u_puf/counter0/en_sync_reg/Q
                         net (fo=32, routed)          0.157     0.285    u_puf/counter0/en_sync
    SLICE_X0Y29          FDCE                                         r  u_puf/counter0/q_reg[24]/CE
  -------------------------------------------------------------------    -------------------

Slack:                    inf
  Source:                 u_puf/counter0/en_sync_reg/C
                            (rising edge-triggered cell FDCE)
  Destination:            u_puf/counter0/q_reg[25]/CE
  Path Group:             (none)
  Path Type:              Min at Fast Process Corner
  Data Path Delay:        0.285ns  (logic 0.128ns (44.901%)  route 0.157ns (55.099%))
  Logic Levels:           1  (FDCE=1)

    Location             Delay type                Incr(ns)  Path(ns)    Netlist Resource(s)
  -------------------------------------------------------------------    -------------------
    SLICE_X1Y28          FDCE                         0.000     0.000 r  u_puf/counter0/en_sync_reg/C
    SLICE_X1Y28          FDCE (Prop_fdce_C_Q)         0.128     0.128 r  u_puf/counter0/en_sync_reg/Q
                         net (fo=32, routed)          0.157     0.285    u_puf/counter0/en_sync
    SLICE_X0Y29          FDCE                                         r  u_puf/counter0/q_reg[25]/CE
  -------------------------------------------------------------------    -------------------

Slack:                    inf
  Source:                 u_puf/counter0/en_sync_reg/C
                            (rising edge-triggered cell FDCE)
  Destination:            u_puf/counter0/q_reg[26]/CE
  Path Group:             (none)
  Path Type:              Min at Fast Process Corner
  Data Path Delay:        0.285ns  (logic 0.128ns (44.901%)  route 0.157ns (55.099%))
  Logic Levels:           1  (FDCE=1)

    Location             Delay type                Incr(ns)  Path(ns)    Netlist Resource(s)
  -------------------------------------------------------------------    -------------------
    SLICE_X1Y28          FDCE                         0.000     0.000 r  u_puf/counter0/en_sync_reg/C
    SLICE_X1Y28          FDCE (Prop_fdce_C_Q)         0.128     0.128 r  u_puf/counter0/en_sync_reg/Q
                         net (fo=32, routed)          0.157     0.285    u_puf/counter0/en_sync
    SLICE_X0Y29          FDCE                                         r  u_puf/counter0/q_reg[26]/CE
  -------------------------------------------------------------------    -------------------

Slack:                    inf
  Source:                 u_puf/counter0/en_sync_reg/C
                            (rising edge-triggered cell FDCE)
  Destination:            u_puf/counter0/q_reg[27]/CE
  Path Group:             (none)
  Path Type:              Min at Fast Process Corner
  Data Path Delay:        0.285ns  (logic 0.128ns (44.901%)  route 0.157ns (55.099%))
  Logic Levels:           1  (FDCE=1)

    Location             Delay type                Incr(ns)  Path(ns)    Netlist Resource(s)
  -------------------------------------------------------------------    -------------------
    SLICE_X1Y28          FDCE                         0.000     0.000 r  u_puf/counter0/en_sync_reg/C
    SLICE_X1Y28          FDCE (Prop_fdce_C_Q)         0.128     0.128 r  u_puf/counter0/en_sync_reg/Q
                         net (fo=32, routed)          0.157     0.285    u_puf/counter0/en_sync
    SLICE_X0Y29          FDCE                                         r  u_puf/counter0/q_reg[27]/CE
  -------------------------------------------------------------------    -------------------

Slack:                    inf
  Source:                 u_puf/counter1/en_sync_reg/C
                            (rising edge-triggered cell FDCE)
  Destination:            u_puf/counter1/q_reg[10]/CE
  Path Group:             (none)
  Path Type:              Min at Fast Process Corner
  Data Path Delay:        0.308ns  (logic 0.128ns (41.566%)  route 0.180ns (58.434%))
  Logic Levels:           1  (FDCE=1)

    Location             Delay type                Incr(ns)  Path(ns)    Netlist Resource(s)
  -------------------------------------------------------------------    -------------------
    SLICE_X4Y24          FDCE                         0.000     0.000 r  u_puf/counter1/en_sync_reg/C
    SLICE_X4Y24          FDCE (Prop_fdce_C_Q)         0.128     0.128 r  u_puf/counter1/en_sync_reg/Q
                         net (fo=32, routed)          0.180     0.308    u_puf/counter1/en_sync
    SLICE_X3Y25          FDCE                                         r  u_puf/counter1/q_reg[10]/CE
  -------------------------------------------------------------------    -------------------

Slack:                    inf
  Source:                 u_puf/counter1/en_sync_reg/C
                            (rising edge-triggered cell FDCE)
  Destination:            u_puf/counter1/q_reg[11]/CE
  Path Group:             (none)
  Path Type:              Min at Fast Process Corner
  Data Path Delay:        0.308ns  (logic 0.128ns (41.566%)  route 0.180ns (58.434%))
  Logic Levels:           1  (FDCE=1)

    Location             Delay type                Incr(ns)  Path(ns)    Netlist Resource(s)
  -------------------------------------------------------------------    -------------------
    SLICE_X4Y24          FDCE                         0.000     0.000 r  u_puf/counter1/en_sync_reg/C
    SLICE_X4Y24          FDCE (Prop_fdce_C_Q)         0.128     0.128 r  u_puf/counter1/en_sync_reg/Q
                         net (fo=32, routed)          0.180     0.308    u_puf/counter1/en_sync
    SLICE_X3Y25          FDCE                                         r  u_puf/counter1/q_reg[11]/CE
  -------------------------------------------------------------------    -------------------

Slack:                    inf
  Source:                 u_puf/counter1/en_sync_reg/C
                            (rising edge-triggered cell FDCE)
  Destination:            u_puf/counter1/q_reg[8]/CE
  Path Group:             (none)
  Path Type:              Min at Fast Process Corner
  Data Path Delay:        0.308ns  (logic 0.128ns (41.566%)  route 0.180ns (58.434%))
  Logic Levels:           1  (FDCE=1)

    Location             Delay type                Incr(ns)  Path(ns)    Netlist Resource(s)
  -------------------------------------------------------------------    -------------------
    SLICE_X4Y24          FDCE                         0.000     0.000 r  u_puf/counter1/en_sync_reg/C
    SLICE_X4Y24          FDCE (Prop_fdce_C_Q)         0.128     0.128 r  u_puf/counter1/en_sync_reg/Q
                         net (fo=32, routed)          0.180     0.308    u_puf/counter1/en_sync
    SLICE_X3Y25          FDCE                                         r  u_puf/counter1/q_reg[8]/CE
  -------------------------------------------------------------------    -------------------

Slack:                    inf
  Source:                 u_puf/counter1/en_sync_reg/C
                            (rising edge-triggered cell FDCE)
  Destination:            u_puf/counter1/q_reg[9]/CE
  Path Group:             (none)
  Path Type:              Min at Fast Process Corner
  Data Path Delay:        0.308ns  (logic 0.128ns (41.566%)  route 0.180ns (58.434%))
  Logic Levels:           1  (FDCE=1)

    Location             Delay type                Incr(ns)  Path(ns)    Netlist Resource(s)
  -------------------------------------------------------------------    -------------------
    SLICE_X4Y24          FDCE                         0.000     0.000 r  u_puf/counter1/en_sync_reg/C
    SLICE_X4Y24          FDCE (Prop_fdce_C_Q)         0.128     0.128 r  u_puf/counter1/en_sync_reg/Q
                         net (fo=32, routed)          0.180     0.308    u_puf/counter1/en_sync
    SLICE_X3Y25          FDCE                                         r  u_puf/counter1/q_reg[9]/CE
  -------------------------------------------------------------------    -------------------





--------------------------------------------------------------------------------------
Path Group:  (none)
From Clock:  sys_clk
  To Clock:

Max Delay           567 Endpoints
Min Delay           567 Endpoints
--------------------------------------------------------------------------------------


Max Delay Paths
--------------------------------------------------------------------------------------
Slack:                    inf
  Source:                 u_puf/ctrl_inst/FSM_onehot_state_reg[6]/C
                            (rising edge-triggered cell FDCE clocked by sys_clk  {rise@0.000ns fall@5.000ns period=10.000ns})
  Destination:            u_puf/counter0/reset_release_reg[0]/CLR
  Path Group:             (none)
  Path Type:              Max at Slow Process Corner
  Data Path Delay:        4.166ns  (logic 0.732ns (17.570%)  route 3.434ns (82.430%))
  Logic Levels:           2  (LUT5=1 LUT6=1)
  Clock Uncertainty:      0.025ns  ((TSJ^2 + TIJ^2)^1/2 + DJ) / 2 + PE
    Total System Jitter     (TSJ):    0.050ns
    Total Input Jitter      (TIJ):    0.000ns
    Discrete Jitter          (DJ):    0.000ns
    Phase Error              (PE):    0.000ns

    Location             Delay type                Incr(ns)  Path(ns)    Netlist Resource(s)
  -------------------------------------------------------------------    -------------------
                         (clock sys_clk rise edge)    0.000     0.000 r
                                                      0.000     0.000 r  clk (IN)
                         net (fo=19605, unset)        0.973     0.973    u_puf/ctrl_inst/clk
    SLICE_X1Y20          FDCE                                         r  u_puf/ctrl_inst/FSM_onehot_state_reg[6]/C
  -------------------------------------------------------------------    -------------------
    SLICE_X1Y20          FDCE (Prop_fdce_C_Q)         0.456     1.429 f  u_puf/ctrl_inst/FSM_onehot_state_reg[6]/Q
                         net (fo=8, routed)           1.375     2.804    u_puf/ctrl_inst/puf_done
    SLICE_X2Y24          LUT6 (Prop_lut6_I3_O)        0.124     2.928 r  u_puf/ctrl_inst/reset_release[1]_i_7/O
                         net (fo=1, routed)           1.280     4.208    u_puf/ctrl_inst/reset_release[1]_i_7_n_0
    SLICE_X8Y30          LUT5 (Prop_lut5_I0_O)        0.152     4.360 f  u_puf/ctrl_inst/reset_release[1]_i_2__0/O
                         net (fo=4, routed)           0.779     5.139    u_puf/counter0/reset_release_reg[0]_0
    SLICE_X4Y30          FDCE                                         f  u_puf/counter0/reset_release_reg[0]/CLR
  -------------------------------------------------------------------    -------------------

Slack:                    inf
  Source:                 u_puf/ctrl_inst/FSM_onehot_state_reg[6]/C
                            (rising edge-triggered cell FDCE clocked by sys_clk  {rise@0.000ns fall@5.000ns period=10.000ns})
  Destination:            u_puf/counter0/reset_release_reg[1]/CLR
  Path Group:             (none)
  Path Type:              Max at Slow Process Corner
  Data Path Delay:        4.166ns  (logic 0.732ns (17.570%)  route 3.434ns (82.430%))
  Logic Levels:           2  (LUT5=1 LUT6=1)
  Clock Uncertainty:      0.025ns  ((TSJ^2 + TIJ^2)^1/2 + DJ) / 2 + PE
    Total System Jitter     (TSJ):    0.050ns
    Total Input Jitter      (TIJ):    0.000ns
    Discrete Jitter          (DJ):    0.000ns
    Phase Error              (PE):    0.000ns

    Location             Delay type                Incr(ns)  Path(ns)    Netlist Resource(s)
  -------------------------------------------------------------------    -------------------
                         (clock sys_clk rise edge)    0.000     0.000 r
                                                      0.000     0.000 r  clk (IN)
                         net (fo=19605, unset)        0.973     0.973    u_puf/ctrl_inst/clk
    SLICE_X1Y20          FDCE                                         r  u_puf/ctrl_inst/FSM_onehot_state_reg[6]/C
  -------------------------------------------------------------------    -------------------
    SLICE_X1Y20          FDCE (Prop_fdce_C_Q)         0.456     1.429 f  u_puf/ctrl_inst/FSM_onehot_state_reg[6]/Q
                         net (fo=8, routed)           1.375     2.804    u_puf/ctrl_inst/puf_done
    SLICE_X2Y24          LUT6 (Prop_lut6_I3_O)        0.124     2.928 r  u_puf/ctrl_inst/reset_release[1]_i_7/O
                         net (fo=1, routed)           1.280     4.208    u_puf/ctrl_inst/reset_release[1]_i_7_n_0
    SLICE_X8Y30          LUT5 (Prop_lut5_I0_O)        0.152     4.360 f  u_puf/ctrl_inst/reset_release[1]_i_2__0/O
                         net (fo=4, routed)           0.779     5.139    u_puf/counter0/reset_release_reg[0]_0
    SLICE_X4Y30          FDCE                                         f  u_puf/counter0/reset_release_reg[1]/CLR
  -------------------------------------------------------------------    -------------------

Slack:                    inf
  Source:                 u_edge/u_server/state_reg[3]_rep__0/C
                            (rising edge-triggered cell FDRE clocked by sys_clk  {rise@0.000ns fall@5.000ns period=10.000ns})
  Destination:            req_c
                            (output port)
  Path Group:             (none)
  Path Type:              Max at Slow Process Corner
  Data Path Delay:        3.996ns  (logic 0.642ns (16.065%)  route 3.354ns (83.935%))
  Logic Levels:           1  (LUT6=1)
  Clock Uncertainty:      0.025ns  ((TSJ^2 + TIJ^2)^1/2 + DJ) / 2 + PE
    Total System Jitter     (TSJ):    0.050ns
    Total Input Jitter      (TIJ):    0.000ns
    Discrete Jitter          (DJ):    0.000ns
    Phase Error              (PE):    0.000ns

    Location             Delay type                Incr(ns)  Path(ns)    Netlist Resource(s)
  -------------------------------------------------------------------    -------------------
                         (clock sys_clk rise edge)    0.000     0.000 r
                                                      0.000     0.000 r  clk (IN)
                         net (fo=19605, unset)        0.973     0.973    u_edge/u_server/clk
    SLICE_X12Y98         FDRE                                         r  u_edge/u_server/state_reg[3]_rep__0/C
  -------------------------------------------------------------------    -------------------
    SLICE_X12Y98         FDRE (Prop_fdre_C_Q)         0.518     1.491 f  u_edge/u_server/state_reg[3]_rep__0/Q
                         net (fo=125, routed)         2.381     3.872    u_edge/u_server/ciphertext_store/req_c
    SLICE_X31Y89         LUT6 (Prop_lut6_I0_O)        0.124     3.996 r  u_edge/u_server/ciphertext_store/req_c_INST_0/O
                         net (fo=3, unset)            0.973     4.969    req_c
                                                                      r  req_c (OUT)
  -------------------------------------------------------------------    -------------------

Slack:                    inf
  Source:                 u_puf/ctrl_inst/FSM_onehot_state_reg[6]/C
                            (rising edge-triggered cell FDCE clocked by sys_clk  {rise@0.000ns fall@5.000ns period=10.000ns})
  Destination:            u_puf/counter1/reset_release_reg[0]/CLR
  Path Group:             (none)
  Path Type:              Max at Slow Process Corner
  Data Path Delay:        3.983ns  (logic 0.732ns (18.377%)  route 3.251ns (81.623%))
  Logic Levels:           2  (LUT5=1 LUT6=1)
  Clock Uncertainty:      0.025ns  ((TSJ^2 + TIJ^2)^1/2 + DJ) / 2 + PE
    Total System Jitter     (TSJ):    0.050ns
    Total Input Jitter      (TIJ):    0.000ns
    Discrete Jitter          (DJ):    0.000ns
    Phase Error              (PE):    0.000ns

    Location             Delay type                Incr(ns)  Path(ns)    Netlist Resource(s)
  -------------------------------------------------------------------    -------------------
                         (clock sys_clk rise edge)    0.000     0.000 r
                                                      0.000     0.000 r  clk (IN)
                         net (fo=19605, unset)        0.973     0.973    u_puf/ctrl_inst/clk
    SLICE_X1Y20          FDCE                                         r  u_puf/ctrl_inst/FSM_onehot_state_reg[6]/C
  -------------------------------------------------------------------    -------------------
    SLICE_X1Y20          FDCE (Prop_fdce_C_Q)         0.456     1.429 f  u_puf/ctrl_inst/FSM_onehot_state_reg[6]/Q
                         net (fo=8, routed)           1.375     2.804    u_puf/ctrl_inst/puf_done
    SLICE_X2Y24          LUT6 (Prop_lut6_I3_O)        0.124     2.928 r  u_puf/ctrl_inst/reset_release[1]_i_7/O
                         net (fo=1, routed)           1.280     4.208    u_puf/ctrl_inst/reset_release[1]_i_7_n_0
    SLICE_X8Y30          LUT5 (Prop_lut5_I0_O)        0.152     4.360 f  u_puf/ctrl_inst/reset_release[1]_i_2__0/O
                         net (fo=4, routed)           0.596     4.956    u_puf/counter1/reset_release_reg[1]_0
    SLICE_X9Y30          FDCE                                         f  u_puf/counter1/reset_release_reg[0]/CLR
  -------------------------------------------------------------------    -------------------

Slack:                    inf
  Source:                 u_puf/ctrl_inst/FSM_onehot_state_reg[6]/C
                            (rising edge-triggered cell FDCE clocked by sys_clk  {rise@0.000ns fall@5.000ns period=10.000ns})
  Destination:            u_puf/counter1/reset_release_reg[1]/CLR
  Path Group:             (none)
  Path Type:              Max at Slow Process Corner
  Data Path Delay:        3.983ns  (logic 0.732ns (18.377%)  route 3.251ns (81.623%))
  Logic Levels:           2  (LUT5=1 LUT6=1)
  Clock Uncertainty:      0.025ns  ((TSJ^2 + TIJ^2)^1/2 + DJ) / 2 + PE
    Total System Jitter     (TSJ):    0.050ns
    Total Input Jitter      (TIJ):    0.000ns
    Discrete Jitter          (DJ):    0.000ns
    Phase Error              (PE):    0.000ns

    Location             Delay type                Incr(ns)  Path(ns)    Netlist Resource(s)
  -------------------------------------------------------------------    -------------------
                         (clock sys_clk rise edge)    0.000     0.000 r
                                                      0.000     0.000 r  clk (IN)
                         net (fo=19605, unset)        0.973     0.973    u_puf/ctrl_inst/clk
    SLICE_X1Y20          FDCE                                         r  u_puf/ctrl_inst/FSM_onehot_state_reg[6]/C
  -------------------------------------------------------------------    -------------------
    SLICE_X1Y20          FDCE (Prop_fdce_C_Q)         0.456     1.429 f  u_puf/ctrl_inst/FSM_onehot_state_reg[6]/Q
                         net (fo=8, routed)           1.375     2.804    u_puf/ctrl_inst/puf_done
    SLICE_X2Y24          LUT6 (Prop_lut6_I3_O)        0.124     2.928 r  u_puf/ctrl_inst/reset_release[1]_i_7/O
                         net (fo=1, routed)           1.280     4.208    u_puf/ctrl_inst/reset_release[1]_i_7_n_0
    SLICE_X8Y30          LUT5 (Prop_lut5_I0_O)        0.152     4.360 f  u_puf/ctrl_inst/reset_release[1]_i_2__0/O
                         net (fo=4, routed)           0.596     4.956    u_puf/counter1/reset_release_reg[1]_0
    SLICE_X9Y30          FDCE                                         f  u_puf/counter1/reset_release_reg[1]/CLR
  -------------------------------------------------------------------    -------------------

Slack:                    inf
  Source:                 u_edge/u_control/u_scrub/FSM_sequential_state_reg[1]/C
                            (rising edge-triggered cell FDCE clocked by sys_clk  {rise@0.000ns fall@5.000ns period=10.000ns})
  Destination:            scrub_done
                            (output port)
  Path Group:             (none)
  Path Type:              Max at Slow Process Corner
  Data Path Delay:        3.394ns  (logic 0.580ns (17.091%)  route 2.814ns (82.909%))
  Logic Levels:           1  (LUT3=1)
  Clock Uncertainty:      0.025ns  ((TSJ^2 + TIJ^2)^1/2 + DJ) / 2 + PE
    Total System Jitter     (TSJ):    0.050ns
    Total Input Jitter      (TIJ):    0.000ns
    Discrete Jitter          (DJ):    0.000ns
    Phase Error              (PE):    0.000ns

    Location             Delay type                Incr(ns)  Path(ns)    Netlist Resource(s)
  -------------------------------------------------------------------    -------------------
                         (clock sys_clk rise edge)    0.000     0.000 r
                                                      0.000     0.000 r  clk (IN)
                         net (fo=19605, unset)        0.973     0.973    u_edge/u_control/u_scrub/clk
    SLICE_X29Y89         FDCE                                         r  u_edge/u_control/u_scrub/FSM_sequential_state_reg[1]/C
  -------------------------------------------------------------------    -------------------
    SLICE_X29Y89         FDCE (Prop_fdce_C_Q)         0.456     1.429 f  u_edge/u_control/u_scrub/FSM_sequential_state_reg[1]/Q
                         net (fo=27, routed)          1.841     3.270    u_edge/u_control/state__0[1]
    SLICE_X36Y87         LUT3 (Prop_lut3_I0_O)        0.124     3.394 r  u_edge/u_control/scrub_done_INST_0/O
                         net (fo=0)                   0.973     4.367    scrub_done
                                                                      r  scrub_done (OUT)
  -------------------------------------------------------------------    -------------------

Slack:                    inf
  Source:                 u_edge/u_control/u_seed/FSM_sequential_state_reg[1]/C
                            (rising edge-triggered cell FDCE clocked by sys_clk  {rise@0.000ns fall@5.000ns period=10.000ns})
  Destination:            secret_valid
                            (output port)
  Path Group:             (none)
  Path Type:              Max at Slow Process Corner
  Data Path Delay:        3.393ns  (logic 0.664ns (19.569%)  route 2.729ns (80.431%))
  Logic Levels:           1  (LUT3=1)
  Clock Uncertainty:      0.025ns  ((TSJ^2 + TIJ^2)^1/2 + DJ) / 2 + PE
    Total System Jitter     (TSJ):    0.050ns
    Total Input Jitter      (TIJ):    0.000ns
    Discrete Jitter          (DJ):    0.000ns
    Phase Error              (PE):    0.000ns

    Location             Delay type                Incr(ns)  Path(ns)    Netlist Resource(s)
  -------------------------------------------------------------------    -------------------
                         (clock sys_clk rise edge)    0.000     0.000 r
                                                      0.000     0.000 r  clk (IN)
                         net (fo=19605, unset)        0.973     0.973    u_edge/u_control/u_seed/clk
    SLICE_X34Y73         FDCE                                         r  u_edge/u_control/u_seed/FSM_sequential_state_reg[1]/C
  -------------------------------------------------------------------    -------------------
    SLICE_X34Y73         FDCE (Prop_fdce_C_Q)         0.518     1.491 f  u_edge/u_control/u_seed/FSM_sequential_state_reg[1]/Q
                         net (fo=13, routed)          1.756     3.247    u_edge/u_control/state__0_0[1]
    SLICE_X34Y55         LUT3 (Prop_lut3_I0_O)        0.146     3.393 r  u_edge/u_control/secret_valid_INST_0/O
                         net (fo=1, unset)            0.973     4.366    secret_valid
                                                                      r  secret_valid (OUT)
  -------------------------------------------------------------------    -------------------

Slack:                    inf
  Source:                 FSM_sequential_state_reg[3]/C
                            (rising edge-triggered cell FDCE clocked by sys_clk  {rise@0.000ns fall@5.000ns period=10.000ns})
  Destination:            done
                            (output port)
  Path Group:             (none)
  Path Type:              Max at Slow Process Corner
  Data Path Delay:        2.766ns  (logic 0.799ns (28.886%)  route 1.967ns (71.114%))
  Logic Levels:           1  (LUT4=1)
  Clock Uncertainty:      0.025ns  ((TSJ^2 + TIJ^2)^1/2 + DJ) / 2 + PE
    Total System Jitter     (TSJ):    0.050ns
    Total Input Jitter      (TIJ):    0.000ns
    Discrete Jitter          (DJ):    0.000ns
    Phase Error              (PE):    0.000ns

    Location             Delay type                Incr(ns)  Path(ns)    Netlist Resource(s)
  -------------------------------------------------------------------    -------------------
                         (clock sys_clk rise edge)    0.000     0.000 r
                                                      0.000     0.000 r  clk (IN)
                         net (fo=19605, unset)        0.973     0.973    clk
    SLICE_X8Y31          FDCE                                         r  FSM_sequential_state_reg[3]/C
  -------------------------------------------------------------------    -------------------
    SLICE_X8Y31          FDCE (Prop_fdce_C_Q)         0.478     1.451 f  FSM_sequential_state_reg[3]/Q
                         net (fo=16, routed)          0.994     2.445    state__0[3]
    SLICE_X10Y30         LUT4 (Prop_lut4_I0_O)        0.321     2.766 r  done_INST_0/O
                         net (fo=0)                   0.973     3.739    done
                                                                      r  done (OUT)
  -------------------------------------------------------------------    -------------------

Slack:                    inf
  Source:                 FSM_sequential_state_reg[3]/C
                            (rising edge-triggered cell FDCE clocked by sys_clk  {rise@0.000ns fall@5.000ns period=10.000ns})
  Destination:            busy
                            (output port)
  Path Group:             (none)
  Path Type:              Max at Slow Process Corner
  Data Path Delay:        2.740ns  (logic 0.773ns (28.211%)  route 1.967ns (71.789%))
  Logic Levels:           1  (LUT3=1)
  Clock Uncertainty:      0.025ns  ((TSJ^2 + TIJ^2)^1/2 + DJ) / 2 + PE
    Total System Jitter     (TSJ):    0.050ns
    Total Input Jitter      (TIJ):    0.000ns
    Discrete Jitter          (DJ):    0.000ns
    Phase Error              (PE):    0.000ns

    Location             Delay type                Incr(ns)  Path(ns)    Netlist Resource(s)
  -------------------------------------------------------------------    -------------------
                         (clock sys_clk rise edge)    0.000     0.000 r
                                                      0.000     0.000 r  clk (IN)
                         net (fo=19605, unset)        0.973     0.973    clk
    SLICE_X8Y31          FDCE                                         r  FSM_sequential_state_reg[3]/C
  -------------------------------------------------------------------    -------------------
    SLICE_X8Y31          FDCE (Prop_fdce_C_Q)         0.478     1.451 r  FSM_sequential_state_reg[3]/Q
                         net (fo=16, routed)          0.994     2.445    state__0[3]
    SLICE_X10Y30         LUT3 (Prop_lut3_I1_O)        0.295     2.740 r  busy_INST_0/O
                         net (fo=2, unset)            0.973     3.713    busy
                                                                      r  busy (OUT)
  -------------------------------------------------------------------    -------------------

Slack:                    inf
  Source:                 u_edge/u_control/u_scrub/FSM_sequential_state_reg[2]/C
                            (rising edge-triggered cell FDCE clocked by sys_clk  {rise@0.000ns fall@5.000ns period=10.000ns})
  Destination:            protocol_start
                            (output port)
  Path Group:             (none)
  Path Type:              Max at Slow Process Corner
  Data Path Delay:        2.467ns  (logic 0.642ns (26.024%)  route 1.825ns (73.976%))
  Logic Levels:           1  (LUT3=1)
  Clock Uncertainty:      0.025ns  ((TSJ^2 + TIJ^2)^1/2 + DJ) / 2 + PE
    Total System Jitter     (TSJ):    0.050ns
    Total Input Jitter      (TIJ):    0.000ns
    Discrete Jitter          (DJ):    0.000ns
    Phase Error              (PE):    0.000ns

    Location             Delay type                Incr(ns)  Path(ns)    Netlist Resource(s)
  -------------------------------------------------------------------    -------------------
                         (clock sys_clk rise edge)    0.000     0.000 r
                                                      0.000     0.000 r  clk (IN)
                         net (fo=19605, unset)        0.973     0.973    u_edge/u_control/u_scrub/clk
    SLICE_X30Y89         FDCE                                         r  u_edge/u_control/u_scrub/FSM_sequential_state_reg[2]/C
  -------------------------------------------------------------------    -------------------
    SLICE_X30Y89         FDCE (Prop_fdce_C_Q)         0.518     1.491 f  u_edge/u_control/u_scrub/FSM_sequential_state_reg[2]/Q
                         net (fo=24, routed)          0.852     2.343    u_edge/u_control/state__0[2]
    SLICE_X28Y89         LUT3 (Prop_lut3_I0_O)        0.124     2.467 r  u_edge/u_control/protocol_start_INST_0/O
                         net (fo=14, unset)           0.973     3.440    protocol_start
                                                                      r  protocol_start (OUT)
  -------------------------------------------------------------------    -------------------

Slack:                    inf
  Source:                 result_success_reg/C
                            (rising edge-triggered cell FDCE clocked by sys_clk  {rise@0.000ns fall@5.000ns period=10.000ns})
  Destination:            fe_success
                            (output port)
  Path Group:             (none)
  Path Type:              Max at Slow Process Corner
  Data Path Delay:        1.491ns  (logic 0.518ns (34.742%)  route 0.973ns (65.258%))
  Logic Levels:           0
  Clock Uncertainty:      0.025ns  ((TSJ^2 + TIJ^2)^1/2 + DJ) / 2 + PE
    Total System Jitter     (TSJ):    0.050ns
    Total Input Jitter      (TIJ):    0.000ns
    Discrete Jitter          (DJ):    0.000ns
    Phase Error              (PE):    0.000ns

    Location             Delay type                Incr(ns)  Path(ns)    Netlist Resource(s)
  -------------------------------------------------------------------    -------------------
                         (clock sys_clk rise edge)    0.000     0.000 r
                                                      0.000     0.000 r  clk (IN)
                         net (fo=19605, unset)        0.973     0.973    clk
    SLICE_X8Y32          FDCE                                         r  result_success_reg/C
  -------------------------------------------------------------------    -------------------
    SLICE_X8Y32          FDCE (Prop_fdce_C_Q)         0.518     1.491 r  result_success_reg/Q
                         net (fo=1, unset)            0.973     2.464    fe_success
                                                                      r  fe_success (OUT)
  -------------------------------------------------------------------    -------------------

Slack:                    inf
  Source:                 u_fe/helper_out_reg[102]/C
                            (rising edge-triggered cell FDCE clocked by sys_clk  {rise@0.000ns fall@5.000ns period=10.000ns})
  Destination:            helper_out[102]
                            (output port)
  Path Group:             (none)
  Path Type:              Max at Slow Process Corner
  Data Path Delay:        1.491ns  (logic 0.518ns (34.742%)  route 0.973ns (65.258%))
  Logic Levels:           0
  Clock Uncertainty:      0.025ns  ((TSJ^2 + TIJ^2)^1/2 + DJ) / 2 + PE
    Total System Jitter     (TSJ):    0.050ns
    Total Input Jitter      (TIJ):    0.000ns
    Discrete Jitter          (DJ):    0.000ns
    Phase Error              (PE):    0.000ns

    Location             Delay type                Incr(ns)  Path(ns)    Netlist Resource(s)
  -------------------------------------------------------------------    -------------------
                         (clock sys_clk rise edge)    0.000     0.000 r
                                                      0.000     0.000 r  clk (IN)
                         net (fo=19605, unset)        0.973     0.973    u_fe/clk
    SLICE_X34Y28         FDCE                                         r  u_fe/helper_out_reg[102]/C
  -------------------------------------------------------------------    -------------------
    SLICE_X34Y28         FDCE (Prop_fdce_C_Q)         0.518     1.491 r  u_fe/helper_out_reg[102]/Q
                         net (fo=0)                   0.973     2.464    helper_out[102]
                                                                      r  helper_out[102] (OUT)
  -------------------------------------------------------------------    -------------------

Slack:                    inf
  Source:                 u_fe/helper_out_reg[106]/C
                            (rising edge-triggered cell FDCE clocked by sys_clk  {rise@0.000ns fall@5.000ns period=10.000ns})
  Destination:            helper_out[106]
                            (output port)
  Path Group:             (none)
  Path Type:              Max at Slow Process Corner
  Data Path Delay:        1.491ns  (logic 0.518ns (34.742%)  route 0.973ns (65.258%))
  Logic Levels:           0
  Clock Uncertainty:      0.025ns  ((TSJ^2 + TIJ^2)^1/2 + DJ) / 2 + PE
    Total System Jitter     (TSJ):    0.050ns
    Total Input Jitter      (TIJ):    0.000ns
    Discrete Jitter          (DJ):    0.000ns
    Phase Error              (PE):    0.000ns

    Location             Delay type                Incr(ns)  Path(ns)    Netlist Resource(s)
  -------------------------------------------------------------------    -------------------
                         (clock sys_clk rise edge)    0.000     0.000 r
                                                      0.000     0.000 r  clk (IN)
                         net (fo=19605, unset)        0.973     0.973    u_fe/clk
    SLICE_X34Y28         FDCE                                         r  u_fe/helper_out_reg[106]/C
  -------------------------------------------------------------------    -------------------
    SLICE_X34Y28         FDCE (Prop_fdce_C_Q)         0.518     1.491 r  u_fe/helper_out_reg[106]/Q
                         net (fo=0)                   0.973     2.464    helper_out[106]
                                                                      r  helper_out[106] (OUT)
  -------------------------------------------------------------------    -------------------

Slack:                    inf
  Source:                 u_fe/helper_out_reg[109]/C
                            (rising edge-triggered cell FDCE clocked by sys_clk  {rise@0.000ns fall@5.000ns period=10.000ns})
  Destination:            helper_out[109]
                            (output port)
  Path Group:             (none)
  Path Type:              Max at Slow Process Corner
  Data Path Delay:        1.491ns  (logic 0.518ns (34.742%)  route 0.973ns (65.258%))
  Logic Levels:           0
  Clock Uncertainty:      0.025ns  ((TSJ^2 + TIJ^2)^1/2 + DJ) / 2 + PE
    Total System Jitter     (TSJ):    0.050ns
    Total Input Jitter      (TIJ):    0.000ns
    Discrete Jitter          (DJ):    0.000ns
    Phase Error              (PE):    0.000ns

    Location             Delay type                Incr(ns)  Path(ns)    Netlist Resource(s)
  -------------------------------------------------------------------    -------------------
                         (clock sys_clk rise edge)    0.000     0.000 r
                                                      0.000     0.000 r  clk (IN)
                         net (fo=19605, unset)        0.973     0.973    u_fe/clk
    SLICE_X30Y29         FDCE                                         r  u_fe/helper_out_reg[109]/C
  -------------------------------------------------------------------    -------------------
    SLICE_X30Y29         FDCE (Prop_fdce_C_Q)         0.518     1.491 r  u_fe/helper_out_reg[109]/Q
                         net (fo=0)                   0.973     2.464    helper_out[109]
                                                                      r  helper_out[109] (OUT)
  -------------------------------------------------------------------    -------------------

Slack:                    inf
  Source:                 u_fe/helper_out_reg[112]/C
                            (rising edge-triggered cell FDCE clocked by sys_clk  {rise@0.000ns fall@5.000ns period=10.000ns})
  Destination:            helper_out[112]
                            (output port)
  Path Group:             (none)
  Path Type:              Max at Slow Process Corner
  Data Path Delay:        1.491ns  (logic 0.518ns (34.742%)  route 0.973ns (65.258%))
  Logic Levels:           0
  Clock Uncertainty:      0.025ns  ((TSJ^2 + TIJ^2)^1/2 + DJ) / 2 + PE
    Total System Jitter     (TSJ):    0.050ns
    Total Input Jitter      (TIJ):    0.000ns
    Discrete Jitter          (DJ):    0.000ns
    Phase Error              (PE):    0.000ns

    Location             Delay type                Incr(ns)  Path(ns)    Netlist Resource(s)
  -------------------------------------------------------------------    -------------------
                         (clock sys_clk rise edge)    0.000     0.000 r
                                                      0.000     0.000 r  clk (IN)
                         net (fo=19605, unset)        0.973     0.973    u_fe/clk
    SLICE_X38Y29         FDCE                                         r  u_fe/helper_out_reg[112]/C
  -------------------------------------------------------------------    -------------------
    SLICE_X38Y29         FDCE (Prop_fdce_C_Q)         0.518     1.491 r  u_fe/helper_out_reg[112]/Q
                         net (fo=0)                   0.973     2.464    helper_out[112]
                                                                      r  helper_out[112] (OUT)
  -------------------------------------------------------------------    -------------------

Slack:                    inf
  Source:                 u_fe/helper_out_reg[113]/C
                            (rising edge-triggered cell FDCE clocked by sys_clk  {rise@0.000ns fall@5.000ns period=10.000ns})
  Destination:            helper_out[113]
                            (output port)
  Path Group:             (none)
  Path Type:              Max at Slow Process Corner
  Data Path Delay:        1.491ns  (logic 0.518ns (34.742%)  route 0.973ns (65.258%))
  Logic Levels:           0
  Clock Uncertainty:      0.025ns  ((TSJ^2 + TIJ^2)^1/2 + DJ) / 2 + PE
    Total System Jitter     (TSJ):    0.050ns
    Total Input Jitter      (TIJ):    0.000ns
    Discrete Jitter          (DJ):    0.000ns
    Phase Error              (PE):    0.000ns

    Location             Delay type                Incr(ns)  Path(ns)    Netlist Resource(s)
  -------------------------------------------------------------------    -------------------
                         (clock sys_clk rise edge)    0.000     0.000 r
                                                      0.000     0.000 r  clk (IN)
                         net (fo=19605, unset)        0.973     0.973    u_fe/clk
    SLICE_X30Y29         FDCE                                         r  u_fe/helper_out_reg[113]/C
  -------------------------------------------------------------------    -------------------
    SLICE_X30Y29         FDCE (Prop_fdce_C_Q)         0.518     1.491 r  u_fe/helper_out_reg[113]/Q
                         net (fo=0)                   0.973     2.464    helper_out[113]
                                                                      r  helper_out[113] (OUT)
  -------------------------------------------------------------------    -------------------

Slack:                    inf
  Source:                 u_fe/helper_out_reg[119]/C
                            (rising edge-triggered cell FDCE clocked by sys_clk  {rise@0.000ns fall@5.000ns period=10.000ns})
  Destination:            helper_out[119]
                            (output port)
  Path Group:             (none)
  Path Type:              Max at Slow Process Corner
  Data Path Delay:        1.491ns  (logic 0.518ns (34.742%)  route 0.973ns (65.258%))
  Logic Levels:           0
  Clock Uncertainty:      0.025ns  ((TSJ^2 + TIJ^2)^1/2 + DJ) / 2 + PE
    Total System Jitter     (TSJ):    0.050ns
    Total Input Jitter      (TIJ):    0.000ns
    Discrete Jitter          (DJ):    0.000ns
    Phase Error              (PE):    0.000ns

    Location             Delay type                Incr(ns)  Path(ns)    Netlist Resource(s)
  -------------------------------------------------------------------    -------------------
                         (clock sys_clk rise edge)    0.000     0.000 r
                                                      0.000     0.000 r  clk (IN)
                         net (fo=19605, unset)        0.973     0.973    u_fe/clk
    SLICE_X14Y31         FDCE                                         r  u_fe/helper_out_reg[119]/C
  -------------------------------------------------------------------    -------------------
    SLICE_X14Y31         FDCE (Prop_fdce_C_Q)         0.518     1.491 r  u_fe/helper_out_reg[119]/Q
                         net (fo=0)                   0.973     2.464    helper_out[119]
                                                                      r  helper_out[119] (OUT)
  -------------------------------------------------------------------    -------------------

Slack:                    inf
  Source:                 u_fe/helper_out_reg[122]/C
                            (rising edge-triggered cell FDCE clocked by sys_clk  {rise@0.000ns fall@5.000ns period=10.000ns})
  Destination:            helper_out[122]
                            (output port)
  Path Group:             (none)
  Path Type:              Max at Slow Process Corner
  Data Path Delay:        1.491ns  (logic 0.518ns (34.742%)  route 0.973ns (65.258%))
  Logic Levels:           0
  Clock Uncertainty:      0.025ns  ((TSJ^2 + TIJ^2)^1/2 + DJ) / 2 + PE
    Total System Jitter     (TSJ):    0.050ns
    Total Input Jitter      (TIJ):    0.000ns
    Discrete Jitter          (DJ):    0.000ns
    Phase Error              (PE):    0.000ns

    Location             Delay type                Incr(ns)  Path(ns)    Netlist Resource(s)
  -------------------------------------------------------------------    -------------------
                         (clock sys_clk rise edge)    0.000     0.000 r
                                                      0.000     0.000 r  clk (IN)
                         net (fo=19605, unset)        0.973     0.973    u_fe/clk
    SLICE_X30Y29         FDCE                                         r  u_fe/helper_out_reg[122]/C
  -------------------------------------------------------------------    -------------------
    SLICE_X30Y29         FDCE (Prop_fdce_C_Q)         0.518     1.491 r  u_fe/helper_out_reg[122]/Q
                         net (fo=0)                   0.973     2.464    helper_out[122]
                                                                      r  helper_out[122] (OUT)
  -------------------------------------------------------------------    -------------------

Slack:                    inf
  Source:                 u_fe/helper_out_reg[123]/C
                            (rising edge-triggered cell FDCE clocked by sys_clk  {rise@0.000ns fall@5.000ns period=10.000ns})
  Destination:            helper_out[123]
                            (output port)
  Path Group:             (none)
  Path Type:              Max at Slow Process Corner
  Data Path Delay:        1.491ns  (logic 0.518ns (34.742%)  route 0.973ns (65.258%))
  Logic Levels:           0
  Clock Uncertainty:      0.025ns  ((TSJ^2 + TIJ^2)^1/2 + DJ) / 2 + PE
    Total System Jitter     (TSJ):    0.050ns
    Total Input Jitter      (TIJ):    0.000ns
    Discrete Jitter          (DJ):    0.000ns
    Phase Error              (PE):    0.000ns

    Location             Delay type                Incr(ns)  Path(ns)    Netlist Resource(s)
  -------------------------------------------------------------------    -------------------
                         (clock sys_clk rise edge)    0.000     0.000 r
                                                      0.000     0.000 r  clk (IN)
                         net (fo=19605, unset)        0.973     0.973    u_fe/clk
    SLICE_X14Y31         FDCE                                         r  u_fe/helper_out_reg[123]/C
  -------------------------------------------------------------------    -------------------
    SLICE_X14Y31         FDCE (Prop_fdce_C_Q)         0.518     1.491 r  u_fe/helper_out_reg[123]/Q
                         net (fo=0)                   0.973     2.464    helper_out[123]
                                                                      r  helper_out[123] (OUT)
  -------------------------------------------------------------------    -------------------

Slack:                    inf
  Source:                 u_fe/helper_out_reg[127]/C
                            (rising edge-triggered cell FDCE clocked by sys_clk  {rise@0.000ns fall@5.000ns period=10.000ns})
  Destination:            helper_out[127]
                            (output port)
  Path Group:             (none)
  Path Type:              Max at Slow Process Corner
  Data Path Delay:        1.491ns  (logic 0.518ns (34.742%)  route 0.973ns (65.258%))
  Logic Levels:           0
  Clock Uncertainty:      0.025ns  ((TSJ^2 + TIJ^2)^1/2 + DJ) / 2 + PE
    Total System Jitter     (TSJ):    0.050ns
    Total Input Jitter      (TIJ):    0.000ns
    Discrete Jitter          (DJ):    0.000ns
    Phase Error              (PE):    0.000ns

    Location             Delay type                Incr(ns)  Path(ns)    Netlist Resource(s)
  -------------------------------------------------------------------    -------------------
                         (clock sys_clk rise edge)    0.000     0.000 r
                                                      0.000     0.000 r  clk (IN)
                         net (fo=19605, unset)        0.973     0.973    u_fe/clk
    SLICE_X14Y32         FDCE                                         r  u_fe/helper_out_reg[127]/C
  -------------------------------------------------------------------    -------------------
    SLICE_X14Y32         FDCE (Prop_fdce_C_Q)         0.518     1.491 r  u_fe/helper_out_reg[127]/Q
                         net (fo=0)                   0.973     2.464    helper_out[127]
                                                                      r  helper_out[127] (OUT)
  -------------------------------------------------------------------    -------------------





Min Delay Paths
--------------------------------------------------------------------------------------
Slack:                    inf
  Source:                 u_puf/ctrl_inst/FSM_onehot_state_reg[3]/C
                            (rising edge-triggered cell FDCE clocked by sys_clk  {rise@0.000ns fall@5.000ns period=10.000ns})
  Destination:            u_puf/counter0/en_meta_reg/D
  Path Group:             (none)
  Path Type:              Min at Fast Process Corner
  Data Path Delay:        0.421ns  (logic 0.164ns (38.947%)  route 0.257ns (61.053%))
  Logic Levels:           0
  Clock Uncertainty:      0.025ns  ((TSJ^2 + TIJ^2)^1/2 + DJ) / 2 + PE
    Total System Jitter     (TSJ):    0.050ns
    Total Input Jitter      (TIJ):    0.000ns
    Discrete Jitter          (DJ):    0.000ns
    Phase Error              (PE):    0.000ns

    Location             Delay type                Incr(ns)  Path(ns)    Netlist Resource(s)
  -------------------------------------------------------------------    -------------------
                         (clock sys_clk rise edge)    0.000     0.000 r
                                                      0.000     0.000 r  clk (IN)
                         net (fo=19605, unset)        0.410     0.410    u_puf/ctrl_inst/clk
    SLICE_X2Y22          FDCE                                         r  u_puf/ctrl_inst/FSM_onehot_state_reg[3]/C
  -------------------------------------------------------------------    -------------------
    SLICE_X2Y22          FDCE (Prop_fdce_C_Q)         0.164     0.574 r  u_puf/ctrl_inst/FSM_onehot_state_reg[3]/Q
                         net (fo=54, routed)          0.257     0.831    u_puf/counter0/Q[0]
    SLICE_X1Y28          FDCE                                         r  u_puf/counter0/en_meta_reg/D
  -------------------------------------------------------------------    -------------------

Slack:                    inf
  Source:                 u_puf/ctrl_inst/FSM_onehot_state_reg[3]/C
                            (rising edge-triggered cell FDCE clocked by sys_clk  {rise@0.000ns fall@5.000ns period=10.000ns})
  Destination:            u_puf/counter1/en_meta_reg/D
  Path Group:             (none)
  Path Type:              Min at Fast Process Corner
  Data Path Delay:        0.537ns  (logic 0.164ns (30.547%)  route 0.373ns (69.453%))
  Logic Levels:           0
  Clock Uncertainty:      0.025ns  ((TSJ^2 + TIJ^2)^1/2 + DJ) / 2 + PE
    Total System Jitter     (TSJ):    0.050ns
    Total Input Jitter      (TIJ):    0.000ns
    Discrete Jitter          (DJ):    0.000ns
    Phase Error              (PE):    0.000ns

    Location             Delay type                Incr(ns)  Path(ns)    Netlist Resource(s)
  -------------------------------------------------------------------    -------------------
                         (clock sys_clk rise edge)    0.000     0.000 r
                                                      0.000     0.000 r  clk (IN)
                         net (fo=19605, unset)        0.410     0.410    u_puf/ctrl_inst/clk
    SLICE_X2Y22          FDCE                                         r  u_puf/ctrl_inst/FSM_onehot_state_reg[3]/C
  -------------------------------------------------------------------    -------------------
    SLICE_X2Y22          FDCE (Prop_fdce_C_Q)         0.164     0.574 r  u_puf/ctrl_inst/FSM_onehot_state_reg[3]/Q
                         net (fo=54, routed)          0.373     0.947    u_puf/counter1/Q[0]
    SLICE_X4Y24          FDCE                                         r  u_puf/counter1/en_meta_reg/D
  -------------------------------------------------------------------    -------------------

Slack:                    inf
  Source:                 u_edge/u_server/K_reg[179]/C
                            (rising edge-triggered cell FDRE clocked by sys_clk  {rise@0.000ns fall@5.000ns period=10.000ns})
  Destination:            shared_secret[179]
                            (output port)
  Path Group:             (none)
  Path Type:              Min at Fast Process Corner
  Data Path Delay:        0.538ns  (logic 0.128ns (23.786%)  route 0.410ns (76.214%))
  Logic Levels:           0
  Clock Uncertainty:      0.025ns  ((TSJ^2 + TIJ^2)^1/2 + DJ) / 2 + PE
    Total System Jitter     (TSJ):    0.050ns
    Total Input Jitter      (TIJ):    0.000ns
    Discrete Jitter          (DJ):    0.000ns
    Phase Error              (PE):    0.000ns

    Location             Delay type                Incr(ns)  Path(ns)    Netlist Resource(s)
  -------------------------------------------------------------------    -------------------
                         (clock sys_clk rise edge)    0.000     0.000 r
                                                      0.000     0.000 r  clk (IN)
                         net (fo=19605, unset)        0.410     0.410    u_edge/u_server/clk
    SLICE_X53Y90         FDRE                                         r  u_edge/u_server/K_reg[179]/C
  -------------------------------------------------------------------    -------------------
    SLICE_X53Y90         FDRE (Prop_fdre_C_Q)         0.128     0.538 r  u_edge/u_server/K_reg[179]/Q
                         net (fo=1, unset)            0.410     0.948    shared_secret[179]
                                                                      r  shared_secret[179] (OUT)
  -------------------------------------------------------------------    -------------------

Slack:                    inf
  Source:                 u_edge/u_server/K_reg[187]/C
                            (rising edge-triggered cell FDRE clocked by sys_clk  {rise@0.000ns fall@5.000ns period=10.000ns})
  Destination:            shared_secret[187]
                            (output port)
  Path Group:             (none)
  Path Type:              Min at Fast Process Corner
  Data Path Delay:        0.538ns  (logic 0.128ns (23.786%)  route 0.410ns (76.214%))
  Logic Levels:           0
  Clock Uncertainty:      0.025ns  ((TSJ^2 + TIJ^2)^1/2 + DJ) / 2 + PE
    Total System Jitter     (TSJ):    0.050ns
    Total Input Jitter      (TIJ):    0.000ns
    Discrete Jitter          (DJ):    0.000ns
    Phase Error              (PE):    0.000ns

    Location             Delay type                Incr(ns)  Path(ns)    Netlist Resource(s)
  -------------------------------------------------------------------    -------------------
                         (clock sys_clk rise edge)    0.000     0.000 r
                                                      0.000     0.000 r  clk (IN)
                         net (fo=19605, unset)        0.410     0.410    u_edge/u_server/clk
    SLICE_X53Y90         FDRE                                         r  u_edge/u_server/K_reg[187]/C
  -------------------------------------------------------------------    -------------------
    SLICE_X53Y90         FDRE (Prop_fdre_C_Q)         0.128     0.538 r  u_edge/u_server/K_reg[187]/Q
                         net (fo=1, unset)            0.410     0.948    shared_secret[187]
                                                                      r  shared_secret[187] (OUT)
  -------------------------------------------------------------------    -------------------

Slack:                    inf
  Source:                 u_edge/u_server/K_reg[194]/C
                            (rising edge-triggered cell FDRE clocked by sys_clk  {rise@0.000ns fall@5.000ns period=10.000ns})
  Destination:            shared_secret[194]
                            (output port)
  Path Group:             (none)
  Path Type:              Min at Fast Process Corner
  Data Path Delay:        0.538ns  (logic 0.128ns (23.786%)  route 0.410ns (76.214%))
  Logic Levels:           0
  Clock Uncertainty:      0.025ns  ((TSJ^2 + TIJ^2)^1/2 + DJ) / 2 + PE
    Total System Jitter     (TSJ):    0.050ns
    Total Input Jitter      (TIJ):    0.000ns
    Discrete Jitter          (DJ):    0.000ns
    Phase Error              (PE):    0.000ns

    Location             Delay type                Incr(ns)  Path(ns)    Netlist Resource(s)
  -------------------------------------------------------------------    -------------------
                         (clock sys_clk rise edge)    0.000     0.000 r
                                                      0.000     0.000 r  clk (IN)
                         net (fo=19605, unset)        0.410     0.410    u_edge/u_server/clk
    SLICE_X31Y92         FDRE                                         r  u_edge/u_server/K_reg[194]/C
  -------------------------------------------------------------------    -------------------
    SLICE_X31Y92         FDRE (Prop_fdre_C_Q)         0.128     0.538 r  u_edge/u_server/K_reg[194]/Q
                         net (fo=1, unset)            0.410     0.948    shared_secret[194]
                                                                      r  shared_secret[194] (OUT)
  -------------------------------------------------------------------    -------------------

Slack:                    inf
  Source:                 u_edge/u_server/K_reg[200]/C
                            (rising edge-triggered cell FDRE clocked by sys_clk  {rise@0.000ns fall@5.000ns period=10.000ns})
  Destination:            shared_secret[200]
                            (output port)
  Path Group:             (none)
  Path Type:              Min at Fast Process Corner
  Data Path Delay:        0.538ns  (logic 0.128ns (23.786%)  route 0.410ns (76.214%))
  Logic Levels:           0
  Clock Uncertainty:      0.025ns  ((TSJ^2 + TIJ^2)^1/2 + DJ) / 2 + PE
    Total System Jitter     (TSJ):    0.050ns
    Total Input Jitter      (TIJ):    0.000ns
    Discrete Jitter          (DJ):    0.000ns
    Phase Error              (PE):    0.000ns

    Location             Delay type                Incr(ns)  Path(ns)    Netlist Resource(s)
  -------------------------------------------------------------------    -------------------
                         (clock sys_clk rise edge)    0.000     0.000 r
                                                      0.000     0.000 r  clk (IN)
                         net (fo=19605, unset)        0.410     0.410    u_edge/u_server/clk
    SLICE_X43Y92         FDRE                                         r  u_edge/u_server/K_reg[200]/C
  -------------------------------------------------------------------    -------------------
    SLICE_X43Y92         FDRE (Prop_fdre_C_Q)         0.128     0.538 r  u_edge/u_server/K_reg[200]/Q
                         net (fo=1, unset)            0.410     0.948    shared_secret[200]
                                                                      r  shared_secret[200] (OUT)
  -------------------------------------------------------------------    -------------------

Slack:                    inf
  Source:                 u_edge/u_server/K_reg[209]/C
                            (rising edge-triggered cell FDRE clocked by sys_clk  {rise@0.000ns fall@5.000ns period=10.000ns})
  Destination:            shared_secret[209]
                            (output port)
  Path Group:             (none)
  Path Type:              Min at Fast Process Corner
  Data Path Delay:        0.538ns  (logic 0.128ns (23.786%)  route 0.410ns (76.214%))
  Logic Levels:           0
  Clock Uncertainty:      0.025ns  ((TSJ^2 + TIJ^2)^1/2 + DJ) / 2 + PE
    Total System Jitter     (TSJ):    0.050ns
    Total Input Jitter      (TIJ):    0.000ns
    Discrete Jitter          (DJ):    0.000ns
    Phase Error              (PE):    0.000ns

    Location             Delay type                Incr(ns)  Path(ns)    Netlist Resource(s)
  -------------------------------------------------------------------    -------------------
                         (clock sys_clk rise edge)    0.000     0.000 r
                                                      0.000     0.000 r  clk (IN)
                         net (fo=19605, unset)        0.410     0.410    u_edge/u_server/clk
    SLICE_X33Y86         FDRE                                         r  u_edge/u_server/K_reg[209]/C
  -------------------------------------------------------------------    -------------------
    SLICE_X33Y86         FDRE (Prop_fdre_C_Q)         0.128     0.538 r  u_edge/u_server/K_reg[209]/Q
                         net (fo=1, unset)            0.410     0.948    shared_secret[209]
                                                                      r  shared_secret[209] (OUT)
  -------------------------------------------------------------------    -------------------

Slack:                    inf
  Source:                 u_edge/u_server/K_reg[210]/C
                            (rising edge-triggered cell FDRE clocked by sys_clk  {rise@0.000ns fall@5.000ns period=10.000ns})
  Destination:            shared_secret[210]
                            (output port)
  Path Group:             (none)
  Path Type:              Min at Fast Process Corner
  Data Path Delay:        0.538ns  (logic 0.128ns (23.786%)  route 0.410ns (76.214%))
  Logic Levels:           0
  Clock Uncertainty:      0.025ns  ((TSJ^2 + TIJ^2)^1/2 + DJ) / 2 + PE
    Total System Jitter     (TSJ):    0.050ns
    Total Input Jitter      (TIJ):    0.000ns
    Discrete Jitter          (DJ):    0.000ns
    Phase Error              (PE):    0.000ns

    Location             Delay type                Incr(ns)  Path(ns)    Netlist Resource(s)
  -------------------------------------------------------------------    -------------------
                         (clock sys_clk rise edge)    0.000     0.000 r
                                                      0.000     0.000 r  clk (IN)
                         net (fo=19605, unset)        0.410     0.410    u_edge/u_server/clk
    SLICE_X53Y90         FDRE                                         r  u_edge/u_server/K_reg[210]/C
  -------------------------------------------------------------------    -------------------
    SLICE_X53Y90         FDRE (Prop_fdre_C_Q)         0.128     0.538 r  u_edge/u_server/K_reg[210]/Q
                         net (fo=1, unset)            0.410     0.948    shared_secret[210]
                                                                      r  shared_secret[210] (OUT)
  -------------------------------------------------------------------    -------------------

Slack:                    inf
  Source:                 u_edge/u_server/K_reg[215]/C
                            (rising edge-triggered cell FDRE clocked by sys_clk  {rise@0.000ns fall@5.000ns period=10.000ns})
  Destination:            shared_secret[215]
                            (output port)
  Path Group:             (none)
  Path Type:              Min at Fast Process Corner
  Data Path Delay:        0.538ns  (logic 0.128ns (23.786%)  route 0.410ns (76.214%))
  Logic Levels:           0
  Clock Uncertainty:      0.025ns  ((TSJ^2 + TIJ^2)^1/2 + DJ) / 2 + PE
    Total System Jitter     (TSJ):    0.050ns
    Total Input Jitter      (TIJ):    0.000ns
    Discrete Jitter          (DJ):    0.000ns
    Phase Error              (PE):    0.000ns

    Location             Delay type                Incr(ns)  Path(ns)    Netlist Resource(s)
  -------------------------------------------------------------------    -------------------
                         (clock sys_clk rise edge)    0.000     0.000 r
                                                      0.000     0.000 r  clk (IN)
                         net (fo=19605, unset)        0.410     0.410    u_edge/u_server/clk
    SLICE_X32Y89         FDRE                                         r  u_edge/u_server/K_reg[215]/C
  -------------------------------------------------------------------    -------------------
    SLICE_X32Y89         FDRE (Prop_fdre_C_Q)         0.128     0.538 r  u_edge/u_server/K_reg[215]/Q
                         net (fo=1, unset)            0.410     0.948    shared_secret[215]
                                                                      r  shared_secret[215] (OUT)
  -------------------------------------------------------------------    -------------------

Slack:                    inf
  Source:                 u_edge/u_server/K_reg[25]/C
                            (rising edge-triggered cell FDRE clocked by sys_clk  {rise@0.000ns fall@5.000ns period=10.000ns})
  Destination:            shared_secret[25]
                            (output port)
  Path Group:             (none)
  Path Type:              Min at Fast Process Corner
  Data Path Delay:        0.538ns  (logic 0.128ns (23.786%)  route 0.410ns (76.214%))
  Logic Levels:           0
  Clock Uncertainty:      0.025ns  ((TSJ^2 + TIJ^2)^1/2 + DJ) / 2 + PE
    Total System Jitter     (TSJ):    0.050ns
    Total Input Jitter      (TIJ):    0.000ns
    Discrete Jitter          (DJ):    0.000ns
    Phase Error              (PE):    0.000ns

    Location             Delay type                Incr(ns)  Path(ns)    Netlist Resource(s)
  -------------------------------------------------------------------    -------------------
                         (clock sys_clk rise edge)    0.000     0.000 r
                                                      0.000     0.000 r  clk (IN)
                         net (fo=19605, unset)        0.410     0.410    u_edge/u_server/clk
    SLICE_X40Y91         FDRE                                         r  u_edge/u_server/K_reg[25]/C
  -------------------------------------------------------------------    -------------------
    SLICE_X40Y91         FDRE (Prop_fdre_C_Q)         0.128     0.538 r  u_edge/u_server/K_reg[25]/Q
                         net (fo=2, unset)            0.410     0.948    shared_secret[25]
                                                                      r  shared_secret[25] (OUT)
  -------------------------------------------------------------------    -------------------

Slack:                    inf
  Source:                 u_edge/u_server/K_reg[38]/C
                            (rising edge-triggered cell FDRE clocked by sys_clk  {rise@0.000ns fall@5.000ns period=10.000ns})
  Destination:            shared_secret[38]
                            (output port)
  Path Group:             (none)
  Path Type:              Min at Fast Process Corner
  Data Path Delay:        0.538ns  (logic 0.128ns (23.786%)  route 0.410ns (76.214%))
  Logic Levels:           0
  Clock Uncertainty:      0.025ns  ((TSJ^2 + TIJ^2)^1/2 + DJ) / 2 + PE
    Total System Jitter     (TSJ):    0.050ns
    Total Input Jitter      (TIJ):    0.000ns
    Discrete Jitter          (DJ):    0.000ns
    Phase Error              (PE):    0.000ns

    Location             Delay type                Incr(ns)  Path(ns)    Netlist Resource(s)
  -------------------------------------------------------------------    -------------------
                         (clock sys_clk rise edge)    0.000     0.000 r
                                                      0.000     0.000 r  clk (IN)
                         net (fo=19605, unset)        0.410     0.410    u_edge/u_server/clk
    SLICE_X44Y92         FDRE                                         r  u_edge/u_server/K_reg[38]/C
  -------------------------------------------------------------------    -------------------
    SLICE_X44Y92         FDRE (Prop_fdre_C_Q)         0.128     0.538 r  u_edge/u_server/K_reg[38]/Q
                         net (fo=1, unset)            0.410     0.948    shared_secret[38]
                                                                      r  shared_secret[38] (OUT)
  -------------------------------------------------------------------    -------------------

Slack:                    inf
  Source:                 u_edge/u_server/K_reg[39]/C
                            (rising edge-triggered cell FDRE clocked by sys_clk  {rise@0.000ns fall@5.000ns period=10.000ns})
  Destination:            shared_secret[39]
                            (output port)
  Path Group:             (none)
  Path Type:              Min at Fast Process Corner
  Data Path Delay:        0.538ns  (logic 0.128ns (23.786%)  route 0.410ns (76.214%))
  Logic Levels:           0
  Clock Uncertainty:      0.025ns  ((TSJ^2 + TIJ^2)^1/2 + DJ) / 2 + PE
    Total System Jitter     (TSJ):    0.050ns
    Total Input Jitter      (TIJ):    0.000ns
    Discrete Jitter          (DJ):    0.000ns
    Phase Error              (PE):    0.000ns

    Location             Delay type                Incr(ns)  Path(ns)    Netlist Resource(s)
  -------------------------------------------------------------------    -------------------
                         (clock sys_clk rise edge)    0.000     0.000 r
                                                      0.000     0.000 r  clk (IN)
                         net (fo=19605, unset)        0.410     0.410    u_edge/u_server/clk
    SLICE_X51Y91         FDRE                                         r  u_edge/u_server/K_reg[39]/C
  -------------------------------------------------------------------    -------------------
    SLICE_X51Y91         FDRE (Prop_fdre_C_Q)         0.128     0.538 r  u_edge/u_server/K_reg[39]/Q
                         net (fo=1, unset)            0.410     0.948    shared_secret[39]
                                                                      r  shared_secret[39] (OUT)
  -------------------------------------------------------------------    -------------------

Slack:                    inf
  Source:                 u_edge/u_server/K_reg[42]/C
                            (rising edge-triggered cell FDRE clocked by sys_clk  {rise@0.000ns fall@5.000ns period=10.000ns})
  Destination:            shared_secret[42]
                            (output port)
  Path Group:             (none)
  Path Type:              Min at Fast Process Corner
  Data Path Delay:        0.538ns  (logic 0.128ns (23.786%)  route 0.410ns (76.214%))
  Logic Levels:           0
  Clock Uncertainty:      0.025ns  ((TSJ^2 + TIJ^2)^1/2 + DJ) / 2 + PE
    Total System Jitter     (TSJ):    0.050ns
    Total Input Jitter      (TIJ):    0.000ns
    Discrete Jitter          (DJ):    0.000ns
    Phase Error              (PE):    0.000ns

    Location             Delay type                Incr(ns)  Path(ns)    Netlist Resource(s)
  -------------------------------------------------------------------    -------------------
                         (clock sys_clk rise edge)    0.000     0.000 r
                                                      0.000     0.000 r  clk (IN)
                         net (fo=19605, unset)        0.410     0.410    u_edge/u_server/clk
    SLICE_X43Y92         FDRE                                         r  u_edge/u_server/K_reg[42]/C
  -------------------------------------------------------------------    -------------------
    SLICE_X43Y92         FDRE (Prop_fdre_C_Q)         0.128     0.538 r  u_edge/u_server/K_reg[42]/Q
                         net (fo=1, unset)            0.410     0.948    shared_secret[42]
                                                                      r  shared_secret[42] (OUT)
  -------------------------------------------------------------------    -------------------

Slack:                    inf
  Source:                 u_edge/u_server/K_reg[46]/C
                            (rising edge-triggered cell FDRE clocked by sys_clk  {rise@0.000ns fall@5.000ns period=10.000ns})
  Destination:            shared_secret[46]
                            (output port)
  Path Group:             (none)
  Path Type:              Min at Fast Process Corner
  Data Path Delay:        0.538ns  (logic 0.128ns (23.786%)  route 0.410ns (76.214%))
  Logic Levels:           0
  Clock Uncertainty:      0.025ns  ((TSJ^2 + TIJ^2)^1/2 + DJ) / 2 + PE
    Total System Jitter     (TSJ):    0.050ns
    Total Input Jitter      (TIJ):    0.000ns
    Discrete Jitter          (DJ):    0.000ns
    Phase Error              (PE):    0.000ns

    Location             Delay type                Incr(ns)  Path(ns)    Netlist Resource(s)
  -------------------------------------------------------------------    -------------------
                         (clock sys_clk rise edge)    0.000     0.000 r
                                                      0.000     0.000 r  clk (IN)
                         net (fo=19605, unset)        0.410     0.410    u_edge/u_server/clk
    SLICE_X45Y92         FDRE                                         r  u_edge/u_server/K_reg[46]/C
  -------------------------------------------------------------------    -------------------
    SLICE_X45Y92         FDRE (Prop_fdre_C_Q)         0.128     0.538 r  u_edge/u_server/K_reg[46]/Q
                         net (fo=1, unset)            0.410     0.948    shared_secret[46]
                                                                      r  shared_secret[46] (OUT)
  -------------------------------------------------------------------    -------------------

Slack:                    inf
  Source:                 u_edge/u_server/K_reg[49]/C
                            (rising edge-triggered cell FDRE clocked by sys_clk  {rise@0.000ns fall@5.000ns period=10.000ns})
  Destination:            shared_secret[49]
                            (output port)
  Path Group:             (none)
  Path Type:              Min at Fast Process Corner
  Data Path Delay:        0.538ns  (logic 0.128ns (23.786%)  route 0.410ns (76.214%))
  Logic Levels:           0
  Clock Uncertainty:      0.025ns  ((TSJ^2 + TIJ^2)^1/2 + DJ) / 2 + PE
    Total System Jitter     (TSJ):    0.050ns
    Total Input Jitter      (TIJ):    0.000ns
    Discrete Jitter          (DJ):    0.000ns
    Phase Error              (PE):    0.000ns

    Location             Delay type                Incr(ns)  Path(ns)    Netlist Resource(s)
  -------------------------------------------------------------------    -------------------
                         (clock sys_clk rise edge)    0.000     0.000 r
                                                      0.000     0.000 r  clk (IN)
                         net (fo=19605, unset)        0.410     0.410    u_edge/u_server/clk
    SLICE_X32Y86         FDRE                                         r  u_edge/u_server/K_reg[49]/C
  -------------------------------------------------------------------    -------------------
    SLICE_X32Y86         FDRE (Prop_fdre_C_Q)         0.128     0.538 r  u_edge/u_server/K_reg[49]/Q
                         net (fo=1, unset)            0.410     0.948    shared_secret[49]
                                                                      r  shared_secret[49] (OUT)
  -------------------------------------------------------------------    -------------------

Slack:                    inf
  Source:                 u_edge/u_server/K_reg[4]/C
                            (rising edge-triggered cell FDRE clocked by sys_clk  {rise@0.000ns fall@5.000ns period=10.000ns})
  Destination:            shared_secret[4]
                            (output port)
  Path Group:             (none)
  Path Type:              Min at Fast Process Corner
  Data Path Delay:        0.538ns  (logic 0.128ns (23.786%)  route 0.410ns (76.214%))
  Logic Levels:           0
  Clock Uncertainty:      0.025ns  ((TSJ^2 + TIJ^2)^1/2 + DJ) / 2 + PE
    Total System Jitter     (TSJ):    0.050ns
    Total Input Jitter      (TIJ):    0.000ns
    Discrete Jitter          (DJ):    0.000ns
    Phase Error              (PE):    0.000ns

    Location             Delay type                Incr(ns)  Path(ns)    Netlist Resource(s)
  -------------------------------------------------------------------    -------------------
                         (clock sys_clk rise edge)    0.000     0.000 r
                                                      0.000     0.000 r  clk (IN)
                         net (fo=19605, unset)        0.410     0.410    u_edge/u_server/clk
    SLICE_X40Y92         FDRE                                         r  u_edge/u_server/K_reg[4]/C
  -------------------------------------------------------------------    -------------------
    SLICE_X40Y92         FDRE (Prop_fdre_C_Q)         0.128     0.538 r  u_edge/u_server/K_reg[4]/Q
                         net (fo=2, unset)            0.410     0.948    shared_secret[4]
                                                                      r  shared_secret[4] (OUT)
  -------------------------------------------------------------------    -------------------

Slack:                    inf
  Source:                 u_edge/u_server/K_reg[55]/C
                            (rising edge-triggered cell FDRE clocked by sys_clk  {rise@0.000ns fall@5.000ns period=10.000ns})
  Destination:            shared_secret[55]
                            (output port)
  Path Group:             (none)
  Path Type:              Min at Fast Process Corner
  Data Path Delay:        0.538ns  (logic 0.128ns (23.786%)  route 0.410ns (76.214%))
  Logic Levels:           0
  Clock Uncertainty:      0.025ns  ((TSJ^2 + TIJ^2)^1/2 + DJ) / 2 + PE
    Total System Jitter     (TSJ):    0.050ns
    Total Input Jitter      (TIJ):    0.000ns
    Discrete Jitter          (DJ):    0.000ns
    Phase Error              (PE):    0.000ns

    Location             Delay type                Incr(ns)  Path(ns)    Netlist Resource(s)
  -------------------------------------------------------------------    -------------------
                         (clock sys_clk rise edge)    0.000     0.000 r
                                                      0.000     0.000 r  clk (IN)
                         net (fo=19605, unset)        0.410     0.410    u_edge/u_server/clk
    SLICE_X32Y89         FDRE                                         r  u_edge/u_server/K_reg[55]/C
  -------------------------------------------------------------------    -------------------
    SLICE_X32Y89         FDRE (Prop_fdre_C_Q)         0.128     0.538 r  u_edge/u_server/K_reg[55]/Q
                         net (fo=1, unset)            0.410     0.948    shared_secret[55]
                                                                      r  shared_secret[55] (OUT)
  -------------------------------------------------------------------    -------------------

Slack:                    inf
  Source:                 u_edge/u_server/K_reg[57]/C
                            (rising edge-triggered cell FDRE clocked by sys_clk  {rise@0.000ns fall@5.000ns period=10.000ns})
  Destination:            shared_secret[57]
                            (output port)
  Path Group:             (none)
  Path Type:              Min at Fast Process Corner
  Data Path Delay:        0.538ns  (logic 0.128ns (23.786%)  route 0.410ns (76.214%))
  Logic Levels:           0
  Clock Uncertainty:      0.025ns  ((TSJ^2 + TIJ^2)^1/2 + DJ) / 2 + PE
    Total System Jitter     (TSJ):    0.050ns
    Total Input Jitter      (TIJ):    0.000ns
    Discrete Jitter          (DJ):    0.000ns
    Phase Error              (PE):    0.000ns

    Location             Delay type                Incr(ns)  Path(ns)    Netlist Resource(s)
  -------------------------------------------------------------------    -------------------
                         (clock sys_clk rise edge)    0.000     0.000 r
                                                      0.000     0.000 r  clk (IN)
                         net (fo=19605, unset)        0.410     0.410    u_edge/u_server/clk
    SLICE_X40Y91         FDRE                                         r  u_edge/u_server/K_reg[57]/C
  -------------------------------------------------------------------    -------------------
    SLICE_X40Y91         FDRE (Prop_fdre_C_Q)         0.128     0.538 r  u_edge/u_server/K_reg[57]/Q
                         net (fo=1, unset)            0.410     0.948    shared_secret[57]
                                                                      r  shared_secret[57] (OUT)
  -------------------------------------------------------------------    -------------------

Slack:                    inf
  Source:                 u_edge/u_server/K_reg[63]/C
                            (rising edge-triggered cell FDRE clocked by sys_clk  {rise@0.000ns fall@5.000ns period=10.000ns})
  Destination:            shared_secret[63]
                            (output port)
  Path Group:             (none)
  Path Type:              Min at Fast Process Corner
  Data Path Delay:        0.538ns  (logic 0.128ns (23.786%)  route 0.410ns (76.214%))
  Logic Levels:           0
  Clock Uncertainty:      0.025ns  ((TSJ^2 + TIJ^2)^1/2 + DJ) / 2 + PE
    Total System Jitter     (TSJ):    0.050ns
    Total Input Jitter      (TIJ):    0.000ns
    Discrete Jitter          (DJ):    0.000ns
    Phase Error              (PE):    0.000ns

    Location             Delay type                Incr(ns)  Path(ns)    Netlist Resource(s)
  -------------------------------------------------------------------    -------------------
                         (clock sys_clk rise edge)    0.000     0.000 r
                                                      0.000     0.000 r  clk (IN)
                         net (fo=19605, unset)        0.410     0.410    u_edge/u_server/clk
    SLICE_X28Y89         FDRE                                         r  u_edge/u_server/K_reg[63]/C
  -------------------------------------------------------------------    -------------------
    SLICE_X28Y89         FDRE (Prop_fdre_C_Q)         0.128     0.538 r  u_edge/u_server/K_reg[63]/Q
                         net (fo=1, unset)            0.410     0.948    shared_secret[63]
                                                                      r  shared_secret[63] (OUT)
  -------------------------------------------------------------------    -------------------

Slack:                    inf
  Source:                 u_edge/u_server/K_reg[66]/C
                            (rising edge-triggered cell FDRE clocked by sys_clk  {rise@0.000ns fall@5.000ns period=10.000ns})
  Destination:            shared_secret[66]
                            (output port)
  Path Group:             (none)
  Path Type:              Min at Fast Process Corner
  Data Path Delay:        0.538ns  (logic 0.128ns (23.786%)  route 0.410ns (76.214%))
  Logic Levels:           0
  Clock Uncertainty:      0.025ns  ((TSJ^2 + TIJ^2)^1/2 + DJ) / 2 + PE
    Total System Jitter     (TSJ):    0.050ns
    Total Input Jitter      (TIJ):    0.000ns
    Discrete Jitter          (DJ):    0.000ns
    Phase Error              (PE):    0.000ns

    Location             Delay type                Incr(ns)  Path(ns)    Netlist Resource(s)
  -------------------------------------------------------------------    -------------------
                         (clock sys_clk rise edge)    0.000     0.000 r
                                                      0.000     0.000 r  clk (IN)
                         net (fo=19605, unset)        0.410     0.410    u_edge/u_server/clk
    SLICE_X32Y86         FDRE                                         r  u_edge/u_server/K_reg[66]/C
  -------------------------------------------------------------------    -------------------
    SLICE_X32Y86         FDRE (Prop_fdre_C_Q)         0.128     0.538 r  u_edge/u_server/K_reg[66]/Q
                         net (fo=1, unset)            0.410     0.948    shared_secret[66]
                                                                      r  shared_secret[66] (OUT)
  -------------------------------------------------------------------    -------------------





--------------------------------------------------------------------------------------
Path Group:  (none)
From Clock:
  To Clock:  sys_clk

Max Delay         32482 Endpoints
Min Delay         32482 Endpoints
--------------------------------------------------------------------------------------


Max Delay Paths
--------------------------------------------------------------------------------------
Slack:                    inf
  Source:                 rst_n
                            (input port)
  Destination:            u_edge/u_control/u_scrub/scrub_addr_reg[2]/CLR
                            (recovery check against rising-edge clock sys_clk  {rise@0.000ns fall@5.000ns period=10.000ns})
  Path Group:             (none)
  Path Type:              Recovery (Max at Slow Process Corner)
  Data Path Delay:        8.752ns  (logic 0.124ns (1.417%)  route 8.628ns (98.583%))
  Logic Levels:           1  (LUT1=1)
  Clock Path Skew:        0.924ns (DCD - SCD + CPR)
    Destination Clock Delay (DCD):    0.924ns
    Source Clock Delay      (SCD):    0.000ns
    Clock Pessimism Removal (CPR):    0.000ns

    Location             Delay type                Incr(ns)  Path(ns)    Netlist Resource(s)
  -------------------------------------------------------------------    -------------------
                                                      0.000     0.000 r  rst_n (IN)
                         net (fo=8, unset)            0.973     0.973    u_edge/u_control/rst_n
    SLICE_X36Y26         LUT1 (Prop_lut1_I0_O)        0.124     1.097 f  u_edge/u_control/i___31/O
                         net (fo=2528, routed)        7.655     8.752    u_edge/u_control/u_scrub/FSM_sequential_state_reg[2]_7
    SLICE_X14Y87         FDCE                                         f  u_edge/u_control/u_scrub/scrub_addr_reg[2]/CLR
  -------------------------------------------------------------------    -------------------

                         (clock sys_clk rise edge)    0.000     0.000 r
                                                      0.000     0.000 r  clk (IN)
                         net (fo=19605, unset)        0.924     0.924    u_edge/u_control/u_scrub/clk
    SLICE_X14Y87         FDCE                                         r  u_edge/u_control/u_scrub/scrub_addr_reg[2]/C

Slack:                    inf
  Source:                 rst_n
                            (input port)
  Destination:            u_edge/u_control/u_scrub/scrub_addr_reg[5]/CLR
                            (recovery check against rising-edge clock sys_clk  {rise@0.000ns fall@5.000ns period=10.000ns})
  Path Group:             (none)
  Path Type:              Recovery (Max at Slow Process Corner)
  Data Path Delay:        8.752ns  (logic 0.124ns (1.417%)  route 8.628ns (98.583%))
  Logic Levels:           1  (LUT1=1)
  Clock Path Skew:        0.924ns (DCD - SCD + CPR)
    Destination Clock Delay (DCD):    0.924ns
    Source Clock Delay      (SCD):    0.000ns
    Clock Pessimism Removal (CPR):    0.000ns

    Location             Delay type                Incr(ns)  Path(ns)    Netlist Resource(s)
  -------------------------------------------------------------------    -------------------
                                                      0.000     0.000 r  rst_n (IN)
                         net (fo=8, unset)            0.973     0.973    u_edge/u_control/rst_n
    SLICE_X36Y26         LUT1 (Prop_lut1_I0_O)        0.124     1.097 f  u_edge/u_control/i___31/O
                         net (fo=2528, routed)        7.655     8.752    u_edge/u_control/u_scrub/FSM_sequential_state_reg[2]_7
    SLICE_X14Y87         FDCE                                         f  u_edge/u_control/u_scrub/scrub_addr_reg[5]/CLR
  -------------------------------------------------------------------    -------------------

                         (clock sys_clk rise edge)    0.000     0.000 r
                                                      0.000     0.000 r  clk (IN)
                         net (fo=19605, unset)        0.924     0.924    u_edge/u_control/u_scrub/clk
    SLICE_X14Y87         FDCE                                         r  u_edge/u_control/u_scrub/scrub_addr_reg[5]/C

Slack:                    inf
  Source:                 zeroize
                            (input port)
  Destination:            u_edge/u_server/hash/sponge/algo_inst/STEP_MAPPING_5/Str_out_reg[213]/D
                            (rising edge-triggered cell FDCE clocked by sys_clk  {rise@0.000ns fall@5.000ns period=10.000ns})
  Path Group:             (none)
  Path Type:              Setup (Max at Slow Process Corner)
  Data Path Delay:        8.489ns  (logic 0.372ns (4.382%)  route 8.117ns (95.618%))
  Logic Levels:           3  (LUT5=3)
  Clock Path Skew:        0.924ns (DCD - SCD + CPR)
    Destination Clock Delay (DCD):    0.924ns
    Source Clock Delay      (SCD):    0.000ns
    Clock Pessimism Removal (CPR):    0.000ns

    Location             Delay type                Incr(ns)  Path(ns)    Netlist Resource(s)
  -------------------------------------------------------------------    -------------------
                                                      0.000     0.000 f  zeroize (IN)
                         net (fo=38, unset)           0.973     0.973    u_edge/u_control/zeroize
    SLICE_X33Y92         LUT5 (Prop_lut5_I4_O)        0.124     1.097 f  u_edge/u_control/i___3205_i_1/O
                         net (fo=1095, routed)        5.288     6.385    u_edge/u_server/hash/sponge/algo_inst/STEP_MAPPING_2/Str_out_reg[31]
    SLICE_X35Y140        LUT5 (Prop_lut5_I0_O)        0.124     6.509 r  u_edge/u_server/hash/sponge/algo_inst/STEP_MAPPING_2/i_/i_/i___525/O
                         net (fo=3, routed)           1.857     8.365    u_edge/u_server/hash/sponge/algo_inst/STEP_MAPPING_2/i_/i_/i___525_n_0
    SLICE_X5Y128         LUT5 (Prop_lut5_I2_O)        0.124     8.489 r  u_edge/u_server/hash/sponge/algo_inst/STEP_MAPPING_2/i_/i_/i___2075/O
                         net (fo=1, routed)           0.000     8.489    u_edge/u_server/hash/sponge/algo_inst/STEP_MAPPING_5/Str_out_reg[1599]_0[213]
    SLICE_X5Y128         FDCE                                         r  u_edge/u_server/hash/sponge/algo_inst/STEP_MAPPING_5/Str_out_reg[213]/D
  -------------------------------------------------------------------    -------------------

                         (clock sys_clk rise edge)    0.000     0.000 r
                                                      0.000     0.000 r  clk (IN)
                         net (fo=19605, unset)        0.924     0.924    u_edge/u_server/hash/sponge/algo_inst/STEP_MAPPING_5/clk
    SLICE_X5Y128         FDCE                                         r  u_edge/u_server/hash/sponge/algo_inst/STEP_MAPPING_5/Str_out_reg[213]/C

Slack:                    inf
  Source:                 zeroize
                            (input port)
  Destination:            u_edge/u_server/hash/sponge/algo_inst/STEP_MAPPING_5/Str_out_reg[149]/D
                            (rising edge-triggered cell FDCE clocked by sys_clk  {rise@0.000ns fall@5.000ns period=10.000ns})
  Path Group:             (none)
  Path Type:              Setup (Max at Slow Process Corner)
  Data Path Delay:        8.486ns  (logic 0.372ns (4.384%)  route 8.114ns (95.616%))
  Logic Levels:           3  (LUT5=3)
  Clock Path Skew:        0.924ns (DCD - SCD + CPR)
    Destination Clock Delay (DCD):    0.924ns
    Source Clock Delay      (SCD):    0.000ns
    Clock Pessimism Removal (CPR):    0.000ns

    Location             Delay type                Incr(ns)  Path(ns)    Netlist Resource(s)
  -------------------------------------------------------------------    -------------------
                                                      0.000     0.000 f  zeroize (IN)
                         net (fo=38, unset)           0.973     0.973    u_edge/u_control/zeroize
    SLICE_X33Y92         LUT5 (Prop_lut5_I4_O)        0.124     1.097 f  u_edge/u_control/i___3205_i_1/O
                         net (fo=1095, routed)        5.288     6.385    u_edge/u_server/hash/sponge/algo_inst/STEP_MAPPING_2/Str_out_reg[31]
    SLICE_X35Y140        LUT5 (Prop_lut5_I0_O)        0.124     6.509 r  u_edge/u_server/hash/sponge/algo_inst/STEP_MAPPING_2/i_/i_/i___525/O
                         net (fo=3, routed)           1.854     8.362    u_edge/u_server/hash/sponge/algo_inst/STEP_MAPPING_2/i_/i_/i___525_n_0
    SLICE_X5Y128         LUT5 (Prop_lut5_I3_O)        0.124     8.486 r  u_edge/u_server/hash/sponge/algo_inst/STEP_MAPPING_2/i_/i_/i___2074/O
                         net (fo=1, routed)           0.000     8.486    u_edge/u_server/hash/sponge/algo_inst/STEP_MAPPING_5/Str_out_reg[1599]_0[149]
    SLICE_X5Y128         FDCE                                         r  u_edge/u_server/hash/sponge/algo_inst/STEP_MAPPING_5/Str_out_reg[149]/D
  -------------------------------------------------------------------    -------------------

                         (clock sys_clk rise edge)    0.000     0.000 r
                                                      0.000     0.000 r  clk (IN)
                         net (fo=19605, unset)        0.924     0.924    u_edge/u_server/hash/sponge/algo_inst/STEP_MAPPING_5/clk
    SLICE_X5Y128         FDCE                                         r  u_edge/u_server/hash/sponge/algo_inst/STEP_MAPPING_5/Str_out_reg[149]/C

Slack:                    inf
  Source:                 peer_ready_c
                            (input port)
  Destination:            u_edge/u_server/hash/sponge/block_reg_reg[632]/D
                            (rising edge-triggered cell FDRE clocked by sys_clk  {rise@0.000ns fall@5.000ns period=10.000ns})
  Path Group:             (none)
  Path Type:              Setup (Max at Slow Process Corner)
  Data Path Delay:        8.427ns  (logic 1.116ns (13.244%)  route 7.311ns (86.756%))
  Logic Levels:           9  (LUT4=1 LUT5=1 LUT6=7)
  Clock Path Skew:        0.924ns (DCD - SCD + CPR)
    Destination Clock Delay (DCD):    0.924ns
    Source Clock Delay      (SCD):    0.000ns
    Clock Pessimism Removal (CPR):    0.000ns

    Location             Delay type                Incr(ns)  Path(ns)    Netlist Resource(s)
  -------------------------------------------------------------------    -------------------
                                                      0.000     0.000 f  peer_ready_c (IN)
                         net (fo=1, unset)            0.973     0.973    u_edge/u_server/hash/sponge/peer_ready_c
    SLICE_X15Y95         LUT4 (Prop_lut4_I2_O)        0.124     1.097 f  u_edge/u_server/hash/sponge/state[0]_i_30/O
                         net (fo=1, routed)           0.665     1.762    u_edge/u_server/hash/ififo_inst/inst/state[0]_i_5__0_1
    SLICE_X15Y95         LUT6 (Prop_lut6_I4_O)        0.124     1.886 f  u_edge/u_server/hash/ififo_inst/inst/state[0]_i_16/O
                         net (fo=1, routed)           0.634     2.520    u_edge/u_server/hash/ififo_inst/inst/state[0]_i_16_n_0
    SLICE_X15Y96         LUT6 (Prop_lut6_I4_O)        0.124     2.644 r  u_edge/u_server/hash/ififo_inst/inst/state[0]_i_5__0/O
                         net (fo=1, routed)           0.398     3.043    u_edge/u_server/hash/ofifo0_inst/inst/state_reg[0]_3
    SLICE_X13Y96         LUT6 (Prop_lut6_I4_O)        0.124     3.167 f  u_edge/u_server/hash/ofifo0_inst/inst/state[0]_i_1__2/O
                         net (fo=6, routed)           0.657     3.824    u_edge/u_server/hash/ofifo0_inst/inst/state_reg[5]
    SLICE_X13Y97         LUT6 (Prop_lut6_I0_O)        0.124     3.948 r  u_edge/u_server/hash/ofifo0_inst/inst/group_eta3_i_5/O
                         net (fo=3, routed)           0.439     4.386    u_edge/u_server/hash/ofifo0_inst/inst/group_eta3_i_5_n_0
    SLICE_X14Y98         LUT6 (Prop_lut6_I0_O)        0.124     4.510 f  u_edge/u_server/hash/ofifo0_inst/inst/wr_idx[5]_i_4/O
                         net (fo=10, routed)          0.558     5.069    u_edge/u_server/hash/sponge/wr_idx_reg[5]_0
    SLICE_X15Y98         LUT6 (Prop_lut6_I2_O)        0.124     5.193 r  u_edge/u_server/hash/sponge/wr_idx[5]_i_2/O
                         net (fo=208, routed)         1.266     6.459    u_edge/u_server/hash/sponge/word_pend_reg
    SLICE_X41Y100        LUT5 (Prop_lut5_I4_O)        0.124     6.583 f  u_edge/u_server/hash/sponge/block_reg[1592]_i_2/O
                         net (fo=25, routed)          1.720     8.303    u_edge/u_server/hash/sponge/algo_inst/STEP_MAPPING_5/block_reg_reg[1592]
    SLICE_X7Y102         LUT6 (Prop_lut6_I4_O)        0.124     8.427 r  u_edge/u_server/hash/sponge/algo_inst/STEP_MAPPING_5/block_reg[632]_i_1/O
                         net (fo=1, routed)           0.000     8.427    u_edge/u_server/hash/sponge/algo_inst_n_2360
    SLICE_X7Y102         FDRE                                         r  u_edge/u_server/hash/sponge/block_reg_reg[632]/D
  -------------------------------------------------------------------    -------------------

                         (clock sys_clk rise edge)    0.000     0.000 r
                                                      0.000     0.000 r  clk (IN)
                         net (fo=19605, unset)        0.924     0.924    u_edge/u_server/hash/sponge/clk
    SLICE_X7Y102         FDRE                                         r  u_edge/u_server/hash/sponge/block_reg_reg[632]/C

Slack:                    inf
  Source:                 zeroize
                            (input port)
  Destination:            u_edge/u_server/hash/sponge/block_perm_src_reg[611]/CE
                            (rising edge-triggered cell FDRE clocked by sys_clk  {rise@0.000ns fall@5.000ns period=10.000ns})
  Path Group:             (none)
  Path Type:              Setup (Max at Slow Process Corner)
  Data Path Delay:        8.405ns  (logic 0.248ns (2.951%)  route 8.157ns (97.049%))
  Logic Levels:           2  (LUT4=1 LUT5=1)
  Clock Path Skew:        0.924ns (DCD - SCD + CPR)
    Destination Clock Delay (DCD):    0.924ns
    Source Clock Delay      (SCD):    0.000ns
    Clock Pessimism Removal (CPR):    0.000ns

    Location             Delay type                Incr(ns)  Path(ns)    Netlist Resource(s)
  -------------------------------------------------------------------    -------------------
                                                      0.000     0.000 f  zeroize (IN)
                         net (fo=38, unset)           0.973     0.973    u_edge/u_control/zeroize
    SLICE_X33Y92         LUT5 (Prop_lut5_I4_O)        0.124     1.097 f  u_edge/u_control/i___3205_i_1/O
                         net (fo=1095, routed)        1.786     2.883    u_edge/u_server/hash/sponge/Str_out_reg[31]
    SLICE_X20Y101        LUT4 (Prop_lut4_I3_O)        0.124     3.007 r  u_edge/u_server/hash/sponge/block_perm_src[1599]_i_2/O
                         net (fo=1600, routed)        5.397     8.405    u_edge/u_server/hash/sponge/block_perm_src[1599]_i_2_n_0
    SLICE_X7Y131         FDRE                                         r  u_edge/u_server/hash/sponge/block_perm_src_reg[611]/CE
  -------------------------------------------------------------------    -------------------

                         (clock sys_clk rise edge)    0.000     0.000 r
                                                      0.000     0.000 r  clk (IN)
                         net (fo=19605, unset)        0.924     0.924    u_edge/u_server/hash/sponge/clk
    SLICE_X7Y131         FDRE                                         r  u_edge/u_server/hash/sponge/block_perm_src_reg[611]/C

Slack:                    inf
  Source:                 peer_ready_c
                            (input port)
  Destination:            u_edge/u_server/hash/sponge/block_reg_reg[340]/D
                            (rising edge-triggered cell FDRE clocked by sys_clk  {rise@0.000ns fall@5.000ns period=10.000ns})
  Path Group:             (none)
  Path Type:              Setup (Max at Slow Process Corner)
  Data Path Delay:        8.405ns  (logic 1.116ns (13.278%)  route 7.289ns (86.722%))
  Logic Levels:           9  (LUT4=1 LUT5=1 LUT6=7)
  Clock Path Skew:        0.924ns (DCD - SCD + CPR)
    Destination Clock Delay (DCD):    0.924ns
    Source Clock Delay      (SCD):    0.000ns
    Clock Pessimism Removal (CPR):    0.000ns

    Location             Delay type                Incr(ns)  Path(ns)    Netlist Resource(s)
  -------------------------------------------------------------------    -------------------
                                                      0.000     0.000 r  peer_ready_c (IN)
                         net (fo=1, unset)            0.973     0.973    u_edge/u_server/hash/sponge/peer_ready_c
    SLICE_X15Y95         LUT4 (Prop_lut4_I2_O)        0.124     1.097 r  u_edge/u_server/hash/sponge/state[0]_i_30/O
                         net (fo=1, routed)           0.665     1.762    u_edge/u_server/hash/ififo_inst/inst/state[0]_i_5__0_1
    SLICE_X15Y95         LUT6 (Prop_lut6_I4_O)        0.124     1.886 r  u_edge/u_server/hash/ififo_inst/inst/state[0]_i_16/O
                         net (fo=1, routed)           0.634     2.520    u_edge/u_server/hash/ififo_inst/inst/state[0]_i_16_n_0
    SLICE_X15Y96         LUT6 (Prop_lut6_I4_O)        0.124     2.644 f  u_edge/u_server/hash/ififo_inst/inst/state[0]_i_5__0/O
                         net (fo=1, routed)           0.398     3.043    u_edge/u_server/hash/ofifo0_inst/inst/state_reg[0]_3
    SLICE_X13Y96         LUT6 (Prop_lut6_I4_O)        0.124     3.167 r  u_edge/u_server/hash/ofifo0_inst/inst/state[0]_i_1__2/O
                         net (fo=6, routed)           0.657     3.824    u_edge/u_server/hash/ofifo0_inst/inst/state_reg[5]
    SLICE_X13Y97         LUT6 (Prop_lut6_I0_O)        0.124     3.948 f  u_edge/u_server/hash/ofifo0_inst/inst/group_eta3_i_5/O
                         net (fo=3, routed)           0.439     4.386    u_edge/u_server/hash/ofifo0_inst/inst/group_eta3_i_5_n_0
    SLICE_X14Y98         LUT6 (Prop_lut6_I0_O)        0.124     4.510 r  u_edge/u_server/hash/ofifo0_inst/inst/wr_idx[5]_i_4/O
                         net (fo=10, routed)          0.558     5.069    u_edge/u_server/hash/sponge/wr_idx_reg[5]_0
    SLICE_X15Y98         LUT6 (Prop_lut6_I2_O)        0.124     5.193 f  u_edge/u_server/hash/sponge/wr_idx[5]_i_2/O
                         net (fo=208, routed)         1.222     6.414    u_edge/u_server/hash/sponge/word_pend_reg
    SLICE_X20Y111        LUT5 (Prop_lut5_I1_O)        0.124     6.538 f  u_edge/u_server/hash/sponge/block_reg[351]_i_3/O
                         net (fo=32, routed)          1.742     8.281    u_edge/u_server/hash/sponge/algo_inst/STEP_MAPPING_5/block_reg_reg[351]
    SLICE_X0Y119         LUT6 (Prop_lut6_I0_O)        0.124     8.405 r  u_edge/u_server/hash/sponge/algo_inst/STEP_MAPPING_5/block_reg[340]_i_1/O
                         net (fo=1, routed)           0.000     8.405    u_edge/u_server/hash/sponge/algo_inst_n_2100
    SLICE_X0Y119         FDRE                                         r  u_edge/u_server/hash/sponge/block_reg_reg[340]/D
  -------------------------------------------------------------------    -------------------

                         (clock sys_clk rise edge)    0.000     0.000 r
                                                      0.000     0.000 r  clk (IN)
                         net (fo=19605, unset)        0.924     0.924    u_edge/u_server/hash/sponge/clk
    SLICE_X0Y119         FDRE                                         r  u_edge/u_server/hash/sponge/block_reg_reg[340]/C

Slack:                    inf
  Source:                 peer_ready_c
                            (input port)
  Destination:            u_edge/u_server/hash/sponge/block_reg_reg[321]/D
                            (rising edge-triggered cell FDRE clocked by sys_clk  {rise@0.000ns fall@5.000ns period=10.000ns})
  Path Group:             (none)
  Path Type:              Setup (Max at Slow Process Corner)
  Data Path Delay:        8.351ns  (logic 1.116ns (13.363%)  route 7.235ns (86.637%))
  Logic Levels:           9  (LUT4=1 LUT5=1 LUT6=7)
  Clock Path Skew:        0.924ns (DCD - SCD + CPR)
    Destination Clock Delay (DCD):    0.924ns
    Source Clock Delay      (SCD):    0.000ns
    Clock Pessimism Removal (CPR):    0.000ns

    Location             Delay type                Incr(ns)  Path(ns)    Netlist Resource(s)
  -------------------------------------------------------------------    -------------------
                                                      0.000     0.000 f  peer_ready_c (IN)
                         net (fo=1, unset)            0.973     0.973    u_edge/u_server/hash/sponge/peer_ready_c
    SLICE_X15Y95         LUT4 (Prop_lut4_I2_O)        0.124     1.097 f  u_edge/u_server/hash/sponge/state[0]_i_30/O
                         net (fo=1, routed)           0.665     1.762    u_edge/u_server/hash/ififo_inst/inst/state[0]_i_5__0_1
    SLICE_X15Y95         LUT6 (Prop_lut6_I4_O)        0.124     1.886 f  u_edge/u_server/hash/ififo_inst/inst/state[0]_i_16/O
                         net (fo=1, routed)           0.634     2.520    u_edge/u_server/hash/ififo_inst/inst/state[0]_i_16_n_0
    SLICE_X15Y96         LUT6 (Prop_lut6_I4_O)        0.124     2.644 r  u_edge/u_server/hash/ififo_inst/inst/state[0]_i_5__0/O
                         net (fo=1, routed)           0.398     3.043    u_edge/u_server/hash/ofifo0_inst/inst/state_reg[0]_3
    SLICE_X13Y96         LUT6 (Prop_lut6_I4_O)        0.124     3.167 f  u_edge/u_server/hash/ofifo0_inst/inst/state[0]_i_1__2/O
                         net (fo=6, routed)           0.657     3.824    u_edge/u_server/hash/ofifo0_inst/inst/state_reg[5]
    SLICE_X13Y97         LUT6 (Prop_lut6_I0_O)        0.124     3.948 r  u_edge/u_server/hash/ofifo0_inst/inst/group_eta3_i_5/O
                         net (fo=3, routed)           0.439     4.386    u_edge/u_server/hash/ofifo0_inst/inst/group_eta3_i_5_n_0
    SLICE_X14Y98         LUT6 (Prop_lut6_I0_O)        0.124     4.510 f  u_edge/u_server/hash/ofifo0_inst/inst/wr_idx[5]_i_4/O
                         net (fo=10, routed)          0.558     5.069    u_edge/u_server/hash/sponge/wr_idx_reg[5]_0
    SLICE_X15Y98         LUT6 (Prop_lut6_I2_O)        0.124     5.193 r  u_edge/u_server/hash/sponge/wr_idx[5]_i_2/O
                         net (fo=208, routed)         1.286     6.478    u_edge/u_server/hash/sponge/word_pend_reg
    SLICE_X22Y109        LUT5 (Prop_lut5_I1_O)        0.124     6.602 f  u_edge/u_server/hash/sponge/block_reg[383]_i_4/O
                         net (fo=36, routed)          1.625     8.227    u_edge/u_server/hash/sponge/algo_inst/STEP_MAPPING_5/block_reg_reg[383]
    SLICE_X1Y119         LUT6 (Prop_lut6_I3_O)        0.124     8.351 r  u_edge/u_server/hash/sponge/algo_inst/STEP_MAPPING_5/block_reg[321]_i_1/O
                         net (fo=1, routed)           0.000     8.351    u_edge/u_server/hash/sponge/algo_inst_n_2081
    SLICE_X1Y119         FDRE                                         r  u_edge/u_server/hash/sponge/block_reg_reg[321]/D
  -------------------------------------------------------------------    -------------------

                         (clock sys_clk rise edge)    0.000     0.000 r
                                                      0.000     0.000 r  clk (IN)
                         net (fo=19605, unset)        0.924     0.924    u_edge/u_server/hash/sponge/clk
    SLICE_X1Y119         FDRE                                         r  u_edge/u_server/hash/sponge/block_reg_reg[321]/C

Slack:                    inf
  Source:                 peer_ready_c
                            (input port)
  Destination:            u_edge/u_server/hash/sponge/block_reg_reg[322]/D
                            (rising edge-triggered cell FDRE clocked by sys_clk  {rise@0.000ns fall@5.000ns period=10.000ns})
  Path Group:             (none)
  Path Type:              Setup (Max at Slow Process Corner)
  Data Path Delay:        8.348ns  (logic 1.116ns (13.368%)  route 7.232ns (86.632%))
  Logic Levels:           9  (LUT4=1 LUT5=1 LUT6=7)
  Clock Path Skew:        0.924ns (DCD - SCD + CPR)
    Destination Clock Delay (DCD):    0.924ns
    Source Clock Delay      (SCD):    0.000ns
    Clock Pessimism Removal (CPR):    0.000ns

    Location             Delay type                Incr(ns)  Path(ns)    Netlist Resource(s)
  -------------------------------------------------------------------    -------------------
                                                      0.000     0.000 f  peer_ready_c (IN)
                         net (fo=1, unset)            0.973     0.973    u_edge/u_server/hash/sponge/peer_ready_c
    SLICE_X15Y95         LUT4 (Prop_lut4_I2_O)        0.124     1.097 f  u_edge/u_server/hash/sponge/state[0]_i_30/O
                         net (fo=1, routed)           0.665     1.762    u_edge/u_server/hash/ififo_inst/inst/state[0]_i_5__0_1
    SLICE_X15Y95         LUT6 (Prop_lut6_I4_O)        0.124     1.886 f  u_edge/u_server/hash/ififo_inst/inst/state[0]_i_16/O
                         net (fo=1, routed)           0.634     2.520    u_edge/u_server/hash/ififo_inst/inst/state[0]_i_16_n_0
    SLICE_X15Y96         LUT6 (Prop_lut6_I4_O)        0.124     2.644 r  u_edge/u_server/hash/ififo_inst/inst/state[0]_i_5__0/O
                         net (fo=1, routed)           0.398     3.043    u_edge/u_server/hash/ofifo0_inst/inst/state_reg[0]_3
    SLICE_X13Y96         LUT6 (Prop_lut6_I4_O)        0.124     3.167 f  u_edge/u_server/hash/ofifo0_inst/inst/state[0]_i_1__2/O
                         net (fo=6, routed)           0.657     3.824    u_edge/u_server/hash/ofifo0_inst/inst/state_reg[5]
    SLICE_X13Y97         LUT6 (Prop_lut6_I0_O)        0.124     3.948 r  u_edge/u_server/hash/ofifo0_inst/inst/group_eta3_i_5/O
                         net (fo=3, routed)           0.439     4.386    u_edge/u_server/hash/ofifo0_inst/inst/group_eta3_i_5_n_0
    SLICE_X14Y98         LUT6 (Prop_lut6_I0_O)        0.124     4.510 f  u_edge/u_server/hash/ofifo0_inst/inst/wr_idx[5]_i_4/O
                         net (fo=10, routed)          0.558     5.069    u_edge/u_server/hash/sponge/wr_idx_reg[5]_0
    SLICE_X15Y98         LUT6 (Prop_lut6_I2_O)        0.124     5.193 r  u_edge/u_server/hash/sponge/wr_idx[5]_i_2/O
                         net (fo=208, routed)         1.286     6.478    u_edge/u_server/hash/sponge/word_pend_reg
    SLICE_X22Y109        LUT5 (Prop_lut5_I1_O)        0.124     6.602 f  u_edge/u_server/hash/sponge/block_reg[383]_i_4/O
                         net (fo=36, routed)          1.622     8.224    u_edge/u_server/hash/sponge/algo_inst/STEP_MAPPING_5/block_reg_reg[383]
    SLICE_X1Y119         LUT6 (Prop_lut6_I3_O)        0.124     8.348 r  u_edge/u_server/hash/sponge/algo_inst/STEP_MAPPING_5/block_reg[322]_i_1/O
                         net (fo=1, routed)           0.000     8.348    u_edge/u_server/hash/sponge/algo_inst_n_2082
    SLICE_X1Y119         FDRE                                         r  u_edge/u_server/hash/sponge/block_reg_reg[322]/D
  -------------------------------------------------------------------    -------------------

                         (clock sys_clk rise edge)    0.000     0.000 r
                                                      0.000     0.000 r  clk (IN)
                         net (fo=19605, unset)        0.924     0.924    u_edge/u_server/hash/sponge/clk
    SLICE_X1Y119         FDRE                                         r  u_edge/u_server/hash/sponge/block_reg_reg[322]/C

Slack:                    inf
  Source:                 peer_ready_c
                            (input port)
  Destination:            u_edge/u_server/hash/sponge/block_reg_reg[784]/CE
                            (rising edge-triggered cell FDRE clocked by sys_clk  {rise@0.000ns fall@5.000ns period=10.000ns})
  Path Group:             (none)
  Path Type:              Setup (Max at Slow Process Corner)
  Data Path Delay:        8.345ns  (logic 0.992ns (11.887%)  route 7.353ns (88.113%))
  Logic Levels:           8  (LUT3=2 LUT4=1 LUT6=5)
  Clock Path Skew:        0.924ns (DCD - SCD + CPR)
    Destination Clock Delay (DCD):    0.924ns
    Source Clock Delay      (SCD):    0.000ns
    Clock Pessimism Removal (CPR):    0.000ns

    Location             Delay type                Incr(ns)  Path(ns)    Netlist Resource(s)
  -------------------------------------------------------------------    -------------------
                                                      0.000     0.000 r  peer_ready_c (IN)
                         net (fo=1, unset)            0.973     0.973    u_edge/u_server/hash/sponge/peer_ready_c
    SLICE_X15Y95         LUT4 (Prop_lut4_I2_O)        0.124     1.097 r  u_edge/u_server/hash/sponge/state[0]_i_30/O
                         net (fo=1, routed)           0.665     1.762    u_edge/u_server/hash/ififo_inst/inst/state[0]_i_5__0_1
    SLICE_X15Y95         LUT6 (Prop_lut6_I4_O)        0.124     1.886 r  u_edge/u_server/hash/ififo_inst/inst/state[0]_i_16/O
                         net (fo=1, routed)           0.634     2.520    u_edge/u_server/hash/ififo_inst/inst/state[0]_i_16_n_0
    SLICE_X15Y96         LUT6 (Prop_lut6_I4_O)        0.124     2.644 f  u_edge/u_server/hash/ififo_inst/inst/state[0]_i_5__0/O
                         net (fo=1, routed)           0.398     3.043    u_edge/u_server/hash/ofifo0_inst/inst/state_reg[0]_3
    SLICE_X13Y96         LUT6 (Prop_lut6_I4_O)        0.124     3.167 r  u_edge/u_server/hash/ofifo0_inst/inst/state[0]_i_1__2/O
                         net (fo=6, routed)           0.829     3.996    u_edge/u_server/hash/ofifo0_inst/inst/state_reg[5]
    SLICE_X14Y97         LUT6 (Prop_lut6_I3_O)        0.124     4.120 f  u_edge/u_server/hash/ofifo0_inst/inst/block_reg[1599]_i_12/O
                         net (fo=1, routed)           0.569     4.689    u_edge/u_server/hash/sponge/block_reg[799]_i_4_0
    SLICE_X14Y99         LUT6 (Prop_lut6_I4_O)        0.124     4.813 r  u_edge/u_server/hash/sponge/block_reg[1599]_i_10/O
                         net (fo=50, routed)          0.695     5.508    u_edge/u_server/hash/sponge/block_reg[1599]_i_10_n_0
    SLICE_X14Y100        LUT3 (Prop_lut3_I1_O)        0.124     5.632 r  u_edge/u_server/hash/sponge/block_reg[1599]_i_3/O
                         net (fo=51, routed)          1.194     6.827    u_edge/u_server/hash/sponge/block_reg[1599]_i_3_n_0
    SLICE_X12Y104        LUT3 (Prop_lut3_I1_O)        0.124     6.951 r  u_edge/u_server/hash/sponge/block_reg[799]_i_1/O
                         net (fo=32, routed)          1.394     8.345    u_edge/u_server/hash/sponge/block_reg[799]_i_1_n_0
    SLICE_X14Y113        FDRE                                         r  u_edge/u_server/hash/sponge/block_reg_reg[784]/CE
  -------------------------------------------------------------------    -------------------

                         (clock sys_clk rise edge)    0.000     0.000 r
                                                      0.000     0.000 r  clk (IN)
                         net (fo=19605, unset)        0.924     0.924    u_edge/u_server/hash/sponge/clk
    SLICE_X14Y113        FDRE                                         r  u_edge/u_server/hash/sponge/block_reg_reg[784]/C

Slack:                    inf
  Source:                 peer_ready_c
                            (input port)
  Destination:            u_edge/u_server/hash/sponge/block_reg_reg[793]/CE
                            (rising edge-triggered cell FDRE clocked by sys_clk  {rise@0.000ns fall@5.000ns period=10.000ns})
  Path Group:             (none)
  Path Type:              Setup (Max at Slow Process Corner)
  Data Path Delay:        8.345ns  (logic 0.992ns (11.887%)  route 7.353ns (88.113%))
  Logic Levels:           8  (LUT3=2 LUT4=1 LUT6=5)
  Clock Path Skew:        0.924ns (DCD - SCD + CPR)
    Destination Clock Delay (DCD):    0.924ns
    Source Clock Delay      (SCD):    0.000ns
    Clock Pessimism Removal (CPR):    0.000ns

    Location             Delay type                Incr(ns)  Path(ns)    Netlist Resource(s)
  -------------------------------------------------------------------    -------------------
                                                      0.000     0.000 r  peer_ready_c (IN)
                         net (fo=1, unset)            0.973     0.973    u_edge/u_server/hash/sponge/peer_ready_c
    SLICE_X15Y95         LUT4 (Prop_lut4_I2_O)        0.124     1.097 r  u_edge/u_server/hash/sponge/state[0]_i_30/O
                         net (fo=1, routed)           0.665     1.762    u_edge/u_server/hash/ififo_inst/inst/state[0]_i_5__0_1
    SLICE_X15Y95         LUT6 (Prop_lut6_I4_O)        0.124     1.886 r  u_edge/u_server/hash/ififo_inst/inst/state[0]_i_16/O
                         net (fo=1, routed)           0.634     2.520    u_edge/u_server/hash/ififo_inst/inst/state[0]_i_16_n_0
    SLICE_X15Y96         LUT6 (Prop_lut6_I4_O)        0.124     2.644 f  u_edge/u_server/hash/ififo_inst/inst/state[0]_i_5__0/O
                         net (fo=1, routed)           0.398     3.043    u_edge/u_server/hash/ofifo0_inst/inst/state_reg[0]_3
    SLICE_X13Y96         LUT6 (Prop_lut6_I4_O)        0.124     3.167 r  u_edge/u_server/hash/ofifo0_inst/inst/state[0]_i_1__2/O
                         net (fo=6, routed)           0.829     3.996    u_edge/u_server/hash/ofifo0_inst/inst/state_reg[5]
    SLICE_X14Y97         LUT6 (Prop_lut6_I3_O)        0.124     4.120 f  u_edge/u_server/hash/ofifo0_inst/inst/block_reg[1599]_i_12/O
                         net (fo=1, routed)           0.569     4.689    u_edge/u_server/hash/sponge/block_reg[799]_i_4_0
    SLICE_X14Y99         LUT6 (Prop_lut6_I4_O)        0.124     4.813 r  u_edge/u_server/hash/sponge/block_reg[1599]_i_10/O
                         net (fo=50, routed)          0.695     5.508    u_edge/u_server/hash/sponge/block_reg[1599]_i_10_n_0
    SLICE_X14Y100        LUT3 (Prop_lut3_I1_O)        0.124     5.632 r  u_edge/u_server/hash/sponge/block_reg[1599]_i_3/O
                         net (fo=51, routed)          1.194     6.827    u_edge/u_server/hash/sponge/block_reg[1599]_i_3_n_0
    SLICE_X12Y104        LUT3 (Prop_lut3_I1_O)        0.124     6.951 r  u_edge/u_server/hash/sponge/block_reg[799]_i_1/O
                         net (fo=32, routed)          1.394     8.345    u_edge/u_server/hash/sponge/block_reg[799]_i_1_n_0
    SLICE_X14Y113        FDRE                                         r  u_edge/u_server/hash/sponge/block_reg_reg[793]/CE
  -------------------------------------------------------------------    -------------------

                         (clock sys_clk rise edge)    0.000     0.000 r
                                                      0.000     0.000 r  clk (IN)
                         net (fo=19605, unset)        0.924     0.924    u_edge/u_server/hash/sponge/clk
    SLICE_X14Y113        FDRE                                         r  u_edge/u_server/hash/sponge/block_reg_reg[793]/C

Slack:                    inf
  Source:                 peer_ready_c
                            (input port)
  Destination:            u_edge/u_server/hash/sponge/block_reg_reg[794]/CE
                            (rising edge-triggered cell FDRE clocked by sys_clk  {rise@0.000ns fall@5.000ns period=10.000ns})
  Path Group:             (none)
  Path Type:              Setup (Max at Slow Process Corner)
  Data Path Delay:        8.345ns  (logic 0.992ns (11.887%)  route 7.353ns (88.113%))
  Logic Levels:           8  (LUT3=2 LUT4=1 LUT6=5)
  Clock Path Skew:        0.924ns (DCD - SCD + CPR)
    Destination Clock Delay (DCD):    0.924ns
    Source Clock Delay      (SCD):    0.000ns
    Clock Pessimism Removal (CPR):    0.000ns

    Location             Delay type                Incr(ns)  Path(ns)    Netlist Resource(s)
  -------------------------------------------------------------------    -------------------
                                                      0.000     0.000 r  peer_ready_c (IN)
                         net (fo=1, unset)            0.973     0.973    u_edge/u_server/hash/sponge/peer_ready_c
    SLICE_X15Y95         LUT4 (Prop_lut4_I2_O)        0.124     1.097 r  u_edge/u_server/hash/sponge/state[0]_i_30/O
                         net (fo=1, routed)           0.665     1.762    u_edge/u_server/hash/ififo_inst/inst/state[0]_i_5__0_1
    SLICE_X15Y95         LUT6 (Prop_lut6_I4_O)        0.124     1.886 r  u_edge/u_server/hash/ififo_inst/inst/state[0]_i_16/O
                         net (fo=1, routed)           0.634     2.520    u_edge/u_server/hash/ififo_inst/inst/state[0]_i_16_n_0
    SLICE_X15Y96         LUT6 (Prop_lut6_I4_O)        0.124     2.644 f  u_edge/u_server/hash/ififo_inst/inst/state[0]_i_5__0/O
                         net (fo=1, routed)           0.398     3.043    u_edge/u_server/hash/ofifo0_inst/inst/state_reg[0]_3
    SLICE_X13Y96         LUT6 (Prop_lut6_I4_O)        0.124     3.167 r  u_edge/u_server/hash/ofifo0_inst/inst/state[0]_i_1__2/O
                         net (fo=6, routed)           0.829     3.996    u_edge/u_server/hash/ofifo0_inst/inst/state_reg[5]
    SLICE_X14Y97         LUT6 (Prop_lut6_I3_O)        0.124     4.120 f  u_edge/u_server/hash/ofifo0_inst/inst/block_reg[1599]_i_12/O
                         net (fo=1, routed)           0.569     4.689    u_edge/u_server/hash/sponge/block_reg[799]_i_4_0
    SLICE_X14Y99         LUT6 (Prop_lut6_I4_O)        0.124     4.813 r  u_edge/u_server/hash/sponge/block_reg[1599]_i_10/O
                         net (fo=50, routed)          0.695     5.508    u_edge/u_server/hash/sponge/block_reg[1599]_i_10_n_0
    SLICE_X14Y100        LUT3 (Prop_lut3_I1_O)        0.124     5.632 r  u_edge/u_server/hash/sponge/block_reg[1599]_i_3/O
                         net (fo=51, routed)          1.194     6.827    u_edge/u_server/hash/sponge/block_reg[1599]_i_3_n_0
    SLICE_X12Y104        LUT3 (Prop_lut3_I1_O)        0.124     6.951 r  u_edge/u_server/hash/sponge/block_reg[799]_i_1/O
                         net (fo=32, routed)          1.394     8.345    u_edge/u_server/hash/sponge/block_reg[799]_i_1_n_0
    SLICE_X14Y113        FDRE                                         r  u_edge/u_server/hash/sponge/block_reg_reg[794]/CE
  -------------------------------------------------------------------    -------------------

                         (clock sys_clk rise edge)    0.000     0.000 r
                                                      0.000     0.000 r  clk (IN)
                         net (fo=19605, unset)        0.924     0.924    u_edge/u_server/hash/sponge/clk
    SLICE_X14Y113        FDRE                                         r  u_edge/u_server/hash/sponge/block_reg_reg[794]/C

Slack:                    inf
  Source:                 peer_ready_c
                            (input port)
  Destination:            u_edge/u_server/hash/sponge/block_reg_reg[795]/CE
                            (rising edge-triggered cell FDRE clocked by sys_clk  {rise@0.000ns fall@5.000ns period=10.000ns})
  Path Group:             (none)
  Path Type:              Setup (Max at Slow Process Corner)
  Data Path Delay:        8.345ns  (logic 0.992ns (11.887%)  route 7.353ns (88.113%))
  Logic Levels:           8  (LUT3=2 LUT4=1 LUT6=5)
  Clock Path Skew:        0.924ns (DCD - SCD + CPR)
    Destination Clock Delay (DCD):    0.924ns
    Source Clock Delay      (SCD):    0.000ns
    Clock Pessimism Removal (CPR):    0.000ns

    Location             Delay type                Incr(ns)  Path(ns)    Netlist Resource(s)
  -------------------------------------------------------------------    -------------------
                                                      0.000     0.000 r  peer_ready_c (IN)
                         net (fo=1, unset)            0.973     0.973    u_edge/u_server/hash/sponge/peer_ready_c
    SLICE_X15Y95         LUT4 (Prop_lut4_I2_O)        0.124     1.097 r  u_edge/u_server/hash/sponge/state[0]_i_30/O
                         net (fo=1, routed)           0.665     1.762    u_edge/u_server/hash/ififo_inst/inst/state[0]_i_5__0_1
    SLICE_X15Y95         LUT6 (Prop_lut6_I4_O)        0.124     1.886 r  u_edge/u_server/hash/ififo_inst/inst/state[0]_i_16/O
                         net (fo=1, routed)           0.634     2.520    u_edge/u_server/hash/ififo_inst/inst/state[0]_i_16_n_0
    SLICE_X15Y96         LUT6 (Prop_lut6_I4_O)        0.124     2.644 f  u_edge/u_server/hash/ififo_inst/inst/state[0]_i_5__0/O
                         net (fo=1, routed)           0.398     3.043    u_edge/u_server/hash/ofifo0_inst/inst/state_reg[0]_3
    SLICE_X13Y96         LUT6 (Prop_lut6_I4_O)        0.124     3.167 r  u_edge/u_server/hash/ofifo0_inst/inst/state[0]_i_1__2/O
                         net (fo=6, routed)           0.829     3.996    u_edge/u_server/hash/ofifo0_inst/inst/state_reg[5]
    SLICE_X14Y97         LUT6 (Prop_lut6_I3_O)        0.124     4.120 f  u_edge/u_server/hash/ofifo0_inst/inst/block_reg[1599]_i_12/O
                         net (fo=1, routed)           0.569     4.689    u_edge/u_server/hash/sponge/block_reg[799]_i_4_0
    SLICE_X14Y99         LUT6 (Prop_lut6_I4_O)        0.124     4.813 r  u_edge/u_server/hash/sponge/block_reg[1599]_i_10/O
                         net (fo=50, routed)          0.695     5.508    u_edge/u_server/hash/sponge/block_reg[1599]_i_10_n_0
    SLICE_X14Y100        LUT3 (Prop_lut3_I1_O)        0.124     5.632 r  u_edge/u_server/hash/sponge/block_reg[1599]_i_3/O
                         net (fo=51, routed)          1.194     6.827    u_edge/u_server/hash/sponge/block_reg[1599]_i_3_n_0
    SLICE_X12Y104        LUT3 (Prop_lut3_I1_O)        0.124     6.951 r  u_edge/u_server/hash/sponge/block_reg[799]_i_1/O
                         net (fo=32, routed)          1.394     8.345    u_edge/u_server/hash/sponge/block_reg[799]_i_1_n_0
    SLICE_X14Y113        FDRE                                         r  u_edge/u_server/hash/sponge/block_reg_reg[795]/CE
  -------------------------------------------------------------------    -------------------

                         (clock sys_clk rise edge)    0.000     0.000 r
                                                      0.000     0.000 r  clk (IN)
                         net (fo=19605, unset)        0.924     0.924    u_edge/u_server/hash/sponge/clk
    SLICE_X14Y113        FDRE                                         r  u_edge/u_server/hash/sponge/block_reg_reg[795]/C

Slack:                    inf
  Source:                 peer_ready_c
                            (input port)
  Destination:            u_edge/u_server/hash/sponge/block_reg_reg[952]/D
                            (rising edge-triggered cell FDRE clocked by sys_clk  {rise@0.000ns fall@5.000ns period=10.000ns})
  Path Group:             (none)
  Path Type:              Setup (Max at Slow Process Corner)
  Data Path Delay:        8.345ns  (logic 1.116ns (13.373%)  route 7.229ns (86.627%))
  Logic Levels:           9  (LUT4=1 LUT5=1 LUT6=7)
  Clock Path Skew:        0.924ns (DCD - SCD + CPR)
    Destination Clock Delay (DCD):    0.924ns
    Source Clock Delay      (SCD):    0.000ns
    Clock Pessimism Removal (CPR):    0.000ns

    Location             Delay type                Incr(ns)  Path(ns)    Netlist Resource(s)
  -------------------------------------------------------------------    -------------------
                                                      0.000     0.000 f  peer_ready_c (IN)
                         net (fo=1, unset)            0.973     0.973    u_edge/u_server/hash/sponge/peer_ready_c
    SLICE_X15Y95         LUT4 (Prop_lut4_I2_O)        0.124     1.097 f  u_edge/u_server/hash/sponge/state[0]_i_30/O
                         net (fo=1, routed)           0.665     1.762    u_edge/u_server/hash/ififo_inst/inst/state[0]_i_5__0_1
    SLICE_X15Y95         LUT6 (Prop_lut6_I4_O)        0.124     1.886 f  u_edge/u_server/hash/ififo_inst/inst/state[0]_i_16/O
                         net (fo=1, routed)           0.634     2.520    u_edge/u_server/hash/ififo_inst/inst/state[0]_i_16_n_0
    SLICE_X15Y96         LUT6 (Prop_lut6_I4_O)        0.124     2.644 r  u_edge/u_server/hash/ififo_inst/inst/state[0]_i_5__0/O
                         net (fo=1, routed)           0.398     3.043    u_edge/u_server/hash/ofifo0_inst/inst/state_reg[0]_3
    SLICE_X13Y96         LUT6 (Prop_lut6_I4_O)        0.124     3.167 f  u_edge/u_server/hash/ofifo0_inst/inst/state[0]_i_1__2/O
                         net (fo=6, routed)           0.657     3.824    u_edge/u_server/hash/ofifo0_inst/inst/state_reg[5]
    SLICE_X13Y97         LUT6 (Prop_lut6_I0_O)        0.124     3.948 r  u_edge/u_server/hash/ofifo0_inst/inst/group_eta3_i_5/O
                         net (fo=3, routed)           0.439     4.386    u_edge/u_server/hash/ofifo0_inst/inst/group_eta3_i_5_n_0
    SLICE_X14Y98         LUT6 (Prop_lut6_I0_O)        0.124     4.510 f  u_edge/u_server/hash/ofifo0_inst/inst/wr_idx[5]_i_4/O
                         net (fo=10, routed)          0.558     5.069    u_edge/u_server/hash/sponge/wr_idx_reg[5]_0
    SLICE_X15Y98         LUT6 (Prop_lut6_I2_O)        0.124     5.193 r  u_edge/u_server/hash/sponge/wr_idx[5]_i_2/O
                         net (fo=208, routed)         1.266     6.459    u_edge/u_server/hash/sponge/word_pend_reg
    SLICE_X41Y100        LUT5 (Prop_lut5_I4_O)        0.124     6.583 f  u_edge/u_server/hash/sponge/block_reg[1592]_i_2/O
                         net (fo=25, routed)          1.638     8.221    u_edge/u_server/hash/sponge/algo_inst/STEP_MAPPING_5/block_reg_reg[1592]
    SLICE_X6Y105         LUT6 (Prop_lut6_I4_O)        0.124     8.345 r  u_edge/u_server/hash/sponge/algo_inst/STEP_MAPPING_5/block_reg[952]_i_1/O
                         net (fo=1, routed)           0.000     8.345    u_edge/u_server/hash/sponge/algo_inst_n_2645
    SLICE_X6Y105         FDRE                                         r  u_edge/u_server/hash/sponge/block_reg_reg[952]/D
  -------------------------------------------------------------------    -------------------

                         (clock sys_clk rise edge)    0.000     0.000 r
                                                      0.000     0.000 r  clk (IN)
                         net (fo=19605, unset)        0.924     0.924    u_edge/u_server/hash/sponge/clk
    SLICE_X6Y105         FDRE                                         r  u_edge/u_server/hash/sponge/block_reg_reg[952]/C

Slack:                    inf
  Source:                 zeroize
                            (input port)
  Destination:            u_edge/u_server/hash/sponge/algo_inst/STEP_MAPPING_5/Str_out_reg[169]/D
                            (rising edge-triggered cell FDCE clocked by sys_clk  {rise@0.000ns fall@5.000ns period=10.000ns})
  Path Group:             (none)
  Path Type:              Setup (Max at Slow Process Corner)
  Data Path Delay:        8.340ns  (logic 0.248ns (2.974%)  route 8.092ns (97.026%))
  Logic Levels:           2  (LUT5=2)
  Clock Path Skew:        0.924ns (DCD - SCD + CPR)
    Destination Clock Delay (DCD):    0.924ns
    Source Clock Delay      (SCD):    0.000ns
    Clock Pessimism Removal (CPR):    0.000ns

    Location             Delay type                Incr(ns)  Path(ns)    Netlist Resource(s)
  -------------------------------------------------------------------    -------------------
                                                      0.000     0.000 f  zeroize (IN)
                         net (fo=38, unset)           0.973     0.973    u_edge/u_control/zeroize
    SLICE_X32Y92         LUT5 (Prop_lut5_I4_O)        0.124     1.097 f  u_edge/u_control/i___2108_i_1/O
                         net (fo=1097, routed)        7.119     8.216    u_edge/u_server/hash/sponge/algo_inst/STEP_MAPPING_2/Str_out_reg[1207]_0
    SLICE_X50Y121        LUT5 (Prop_lut5_I0_O)        0.124     8.340 r  u_edge/u_server/hash/sponge/algo_inst/STEP_MAPPING_2/i_/i_/i___2134/O
                         net (fo=1, routed)           0.000     8.340    u_edge/u_server/hash/sponge/algo_inst/STEP_MAPPING_5/Str_out_reg[1599]_0[169]
    SLICE_X50Y121        FDCE                                         r  u_edge/u_server/hash/sponge/algo_inst/STEP_MAPPING_5/Str_out_reg[169]/D
  -------------------------------------------------------------------    -------------------

                         (clock sys_clk rise edge)    0.000     0.000 r
                                                      0.000     0.000 r  clk (IN)
                         net (fo=19605, unset)        0.924     0.924    u_edge/u_server/hash/sponge/algo_inst/STEP_MAPPING_5/clk
    SLICE_X50Y121        FDCE                                         r  u_edge/u_server/hash/sponge/algo_inst/STEP_MAPPING_5/Str_out_reg[169]/C

Slack:                    inf
  Source:                 peer_ready_c
                            (input port)
  Destination:            u_edge/u_server/hash/sponge/block_reg_reg[1365]/D
                            (rising edge-triggered cell FDRE clocked by sys_clk  {rise@0.000ns fall@5.000ns period=10.000ns})
  Path Group:             (none)
  Path Type:              Setup (Max at Slow Process Corner)
  Data Path Delay:        8.332ns  (logic 1.116ns (13.394%)  route 7.216ns (86.606%))
  Logic Levels:           9  (LUT4=1 LUT5=1 LUT6=7)
  Clock Path Skew:        0.924ns (DCD - SCD + CPR)
    Destination Clock Delay (DCD):    0.924ns
    Source Clock Delay      (SCD):    0.000ns
    Clock Pessimism Removal (CPR):    0.000ns

    Location             Delay type                Incr(ns)  Path(ns)    Netlist Resource(s)
  -------------------------------------------------------------------    -------------------
                                                      0.000     0.000 r  peer_ready_c (IN)
                         net (fo=1, unset)            0.973     0.973    u_edge/u_server/hash/sponge/peer_ready_c
    SLICE_X15Y95         LUT4 (Prop_lut4_I2_O)        0.124     1.097 r  u_edge/u_server/hash/sponge/state[0]_i_30/O
                         net (fo=1, routed)           0.665     1.762    u_edge/u_server/hash/ififo_inst/inst/state[0]_i_5__0_1
    SLICE_X15Y95         LUT6 (Prop_lut6_I4_O)        0.124     1.886 r  u_edge/u_server/hash/ififo_inst/inst/state[0]_i_16/O
                         net (fo=1, routed)           0.634     2.520    u_edge/u_server/hash/ififo_inst/inst/state[0]_i_16_n_0
    SLICE_X15Y96         LUT6 (Prop_lut6_I4_O)        0.124     2.644 f  u_edge/u_server/hash/ififo_inst/inst/state[0]_i_5__0/O
                         net (fo=1, routed)           0.398     3.043    u_edge/u_server/hash/ofifo0_inst/inst/state_reg[0]_3
    SLICE_X13Y96         LUT6 (Prop_lut6_I4_O)        0.124     3.167 r  u_edge/u_server/hash/ofifo0_inst/inst/state[0]_i_1__2/O
                         net (fo=6, routed)           0.657     3.824    u_edge/u_server/hash/ofifo0_inst/inst/state_reg[5]
    SLICE_X13Y97         LUT6 (Prop_lut6_I0_O)        0.124     3.948 f  u_edge/u_server/hash/ofifo0_inst/inst/group_eta3_i_5/O
                         net (fo=3, routed)           0.439     4.386    u_edge/u_server/hash/ofifo0_inst/inst/group_eta3_i_5_n_0
    SLICE_X14Y98         LUT6 (Prop_lut6_I0_O)        0.124     4.510 r  u_edge/u_server/hash/ofifo0_inst/inst/wr_idx[5]_i_4/O
                         net (fo=10, routed)          0.558     5.069    u_edge/u_server/hash/sponge/wr_idx_reg[5]_0
    SLICE_X15Y98         LUT6 (Prop_lut6_I2_O)        0.124     5.193 f  u_edge/u_server/hash/sponge/wr_idx[5]_i_2/O
                         net (fo=208, routed)         1.472     6.664    u_edge/u_server/hash/sponge/word_pend_reg
    SLICE_X20Y112        LUT5 (Prop_lut5_I1_O)        0.124     6.788 f  u_edge/u_server/hash/sponge/block_reg[1375]_i_4/O
                         net (fo=32, routed)          1.420     8.208    u_edge/u_server/hash/sponge/algo_inst/STEP_MAPPING_5/block_reg_reg[1375]
    SLICE_X2Y115         LUT6 (Prop_lut6_I2_O)        0.124     8.332 r  u_edge/u_server/hash/sponge/algo_inst/STEP_MAPPING_5/block_reg[1365]_i_1/O
                         net (fo=1, routed)           0.000     8.332    u_edge/u_server/hash/sponge/algo_inst_n_2994
    SLICE_X2Y115         FDRE                                         r  u_edge/u_server/hash/sponge/block_reg_reg[1365]/D
  -------------------------------------------------------------------    -------------------

                         (clock sys_clk rise edge)    0.000     0.000 r
                                                      0.000     0.000 r  clk (IN)
                         net (fo=19605, unset)        0.924     0.924    u_edge/u_server/hash/sponge/clk
    SLICE_X2Y115         FDRE                                         r  u_edge/u_server/hash/sponge/block_reg_reg[1365]/C

Slack:                    inf
  Source:                 peer_ready_c
                            (input port)
  Destination:            u_edge/u_server/hash/sponge/block_reg_reg[888]/D
                            (rising edge-triggered cell FDRE clocked by sys_clk  {rise@0.000ns fall@5.000ns period=10.000ns})
  Path Group:             (none)
  Path Type:              Setup (Max at Slow Process Corner)
  Data Path Delay:        8.326ns  (logic 1.116ns (13.404%)  route 7.210ns (86.596%))
  Logic Levels:           9  (LUT4=1 LUT5=1 LUT6=7)
  Clock Path Skew:        0.924ns (DCD - SCD + CPR)
    Destination Clock Delay (DCD):    0.924ns
    Source Clock Delay      (SCD):    0.000ns
    Clock Pessimism Removal (CPR):    0.000ns

    Location             Delay type                Incr(ns)  Path(ns)    Netlist Resource(s)
  -------------------------------------------------------------------    -------------------
                                                      0.000     0.000 f  peer_ready_c (IN)
                         net (fo=1, unset)            0.973     0.973    u_edge/u_server/hash/sponge/peer_ready_c
    SLICE_X15Y95         LUT4 (Prop_lut4_I2_O)        0.124     1.097 f  u_edge/u_server/hash/sponge/state[0]_i_30/O
                         net (fo=1, routed)           0.665     1.762    u_edge/u_server/hash/ififo_inst/inst/state[0]_i_5__0_1
    SLICE_X15Y95         LUT6 (Prop_lut6_I4_O)        0.124     1.886 f  u_edge/u_server/hash/ififo_inst/inst/state[0]_i_16/O
                         net (fo=1, routed)           0.634     2.520    u_edge/u_server/hash/ififo_inst/inst/state[0]_i_16_n_0
    SLICE_X15Y96         LUT6 (Prop_lut6_I4_O)        0.124     2.644 r  u_edge/u_server/hash/ififo_inst/inst/state[0]_i_5__0/O
                         net (fo=1, routed)           0.398     3.043    u_edge/u_server/hash/ofifo0_inst/inst/state_reg[0]_3
    SLICE_X13Y96         LUT6 (Prop_lut6_I4_O)        0.124     3.167 f  u_edge/u_server/hash/ofifo0_inst/inst/state[0]_i_1__2/O
                         net (fo=6, routed)           0.657     3.824    u_edge/u_server/hash/ofifo0_inst/inst/state_reg[5]
    SLICE_X13Y97         LUT6 (Prop_lut6_I0_O)        0.124     3.948 r  u_edge/u_server/hash/ofifo0_inst/inst/group_eta3_i_5/O
                         net (fo=3, routed)           0.439     4.386    u_edge/u_server/hash/ofifo0_inst/inst/group_eta3_i_5_n_0
    SLICE_X14Y98         LUT6 (Prop_lut6_I0_O)        0.124     4.510 f  u_edge/u_server/hash/ofifo0_inst/inst/wr_idx[5]_i_4/O
                         net (fo=10, routed)          0.558     5.069    u_edge/u_server/hash/sponge/wr_idx_reg[5]_0
    SLICE_X15Y98         LUT6 (Prop_lut6_I2_O)        0.124     5.193 r  u_edge/u_server/hash/sponge/wr_idx[5]_i_2/O
                         net (fo=208, routed)         1.266     6.459    u_edge/u_server/hash/sponge/word_pend_reg
    SLICE_X41Y100        LUT5 (Prop_lut5_I4_O)        0.124     6.583 f  u_edge/u_server/hash/sponge/block_reg[1592]_i_2/O
                         net (fo=25, routed)          1.619     8.202    u_edge/u_server/hash/sponge/algo_inst/STEP_MAPPING_5/block_reg_reg[1592]
    SLICE_X12Y112        LUT6 (Prop_lut6_I4_O)        0.124     8.326 r  u_edge/u_server/hash/sponge/algo_inst/STEP_MAPPING_5/block_reg[888]_i_1/O
                         net (fo=1, routed)           0.000     8.326    u_edge/u_server/hash/sponge/algo_inst_n_2581
    SLICE_X12Y112        FDRE                                         r  u_edge/u_server/hash/sponge/block_reg_reg[888]/D
  -------------------------------------------------------------------    -------------------

                         (clock sys_clk rise edge)    0.000     0.000 r
                                                      0.000     0.000 r  clk (IN)
                         net (fo=19605, unset)        0.924     0.924    u_edge/u_server/hash/sponge/clk
    SLICE_X12Y112        FDRE                                         r  u_edge/u_server/hash/sponge/block_reg_reg[888]/C

Slack:                    inf
  Source:                 zeroize
                            (input port)
  Destination:            u_edge/u_server/hash/sponge/algo_inst/STEP_MAPPING_5/Str_out_reg[1083]/D
                            (rising edge-triggered cell FDCE clocked by sys_clk  {rise@0.000ns fall@5.000ns period=10.000ns})
  Path Group:             (none)
  Path Type:              Setup (Max at Slow Process Corner)
  Data Path Delay:        8.318ns  (logic 0.248ns (2.981%)  route 8.070ns (97.019%))
  Logic Levels:           2  (LUT5=2)
  Clock Path Skew:        0.924ns (DCD - SCD + CPR)
    Destination Clock Delay (DCD):    0.924ns
    Source Clock Delay      (SCD):    0.000ns
    Clock Pessimism Removal (CPR):    0.000ns

    Location             Delay type                Incr(ns)  Path(ns)    Netlist Resource(s)
  -------------------------------------------------------------------    -------------------
                                                      0.000     0.000 f  zeroize (IN)
                         net (fo=38, unset)           0.973     0.973    u_edge/u_control/zeroize
    SLICE_X32Y92         LUT5 (Prop_lut5_I4_O)        0.124     1.097 f  u_edge/u_control/i___2108_i_1/O
                         net (fo=1097, routed)        7.097     8.194    u_edge/u_server/hash/sponge/algo_inst/STEP_MAPPING_2/Str_out_reg[1207]_0
    SLICE_X48Y126        LUT5 (Prop_lut5_I0_O)        0.124     8.318 r  u_edge/u_server/hash/sponge/algo_inst/STEP_MAPPING_2/i_/i_/i___2545/O
                         net (fo=1, routed)           0.000     8.318    u_edge/u_server/hash/sponge/algo_inst/STEP_MAPPING_5/Str_out_reg[1599]_0[1083]
    SLICE_X48Y126        FDCE                                         r  u_edge/u_server/hash/sponge/algo_inst/STEP_MAPPING_5/Str_out_reg[1083]/D
  -------------------------------------------------------------------    -------------------

                         (clock sys_clk rise edge)    0.000     0.000 r
                                                      0.000     0.000 r  clk (IN)
                         net (fo=19605, unset)        0.924     0.924    u_edge/u_server/hash/sponge/algo_inst/STEP_MAPPING_5/clk
    SLICE_X48Y126        FDCE                                         r  u_edge/u_server/hash/sponge/algo_inst/STEP_MAPPING_5/Str_out_reg[1083]/C

Slack:                    inf
  Source:                 zeroize
                            (input port)
  Destination:            u_edge/u_server/hash/sponge/algo_inst/STEP_MAPPING_5/Str_out_reg[1019]/D
                            (rising edge-triggered cell FDCE clocked by sys_clk  {rise@0.000ns fall@5.000ns period=10.000ns})
  Path Group:             (none)
  Path Type:              Setup (Max at Slow Process Corner)
  Data Path Delay:        8.316ns  (logic 0.248ns (2.982%)  route 8.068ns (97.018%))
  Logic Levels:           2  (LUT5=2)
  Clock Path Skew:        0.924ns (DCD - SCD + CPR)
    Destination Clock Delay (DCD):    0.924ns
    Source Clock Delay      (SCD):    0.000ns
    Clock Pessimism Removal (CPR):    0.000ns

    Location             Delay type                Incr(ns)  Path(ns)    Netlist Resource(s)
  -------------------------------------------------------------------    -------------------
                                                      0.000     0.000 f  zeroize (IN)
                         net (fo=38, unset)           0.973     0.973    u_edge/u_control/zeroize
    SLICE_X32Y92         LUT5 (Prop_lut5_I4_O)        0.124     1.097 f  u_edge/u_control/i___2108_i_1/O
                         net (fo=1097, routed)        7.095     8.192    u_edge/u_server/hash/sponge/algo_inst/STEP_MAPPING_2/Str_out_reg[1207]_0
    SLICE_X48Y126        LUT5 (Prop_lut5_I0_O)        0.124     8.316 r  u_edge/u_server/hash/sponge/algo_inst/STEP_MAPPING_2/i_/i_/i___2294/O
                         net (fo=1, routed)           0.000     8.316    u_edge/u_server/hash/sponge/algo_inst/STEP_MAPPING_5/Str_out_reg[1599]_0[1019]
    SLICE_X48Y126        FDCE                                         r  u_edge/u_server/hash/sponge/algo_inst/STEP_MAPPING_5/Str_out_reg[1019]/D
  -------------------------------------------------------------------    -------------------

                         (clock sys_clk rise edge)    0.000     0.000 r
                                                      0.000     0.000 r  clk (IN)
                         net (fo=19605, unset)        0.924     0.924    u_edge/u_server/hash/sponge/algo_inst/STEP_MAPPING_5/clk
    SLICE_X48Y126        FDCE                                         r  u_edge/u_server/hash/sponge/algo_inst/STEP_MAPPING_5/Str_out_reg[1019]/C

Slack:                    inf
  Source:                 peer_ready_c
                            (input port)
  Destination:            u_edge/u_server/hash/sponge/block_reg_reg[87]/D
                            (rising edge-triggered cell FDRE clocked by sys_clk  {rise@0.000ns fall@5.000ns period=10.000ns})
  Path Group:             (none)
  Path Type:              Setup (Max at Slow Process Corner)
  Data Path Delay:        8.298ns  (logic 1.116ns (13.449%)  route 7.182ns (86.551%))
  Logic Levels:           9  (LUT4=1 LUT5=1 LUT6=7)
  Clock Path Skew:        0.924ns (DCD - SCD + CPR)
    Destination Clock Delay (DCD):    0.924ns
    Source Clock Delay      (SCD):    0.000ns
    Clock Pessimism Removal (CPR):    0.000ns

    Location             Delay type                Incr(ns)  Path(ns)    Netlist Resource(s)
  -------------------------------------------------------------------    -------------------
                                                      0.000     0.000 r  peer_ready_c (IN)
                         net (fo=1, unset)            0.973     0.973    u_edge/u_server/hash/sponge/peer_ready_c
    SLICE_X15Y95         LUT4 (Prop_lut4_I2_O)        0.124     1.097 r  u_edge/u_server/hash/sponge/state[0]_i_30/O
                         net (fo=1, routed)           0.665     1.762    u_edge/u_server/hash/ififo_inst/inst/state[0]_i_5__0_1
    SLICE_X15Y95         LUT6 (Prop_lut6_I4_O)        0.124     1.886 r  u_edge/u_server/hash/ififo_inst/inst/state[0]_i_16/O
                         net (fo=1, routed)           0.634     2.520    u_edge/u_server/hash/ififo_inst/inst/state[0]_i_16_n_0
    SLICE_X15Y96         LUT6 (Prop_lut6_I4_O)        0.124     2.644 f  u_edge/u_server/hash/ififo_inst/inst/state[0]_i_5__0/O
                         net (fo=1, routed)           0.398     3.043    u_edge/u_server/hash/ofifo0_inst/inst/state_reg[0]_3
    SLICE_X13Y96         LUT6 (Prop_lut6_I4_O)        0.124     3.167 r  u_edge/u_server/hash/ofifo0_inst/inst/state[0]_i_1__2/O
                         net (fo=6, routed)           0.657     3.824    u_edge/u_server/hash/ofifo0_inst/inst/state_reg[5]
    SLICE_X13Y97         LUT6 (Prop_lut6_I0_O)        0.124     3.948 f  u_edge/u_server/hash/ofifo0_inst/inst/group_eta3_i_5/O
                         net (fo=3, routed)           0.439     4.386    u_edge/u_server/hash/ofifo0_inst/inst/group_eta3_i_5_n_0
    SLICE_X14Y98         LUT6 (Prop_lut6_I0_O)        0.124     4.510 r  u_edge/u_server/hash/ofifo0_inst/inst/wr_idx[5]_i_4/O
                         net (fo=10, routed)          0.558     5.069    u_edge/u_server/hash/sponge/wr_idx_reg[5]_0
    SLICE_X15Y98         LUT6 (Prop_lut6_I2_O)        0.124     5.193 f  u_edge/u_server/hash/sponge/wr_idx[5]_i_2/O
                         net (fo=208, routed)         1.310     6.502    u_edge/u_server/hash/sponge/word_pend_reg
    SLICE_X29Y101        LUT5 (Prop_lut5_I1_O)        0.124     6.626 f  u_edge/u_server/hash/sponge/block_reg[95]_i_3/O
                         net (fo=32, routed)          1.548     8.174    u_edge/u_server/hash/sponge/algo_inst/STEP_MAPPING_5/block_reg_reg[95]
    SLICE_X24Y115        LUT6 (Prop_lut6_I2_O)        0.124     8.298 r  u_edge/u_server/hash/sponge/algo_inst/STEP_MAPPING_5/block_reg[87]_i_1/O
                         net (fo=1, routed)           0.000     8.298    u_edge/u_server/hash/sponge/algo_inst_n_1879
    SLICE_X24Y115        FDRE                                         r  u_edge/u_server/hash/sponge/block_reg_reg[87]/D
  -------------------------------------------------------------------    -------------------

                         (clock sys_clk rise edge)    0.000     0.000 r
                                                      0.000     0.000 r  clk (IN)
                         net (fo=19605, unset)        0.924     0.924    u_edge/u_server/hash/sponge/clk
    SLICE_X24Y115        FDRE                                         r  u_edge/u_server/hash/sponge/block_reg_reg[87]/C





Min Delay Paths
--------------------------------------------------------------------------------------
Slack:                    inf
  Source:                 peer_req_pk
                            (input port)
  Destination:            u_edge/u_server/req_pk_r1_reg/D
                            (rising edge-triggered cell FDRE clocked by sys_clk  {rise@0.000ns fall@5.000ns period=10.000ns})
  Path Group:             (none)
  Path Type:              Hold (Min at Fast Process Corner)
  Data Path Delay:        0.410ns  (logic 0.000ns (0.000%)  route 0.410ns (100.000%))
  Logic Levels:           0
  Clock Path Skew:        0.432ns (DCD - SCD - CPR)
    Destination Clock Delay (DCD):    0.432ns
    Source Clock Delay      (SCD):    0.000ns
    Clock Pessimism Removal (CPR):    -0.000ns

    Location             Delay type                Incr(ns)  Path(ns)    Netlist Resource(s)
  -------------------------------------------------------------------    -------------------
                                                      0.000     0.000 r  peer_req_pk (IN)
                         net (fo=1, unset)            0.410     0.410    u_edge/u_server/peer_req_pk
    SLICE_X33Y89         FDRE                                         r  u_edge/u_server/req_pk_r1_reg/D
  -------------------------------------------------------------------    -------------------

                         (clock sys_clk rise edge)    0.000     0.000 r
                                                      0.000     0.000 r  clk (IN)
                         net (fo=19605, unset)        0.432     0.432    u_edge/u_server/clk
    SLICE_X33Y89         FDRE                                         r  u_edge/u_server/req_pk_r1_reg/C

Slack:                    inf
  Source:                 zeroize
                            (input port)
  Destination:            u_edge/u_control/u_scrub/scrub_addr_reg[1]/D
                            (rising edge-triggered cell FDCE clocked by sys_clk  {rise@0.000ns fall@5.000ns period=10.000ns})
  Path Group:             (none)
  Path Type:              Hold (Min at Fast Process Corner)
  Data Path Delay:        0.454ns  (logic 0.044ns (9.689%)  route 0.410ns (90.311%))
  Logic Levels:           1  (LUT5=1)
  Clock Path Skew:        0.432ns (DCD - SCD - CPR)
    Destination Clock Delay (DCD):    0.432ns
    Source Clock Delay      (SCD):    0.000ns
    Clock Pessimism Removal (CPR):    -0.000ns

    Location             Delay type                Incr(ns)  Path(ns)    Netlist Resource(s)
  -------------------------------------------------------------------    -------------------
                                                      0.000     0.000 f  zeroize (IN)
                         net (fo=38, unset)           0.410     0.410    u_edge/u_control/zeroize
    SLICE_X12Y90         LUT5 (Prop_lut5_I2_O)        0.044     0.454 r  u_edge/u_control/scrub_addr[1]_i_1/O
                         net (fo=1, routed)           0.000     0.454    u_edge/u_control/u_scrub/D[1]
    SLICE_X12Y90         FDCE                                         r  u_edge/u_control/u_scrub/scrub_addr_reg[1]/D
  -------------------------------------------------------------------    -------------------

                         (clock sys_clk rise edge)    0.000     0.000 r
                                                      0.000     0.000 r  clk (IN)
                         net (fo=19605, unset)        0.432     0.432    u_edge/u_control/u_scrub/clk
    SLICE_X12Y90         FDCE                                         r  u_edge/u_control/u_scrub/scrub_addr_reg[1]/C

Slack:                    inf
  Source:                 puf_seed[4]
                            (input port)
  Destination:            u_puf/lfsr_inst/r_lfsr_reg[5]/D
                            (rising edge-triggered cell FDCE clocked by sys_clk  {rise@0.000ns fall@5.000ns period=10.000ns})
  Path Group:             (none)
  Path Type:              Hold (Min at Fast Process Corner)
  Data Path Delay:        0.454ns  (logic 0.044ns (9.689%)  route 0.410ns (90.311%))
  Logic Levels:           1  (LUT3=1)
  Clock Path Skew:        0.432ns (DCD - SCD - CPR)
    Destination Clock Delay (DCD):    0.432ns
    Source Clock Delay      (SCD):    0.000ns
    Clock Pessimism Removal (CPR):    -0.000ns

    Location             Delay type                Incr(ns)  Path(ns)    Netlist Resource(s)
  -------------------------------------------------------------------    -------------------
                                                      0.000     0.000 r  puf_seed[4] (IN)
                         net (fo=0)                   0.410     0.410    u_puf/ctrl_inst/puf_seed[3]
    SLICE_X3Y22          LUT3 (Prop_lut3_I0_O)        0.044     0.454 r  u_puf/ctrl_inst/r_lfsr[5]_i_1/O
                         net (fo=1, routed)           0.000     0.454    u_puf/lfsr_inst/D[3]
    SLICE_X3Y22          FDCE                                         r  u_puf/lfsr_inst/r_lfsr_reg[5]/D
  -------------------------------------------------------------------    -------------------

                         (clock sys_clk rise edge)    0.000     0.000 r
                                                      0.000     0.000 r  clk (IN)
                         net (fo=19605, unset)        0.432     0.432    u_puf/lfsr_inst/clk
    SLICE_X3Y22          FDCE                                         r  u_puf/lfsr_inst/r_lfsr_reg[5]/C

Slack:                    inf
  Source:                 puf_seed[7]
                            (input port)
  Destination:            u_puf/lfsr_inst/r_lfsr_reg[8]/D
                            (rising edge-triggered cell FDCE clocked by sys_clk  {rise@0.000ns fall@5.000ns period=10.000ns})
  Path Group:             (none)
  Path Type:              Hold (Min at Fast Process Corner)
  Data Path Delay:        0.454ns  (logic 0.044ns (9.689%)  route 0.410ns (90.311%))
  Logic Levels:           1  (LUT3=1)
  Clock Path Skew:        0.432ns (DCD - SCD - CPR)
    Destination Clock Delay (DCD):    0.432ns
    Source Clock Delay      (SCD):    0.000ns
    Clock Pessimism Removal (CPR):    -0.000ns

    Location             Delay type                Incr(ns)  Path(ns)    Netlist Resource(s)
  -------------------------------------------------------------------    -------------------
                                                      0.000     0.000 r  puf_seed[7] (IN)
                         net (fo=0)                   0.410     0.410    u_puf/ctrl_inst/puf_seed[6]
    SLICE_X0Y21          LUT3 (Prop_lut3_I0_O)        0.044     0.454 r  u_puf/ctrl_inst/r_lfsr[8]_i_1/O
                         net (fo=1, routed)           0.000     0.454    u_puf/lfsr_inst/D[6]
    SLICE_X0Y21          FDCE                                         r  u_puf/lfsr_inst/r_lfsr_reg[8]/D
  -------------------------------------------------------------------    -------------------

                         (clock sys_clk rise edge)    0.000     0.000 r
                                                      0.000     0.000 r  clk (IN)
                         net (fo=19605, unset)        0.432     0.432    u_puf/lfsr_inst/clk
    SLICE_X0Y21          FDCE                                         r  u_puf/lfsr_inst/r_lfsr_reg[8]/C

Slack:                    inf
  Source:                 zeroize
                            (input port)
  Destination:            FSM_sequential_state_reg[1]/D
                            (rising edge-triggered cell FDCE clocked by sys_clk  {rise@0.000ns fall@5.000ns period=10.000ns})
  Path Group:             (none)
  Path Type:              Hold (Min at Fast Process Corner)
  Data Path Delay:        0.455ns  (logic 0.045ns (9.887%)  route 0.410ns (90.113%))
  Logic Levels:           1  (LUT5=1)
  Clock Path Skew:        0.432ns (DCD - SCD - CPR)
    Destination Clock Delay (DCD):    0.432ns
    Source Clock Delay      (SCD):    0.000ns
    Clock Pessimism Removal (CPR):    -0.000ns

    Location             Delay type                Incr(ns)  Path(ns)    Netlist Resource(s)
  -------------------------------------------------------------------    -------------------
                                                      0.000     0.000 f  zeroize (IN)
                         net (fo=38, unset)           0.410     0.410    zeroize
    SLICE_X8Y31          LUT5 (Prop_lut5_I4_O)        0.045     0.455 r  FSM_sequential_state[1]_i_1__4/O
                         net (fo=1, routed)           0.000     0.455    FSM_sequential_state[1]_i_1__4_n_0
    SLICE_X8Y31          FDCE                                         r  FSM_sequential_state_reg[1]/D
  -------------------------------------------------------------------    -------------------

                         (clock sys_clk rise edge)    0.000     0.000 r
                                                      0.000     0.000 r  clk (IN)
                         net (fo=19605, unset)        0.432     0.432    clk
    SLICE_X8Y31          FDCE                                         r  FSM_sequential_state_reg[1]/C

Slack:                    inf
  Source:                 zeroize
                            (input port)
  Destination:            FSM_sequential_state_reg[2]/D
                            (rising edge-triggered cell FDPE clocked by sys_clk  {rise@0.000ns fall@5.000ns period=10.000ns})
  Path Group:             (none)
  Path Type:              Hold (Min at Fast Process Corner)
  Data Path Delay:        0.455ns  (logic 0.045ns (9.887%)  route 0.410ns (90.113%))
  Logic Levels:           1  (LUT5=1)
  Clock Path Skew:        0.432ns (DCD - SCD - CPR)
    Destination Clock Delay (DCD):    0.432ns
    Source Clock Delay      (SCD):    0.000ns
    Clock Pessimism Removal (CPR):    -0.000ns

    Location             Delay type                Incr(ns)  Path(ns)    Netlist Resource(s)
  -------------------------------------------------------------------    -------------------
                                                      0.000     0.000 r  zeroize (IN)
                         net (fo=38, unset)           0.410     0.410    zeroize
    SLICE_X8Y31          LUT5 (Prop_lut5_I1_O)        0.045     0.455 r  FSM_sequential_state[2]_i_1__4/O
                         net (fo=1, routed)           0.000     0.455    FSM_sequential_state[2]_i_1__4_n_0
    SLICE_X8Y31          FDPE                                         r  FSM_sequential_state_reg[2]/D
  -------------------------------------------------------------------    -------------------

                         (clock sys_clk rise edge)    0.000     0.000 r
                                                      0.000     0.000 r  clk (IN)
                         net (fo=19605, unset)        0.432     0.432    clk
    SLICE_X8Y31          FDPE                                         r  FSM_sequential_state_reg[2]/C

Slack:                    inf
  Source:                 zeroize
                            (input port)
  Destination:            mode_enroll_reg/D
                            (rising edge-triggered cell FDCE clocked by sys_clk  {rise@0.000ns fall@5.000ns period=10.000ns})
  Path Group:             (none)
  Path Type:              Hold (Min at Fast Process Corner)
  Data Path Delay:        0.455ns  (logic 0.045ns (9.887%)  route 0.410ns (90.113%))
  Logic Levels:           1  (LUT4=1)
  Clock Path Skew:        0.432ns (DCD - SCD - CPR)
    Destination Clock Delay (DCD):    0.432ns
    Source Clock Delay      (SCD):    0.000ns
    Clock Pessimism Removal (CPR):    -0.000ns

    Location             Delay type                Incr(ns)  Path(ns)    Netlist Resource(s)
  -------------------------------------------------------------------    -------------------
                                                      0.000     0.000 f  zeroize (IN)
                         net (fo=38, unset)           0.410     0.410    zeroize
    SLICE_X8Y30          LUT4 (Prop_lut4_I1_O)        0.045     0.455 r  mode_enroll_i_1/O
                         net (fo=1, routed)           0.000     0.455    mode_enroll_i_1_n_0
    SLICE_X8Y30          FDCE                                         r  mode_enroll_reg/D
  -------------------------------------------------------------------    -------------------

                         (clock sys_clk rise edge)    0.000     0.000 r
                                                      0.000     0.000 r  clk (IN)
                         net (fo=19605, unset)        0.432     0.432    clk
    SLICE_X8Y30          FDCE                                         r  mode_enroll_reg/C

Slack:                    inf
  Source:                 zeroize
                            (input port)
  Destination:            result_success_reg/D
                            (rising edge-triggered cell FDCE clocked by sys_clk  {rise@0.000ns fall@5.000ns period=10.000ns})
  Path Group:             (none)
  Path Type:              Hold (Min at Fast Process Corner)
  Data Path Delay:        0.455ns  (logic 0.045ns (9.887%)  route 0.410ns (90.113%))
  Logic Levels:           1  (LUT6=1)
  Clock Path Skew:        0.432ns (DCD - SCD - CPR)
    Destination Clock Delay (DCD):    0.432ns
    Source Clock Delay      (SCD):    0.000ns
    Clock Pessimism Removal (CPR):    -0.000ns

    Location             Delay type                Incr(ns)  Path(ns)    Netlist Resource(s)
  -------------------------------------------------------------------    -------------------
                                                      0.000     0.000 f  zeroize (IN)
                         net (fo=38, unset)           0.410     0.410    u_fe/zeroize
    SLICE_X8Y32          LUT6 (Prop_lut6_I0_O)        0.045     0.455 r  u_fe/result_success_i_1/O
                         net (fo=1, routed)           0.000     0.455    u_fe_n_3
    SLICE_X8Y32          FDCE                                         r  result_success_reg/D
  -------------------------------------------------------------------    -------------------

                         (clock sys_clk rise edge)    0.000     0.000 r
                                                      0.000     0.000 r  clk (IN)
                         net (fo=19605, unset)        0.432     0.432    clk
    SLICE_X8Y32          FDCE                                         r  result_success_reg/C

Slack:                    inf
  Source:                 zeroize
                            (input port)
  Destination:            start_seen_reg/D
                            (rising edge-triggered cell FDCE clocked by sys_clk  {rise@0.000ns fall@5.000ns period=10.000ns})
  Path Group:             (none)
  Path Type:              Hold (Min at Fast Process Corner)
  Data Path Delay:        0.455ns  (logic 0.045ns (9.887%)  route 0.410ns (90.113%))
  Logic Levels:           1  (LUT5=1)
  Clock Path Skew:        0.432ns (DCD - SCD - CPR)
    Destination Clock Delay (DCD):    0.432ns
    Source Clock Delay      (SCD):    0.000ns
    Clock Pessimism Removal (CPR):    -0.000ns

    Location             Delay type                Incr(ns)  Path(ns)    Netlist Resource(s)
  -------------------------------------------------------------------    -------------------
                                                      0.000     0.000 r  zeroize (IN)
                         net (fo=38, unset)           0.410     0.410    zeroize
    SLICE_X10Y30         LUT5 (Prop_lut5_I1_O)        0.045     0.455 r  start_seen_i_1/O
                         net (fo=1, routed)           0.000     0.455    start_seen_i_1_n_0
    SLICE_X10Y30         FDCE                                         r  start_seen_reg/D
  -------------------------------------------------------------------    -------------------

                         (clock sys_clk rise edge)    0.000     0.000 r
                                                      0.000     0.000 r  clk (IN)
                         net (fo=19605, unset)        0.432     0.432    clk
    SLICE_X10Y30         FDCE                                         r  start_seen_reg/C

Slack:                    inf
  Source:                 zeroize
                            (input port)
  Destination:            u_edge/u_control/u_scrub/scrub_addr_reg[0]/D
                            (rising edge-triggered cell FDCE clocked by sys_clk  {rise@0.000ns fall@5.000ns period=10.000ns})
  Path Group:             (none)
  Path Type:              Hold (Min at Fast Process Corner)
  Data Path Delay:        0.455ns  (logic 0.045ns (9.887%)  route 0.410ns (90.113%))
  Logic Levels:           1  (LUT4=1)
  Clock Path Skew:        0.432ns (DCD - SCD - CPR)
    Destination Clock Delay (DCD):    0.432ns
    Source Clock Delay      (SCD):    0.000ns
    Clock Pessimism Removal (CPR):    -0.000ns

    Location             Delay type                Incr(ns)  Path(ns)    Netlist Resource(s)
  -------------------------------------------------------------------    -------------------
                                                      0.000     0.000 f  zeroize (IN)
                         net (fo=38, unset)           0.410     0.410    u_edge/u_control/zeroize
    SLICE_X12Y90         LUT4 (Prop_lut4_I0_O)        0.045     0.455 r  u_edge/u_control/scrub_addr[0]_i_1/O
                         net (fo=1, routed)           0.000     0.455    u_edge/u_control/u_scrub/D[0]
    SLICE_X12Y90         FDCE                                         r  u_edge/u_control/u_scrub/scrub_addr_reg[0]/D
  -------------------------------------------------------------------    -------------------

                         (clock sys_clk rise edge)    0.000     0.000 r
                                                      0.000     0.000 r  clk (IN)
                         net (fo=19605, unset)        0.432     0.432    u_edge/u_control/u_scrub/clk
    SLICE_X12Y90         FDCE                                         r  u_edge/u_control/u_scrub/scrub_addr_reg[0]/C

Slack:                    inf
  Source:                 zeroize
                            (input port)
  Destination:            u_edge/u_control/u_scrub/scrub_addr_reg[2]/D
                            (rising edge-triggered cell FDCE clocked by sys_clk  {rise@0.000ns fall@5.000ns period=10.000ns})
  Path Group:             (none)
  Path Type:              Hold (Min at Fast Process Corner)
  Data Path Delay:        0.455ns  (logic 0.045ns (9.887%)  route 0.410ns (90.113%))
  Logic Levels:           1  (LUT6=1)
  Clock Path Skew:        0.432ns (DCD - SCD - CPR)
    Destination Clock Delay (DCD):    0.432ns
    Source Clock Delay      (SCD):    0.000ns
    Clock Pessimism Removal (CPR):    -0.000ns

    Location             Delay type                Incr(ns)  Path(ns)    Netlist Resource(s)
  -------------------------------------------------------------------    -------------------
                                                      0.000     0.000 f  zeroize (IN)
                         net (fo=38, unset)           0.410     0.410    u_edge/u_control/zeroize
    SLICE_X14Y87         LUT6 (Prop_lut6_I2_O)        0.045     0.455 r  u_edge/u_control/scrub_addr[2]_i_1/O
                         net (fo=1, routed)           0.000     0.455    u_edge/u_control/u_scrub/D[2]
    SLICE_X14Y87         FDCE                                         r  u_edge/u_control/u_scrub/scrub_addr_reg[2]/D
  -------------------------------------------------------------------    -------------------

                         (clock sys_clk rise edge)    0.000     0.000 r
                                                      0.000     0.000 r  clk (IN)
                         net (fo=19605, unset)        0.432     0.432    u_edge/u_control/u_scrub/clk
    SLICE_X14Y87         FDCE                                         r  u_edge/u_control/u_scrub/scrub_addr_reg[2]/C

Slack:                    inf
  Source:                 zeroize
                            (input port)
  Destination:            u_edge/u_control/u_scrub/scrub_addr_reg[5]/D
                            (rising edge-triggered cell FDCE clocked by sys_clk  {rise@0.000ns fall@5.000ns period=10.000ns})
  Path Group:             (none)
  Path Type:              Hold (Min at Fast Process Corner)
  Data Path Delay:        0.455ns  (logic 0.045ns (9.887%)  route 0.410ns (90.113%))
  Logic Levels:           1  (LUT5=1)
  Clock Path Skew:        0.432ns (DCD - SCD - CPR)
    Destination Clock Delay (DCD):    0.432ns
    Source Clock Delay      (SCD):    0.000ns
    Clock Pessimism Removal (CPR):    -0.000ns

    Location             Delay type                Incr(ns)  Path(ns)    Netlist Resource(s)
  -------------------------------------------------------------------    -------------------
                                                      0.000     0.000 f  zeroize (IN)
                         net (fo=38, unset)           0.410     0.410    u_edge/u_control/zeroize
    SLICE_X14Y87         LUT5 (Prop_lut5_I1_O)        0.045     0.455 r  u_edge/u_control/scrub_addr[5]_i_1/O
                         net (fo=1, routed)           0.000     0.455    u_edge/u_control/u_scrub/D[5]
    SLICE_X14Y87         FDCE                                         r  u_edge/u_control/u_scrub/scrub_addr_reg[5]/D
  -------------------------------------------------------------------    -------------------

                         (clock sys_clk rise edge)    0.000     0.000 r
                                                      0.000     0.000 r  clk (IN)
                         net (fo=19605, unset)        0.432     0.432    u_edge/u_control/u_scrub/clk
    SLICE_X14Y87         FDCE                                         r  u_edge/u_control/u_scrub/scrub_addr_reg[5]/C

Slack:                    inf
  Source:                 zeroize
                            (input port)
  Destination:            u_edge/u_control/u_scrub/scrub_addr_reg[6]/D
                            (rising edge-triggered cell FDCE clocked by sys_clk  {rise@0.000ns fall@5.000ns period=10.000ns})
  Path Group:             (none)
  Path Type:              Hold (Min at Fast Process Corner)
  Data Path Delay:        0.455ns  (logic 0.045ns (9.887%)  route 0.410ns (90.113%))
  Logic Levels:           1  (LUT5=1)
  Clock Path Skew:        0.432ns (DCD - SCD - CPR)
    Destination Clock Delay (DCD):    0.432ns
    Source Clock Delay      (SCD):    0.000ns
    Clock Pessimism Removal (CPR):    -0.000ns

    Location             Delay type                Incr(ns)  Path(ns)    Netlist Resource(s)
  -------------------------------------------------------------------    -------------------
                                                      0.000     0.000 f  zeroize (IN)
                         net (fo=38, unset)           0.410     0.410    u_edge/u_control/zeroize
    SLICE_X12Y90         LUT5 (Prop_lut5_I1_O)        0.045     0.455 r  u_edge/u_control/scrub_addr[6]_i_1/O
                         net (fo=1, routed)           0.000     0.455    u_edge/u_control/u_scrub/D[6]
    SLICE_X12Y90         FDCE                                         r  u_edge/u_control/u_scrub/scrub_addr_reg[6]/D
  -------------------------------------------------------------------    -------------------

                         (clock sys_clk rise edge)    0.000     0.000 r
                                                      0.000     0.000 r  clk (IN)
                         net (fo=19605, unset)        0.432     0.432    u_edge/u_control/u_scrub/clk
    SLICE_X12Y90         FDCE                                         r  u_edge/u_control/u_scrub/scrub_addr_reg[6]/C

Slack:                    inf
  Source:                 zeroize
                            (input port)
  Destination:            u_edge/u_control/u_scrub/scrub_addr_reg[7]/D
                            (rising edge-triggered cell FDCE clocked by sys_clk  {rise@0.000ns fall@5.000ns period=10.000ns})
  Path Group:             (none)
  Path Type:              Hold (Min at Fast Process Corner)
  Data Path Delay:        0.455ns  (logic 0.045ns (9.887%)  route 0.410ns (90.113%))
  Logic Levels:           1  (LUT6=1)
  Clock Path Skew:        0.432ns (DCD - SCD - CPR)
    Destination Clock Delay (DCD):    0.432ns
    Source Clock Delay      (SCD):    0.000ns
    Clock Pessimism Removal (CPR):    -0.000ns

    Location             Delay type                Incr(ns)  Path(ns)    Netlist Resource(s)
  -------------------------------------------------------------------    -------------------
                                                      0.000     0.000 f  zeroize (IN)
                         net (fo=38, unset)           0.410     0.410    u_edge/u_control/zeroize
    SLICE_X12Y90         LUT6 (Prop_lut6_I2_O)        0.045     0.455 r  u_edge/u_control/scrub_addr[7]_i_1/O
                         net (fo=1, routed)           0.000     0.455    u_edge/u_control/u_scrub/D[7]
    SLICE_X12Y90         FDCE                                         r  u_edge/u_control/u_scrub/scrub_addr_reg[7]/D
  -------------------------------------------------------------------    -------------------

                         (clock sys_clk rise edge)    0.000     0.000 r
                                                      0.000     0.000 r  clk (IN)
                         net (fo=19605, unset)        0.432     0.432    u_edge/u_control/u_scrub/clk
    SLICE_X12Y90         FDCE                                         r  u_edge/u_control/u_scrub/scrub_addr_reg[7]/C

Slack:                    inf
  Source:                 zeroize
                            (input port)
  Destination:            u_edge/u_control/u_seed/FSM_sequential_state_reg[0]/D
                            (rising edge-triggered cell FDCE clocked by sys_clk  {rise@0.000ns fall@5.000ns period=10.000ns})
  Path Group:             (none)
  Path Type:              Hold (Min at Fast Process Corner)
  Data Path Delay:        0.455ns  (logic 0.045ns (9.887%)  route 0.410ns (90.113%))
  Logic Levels:           1  (LUT5=1)
  Clock Path Skew:        0.432ns (DCD - SCD - CPR)
    Destination Clock Delay (DCD):    0.432ns
    Source Clock Delay      (SCD):    0.000ns
    Clock Pessimism Removal (CPR):    -0.000ns

    Location             Delay type                Incr(ns)  Path(ns)    Netlist Resource(s)
  -------------------------------------------------------------------    -------------------
                                                      0.000     0.000 f  zeroize (IN)
                         net (fo=38, unset)           0.410     0.410    u_edge/u_control/u_seed/u_kdf/zeroize
    SLICE_X34Y73         LUT5 (Prop_lut5_I1_O)        0.045     0.455 r  u_edge/u_control/u_seed/u_kdf/FSM_sequential_state[0]_i_1__0/O
                         net (fo=1, routed)           0.000     0.455    u_edge/u_control/u_seed/u_kdf_n_4
    SLICE_X34Y73         FDCE                                         r  u_edge/u_control/u_seed/FSM_sequential_state_reg[0]/D
  -------------------------------------------------------------------    -------------------

                         (clock sys_clk rise edge)    0.000     0.000 r
                                                      0.000     0.000 r  clk (IN)
                         net (fo=19605, unset)        0.432     0.432    u_edge/u_control/u_seed/clk
    SLICE_X34Y73         FDCE                                         r  u_edge/u_control/u_seed/FSM_sequential_state_reg[0]/C

Slack:                    inf
  Source:                 zeroize
                            (input port)
  Destination:            u_edge/u_control/u_seed/FSM_sequential_state_reg[1]/D
                            (rising edge-triggered cell FDCE clocked by sys_clk  {rise@0.000ns fall@5.000ns period=10.000ns})
  Path Group:             (none)
  Path Type:              Hold (Min at Fast Process Corner)
  Data Path Delay:        0.455ns  (logic 0.045ns (9.887%)  route 0.410ns (90.113%))
  Logic Levels:           1  (LUT6=1)
  Clock Path Skew:        0.432ns (DCD - SCD - CPR)
    Destination Clock Delay (DCD):    0.432ns
    Source Clock Delay      (SCD):    0.000ns
    Clock Pessimism Removal (CPR):    -0.000ns

    Location             Delay type                Incr(ns)  Path(ns)    Netlist Resource(s)
  -------------------------------------------------------------------    -------------------
                                                      0.000     0.000 f  zeroize (IN)
                         net (fo=38, unset)           0.410     0.410    u_edge/u_control/u_seed/u_kdf/zeroize
    SLICE_X34Y73         LUT6 (Prop_lut6_I2_O)        0.045     0.455 r  u_edge/u_control/u_seed/u_kdf/FSM_sequential_state[1]_i_1__0/O
                         net (fo=1, routed)           0.000     0.455    u_edge/u_control/u_seed/u_kdf_n_3
    SLICE_X34Y73         FDCE                                         r  u_edge/u_control/u_seed/FSM_sequential_state_reg[1]/D
  -------------------------------------------------------------------    -------------------

                         (clock sys_clk rise edge)    0.000     0.000 r
                                                      0.000     0.000 r  clk (IN)
                         net (fo=19605, unset)        0.432     0.432    u_edge/u_control/u_seed/clk
    SLICE_X34Y73         FDCE                                         r  u_edge/u_control/u_seed/FSM_sequential_state_reg[1]/C

Slack:                    inf
  Source:                 zeroize
                            (input port)
  Destination:            u_edge/u_control/u_seed/FSM_sequential_state_reg[2]/D
                            (rising edge-triggered cell FDCE clocked by sys_clk  {rise@0.000ns fall@5.000ns period=10.000ns})
  Path Group:             (none)
  Path Type:              Hold (Min at Fast Process Corner)
  Data Path Delay:        0.455ns  (logic 0.045ns (9.887%)  route 0.410ns (90.113%))
  Logic Levels:           1  (LUT6=1)
  Clock Path Skew:        0.432ns (DCD - SCD - CPR)
    Destination Clock Delay (DCD):    0.432ns
    Source Clock Delay      (SCD):    0.000ns
    Clock Pessimism Removal (CPR):    -0.000ns

    Location             Delay type                Incr(ns)  Path(ns)    Netlist Resource(s)
  -------------------------------------------------------------------    -------------------
                                                      0.000     0.000 f  zeroize (IN)
                         net (fo=38, unset)           0.410     0.410    u_edge/u_control/u_seed/u_kdf/zeroize
    SLICE_X32Y72         LUT6 (Prop_lut6_I1_O)        0.045     0.455 r  u_edge/u_control/u_seed/u_kdf/FSM_sequential_state[2]_i_1__0/O
                         net (fo=1, routed)           0.000     0.455    u_edge/u_control/u_seed/u_kdf_n_2
    SLICE_X32Y72         FDCE                                         r  u_edge/u_control/u_seed/FSM_sequential_state_reg[2]/D
  -------------------------------------------------------------------    -------------------

                         (clock sys_clk rise edge)    0.000     0.000 r
                                                      0.000     0.000 r  clk (IN)
                         net (fo=19605, unset)        0.432     0.432    u_edge/u_control/u_seed/clk
    SLICE_X32Y72         FDCE                                         r  u_edge/u_control/u_seed/FSM_sequential_state_reg[2]/C

Slack:                    inf
  Source:                 zeroize
                            (input port)
  Destination:            u_edge/u_control/u_seed/start_seen_reg/D
                            (rising edge-triggered cell FDCE clocked by sys_clk  {rise@0.000ns fall@5.000ns period=10.000ns})
  Path Group:             (none)
  Path Type:              Hold (Min at Fast Process Corner)
  Data Path Delay:        0.455ns  (logic 0.045ns (9.887%)  route 0.410ns (90.113%))
  Logic Levels:           1  (LUT6=1)
  Clock Path Skew:        0.432ns (DCD - SCD - CPR)
    Destination Clock Delay (DCD):    0.432ns
    Source Clock Delay      (SCD):    0.000ns
    Clock Pessimism Removal (CPR):    -0.000ns

    Location             Delay type                Incr(ns)  Path(ns)    Netlist Resource(s)
  -------------------------------------------------------------------    -------------------
                                                      0.000     0.000 r  zeroize (IN)
                         net (fo=38, unset)           0.410     0.410    u_edge/u_control/zeroize
    SLICE_X34Y63         LUT6 (Prop_lut6_I1_O)        0.045     0.455 r  u_edge/u_control/i___29/O
                         net (fo=1, routed)           0.000     0.455    u_edge/u_control/u_seed/start_seen_reg_1
    SLICE_X34Y63         FDCE                                         r  u_edge/u_control/u_seed/start_seen_reg/D
  -------------------------------------------------------------------    -------------------

                         (clock sys_clk rise edge)    0.000     0.000 r
                                                      0.000     0.000 r  clk (IN)
                         net (fo=19605, unset)        0.432     0.432    u_edge/u_control/u_seed/clk
    SLICE_X34Y63         FDCE                                         r  u_edge/u_control/u_seed/start_seen_reg/C

Slack:                    inf
  Source:                 helper_in[0]
                            (input port)
  Destination:            u_fe/r_reg_reg[0]/D
                            (rising edge-triggered cell FDCE clocked by sys_clk  {rise@0.000ns fall@5.000ns period=10.000ns})
  Path Group:             (none)
  Path Type:              Hold (Min at Fast Process Corner)
  Data Path Delay:        0.455ns  (logic 0.045ns (9.887%)  route 0.410ns (90.113%))
  Logic Levels:           1  (LUT3=1)
  Clock Path Skew:        0.432ns (DCD - SCD - CPR)
    Destination Clock Delay (DCD):    0.432ns
    Source Clock Delay      (SCD):    0.000ns
    Clock Pessimism Removal (CPR):    -0.000ns

    Location             Delay type                Incr(ns)  Path(ns)    Netlist Resource(s)
  -------------------------------------------------------------------    -------------------
                                                      0.000     0.000 r  helper_in[0] (IN)
                         net (fo=0)                   0.410     0.410    u_puf/shiftreg_inst/helper_in[0]
    SLICE_X15Y21         LUT3 (Prop_lut3_I1_O)        0.045     0.455 r  u_puf/shiftreg_inst/r_reg[0]_i_1/O
                         net (fo=1, routed)           0.000     0.455    u_fe/r_reg_reg[263]_0[0]
    SLICE_X15Y21         FDCE                                         r  u_fe/r_reg_reg[0]/D
  -------------------------------------------------------------------    -------------------

                         (clock sys_clk rise edge)    0.000     0.000 r
                                                      0.000     0.000 r  clk (IN)
                         net (fo=19605, unset)        0.432     0.432    u_fe/clk
    SLICE_X15Y21         FDCE                                         r  u_fe/r_reg_reg[0]/C

Slack:                    inf
  Source:                 helper_in[100]
                            (input port)
  Destination:            u_fe/r_reg_reg[100]/D
                            (rising edge-triggered cell FDCE clocked by sys_clk  {rise@0.000ns fall@5.000ns period=10.000ns})
  Path Group:             (none)
  Path Type:              Hold (Min at Fast Process Corner)
  Data Path Delay:        0.455ns  (logic 0.045ns (9.887%)  route 0.410ns (90.113%))
  Logic Levels:           1  (LUT3=1)
  Clock Path Skew:        0.432ns (DCD - SCD - CPR)
    Destination Clock Delay (DCD):    0.432ns
    Source Clock Delay      (SCD):    0.000ns
    Clock Pessimism Removal (CPR):    -0.000ns

    Location             Delay type                Incr(ns)  Path(ns)    Netlist Resource(s)
  -------------------------------------------------------------------    -------------------
                                                      0.000     0.000 r  helper_in[100] (IN)
                         net (fo=0)                   0.410     0.410    u_puf/shiftreg_inst/helper_in[100]
    SLICE_X35Y28         LUT3 (Prop_lut3_I1_O)        0.045     0.455 r  u_puf/shiftreg_inst/r_reg[100]_i_1/O
                         net (fo=1, routed)           0.000     0.455    u_fe/r_reg_reg[263]_0[100]
    SLICE_X35Y28         FDCE                                         r  u_fe/r_reg_reg[100]/D
  -------------------------------------------------------------------    -------------------

                         (clock sys_clk rise edge)    0.000     0.000 r
                                                      0.000     0.000 r  clk (IN)
                         net (fo=19605, unset)        0.432     0.432    u_fe/clk
    SLICE_X35Y28         FDCE                                         r  u_fe/r_reg_reg[100]/C
